./datasets/English//english_00;resink;0;1.57584;
./datasets/English//english_01;resink;1;1.57584;
./datasets/English//english_02;resink;0;1.57584;
./datasets/English//english_03;resink;0;1.57584;
./datasets/English//english_04;resink;0;1.57584;
./datasets/English//english_05;resink;0;1.57584;
./datasets/English//english_06;resink;0;1.57584;
./datasets/English//english_07;resink;0;1.57584;
./datasets/English//english_08;resink;0;1.57584;
./datasets/English//english_09;resink;0;1.57584;
./datasets/English//english_10;resink;0;1.57584;
./datasets/English//english_11;resink;0;1.57584;
./datasets/English//english_12;resink;0;1.57584;
./datasets/English//english_13;resink;0;1.57584;
./datasets/English//english_14;resink;0;1.57584;
./datasets/English//english_15;resink;0;1.57584;
./datasets/English//english_16;resink;0;1.57584;
./datasets/English//english_17;resink;0;1.57584;
./datasets/English//english_18;resink;0;1.57584;
./datasets/English//english_19;resink;0;1.57584;
./datasets/English//english_00;transversomedial;0;1.33752;
./datasets/English//english_01;transversomedial;0;1.33752;
./datasets/English//english_02;transversomedial;0;1.33752;
./datasets/English//english_03;transversomedial;0;1.33752;
./datasets/English//english_04;transversomedial;0;1.33752;
./datasets/English//english_05;transversomedial;0;1.33752;
./datasets/English//english_06;transversomedial;0;1.33752;
./datasets/English//english_07;transversomedial;0;1.33752;
./datasets/English//english_08;transversomedial;0;1.33752;
./datasets/English//english_09;transversomedial;0;1.33752;
./datasets/English//english_10;transversomedial;0;1.33752;
./datasets/English//english_11;transversomedial;0;1.33752;
./datasets/English//english_12;transversomedial;0;1.33752;
./datasets/English//english_13;transversomedial;0;1.33752;
./datasets/English//english_14;transversomedial;0;1.33752;
./datasets/English//english_15;transversomedial;0;1.33752;
./datasets/English//english_16;transversomedial;0;1.33752;
./datasets/English//english_17;transversomedial;0;1.33752;
./datasets/English//english_18;transversomedial;0;1.33752;
./datasets/English//english_19;transversomedial;0;1.33752;
./datasets/English//english_00;pharyngopathy;0;1.31293;
./datasets/English//english_01;pharyngopathy;0;1.31293;
./datasets/English//english_02;pharyngopathy;0;1.31293;
./datasets/English//english_03;pharyngopathy;0;1.31293;
./datasets/English//english_04;pharyngopathy;0;1.31293;
./datasets/English//english_05;pharyngopathy;0;1.31293;
./datasets/English//english_06;pharyngopathy;0;1.31293;
./datasets/English//english_07;pharyngopathy;0;1.31293;
./datasets/English//english_08;pharyngopathy;0;1.31293;
./datasets/English//english_09;pharyngopathy;0;1.31293;
./datasets/English//english_10;pharyngopathy;0;1.31293;
./datasets/English//english_11;pharyngopathy;0;1.31293;
./datasets/English//english_12;pharyngopathy;0;1.31293;
./datasets/English//english_13;pharyngopathy;0;1.31293;
./datasets/English//english_14;pharyngopathy;0;1.31293;
./datasets/English//english_15;pharyngopathy;0;1.31293;
./datasets/English//english_16;pharyngopathy;0;1.31293;
./datasets/English//english_17;pharyngopathy;0;1.31293;
./datasets/English//english_18;pharyngopathy;0;1.31293;
./datasets/English//english_19;pharyngopathy;0;1.31293;
./datasets/English//english_00;postmineral;0;1.39869;
./datasets/English//english_01;postmineral;0;1.39869;
./datasets/English//english_02;postmineral;0;1.39869;
./datasets/English//english_03;postmineral;0;1.39869;
./datasets/English//english_04;postmineral;0;1.39869;
./datasets/English//english_05;postmineral;0;1.39869;
./datasets/English//english_06;postmineral;0;1.39869;
./datasets/English//english_07;postmineral;0;1.39869;
./datasets/English//english_08;postmineral;0;1.39869;
./datasets/English//english_09;postmineral;0;1.39869;
./datasets/English//english_10;postmineral;0;1.39869;
./datasets/English//english_11;postmineral;0;1.39869;
./datasets/English//english_12;postmineral;0;1.39869;
./datasets/English//english_13;postmineral;0;1.39869;
./datasets/English//english_14;postmineral;0;1.39869;
./datasets/English//english_15;postmineral;0;1.39869;
./datasets/English//english_16;postmineral;0;1.39869;
./datasets/English//english_17;postmineral;0;1.39869;
./datasets/English//english_18;postmineral;0;1.39869;
./datasets/English//english_19;postmineral;0;1.39869;
./datasets/English//english_00;myelosyphilis;0;1.33024;
./datasets/English//english_01;myelosyphilis;0;1.33024;
./datasets/English//english_02;myelosyphilis;0;1.33024;
./datasets/English//english_03;myelosyphilis;0;1.33024;
./datasets/English//english_04;myelosyphilis;0;1.33024;
./datasets/English//english_05;myelosyphilis;0;1.33024;
./datasets/English//english_06;myelosyphilis;0;1.33024;
./datasets/English//english_07;myelosyphilis;0;1.33024;
./datasets/English//english_08;myelosyphilis;0;1.33024;
./datasets/English//english_09;myelosyphilis;0;1.33024;
./datasets/English//english_10;myelosyphilis;0;1.33024;
./datasets/English//english_11;myelosyphilis;0;1.33024;
./datasets/English//english_12;myelosyphilis;0;1.33024;
./datasets/English//english_13;myelosyphilis;0;1.33024;
./datasets/English//english_14;myelosyphilis;0;1.33024;
./datasets/English//english_15;myelosyphilis;0;1.33024;
./datasets/English//english_16;myelosyphilis;0;1.33024;
./datasets/English//english_17;myelosyphilis;0;1.33024;
./datasets/English//english_18;myelosyphilis;0;1.33024;
./datasets/English//english_19;myelosyphilis;0;1.33024;
./datasets/English//english_00;silverer;0;1.42219;
./datasets/English//english_01;silverer;0;1.42219;
./datasets/English//english_02;silverer;0;1.42219;
./datasets/English//english_03;silverer;0;1.42219;
./datasets/English//english_04;silverer;0;1.42219;
./datasets/English//english_05;silverer;0;1.42219;
./datasets/English//english_06;silverer;0;1.42219;
./datasets/English//english_07;silverer;0;1.42219;
./datasets/English//english_08;silverer;0;1.42219;
./datasets/English//english_09;silverer;0;1.42219;
./datasets/English//english_10;silverer;0;1.42219;
./datasets/English//english_11;silverer;0;1.42219;
./datasets/English//english_12;silverer;0;1.42219;
./datasets/English//english_13;silverer;0;1.42219;
./datasets/English//english_14;silverer;0;1.42219;
./datasets/English//english_15;silverer;0;1.42219;
./datasets/English//english_16;silverer;0;1.42219;
./datasets/English//english_17;silverer;0;1.42219;
./datasets/English//english_18;silverer;0;1.42219;
./datasets/English//english_19;silverer;0;1.42219;
./datasets/English//english_00;evincement;0;1.37222;
./datasets/English//english_01;evincement;0;1.37222;
./datasets/English//english_02;evincement;0;1.37222;
./datasets/English//english_03;evincement;0;1.37222;
./datasets/English//english_04;evincement;0;1.37222;
./datasets/English//english_05;evincement;0;1.37222;
./datasets/English//english_06;evincement;0;1.37222;
./datasets/English//english_07;evincement;0;1.37222;
./datasets/English//english_08;evincement;0;1.37222;
./datasets/English//english_09;evincement;0;1.37222;
./datasets/English//english_10;evincement;0;1.37222;
./datasets/English//english_11;evincement;0;1.37222;
./datasets/English//english_12;evincement;0;1.37222;
./datasets/English//english_13;evincement;0;1.37222;
./datasets/English//english_14;evincement;0;1.37222;
./datasets/English//english_15;evincement;0;1.37222;
./datasets/English//english_16;evincement;0;1.37222;
./datasets/English//english_17;evincement;0;1.37222;
./datasets/English//english_18;evincement;0;1.37222;
./datasets/English//english_19;evincement;0;1.37222;
./datasets/English//english_00;phrygium;0;1.38966;
./datasets/English//english_01;phrygium;0;1.38966;
./datasets/English//english_02;phrygium;0;1.38966;
./datasets/English//english_03;phrygium;0;1.38966;
./datasets/English//english_04;phrygium;0;1.38966;
./datasets/English//english_05;phrygium;0;1.38966;
./datasets/English//english_06;phrygium;0;1.38966;
./datasets/English//english_07;phrygium;0;1.38966;
./datasets/English//english_08;phrygium;0;1.38966;
./datasets/English//english_09;phrygium;0;1.38966;
./datasets/English//english_10;phrygium;0;1.38966;
./datasets/English//english_11;phrygium;0;1.38966;
./datasets/English//english_12;phrygium;0;1.38966;
./datasets/English//english_13;phrygium;0;1.38966;
./datasets/English//english_14;phrygium;0;1.38966;
./datasets/English//english_15;phrygium;0;1.38966;
./datasets/English//english_16;phrygium;0;1.38966;
./datasets/English//english_17;phrygium;0;1.38966;
./datasets/English//english_18;phrygium;0;1.38966;
./datasets/English//english_19;phrygium;0;1.38966;
./datasets/English//english_00;punnigram;0;1.37872;
./datasets/English//english_01;punnigram;0;1.37872;
./datasets/English//english_02;punnigram;0;1.37872;
./datasets/English//english_03;punnigram;0;1.37872;
./datasets/English//english_04;punnigram;0;1.37872;
./datasets/English//english_05;punnigram;0;1.37872;
./datasets/English//english_06;punnigram;0;1.37872;
./datasets/English//english_07;punnigram;0;1.37872;
./datasets/English//english_08;punnigram;0;1.37872;
./datasets/English//english_09;punnigram;0;1.37872;
./datasets/English//english_10;punnigram;0;1.37872;
./datasets/English//english_11;punnigram;0;1.37872;
./datasets/English//english_12;punnigram;0;1.37872;
./datasets/English//english_13;punnigram;0;1.37872;
./datasets/English//english_14;punnigram;0;1.37872;
./datasets/English//english_15;punnigram;0;1.37872;
./datasets/English//english_16;punnigram;0;1.37872;
./datasets/English//english_17;punnigram;0;1.37872;
./datasets/English//english_18;punnigram;0;1.37872;
./datasets/English//english_19;punnigram;0;1.37872;
./datasets/English//english_00;imminution;0;1.37123;
./datasets/English//english_01;imminution;0;1.37123;
./datasets/English//english_02;imminution;0;1.37123;
./datasets/English//english_03;imminution;0;1.37123;
./datasets/English//english_04;imminution;0;1.37123;
./datasets/English//english_05;imminution;0;1.37123;
./datasets/English//english_06;imminution;0;1.37123;
./datasets/English//english_07;imminution;0;1.37123;
./datasets/English//english_08;imminution;0;1.37123;
./datasets/English//english_09;imminution;0;1.37123;
./datasets/English//english_10;imminution;0;1.37123;
./datasets/English//english_11;imminution;0;1.37123;
./datasets/English//english_12;imminution;0;1.37123;
./datasets/English//english_13;imminution;0;1.37123;
./datasets/English//english_14;imminution;0;1.37123;
./datasets/English//english_15;imminution;0;1.37123;
./datasets/English//english_16;imminution;0;1.37123;
./datasets/English//english_17;imminution;0;1.37123;
./datasets/English//english_18;imminution;0;1.37123;
./datasets/English//english_19;imminution;0;1.37123;
./datasets/English//english_00;environmental;0;1.35092;
./datasets/English//english_01;environmental;0;1.35092;
./datasets/English//english_02;environmental;0;1.35092;
./datasets/English//english_03;environmental;0;1.35092;
./datasets/English//english_04;environmental;0;1.35092;
./datasets/English//english_05;environmental;0;1.35092;
./datasets/English//english_06;environmental;0;1.35092;
./datasets/English//english_07;environmental;0;1.35092;
./datasets/English//english_08;environmental;0;1.35092;
./datasets/English//english_09;environmental;0;1.35092;
./datasets/English//english_10;environmental;0;1.35092;
./datasets/English//english_11;environmental;0;1.35092;
./datasets/English//english_12;environmental;0;1.35092;
./datasets/English//english_13;environmental;0;1.35092;
./datasets/English//english_14;environmental;0;1.35092;
./datasets/English//english_15;environmental;0;1.35092;
./datasets/English//english_16;environmental;0;1.35092;
./datasets/English//english_17;environmental;0;1.35092;
./datasets/English//english_18;environmental;0;1.35092;
./datasets/English//english_19;environmental;0;1.35092;
./datasets/English//english_00;sleepify;0;1.41384;
./datasets/English//english_01;sleepify;0;1.41384;
./datasets/English//english_02;sleepify;0;1.41384;
./datasets/English//english_03;sleepify;0;1.41384;
./datasets/English//english_04;sleepify;0;1.41384;
./datasets/English//english_05;sleepify;0;1.41384;
./datasets/English//english_06;sleepify;0;1.41384;
./datasets/English//english_07;sleepify;0;1.41384;
./datasets/English//english_08;sleepify;0;1.41384;
./datasets/English//english_09;sleepify;0;1.41384;
./datasets/English//english_10;sleepify;0;1.41384;
./datasets/English//english_11;sleepify;0;1.41384;
./datasets/English//english_12;sleepify;0;1.41384;
./datasets/English//english_13;sleepify;0;1.41384;
./datasets/English//english_14;sleepify;0;1.41384;
./datasets/English//english_15;sleepify;0;1.41384;
./datasets/English//english_16;sleepify;0;1.41384;
./datasets/English//english_17;sleepify;0;1.41384;
./datasets/English//english_18;sleepify;0;1.41384;
./datasets/English//english_19;sleepify;0;1.41384;
./datasets/English//english_00;nope;1;2.06241;
./datasets/English//english_01;nope;2;2.06241;
./datasets/English//english_02;nope;2;2.06241;
./datasets/English//english_03;nope;3;2.06241;
./datasets/English//english_04;nope;2;2.06241;
./datasets/English//english_05;nope;1;2.06241;
./datasets/English//english_06;nope;3;2.06241;
./datasets/English//english_07;nope;1;2.06241;
./datasets/English//english_08;nope;1;2.06241;
./datasets/English//english_09;nope;2;2.06241;
./datasets/English//english_10;nope;1;2.06241;
./datasets/English//english_11;nope;4;2.06241;
./datasets/English//english_12;nope;1;2.06241;
./datasets/English//english_13;nope;3;2.06241;
./datasets/English//english_14;nope;7;2.06241;
./datasets/English//english_15;nope;3;2.06241;
./datasets/English//english_16;nope;4;2.06241;
./datasets/English//english_17;nope;3;2.06241;
./datasets/English//english_18;nope;0;2.06241;
./datasets/English//english_19;nope;0;2.06241;
./datasets/English//english_00;wauken;0;1.53902;
./datasets/English//english_01;wauken;0;1.53902;
./datasets/English//english_02;wauken;0;1.53902;
./datasets/English//english_03;wauken;0;1.53902;
./datasets/English//english_04;wauken;0;1.53902;
./datasets/English//english_05;wauken;1;1.53902;
./datasets/English//english_06;wauken;0;1.53902;
./datasets/English//english_07;wauken;0;1.53902;
./datasets/English//english_08;wauken;0;1.53902;
./datasets/English//english_09;wauken;0;1.53902;
./datasets/English//english_10;wauken;0;1.53902;
./datasets/English//english_11;wauken;0;1.53902;
./datasets/English//english_12;wauken;0;1.53902;
./datasets/English//english_13;wauken;0;1.53902;
./datasets/English//english_14;wauken;0;1.53902;
./datasets/English//english_15;wauken;0;1.53902;
./datasets/English//english_16;wauken;0;1.53902;
./datasets/English//english_17;wauken;0;1.53902;
./datasets/English//english_18;wauken;0;1.53902;
./datasets/English//english_19;wauken;0;1.53902;
./datasets/English//english_00;indignance;0;1.419;
./datasets/English//english_01;indignance;0;1.419;
./datasets/English//english_02;indignance;0;1.419;
./datasets/English//english_03;indignance;0;1.419;
./datasets/English//english_04;indignance;0;1.419;
./datasets/English//english_05;indignance;0;1.419;
./datasets/English//english_06;indignance;0;1.419;
./datasets/English//english_07;indignance;0;1.419;
./datasets/English//english_08;indignance;0;1.419;
./datasets/English//english_09;indignance;0;1.419;
./datasets/English//english_10;indignance;0;1.419;
./datasets/English//english_11;indignance;0;1.419;
./datasets/English//english_12;indignance;0;1.419;
./datasets/English//english_13;indignance;0;1.419;
./datasets/English//english_14;indignance;0;1.419;
./datasets/English//english_15;indignance;0;1.419;
./datasets/English//english_16;indignance;0;1.419;
./datasets/English//english_17;indignance;0;1.419;
./datasets/English//english_18;indignance;0;1.419;
./datasets/English//english_19;indignance;0;1.419;
./datasets/English//english_00;knotwort;0;1.41399;
./datasets/English//english_01;knotwort;0;1.41399;
./datasets/English//english_02;knotwort;0;1.41399;
./datasets/English//english_03;knotwort;0;1.41399;
./datasets/English//english_04;knotwort;0;1.41399;
./datasets/English//english_05;knotwort;0;1.41399;
./datasets/English//english_06;knotwort;0;1.41399;
./datasets/English//english_07;knotwort;0;1.41399;
./datasets/English//english_08;knotwort;0;1.41399;
./datasets/English//english_09;knotwort;0;1.41399;
./datasets/English//english_10;knotwort;0;1.41399;
./datasets/English//english_11;knotwort;0;1.41399;
./datasets/English//english_12;knotwort;0;1.41399;
./datasets/English//english_13;knotwort;0;1.41399;
./datasets/English//english_14;knotwort;0;1.41399;
./datasets/English//english_15;knotwort;0;1.41399;
./datasets/English//english_16;knotwort;0;1.41399;
./datasets/English//english_17;knotwort;0;1.41399;
./datasets/English//english_18;knotwort;0;1.41399;
./datasets/English//english_19;knotwort;0;1.41399;
./datasets/English//english_00;apocodeine;0;1.37997;
./datasets/English//english_01;apocodeine;0;1.37997;
./datasets/English//english_02;apocodeine;0;1.37997;
./datasets/English//english_03;apocodeine;0;1.37997;
./datasets/English//english_04;apocodeine;0;1.37997;
./datasets/English//english_05;apocodeine;0;1.37997;
./datasets/English//english_06;apocodeine;0;1.37997;
./datasets/English//english_07;apocodeine;0;1.37997;
./datasets/English//english_08;apocodeine;0;1.37997;
./datasets/English//english_09;apocodeine;0;1.37997;
./datasets/English//english_10;apocodeine;0;1.37997;
./datasets/English//english_11;apocodeine;0;1.37997;
./datasets/English//english_12;apocodeine;0;1.37997;
./datasets/English//english_13;apocodeine;0;1.37997;
./datasets/English//english_14;apocodeine;0;1.37997;
./datasets/English//english_15;apocodeine;0;1.37997;
./datasets/English//english_16;apocodeine;0;1.37997;
./datasets/English//english_17;apocodeine;0;1.37997;
./datasets/English//english_18;apocodeine;0;1.37997;
./datasets/English//english_19;apocodeine;0;1.37997;
./datasets/English//english_00;escortee;0;1.43704;
./datasets/English//english_01;escortee;0;1.43704;
./datasets/English//english_02;escortee;0;1.43704;
./datasets/English//english_03;escortee;0;1.43704;
./datasets/English//english_04;escortee;0;1.43704;
./datasets/English//english_05;escortee;0;1.43704;
./datasets/English//english_06;escortee;0;1.43704;
./datasets/English//english_07;escortee;0;1.43704;
./datasets/English//english_08;escortee;0;1.43704;
./datasets/English//english_09;escortee;0;1.43704;
./datasets/English//english_10;escortee;0;1.43704;
./datasets/English//english_11;escortee;0;1.43704;
./datasets/English//english_12;escortee;0;1.43704;
./datasets/English//english_13;escortee;0;1.43704;
./datasets/English//english_14;escortee;0;1.43704;
./datasets/English//english_15;escortee;0;1.43704;
./datasets/English//english_16;escortee;0;1.43704;
./datasets/English//english_17;escortee;0;1.43704;
./datasets/English//english_18;escortee;0;1.43704;
./datasets/English//english_19;escortee;0;1.43704;
./datasets/English//english_00;dogwatch;0;1.43799;
./datasets/English//english_01;dogwatch;0;1.43799;
./datasets/English//english_02;dogwatch;0;1.43799;
./datasets/English//english_03;dogwatch;0;1.43799;
./datasets/English//english_04;dogwatch;0;1.43799;
./datasets/English//english_05;dogwatch;0;1.43799;
./datasets/English//english_06;dogwatch;0;1.43799;
./datasets/English//english_07;dogwatch;0;1.43799;
./datasets/English//english_08;dogwatch;0;1.43799;
./datasets/English//english_09;dogwatch;0;1.43799;
./datasets/English//english_10;dogwatch;0;1.43799;
./datasets/English//english_11;dogwatch;0;1.43799;
./datasets/English//english_12;dogwatch;0;1.43799;
./datasets/English//english_13;dogwatch;0;1.43799;
./datasets/English//english_14;dogwatch;0;1.43799;
./datasets/English//english_15;dogwatch;0;1.43799;
./datasets/English//english_16;dogwatch;0;1.43799;
./datasets/English//english_17;dogwatch;0;1.43799;
./datasets/English//english_18;dogwatch;0;1.43799;
./datasets/English//english_19;dogwatch;0;1.43799;
./datasets/English//english_00;eaglewood;0;1.42019;
./datasets/English//english_01;eaglewood;0;1.42019;
./datasets/English//english_02;eaglewood;0;1.42019;
./datasets/English//english_03;eaglewood;0;1.42019;
./datasets/English//english_04;eaglewood;0;1.42019;
./datasets/English//english_05;eaglewood;0;1.42019;
./datasets/English//english_06;eaglewood;0;1.42019;
./datasets/English//english_07;eaglewood;0;1.42019;
./datasets/English//english_08;eaglewood;0;1.42019;
./datasets/English//english_09;eaglewood;0;1.42019;
./datasets/English//english_10;eaglewood;0;1.42019;
./datasets/English//english_11;eaglewood;0;1.42019;
./datasets/English//english_12;eaglewood;0;1.42019;
./datasets/English//english_13;eaglewood;0;1.42019;
./datasets/English//english_14;eaglewood;0;1.42019;
./datasets/English//english_15;eaglewood;0;1.42019;
./datasets/English//english_16;eaglewood;0;1.42019;
./datasets/English//english_17;eaglewood;0;1.42019;
./datasets/English//english_18;eaglewood;0;1.42019;
./datasets/English//english_19;eaglewood;0;1.42019;
./datasets/English//english_00;unbrotherliness;0;1.39886;
./datasets/English//english_01;unbrotherliness;0;1.39886;
./datasets/English//english_02;unbrotherliness;0;1.39886;
./datasets/English//english_03;unbrotherliness;0;1.39886;
./datasets/English//english_04;unbrotherliness;0;1.39886;
./datasets/English//english_05;unbrotherliness;0;1.39886;
./datasets/English//english_06;unbrotherliness;0;1.39886;
./datasets/English//english_07;unbrotherliness;0;1.39886;
./datasets/English//english_08;unbrotherliness;0;1.39886;
./datasets/English//english_09;unbrotherliness;0;1.39886;
./datasets/English//english_10;unbrotherliness;0;1.39886;
./datasets/English//english_11;unbrotherliness;0;1.39886;
./datasets/English//english_12;unbrotherliness;0;1.39886;
./datasets/English//english_13;unbrotherliness;0;1.39886;
./datasets/English//english_14;unbrotherliness;0;1.39886;
./datasets/English//english_15;unbrotherliness;0;1.39886;
./datasets/English//english_16;unbrotherliness;0;1.39886;
./datasets/English//english_17;unbrotherliness;0;1.39886;
./datasets/English//english_18;unbrotherliness;0;1.39886;
./datasets/English//english_19;unbrotherliness;0;1.39886;
./datasets/English//english_00;mulse;0;1.99979;
./datasets/English//english_01;mulse;0;1.99979;
./datasets/English//english_02;mulse;0;1.99979;
./datasets/English//english_03;mulse;0;1.99979;
./datasets/English//english_04;mulse;0;1.99979;
./datasets/English//english_05;mulse;0;1.99979;
./datasets/English//english_06;mulse;0;1.99979;
./datasets/English//english_07;mulse;0;1.99979;
./datasets/English//english_08;mulse;0;1.99979;
./datasets/English//english_09;mulse;0;1.99979;
./datasets/English//english_10;mulse;0;1.99979;
./datasets/English//english_11;mulse;0;1.99979;
./datasets/English//english_12;mulse;0;1.99979;
./datasets/English//english_13;mulse;0;1.99979;
./datasets/English//english_14;mulse;0;1.99979;
./datasets/English//english_15;mulse;0;1.99979;
./datasets/English//english_16;mulse;0;1.99979;
./datasets/English//english_17;mulse;0;1.99979;
./datasets/English//english_18;mulse;0;1.99979;
./datasets/English//english_19;mulse;0;1.99979;
./datasets/English//english_00;dermobranchiata;0;1.59609;
./datasets/English//english_01;dermobranchiata;0;1.59609;
./datasets/English//english_02;dermobranchiata;0;1.59609;
./datasets/English//english_03;dermobranchiata;0;1.59609;
./datasets/English//english_04;dermobranchiata;0;1.59609;
./datasets/English//english_05;dermobranchiata;0;1.59609;
./datasets/English//english_06;dermobranchiata;0;1.59609;
./datasets/English//english_07;dermobranchiata;0;1.59609;
./datasets/English//english_08;dermobranchiata;0;1.59609;
./datasets/English//english_09;dermobranchiata;0;1.59609;
./datasets/English//english_10;dermobranchiata;0;1.59609;
./datasets/English//english_11;dermobranchiata;0;1.59609;
./datasets/English//english_12;dermobranchiata;0;1.59609;
./datasets/English//english_13;dermobranchiata;0;1.59609;
./datasets/English//english_14;dermobranchiata;0;1.59609;
./datasets/English//english_15;dermobranchiata;0;1.59609;
./datasets/English//english_16;dermobranchiata;0;1.59609;
./datasets/English//english_17;dermobranchiata;0;1.59609;
./datasets/English//english_18;dermobranchiata;0;1.59609;
./datasets/English//english_19;dermobranchiata;0;1.59609;
./datasets/English//english_00;typhic;0;1.89492;
./datasets/English//english_01;typhic;0;1.89492;
./datasets/English//english_02;typhic;0;1.89492;
./datasets/English//english_03;typhic;0;1.89492;
./datasets/English//english_04;typhic;0;1.89492;
./datasets/English//english_05;typhic;0;1.89492;
./datasets/English//english_06;typhic;0;1.89492;
./datasets/English//english_07;typhic;0;1.89492;
./datasets/English//english_08;typhic;0;1.89492;
./datasets/English//english_09;typhic;0;1.89492;
./datasets/English//english_10;typhic;0;1.89492;
./datasets/English//english_11;typhic;0;1.89492;
./datasets/English//english_12;typhic;0;1.89492;
./datasets/English//english_13;typhic;0;1.89492;
./datasets/English//english_14;typhic;0;1.89492;
./datasets/English//english_15;typhic;0;1.89492;
./datasets/English//english_16;typhic;0;1.89492;
./datasets/English//english_17;typhic;0;1.89492;
./datasets/English//english_18;typhic;0;1.89492;
./datasets/English//english_19;typhic;0;1.89492;
./datasets/English//english_00;poststertorous;0;1.81996;
./datasets/English//english_01;poststertorous;0;1.81996;
./datasets/English//english_02;poststertorous;0;1.81996;
./datasets/English//english_03;poststertorous;0;1.81996;
./datasets/English//english_04;poststertorous;0;1.81996;
./datasets/English//english_05;poststertorous;0;1.81996;
./datasets/English//english_06;poststertorous;0;1.81996;
./datasets/English//english_07;poststertorous;0;1.81996;
./datasets/English//english_08;poststertorous;0;1.81996;
./datasets/English//english_09;poststertorous;0;1.81996;
./datasets/English//english_10;poststertorous;0;1.81996;
./datasets/English//english_11;poststertorous;0;1.81996;
./datasets/English//english_12;poststertorous;0;1.81996;
./datasets/English//english_13;poststertorous;0;1.81996;
./datasets/English//english_14;poststertorous;0;1.81996;
./datasets/English//english_15;poststertorous;0;1.81996;
./datasets/English//english_16;poststertorous;0;1.81996;
./datasets/English//english_17;poststertorous;0;1.81996;
./datasets/English//english_18;poststertorous;0;1.81996;
./datasets/English//english_19;poststertorous;0;1.81996;
./datasets/English//english_00;indevout;0;1.51214;
./datasets/English//english_01;indevout;0;1.51214;
./datasets/English//english_02;indevout;0;1.51214;
./datasets/English//english_03;indevout;0;1.51214;
./datasets/English//english_04;indevout;0;1.51214;
./datasets/English//english_05;indevout;0;1.51214;
./datasets/English//english_06;indevout;0;1.51214;
./datasets/English//english_07;indevout;0;1.51214;
./datasets/English//english_08;indevout;0;1.51214;
./datasets/English//english_09;indevout;0;1.51214;
./datasets/English//english_10;indevout;0;1.51214;
./datasets/English//english_11;indevout;0;1.51214;
./datasets/English//english_12;indevout;0;1.51214;
./datasets/English//english_13;indevout;0;1.51214;
./datasets/English//english_14;indevout;0;1.51214;
./datasets/English//english_15;indevout;0;1.51214;
./datasets/English//english_16;indevout;0;1.51214;
./datasets/English//english_17;indevout;0;1.51214;
./datasets/English//english_18;indevout;0;1.51214;
./datasets/English//english_19;indevout;0;1.51214;
./datasets/English//english_00;anatomicopathologic;0;1.32146;
./datasets/English//english_01;anatomicopathologic;0;1.32146;
./datasets/English//english_02;anatomicopathologic;0;1.32146;
./datasets/English//english_03;anatomicopathologic;0;1.32146;
./datasets/English//english_04;anatomicopathologic;0;1.32146;
./datasets/English//english_05;anatomicopathologic;0;1.32146;
./datasets/English//english_06;anatomicopathologic;0;1.32146;
./datasets/English//english_07;anatomicopathologic;0;1.32146;
./datasets/English//english_08;anatomicopathologic;0;1.32146;
./datasets/English//english_09;anatomicopathologic;0;1.32146;
./datasets/English//english_10;anatomicopathologic;0;1.32146;
./datasets/English//english_11;anatomicopathologic;0;1.32146;
./datasets/English//english_12;anatomicopathologic;0;1.32146;
./datasets/English//english_13;anatomicopathologic;0;1.32146;
./datasets/English//english_14;anatomicopathologic;0;1.32146;
./datasets/English//english_15;anatomicopathologic;0;1.32146;
./datasets/English//english_16;anatomicopathologic;0;1.32146;
./datasets/English//english_17;anatomicopathologic;0;1.32146;
./datasets/English//english_18;anatomicopathologic;0;1.32146;
./datasets/English//english_19;anatomicopathologic;0;1.32146;
./datasets/English//english_00;unimpenetrable;0;1.34855;
./datasets/English//english_01;unimpenetrable;0;1.34855;
./datasets/English//english_02;unimpenetrable;0;1.34855;
./datasets/English//english_03;unimpenetrable;0;1.34855;
./datasets/English//english_04;unimpenetrable;0;1.34855;
./datasets/English//english_05;unimpenetrable;0;1.34855;
./datasets/English//english_06;unimpenetrable;0;1.34855;
./datasets/English//english_07;unimpenetrable;0;1.34855;
./datasets/English//english_08;unimpenetrable;0;1.34855;
./datasets/English//english_09;unimpenetrable;0;1.34855;
./datasets/English//english_10;unimpenetrable;0;1.34855;
./datasets/English//english_11;unimpenetrable;0;1.34855;
./datasets/English//english_12;unimpenetrable;0;1.34855;
./datasets/English//english_13;unimpenetrable;0;1.34855;
./datasets/English//english_14;unimpenetrable;0;1.34855;
./datasets/English//english_15;unimpenetrable;0;1.34855;
./datasets/English//english_16;unimpenetrable;0;1.34855;
./datasets/English//english_17;unimpenetrable;0;1.34855;
./datasets/English//english_18;unimpenetrable;0;1.34855;
./datasets/English//english_19;unimpenetrable;0;1.34855;
./datasets/English//english_00;hoggy;0;1.57501;
./datasets/English//english_01;hoggy;0;1.57501;
./datasets/English//english_02;hoggy;0;1.57501;
./datasets/English//english_03;hoggy;0;1.57501;
./datasets/English//english_04;hoggy;0;1.57501;
./datasets/English//english_05;hoggy;0;1.57501;
./datasets/English//english_06;hoggy;0;1.57501;
./datasets/English//english_07;hoggy;0;1.57501;
./datasets/English//english_08;hoggy;0;1.57501;
./datasets/English//english_09;hoggy;0;1.57501;
./datasets/English//english_10;hoggy;0;1.57501;
./datasets/English//english_11;hoggy;0;1.57501;
./datasets/English//english_12;hoggy;0;1.57501;
./datasets/English//english_13;hoggy;0;1.57501;
./datasets/English//english_14;hoggy;0;1.57501;
./datasets/English//english_15;hoggy;0;1.57501;
./datasets/English//english_16;hoggy;0;1.57501;
./datasets/English//english_17;hoggy;0;1.57501;
./datasets/English//english_18;hoggy;0;1.57501;
./datasets/English//english_19;hoggy;0;1.57501;
./datasets/English//english_00;urrhodin;0;1.46999;
./datasets/English//english_01;urrhodin;0;1.46999;
./datasets/English//english_02;urrhodin;0;1.46999;
./datasets/English//english_03;urrhodin;0;1.46999;
./datasets/English//english_04;urrhodin;0;1.46999;
./datasets/English//english_05;urrhodin;0;1.46999;
./datasets/English//english_06;urrhodin;0;1.46999;
./datasets/English//english_07;urrhodin;0;1.46999;
./datasets/English//english_08;urrhodin;0;1.46999;
./datasets/English//english_09;urrhodin;0;1.46999;
./datasets/English//english_10;urrhodin;0;1.46999;
./datasets/English//english_11;urrhodin;0;1.46999;
./datasets/English//english_12;urrhodin;0;1.46999;
./datasets/English//english_13;urrhodin;0;1.46999;
./datasets/English//english_14;urrhodin;0;1.46999;
./datasets/English//english_15;urrhodin;0;1.46999;
./datasets/English//english_16;urrhodin;0;1.46999;
./datasets/English//english_17;urrhodin;0;1.46999;
./datasets/English//english_18;urrhodin;0;1.46999;
./datasets/English//english_19;urrhodin;0;1.46999;
./datasets/English//english_00;Dioecia;0;1.67513;
./datasets/English//english_01;Dioecia;0;1.67513;
./datasets/English//english_02;Dioecia;0;1.67513;
./datasets/English//english_03;Dioecia;0;1.67513;
./datasets/English//english_04;Dioecia;0;1.67513;
./datasets/English//english_05;Dioecia;0;1.67513;
./datasets/English//english_06;Dioecia;0;1.67513;
./datasets/English//english_07;Dioecia;0;1.67513;
./datasets/English//english_08;Dioecia;0;1.67513;
./datasets/English//english_09;Dioecia;0;1.67513;
./datasets/English//english_10;Dioecia;0;1.67513;
./datasets/English//english_11;Dioecia;0;1.67513;
./datasets/English//english_12;Dioecia;0;1.67513;
./datasets/English//english_13;Dioecia;0;1.67513;
./datasets/English//english_14;Dioecia;0;1.67513;
./datasets/English//english_15;Dioecia;0;1.67513;
./datasets/English//english_16;Dioecia;0;1.67513;
./datasets/English//english_17;Dioecia;0;1.67513;
./datasets/English//english_18;Dioecia;0;1.67513;
./datasets/English//english_19;Dioecia;0;1.67513;
./datasets/English//english_00;unchapter;0;1.48389;
./datasets/English//english_01;unchapter;0;1.48389;
./datasets/English//english_02;unchapter;0;1.48389;
./datasets/English//english_03;unchapter;0;1.48389;
./datasets/English//english_04;unchapter;0;1.48389;
./datasets/English//english_05;unchapter;0;1.48389;
./datasets/English//english_06;unchapter;0;1.48389;
./datasets/English//english_07;unchapter;0;1.48389;
./datasets/English//english_08;unchapter;0;1.48389;
./datasets/English//english_09;unchapter;0;1.48389;
./datasets/English//english_10;unchapter;0;1.48389;
./datasets/English//english_11;unchapter;0;1.48389;
./datasets/English//english_12;unchapter;0;1.48389;
./datasets/English//english_13;unchapter;0;1.48389;
./datasets/English//english_14;unchapter;0;1.48389;
./datasets/English//english_15;unchapter;0;1.48389;
./datasets/English//english_16;unchapter;0;1.48389;
./datasets/English//english_17;unchapter;0;1.48389;
./datasets/English//english_18;unchapter;0;1.48389;
./datasets/English//english_19;unchapter;0;1.48389;
./datasets/English//english_00;nonumbilicate;0;1.37694;
./datasets/English//english_01;nonumbilicate;0;1.37694;
./datasets/English//english_02;nonumbilicate;0;1.37694;
./datasets/English//english_03;nonumbilicate;0;1.37694;
./datasets/English//english_04;nonumbilicate;0;1.37694;
./datasets/English//english_05;nonumbilicate;0;1.37694;
./datasets/English//english_06;nonumbilicate;0;1.37694;
./datasets/English//english_07;nonumbilicate;0;1.37694;
./datasets/English//english_08;nonumbilicate;0;1.37694;
./datasets/English//english_09;nonumbilicate;0;1.37694;
./datasets/English//english_10;nonumbilicate;0;1.37694;
./datasets/English//english_11;nonumbilicate;0;1.37694;
./datasets/English//english_12;nonumbilicate;0;1.37694;
./datasets/English//english_13;nonumbilicate;0;1.37694;
./datasets/English//english_14;nonumbilicate;0;1.37694;
./datasets/English//english_15;nonumbilicate;0;1.37694;
./datasets/English//english_16;nonumbilicate;0;1.37694;
./datasets/English//english_17;nonumbilicate;0;1.37694;
./datasets/English//english_18;nonumbilicate;0;1.37694;
./datasets/English//english_19;nonumbilicate;0;1.37694;
./datasets/English//english_00;zwitterionic;0;1.49688;
./datasets/English//english_01;zwitterionic;0;1.49688;
./datasets/English//english_02;zwitterionic;0;1.49688;
./datasets/English//english_03;zwitterionic;0;1.49688;
./datasets/English//english_04;zwitterionic;0;1.49688;
./datasets/English//english_05;zwitterionic;0;1.49688;
./datasets/English//english_06;zwitterionic;0;1.49688;
./datasets/English//english_07;zwitterionic;0;1.49688;
./datasets/English//english_08;zwitterionic;0;1.49688;
./datasets/English//english_09;zwitterionic;0;1.49688;
./datasets/English//english_10;zwitterionic;0;1.49688;
./datasets/English//english_11;zwitterionic;0;1.49688;
./datasets/English//english_12;zwitterionic;0;1.49688;
./datasets/English//english_13;zwitterionic;0;1.49688;
./datasets/English//english_14;zwitterionic;0;1.49688;
./datasets/English//english_15;zwitterionic;0;1.49688;
./datasets/English//english_16;zwitterionic;0;1.49688;
./datasets/English//english_17;zwitterionic;0;1.49688;
./datasets/English//english_18;zwitterionic;0;1.49688;
./datasets/English//english_19;zwitterionic;0;1.49688;
./datasets/English//english_00;apportionable;0;1.40094;
./datasets/English//english_01;apportionable;0;1.40094;
./datasets/English//english_02;apportionable;0;1.40094;
./datasets/English//english_03;apportionable;0;1.40094;
./datasets/English//english_04;apportionable;0;1.40094;
./datasets/English//english_05;apportionable;0;1.40094;
./datasets/English//english_06;apportionable;0;1.40094;
./datasets/English//english_07;apportionable;0;1.40094;
./datasets/English//english_08;apportionable;0;1.40094;
./datasets/English//english_09;apportionable;0;1.40094;
./datasets/English//english_10;apportionable;0;1.40094;
./datasets/English//english_11;apportionable;0;1.40094;
./datasets/English//english_12;apportionable;0;1.40094;
./datasets/English//english_13;apportionable;0;1.40094;
./datasets/English//english_14;apportionable;0;1.40094;
./datasets/English//english_15;apportionable;0;1.40094;
./datasets/English//english_16;apportionable;0;1.40094;
./datasets/English//english_17;apportionable;0;1.40094;
./datasets/English//english_18;apportionable;0;1.40094;
./datasets/English//english_19;apportionable;0;1.40094;
./datasets/English//english_00;ferulic;0;1.60575;
./datasets/English//english_01;ferulic;0;1.60575;
./datasets/English//english_02;ferulic;0;1.60575;
./datasets/English//english_03;ferulic;0;1.60575;
./datasets/English//english_04;ferulic;0;1.60575;
./datasets/English//english_05;ferulic;0;1.60575;
./datasets/English//english_06;ferulic;0;1.60575;
./datasets/English//english_07;ferulic;0;1.60575;
./datasets/English//english_08;ferulic;0;1.60575;
./datasets/English//english_09;ferulic;0;1.60575;
./datasets/English//english_10;ferulic;0;1.60575;
./datasets/English//english_11;ferulic;0;1.60575;
./datasets/English//english_12;ferulic;0;1.60575;
./datasets/English//english_13;ferulic;0;1.60575;
./datasets/English//english_14;ferulic;0;1.60575;
./datasets/English//english_15;ferulic;0;1.60575;
./datasets/English//english_16;ferulic;0;1.60575;
./datasets/English//english_17;ferulic;0;1.60575;
./datasets/English//english_18;ferulic;0;1.60575;
./datasets/English//english_19;ferulic;0;1.60575;
./datasets/English//english_00;statefulness;0;1.45189;
./datasets/English//english_01;statefulness;0;1.45189;
./datasets/English//english_02;statefulness;0;1.45189;
./datasets/English//english_03;statefulness;0;1.45189;
./datasets/English//english_04;statefulness;0;1.45189;
./datasets/English//english_05;statefulness;0;1.45189;
./datasets/English//english_06;statefulness;0;1.45189;
./datasets/English//english_07;statefulness;0;1.45189;
./datasets/English//english_08;statefulness;0;1.45189;
./datasets/English//english_09;statefulness;0;1.45189;
./datasets/English//english_10;statefulness;0;1.45189;
./datasets/English//english_11;statefulness;0;1.45189;
./datasets/English//english_12;statefulness;0;1.45189;
./datasets/English//english_13;statefulness;0;1.45189;
./datasets/English//english_14;statefulness;0;1.45189;
./datasets/English//english_15;statefulness;0;1.45189;
./datasets/English//english_16;statefulness;0;1.45189;
./datasets/English//english_17;statefulness;0;1.45189;
./datasets/English//english_18;statefulness;0;1.45189;
./datasets/English//english_19;statefulness;0;1.45189;
./datasets/English//english_00;pharyngotonsillitis;0;1.2867;
./datasets/English//english_01;pharyngotonsillitis;0;1.2867;
./datasets/English//english_02;pharyngotonsillitis;0;1.2867;
./datasets/English//english_03;pharyngotonsillitis;0;1.2867;
./datasets/English//english_04;pharyngotonsillitis;0;1.2867;
./datasets/English//english_05;pharyngotonsillitis;0;1.2867;
./datasets/English//english_06;pharyngotonsillitis;0;1.2867;
./datasets/English//english_07;pharyngotonsillitis;0;1.2867;
./datasets/English//english_08;pharyngotonsillitis;0;1.2867;
./datasets/English//english_09;pharyngotonsillitis;0;1.2867;
./datasets/English//english_10;pharyngotonsillitis;0;1.2867;
./datasets/English//english_11;pharyngotonsillitis;0;1.2867;
./datasets/English//english_12;pharyngotonsillitis;0;1.2867;
./datasets/English//english_13;pharyngotonsillitis;0;1.2867;
./datasets/English//english_14;pharyngotonsillitis;0;1.2867;
./datasets/English//english_15;pharyngotonsillitis;0;1.2867;
./datasets/English//english_16;pharyngotonsillitis;0;1.2867;
./datasets/English//english_17;pharyngotonsillitis;0;1.2867;
./datasets/English//english_18;pharyngotonsillitis;0;1.2867;
./datasets/English//english_19;pharyngotonsillitis;0;1.2867;
./datasets/English//english_00;Mimulus;0;1.47189;
./datasets/English//english_01;Mimulus;0;1.47189;
./datasets/English//english_02;Mimulus;0;1.47189;
./datasets/English//english_03;Mimulus;0;1.47189;
./datasets/English//english_04;Mimulus;0;1.47189;
./datasets/English//english_05;Mimulus;0;1.47189;
./datasets/English//english_06;Mimulus;0;1.47189;
./datasets/English//english_07;Mimulus;0;1.47189;
./datasets/English//english_08;Mimulus;0;1.47189;
./datasets/English//english_09;Mimulus;0;1.47189;
./datasets/English//english_10;Mimulus;0;1.47189;
./datasets/English//english_11;Mimulus;0;1.47189;
./datasets/English//english_12;Mimulus;0;1.47189;
./datasets/English//english_13;Mimulus;0;1.47189;
./datasets/English//english_14;Mimulus;0;1.47189;
./datasets/English//english_15;Mimulus;0;1.47189;
./datasets/English//english_16;Mimulus;0;1.47189;
./datasets/English//english_17;Mimulus;0;1.47189;
./datasets/English//english_18;Mimulus;0;1.47189;
./datasets/English//english_19;Mimulus;0;1.47189;
./datasets/English//english_00;recce;0;1.63782;
./datasets/English//english_01;recce;0;1.63782;
./datasets/English//english_02;recce;0;1.63782;
./datasets/English//english_03;recce;0;1.63782;
./datasets/English//english_04;recce;0;1.63782;
./datasets/English//english_05;recce;0;1.63782;
./datasets/English//english_06;recce;0;1.63782;
./datasets/English//english_07;recce;0;1.63782;
./datasets/English//english_08;recce;0;1.63782;
./datasets/English//english_09;recce;0;1.63782;
./datasets/English//english_10;recce;0;1.63782;
./datasets/English//english_11;recce;0;1.63782;
./datasets/English//english_12;recce;0;1.63782;
./datasets/English//english_13;recce;0;1.63782;
./datasets/English//english_14;recce;0;1.63782;
./datasets/English//english_15;recce;0;1.63782;
./datasets/English//english_16;recce;0;1.63782;
./datasets/English//english_17;recce;0;1.63782;
./datasets/English//english_18;recce;0;1.63782;
./datasets/English//english_19;recce;0;1.63782;
./datasets/English//english_00;mutinously;0;1.4549;
./datasets/English//english_01;mutinously;0;1.4549;
./datasets/English//english_02;mutinously;0;1.4549;
./datasets/English//english_03;mutinously;0;1.4549;
./datasets/English//english_04;mutinously;0;1.4549;
./datasets/English//english_05;mutinously;0;1.4549;
./datasets/English//english_06;mutinously;1;1.4549;
./datasets/English//english_07;mutinously;0;1.4549;
./datasets/English//english_08;mutinously;0;1.4549;
./datasets/English//english_09;mutinously;0;1.4549;
./datasets/English//english_10;mutinously;0;1.4549;
./datasets/English//english_11;mutinously;0;1.4549;
./datasets/English//english_12;mutinously;0;1.4549;
./datasets/English//english_13;mutinously;0;1.4549;
./datasets/English//english_14;mutinously;1;1.4549;
./datasets/English//english_15;mutinously;0;1.4549;
./datasets/English//english_16;mutinously;0;1.4549;
./datasets/English//english_17;mutinously;0;1.4549;
./datasets/English//english_18;mutinously;0;1.4549;
./datasets/English//english_19;mutinously;0;1.4549;
./datasets/English//english_00;reboant;0;1.59279;
./datasets/English//english_01;reboant;0;1.59279;
./datasets/English//english_02;reboant;0;1.59279;
./datasets/English//english_03;reboant;0;1.59279;
./datasets/English//english_04;reboant;0;1.59279;
./datasets/English//english_05;reboant;0;1.59279;
./datasets/English//english_06;reboant;0;1.59279;
./datasets/English//english_07;reboant;0;1.59279;
./datasets/English//english_08;reboant;0;1.59279;
./datasets/English//english_09;reboant;0;1.59279;
./datasets/English//english_10;reboant;0;1.59279;
./datasets/English//english_11;reboant;0;1.59279;
./datasets/English//english_12;reboant;0;1.59279;
./datasets/English//english_13;reboant;0;1.59279;
./datasets/English//english_14;reboant;0;1.59279;
./datasets/English//english_15;reboant;0;1.59279;
./datasets/English//english_16;reboant;0;1.59279;
./datasets/English//english_17;reboant;0;1.59279;
./datasets/English//english_18;reboant;0;1.59279;
./datasets/English//english_19;reboant;0;1.59279;
./datasets/English//english_00;marshwort;0;1.45854;
./datasets/English//english_01;marshwort;0;1.45854;
./datasets/English//english_02;marshwort;0;1.45854;
./datasets/English//english_03;marshwort;0;1.45854;
./datasets/English//english_04;marshwort;0;1.45854;
./datasets/English//english_05;marshwort;0;1.45854;
./datasets/English//english_06;marshwort;0;1.45854;
./datasets/English//english_07;marshwort;0;1.45854;
./datasets/English//english_08;marshwort;0;1.45854;
./datasets/English//english_09;marshwort;0;1.45854;
./datasets/English//english_10;marshwort;0;1.45854;
./datasets/English//english_11;marshwort;0;1.45854;
./datasets/English//english_12;marshwort;0;1.45854;
./datasets/English//english_13;marshwort;0;1.45854;
./datasets/English//english_14;marshwort;0;1.45854;
./datasets/English//english_15;marshwort;0;1.45854;
./datasets/English//english_16;marshwort;0;1.45854;
./datasets/English//english_17;marshwort;0;1.45854;
./datasets/English//english_18;marshwort;0;1.45854;
./datasets/English//english_19;marshwort;0;1.45854;
./datasets/English//english_00;lupoid;0;1.57179;
./datasets/English//english_01;lupoid;0;1.57179;
./datasets/English//english_02;lupoid;0;1.57179;
./datasets/English//english_03;lupoid;0;1.57179;
./datasets/English//english_04;lupoid;0;1.57179;
./datasets/English//english_05;lupoid;0;1.57179;
./datasets/English//english_06;lupoid;0;1.57179;
./datasets/English//english_07;lupoid;0;1.57179;
./datasets/English//english_08;lupoid;0;1.57179;
./datasets/English//english_09;lupoid;0;1.57179;
./datasets/English//english_10;lupoid;0;1.57179;
./datasets/English//english_11;lupoid;0;1.57179;
./datasets/English//english_12;lupoid;0;1.57179;
./datasets/English//english_13;lupoid;0;1.57179;
./datasets/English//english_14;lupoid;0;1.57179;
./datasets/English//english_15;lupoid;0;1.57179;
./datasets/English//english_16;lupoid;0;1.57179;
./datasets/English//english_17;lupoid;0;1.57179;
./datasets/English//english_18;lupoid;0;1.57179;
./datasets/English//english_19;lupoid;0;1.57179;
./datasets/English//english_00;chromatophilic;0;1.38894;
./datasets/English//english_01;chromatophilic;0;1.38894;
./datasets/English//english_02;chromatophilic;0;1.38894;
./datasets/English//english_03;chromatophilic;0;1.38894;
./datasets/English//english_04;chromatophilic;0;1.38894;
./datasets/English//english_05;chromatophilic;0;1.38894;
./datasets/English//english_06;chromatophilic;0;1.38894;
./datasets/English//english_07;chromatophilic;0;1.38894;
./datasets/English//english_08;chromatophilic;0;1.38894;
./datasets/English//english_09;chromatophilic;0;1.38894;
./datasets/English//english_10;chromatophilic;0;1.38894;
./datasets/English//english_11;chromatophilic;0;1.38894;
./datasets/English//english_12;chromatophilic;0;1.38894;
./datasets/English//english_13;chromatophilic;0;1.38894;
./datasets/English//english_14;chromatophilic;0;1.38894;
./datasets/English//english_15;chromatophilic;0;1.38894;
./datasets/English//english_16;chromatophilic;0;1.38894;
./datasets/English//english_17;chromatophilic;0;1.38894;
./datasets/English//english_18;chromatophilic;0;1.38894;
./datasets/English//english_19;chromatophilic;0;1.38894;
./datasets/English//english_00;lauder;0;1.58679;
./datasets/English//english_01;lauder;0;1.58679;
./datasets/English//english_02;lauder;0;1.58679;
./datasets/English//english_03;lauder;0;1.58679;
./datasets/English//english_04;lauder;3;1.58679;
./datasets/English//english_05;lauder;0;1.58679;
./datasets/English//english_06;lauder;0;1.58679;
./datasets/English//english_07;lauder;0;1.58679;
./datasets/English//english_08;lauder;0;1.58679;
./datasets/English//english_09;lauder;0;1.58679;
./datasets/English//english_10;lauder;0;1.58679;
./datasets/English//english_11;lauder;0;1.58679;
./datasets/English//english_12;lauder;0;1.58679;
./datasets/English//english_13;lauder;0;1.58679;
./datasets/English//english_14;lauder;0;1.58679;
./datasets/English//english_15;lauder;0;1.58679;
./datasets/English//english_16;lauder;0;1.58679;
./datasets/English//english_17;lauder;0;1.58679;
./datasets/English//english_18;lauder;0;1.58679;
./datasets/English//english_19;lauder;0;1.58679;
./datasets/English//english_00;nirles;0;1.59157;
./datasets/English//english_01;nirles;0;1.59157;
./datasets/English//english_02;nirles;0;1.59157;
./datasets/English//english_03;nirles;0;1.59157;
./datasets/English//english_04;nirles;0;1.59157;
./datasets/English//english_05;nirles;0;1.59157;
./datasets/English//english_06;nirles;0;1.59157;
./datasets/English//english_07;nirles;0;1.59157;
./datasets/English//english_08;nirles;0;1.59157;
./datasets/English//english_09;nirles;0;1.59157;
./datasets/English//english_10;nirles;0;1.59157;
./datasets/English//english_11;nirles;0;1.59157;
./datasets/English//english_12;nirles;0;1.59157;
./datasets/English//english_13;nirles;0;1.59157;
./datasets/English//english_14;nirles;0;1.59157;
./datasets/English//english_15;nirles;0;1.59157;
./datasets/English//english_16;nirles;0;1.59157;
./datasets/English//english_17;nirles;0;1.59157;
./datasets/English//english_18;nirles;0;1.59157;
./datasets/English//english_19;nirles;0;1.59157;
./datasets/English//english_00;esthesiometer;0;1.37581;
./datasets/English//english_01;esthesiometer;0;1.37581;
./datasets/English//english_02;esthesiometer;0;1.37581;
./datasets/English//english_03;esthesiometer;0;1.37581;
./datasets/English//english_04;esthesiometer;0;1.37581;
./datasets/English//english_05;esthesiometer;0;1.37581;
./datasets/English//english_06;esthesiometer;0;1.37581;
./datasets/English//english_07;esthesiometer;0;1.37581;
./datasets/English//english_08;esthesiometer;0;1.37581;
./datasets/English//english_09;esthesiometer;0;1.37581;
./datasets/English//english_10;esthesiometer;0;1.37581;
./datasets/English//english_11;esthesiometer;0;1.37581;
./datasets/English//english_12;esthesiometer;0;1.37581;
./datasets/English//english_13;esthesiometer;0;1.37581;
./datasets/English//english_14;esthesiometer;0;1.37581;
./datasets/English//english_15;esthesiometer;0;1.37581;
./datasets/English//english_16;esthesiometer;0;1.37581;
./datasets/English//english_17;esthesiometer;0;1.37581;
./datasets/English//english_18;esthesiometer;0;1.37581;
./datasets/English//english_19;esthesiometer;0;1.37581;
./datasets/English//english_00;semisocial;0;1.40586;
./datasets/English//english_01;semisocial;0;1.40586;
./datasets/English//english_02;semisocial;0;1.40586;
./datasets/English//english_03;semisocial;0;1.40586;
./datasets/English//english_04;semisocial;0;1.40586;
./datasets/English//english_05;semisocial;0;1.40586;
./datasets/English//english_06;semisocial;0;1.40586;
./datasets/English//english_07;semisocial;0;1.40586;
./datasets/English//english_08;semisocial;0;1.40586;
./datasets/English//english_09;semisocial;0;1.40586;
./datasets/English//english_10;semisocial;0;1.40586;
./datasets/English//english_11;semisocial;0;1.40586;
./datasets/English//english_12;semisocial;0;1.40586;
./datasets/English//english_13;semisocial;0;1.40586;
./datasets/English//english_14;semisocial;0;1.40586;
./datasets/English//english_15;semisocial;0;1.40586;
./datasets/English//english_16;semisocial;0;1.40586;
./datasets/English//english_17;semisocial;0;1.40586;
./datasets/English//english_18;semisocial;0;1.40586;
./datasets/English//english_19;semisocial;0;1.40586;
./datasets/English//english_00;unbeing;0;1.50585;
./datasets/English//english_01;unbeing;0;1.50585;
./datasets/English//english_02;unbeing;0;1.50585;
./datasets/English//english_03;unbeing;0;1.50585;
./datasets/English//english_04;unbeing;0;1.50585;
./datasets/English//english_05;unbeing;0;1.50585;
./datasets/English//english_06;unbeing;0;1.50585;
./datasets/English//english_07;unbeing;0;1.50585;
./datasets/English//english_08;unbeing;0;1.50585;
./datasets/English//english_09;unbeing;0;1.50585;
./datasets/English//english_10;unbeing;0;1.50585;
./datasets/English//english_11;unbeing;0;1.50585;
./datasets/English//english_12;unbeing;0;1.50585;
./datasets/English//english_13;unbeing;0;1.50585;
./datasets/English//english_14;unbeing;0;1.50585;
./datasets/English//english_15;unbeing;0;1.50585;
./datasets/English//english_16;unbeing;0;1.50585;
./datasets/English//english_17;unbeing;0;1.50585;
./datasets/English//english_18;unbeing;0;1.50585;
./datasets/English//english_19;unbeing;0;1.50585;
./datasets/English//english_00;kangaroo;3;1.44891;
./datasets/English//english_01;kangaroo;0;1.44891;
./datasets/English//english_02;kangaroo;1;1.44891;
./datasets/English//english_03;kangaroo;0;1.44891;
./datasets/English//english_04;kangaroo;0;1.44891;
./datasets/English//english_05;kangaroo;0;1.44891;
./datasets/English//english_06;kangaroo;0;1.44891;
./datasets/English//english_07;kangaroo;0;1.44891;
./datasets/English//english_08;kangaroo;0;1.44891;
./datasets/English//english_09;kangaroo;0;1.44891;
./datasets/English//english_10;kangaroo;0;1.44891;
./datasets/English//english_11;kangaroo;0;1.44891;
./datasets/English//english_12;kangaroo;0;1.44891;
./datasets/English//english_13;kangaroo;0;1.44891;
./datasets/English//english_14;kangaroo;9;1.44891;
./datasets/English//english_15;kangaroo;3;1.44891;
./datasets/English//english_16;kangaroo;0;1.44891;
./datasets/English//english_17;kangaroo;0;1.44891;
./datasets/English//english_18;kangaroo;1;1.44891;
./datasets/English//english_19;kangaroo;0;1.44891;
./datasets/English//english_00;takosis;0;1.4949;
./datasets/English//english_01;takosis;0;1.4949;
./datasets/English//english_02;takosis;0;1.4949;
./datasets/English//english_03;takosis;0;1.4949;
./datasets/English//english_04;takosis;0;1.4949;
./datasets/English//english_05;takosis;0;1.4949;
./datasets/English//english_06;takosis;0;1.4949;
./datasets/English//english_07;takosis;0;1.4949;
./datasets/English//english_08;takosis;0;1.4949;
./datasets/English//english_09;takosis;0;1.4949;
./datasets/English//english_10;takosis;0;1.4949;
./datasets/English//english_11;takosis;0;1.4949;
./datasets/English//english_12;takosis;0;1.4949;
./datasets/English//english_13;takosis;0;1.4949;
./datasets/English//english_14;takosis;0;1.4949;
./datasets/English//english_15;takosis;0;1.4949;
./datasets/English//english_16;takosis;0;1.4949;
./datasets/English//english_17;takosis;0;1.4949;
./datasets/English//english_18;takosis;0;1.4949;
./datasets/English//english_19;takosis;0;1.4949;
./datasets/English//english_00;inconvertibility;0;1.32968;
./datasets/English//english_01;inconvertibility;0;1.32968;
./datasets/English//english_02;inconvertibility;0;1.32968;
./datasets/English//english_03;inconvertibility;0;1.32968;
./datasets/English//english_04;inconvertibility;0;1.32968;
./datasets/English//english_05;inconvertibility;0;1.32968;
./datasets/English//english_06;inconvertibility;0;1.32968;
./datasets/English//english_07;inconvertibility;0;1.32968;
./datasets/English//english_08;inconvertibility;0;1.32968;
./datasets/English//english_09;inconvertibility;0;1.32968;
./datasets/English//english_10;inconvertibility;0;1.32968;
./datasets/English//english_11;inconvertibility;0;1.32968;
./datasets/English//english_12;inconvertibility;0;1.32968;
./datasets/English//english_13;inconvertibility;0;1.32968;
./datasets/English//english_14;inconvertibility;0;1.32968;
./datasets/English//english_15;inconvertibility;0;1.32968;
./datasets/English//english_16;inconvertibility;0;1.32968;
./datasets/English//english_17;inconvertibility;0;1.32968;
./datasets/English//english_18;inconvertibility;0;1.32968;
./datasets/English//english_19;inconvertibility;0;1.32968;
./datasets/English//english_00;anesthetist;0;1.39079;
./datasets/English//english_01;anesthetist;0;1.39079;
./datasets/English//english_02;anesthetist;0;1.39079;
./datasets/English//english_03;anesthetist;0;1.39079;
./datasets/English//english_04;anesthetist;0;1.39079;
./datasets/English//english_05;anesthetist;0;1.39079;
./datasets/English//english_06;anesthetist;0;1.39079;
./datasets/English//english_07;anesthetist;0;1.39079;
./datasets/English//english_08;anesthetist;0;1.39079;
./datasets/English//english_09;anesthetist;0;1.39079;
./datasets/English//english_10;anesthetist;0;1.39079;
./datasets/English//english_11;anesthetist;0;1.39079;
./datasets/English//english_12;anesthetist;0;1.39079;
./datasets/English//english_13;anesthetist;0;1.39079;
./datasets/English//english_14;anesthetist;0;1.39079;
./datasets/English//english_15;anesthetist;0;1.39079;
./datasets/English//english_16;anesthetist;0;1.39079;
./datasets/English//english_17;anesthetist;0;1.39079;
./datasets/English//english_18;anesthetist;0;1.39079;
./datasets/English//english_19;anesthetist;0;1.39079;
./datasets/English//english_00;rumorproof;0;1.49883;
./datasets/English//english_01;rumorproof;0;1.49883;
./datasets/English//english_02;rumorproof;0;1.49883;
./datasets/English//english_03;rumorproof;0;1.49883;
./datasets/English//english_04;rumorproof;0;1.49883;
./datasets/English//english_05;rumorproof;0;1.49883;
./datasets/English//english_06;rumorproof;0;1.49883;
./datasets/English//english_07;rumorproof;0;1.49883;
./datasets/English//english_08;rumorproof;0;1.49883;
./datasets/English//english_09;rumorproof;0;1.49883;
./datasets/English//english_10;rumorproof;0;1.49883;
./datasets/English//english_11;rumorproof;0;1.49883;
./datasets/English//english_12;rumorproof;0;1.49883;
./datasets/English//english_13;rumorproof;0;1.49883;
./datasets/English//english_14;rumorproof;0;1.49883;
./datasets/English//english_15;rumorproof;0;1.49883;
./datasets/English//english_16;rumorproof;0;1.49883;
./datasets/English//english_17;rumorproof;0;1.49883;
./datasets/English//english_18;rumorproof;0;1.49883;
./datasets/English//english_19;rumorproof;0;1.49883;
./datasets/English//english_00;thoracoscopy;0;1.34593;
./datasets/English//english_01;thoracoscopy;0;1.34593;
./datasets/English//english_02;thoracoscopy;0;1.34593;
./datasets/English//english_03;thoracoscopy;0;1.34593;
./datasets/English//english_04;thoracoscopy;0;1.34593;
./datasets/English//english_05;thoracoscopy;0;1.34593;
./datasets/English//english_06;thoracoscopy;0;1.34593;
./datasets/English//english_07;thoracoscopy;0;1.34593;
./datasets/English//english_08;thoracoscopy;0;1.34593;
./datasets/English//english_09;thoracoscopy;0;1.34593;
./datasets/English//english_10;thoracoscopy;0;1.34593;
./datasets/English//english_11;thoracoscopy;0;1.34593;
./datasets/English//english_12;thoracoscopy;0;1.34593;
./datasets/English//english_13;thoracoscopy;0;1.34593;
./datasets/English//english_14;thoracoscopy;0;1.34593;
./datasets/English//english_15;thoracoscopy;0;1.34593;
./datasets/English//english_16;thoracoscopy;0;1.34593;
./datasets/English//english_17;thoracoscopy;0;1.34593;
./datasets/English//english_18;thoracoscopy;0;1.34593;
./datasets/English//english_19;thoracoscopy;0;1.34593;
./datasets/English//english_00;euphorbium;0;1.37691;
./datasets/English//english_01;euphorbium;2;1.37691;
./datasets/English//english_02;euphorbium;0;1.37691;
./datasets/English//english_03;euphorbium;0;1.37691;
./datasets/English//english_04;euphorbium;0;1.37691;
./datasets/English//english_05;euphorbium;0;1.37691;
./datasets/English//english_06;euphorbium;0;1.37691;
./datasets/English//english_07;euphorbium;0;1.37691;
./datasets/English//english_08;euphorbium;0;1.37691;
./datasets/English//english_09;euphorbium;0;1.37691;
./datasets/English//english_10;euphorbium;0;1.37691;
./datasets/English//english_11;euphorbium;0;1.37691;
./datasets/English//english_12;euphorbium;0;1.37691;
./datasets/English//english_13;euphorbium;0;1.37691;
./datasets/English//english_14;euphorbium;0;1.37691;
./datasets/English//english_15;euphorbium;0;1.37691;
./datasets/English//english_16;euphorbium;0;1.37691;
./datasets/English//english_17;euphorbium;0;1.37691;
./datasets/English//english_18;euphorbium;0;1.37691;
./datasets/English//english_19;euphorbium;0;1.37691;
./datasets/English//english_00;bizet;0;1.64743;
./datasets/English//english_01;bizet;0;1.64743;
./datasets/English//english_02;bizet;0;1.64743;
./datasets/English//english_03;bizet;0;1.64743;
./datasets/English//english_04;bizet;0;1.64743;
./datasets/English//english_05;bizet;0;1.64743;
./datasets/English//english_06;bizet;0;1.64743;
./datasets/English//english_07;bizet;0;1.64743;
./datasets/English//english_08;bizet;0;1.64743;
./datasets/English//english_09;bizet;0;1.64743;
./datasets/English//english_10;bizet;0;1.64743;
./datasets/English//english_11;bizet;0;1.64743;
./datasets/English//english_12;bizet;0;1.64743;
./datasets/English//english_13;bizet;0;1.64743;
./datasets/English//english_14;bizet;0;1.64743;
./datasets/English//english_15;bizet;0;1.64743;
./datasets/English//english_16;bizet;0;1.64743;
./datasets/English//english_17;bizet;0;1.64743;
./datasets/English//english_18;bizet;0;1.64743;
./datasets/English//english_19;bizet;0;1.64743;
./datasets/English//english_00;song;109;1.73674;
./datasets/English//english_01;song;82;1.73674;
./datasets/English//english_02;song;44;1.73674;
./datasets/English//english_03;song;63;1.73674;
./datasets/English//english_04;song;71;1.73674;
./datasets/English//english_05;song;230;1.73674;
./datasets/English//english_06;song;89;1.73674;
./datasets/English//english_07;song;147;1.73674;
./datasets/English//english_08;song;24;1.73674;
./datasets/English//english_09;song;45;1.73674;
./datasets/English//english_10;song;88;1.73674;
./datasets/English//english_11;song;64;1.73674;
./datasets/English//english_12;song;34;1.73674;
./datasets/English//english_13;song;83;1.73674;
./datasets/English//english_14;song;43;1.73674;
./datasets/English//english_15;song;71;1.73674;
./datasets/English//english_16;song;112;1.73674;
./datasets/English//english_17;song;145;1.73674;
./datasets/English//english_18;song;99;1.73674;
./datasets/English//english_19;song;11;1.73674;
./datasets/English//english_00;dolichocephali;0;1.33194;
./datasets/English//english_01;dolichocephali;0;1.33194;
./datasets/English//english_02;dolichocephali;0;1.33194;
./datasets/English//english_03;dolichocephali;0;1.33194;
./datasets/English//english_04;dolichocephali;0;1.33194;
./datasets/English//english_05;dolichocephali;0;1.33194;
./datasets/English//english_06;dolichocephali;0;1.33194;
./datasets/English//english_07;dolichocephali;0;1.33194;
./datasets/English//english_08;dolichocephali;0;1.33194;
./datasets/English//english_09;dolichocephali;0;1.33194;
./datasets/English//english_10;dolichocephali;0;1.33194;
./datasets/English//english_11;dolichocephali;0;1.33194;
./datasets/English//english_12;dolichocephali;0;1.33194;
./datasets/English//english_13;dolichocephali;0;1.33194;
./datasets/English//english_14;dolichocephali;0;1.33194;
./datasets/English//english_15;dolichocephali;0;1.33194;
./datasets/English//english_16;dolichocephali;0;1.33194;
./datasets/English//english_17;dolichocephali;0;1.33194;
./datasets/English//english_18;dolichocephali;4;1.33194;
./datasets/English//english_19;dolichocephali;0;1.33194;
./datasets/English//english_00;platemaker;0;1.40793;
./datasets/English//english_01;platemaker;0;1.40793;
./datasets/English//english_02;platemaker;0;1.40793;
./datasets/English//english_03;platemaker;0;1.40793;
./datasets/English//english_04;platemaker;0;1.40793;
./datasets/English//english_05;platemaker;0;1.40793;
./datasets/English//english_06;platemaker;0;1.40793;
./datasets/English//english_07;platemaker;0;1.40793;
./datasets/English//english_08;platemaker;0;1.40793;
./datasets/English//english_09;platemaker;0;1.40793;
./datasets/English//english_10;platemaker;0;1.40793;
./datasets/English//english_11;platemaker;0;1.40793;
./datasets/English//english_12;platemaker;0;1.40793;
./datasets/English//english_13;platemaker;0;1.40793;
./datasets/English//english_14;platemaker;0;1.40793;
./datasets/English//english_15;platemaker;0;1.40793;
./datasets/English//english_16;platemaker;0;1.40793;
./datasets/English//english_17;platemaker;0;1.40793;
./datasets/English//english_18;platemaker;0;1.40793;
./datasets/English//english_19;platemaker;0;1.40793;
./datasets/English//english_00;vesicupapular;0;1.33394;
./datasets/English//english_01;vesicupapular;0;1.33394;
./datasets/English//english_02;vesicupapular;0;1.33394;
./datasets/English//english_03;vesicupapular;0;1.33394;
./datasets/English//english_04;vesicupapular;0;1.33394;
./datasets/English//english_05;vesicupapular;0;1.33394;
./datasets/English//english_06;vesicupapular;0;1.33394;
./datasets/English//english_07;vesicupapular;0;1.33394;
./datasets/English//english_08;vesicupapular;0;1.33394;
./datasets/English//english_09;vesicupapular;0;1.33394;
./datasets/English//english_10;vesicupapular;0;1.33394;
./datasets/English//english_11;vesicupapular;0;1.33394;
./datasets/English//english_12;vesicupapular;0;1.33394;
./datasets/English//english_13;vesicupapular;0;1.33394;
./datasets/English//english_14;vesicupapular;0;1.33394;
./datasets/English//english_15;vesicupapular;0;1.33394;
./datasets/English//english_16;vesicupapular;0;1.33394;
./datasets/English//english_17;vesicupapular;0;1.33394;
./datasets/English//english_18;vesicupapular;0;1.33394;
./datasets/English//english_19;vesicupapular;0;1.33394;
./datasets/English//english_00;electroforming;0;1.34094;
./datasets/English//english_01;electroforming;0;1.34094;
./datasets/English//english_02;electroforming;0;1.34094;
./datasets/English//english_03;electroforming;0;1.34094;
./datasets/English//english_04;electroforming;0;1.34094;
./datasets/English//english_05;electroforming;0;1.34094;
./datasets/English//english_06;electroforming;0;1.34094;
./datasets/English//english_07;electroforming;0;1.34094;
./datasets/English//english_08;electroforming;0;1.34094;
./datasets/English//english_09;electroforming;0;1.34094;
./datasets/English//english_10;electroforming;0;1.34094;
./datasets/English//english_11;electroforming;0;1.34094;
./datasets/English//english_12;electroforming;0;1.34094;
./datasets/English//english_13;electroforming;0;1.34094;
./datasets/English//english_14;electroforming;0;1.34094;
./datasets/English//english_15;electroforming;0;1.34094;
./datasets/English//english_16;electroforming;0;1.34094;
./datasets/English//english_17;electroforming;0;1.34094;
./datasets/English//english_18;electroforming;0;1.34094;
./datasets/English//english_19;electroforming;0;1.34094;
./datasets/English//english_00;dilatingly;0;1.39503;
./datasets/English//english_01;dilatingly;0;1.39503;
./datasets/English//english_02;dilatingly;0;1.39503;
./datasets/English//english_03;dilatingly;0;1.39503;
./datasets/English//english_04;dilatingly;0;1.39503;
./datasets/English//english_05;dilatingly;0;1.39503;
./datasets/English//english_06;dilatingly;0;1.39503;
./datasets/English//english_07;dilatingly;0;1.39503;
./datasets/English//english_08;dilatingly;0;1.39503;
./datasets/English//english_09;dilatingly;0;1.39503;
./datasets/English//english_10;dilatingly;0;1.39503;
./datasets/English//english_11;dilatingly;0;1.39503;
./datasets/English//english_12;dilatingly;0;1.39503;
./datasets/English//english_13;dilatingly;0;1.39503;
./datasets/English//english_14;dilatingly;0;1.39503;
./datasets/English//english_15;dilatingly;0;1.39503;
./datasets/English//english_16;dilatingly;0;1.39503;
./datasets/English//english_17;dilatingly;0;1.39503;
./datasets/English//english_18;dilatingly;0;1.39503;
./datasets/English//english_19;dilatingly;0;1.39503;
./datasets/English//english_00;meethelp;0;1.53333;
./datasets/English//english_01;meethelp;0;1.53333;
./datasets/English//english_02;meethelp;0;1.53333;
./datasets/English//english_03;meethelp;0;1.53333;
./datasets/English//english_04;meethelp;0;1.53333;
./datasets/English//english_05;meethelp;0;1.53333;
./datasets/English//english_06;meethelp;0;1.53333;
./datasets/English//english_07;meethelp;0;1.53333;
./datasets/English//english_08;meethelp;0;1.53333;
./datasets/English//english_09;meethelp;0;1.53333;
./datasets/English//english_10;meethelp;0;1.53333;
./datasets/English//english_11;meethelp;0;1.53333;
./datasets/English//english_12;meethelp;0;1.53333;
./datasets/English//english_13;meethelp;0;1.53333;
./datasets/English//english_14;meethelp;0;1.53333;
./datasets/English//english_15;meethelp;0;1.53333;
./datasets/English//english_16;meethelp;0;1.53333;
./datasets/English//english_17;meethelp;0;1.53333;
./datasets/English//english_18;meethelp;0;1.53333;
./datasets/English//english_19;meethelp;0;1.53333;
./datasets/English//english_00;loincloth;0;1.45373;
./datasets/English//english_01;loincloth;0;1.45373;
./datasets/English//english_02;loincloth;0;1.45373;
./datasets/English//english_03;loincloth;0;1.45373;
./datasets/English//english_04;loincloth;0;1.45373;
./datasets/English//english_05;loincloth;0;1.45373;
./datasets/English//english_06;loincloth;0;1.45373;
./datasets/English//english_07;loincloth;0;1.45373;
./datasets/English//english_08;loincloth;0;1.45373;
./datasets/English//english_09;loincloth;0;1.45373;
./datasets/English//english_10;loincloth;0;1.45373;
./datasets/English//english_11;loincloth;0;1.45373;
./datasets/English//english_12;loincloth;0;1.45373;
./datasets/English//english_13;loincloth;0;1.45373;
./datasets/English//english_14;loincloth;0;1.45373;
./datasets/English//english_15;loincloth;0;1.45373;
./datasets/English//english_16;loincloth;0;1.45373;
./datasets/English//english_17;loincloth;0;1.45373;
./datasets/English//english_18;loincloth;0;1.45373;
./datasets/English//english_19;loincloth;0;1.45373;
./datasets/English//english_00;avowably;0;1.42891;
./datasets/English//english_01;avowably;0;1.42891;
./datasets/English//english_02;avowably;0;1.42891;
./datasets/English//english_03;avowably;0;1.42891;
./datasets/English//english_04;avowably;0;1.42891;
./datasets/English//english_05;avowably;0;1.42891;
./datasets/English//english_06;avowably;0;1.42891;
./datasets/English//english_07;avowably;0;1.42891;
./datasets/English//english_08;avowably;0;1.42891;
./datasets/English//english_09;avowably;0;1.42891;
./datasets/English//english_10;avowably;0;1.42891;
./datasets/English//english_11;avowably;0;1.42891;
./datasets/English//english_12;avowably;0;1.42891;
./datasets/English//english_13;avowably;0;1.42891;
./datasets/English//english_14;avowably;0;1.42891;
./datasets/English//english_15;avowably;0;1.42891;
./datasets/English//english_16;avowably;0;1.42891;
./datasets/English//english_17;avowably;0;1.42891;
./datasets/English//english_18;avowably;0;1.42891;
./datasets/English//english_19;avowably;0;1.42891;
./datasets/English//english_00;counterindicate;0;1.34565;
./datasets/English//english_01;counterindicate;0;1.34565;
./datasets/English//english_02;counterindicate;0;1.34565;
./datasets/English//english_03;counterindicate;0;1.34565;
./datasets/English//english_04;counterindicate;0;1.34565;
./datasets/English//english_05;counterindicate;0;1.34565;
./datasets/English//english_06;counterindicate;0;1.34565;
./datasets/English//english_07;counterindicate;0;1.34565;
./datasets/English//english_08;counterindicate;0;1.34565;
./datasets/English//english_09;counterindicate;0;1.34565;
./datasets/English//english_10;counterindicate;0;1.34565;
./datasets/English//english_11;counterindicate;0;1.34565;
./datasets/English//english_12;counterindicate;0;1.34565;
./datasets/English//english_13;counterindicate;0;1.34565;
./datasets/English//english_14;counterindicate;0;1.34565;
./datasets/English//english_15;counterindicate;0;1.34565;
./datasets/English//english_16;counterindicate;0;1.34565;
./datasets/English//english_17;counterindicate;0;1.34565;
./datasets/English//english_18;counterindicate;0;1.34565;
./datasets/English//english_19;counterindicate;0;1.34565;
./datasets/English//english_00;treacliness;0;1.38283;
./datasets/English//english_01;treacliness;0;1.38283;
./datasets/English//english_02;treacliness;0;1.38283;
./datasets/English//english_03;treacliness;0;1.38283;
./datasets/English//english_04;treacliness;0;1.38283;
./datasets/English//english_05;treacliness;0;1.38283;
./datasets/English//english_06;treacliness;0;1.38283;
./datasets/English//english_07;treacliness;0;1.38283;
./datasets/English//english_08;treacliness;0;1.38283;
./datasets/English//english_09;treacliness;0;1.38283;
./datasets/English//english_10;treacliness;0;1.38283;
./datasets/English//english_11;treacliness;0;1.38283;
./datasets/English//english_12;treacliness;0;1.38283;
./datasets/English//english_13;treacliness;0;1.38283;
./datasets/English//english_14;treacliness;0;1.38283;
./datasets/English//english_15;treacliness;0;1.38283;
./datasets/English//english_16;treacliness;0;1.38283;
./datasets/English//english_17;treacliness;0;1.38283;
./datasets/English//english_18;treacliness;0;1.38283;
./datasets/English//english_19;treacliness;0;1.38283;
./datasets/English//english_00;Epigonus;0;1.43685;
./datasets/English//english_01;Epigonus;0;1.43685;
./datasets/English//english_02;Epigonus;0;1.43685;
./datasets/English//english_03;Epigonus;0;1.43685;
./datasets/English//english_04;Epigonus;0;1.43685;
./datasets/English//english_05;Epigonus;0;1.43685;
./datasets/English//english_06;Epigonus;0;1.43685;
./datasets/English//english_07;Epigonus;0;1.43685;
./datasets/English//english_08;Epigonus;0;1.43685;
./datasets/English//english_09;Epigonus;0;1.43685;
./datasets/English//english_10;Epigonus;0;1.43685;
./datasets/English//english_11;Epigonus;0;1.43685;
./datasets/English//english_12;Epigonus;0;1.43685;
./datasets/English//english_13;Epigonus;0;1.43685;
./datasets/English//english_14;Epigonus;0;1.43685;
./datasets/English//english_15;Epigonus;0;1.43685;
./datasets/English//english_16;Epigonus;0;1.43685;
./datasets/English//english_17;Epigonus;0;1.43685;
./datasets/English//english_18;Epigonus;0;1.43685;
./datasets/English//english_19;Epigonus;0;1.43685;
./datasets/English//english_00;airmark;0;1.47688;
./datasets/English//english_01;airmark;0;1.47688;
./datasets/English//english_02;airmark;0;1.47688;
./datasets/English//english_03;airmark;0;1.47688;
./datasets/English//english_04;airmark;0;1.47688;
./datasets/English//english_05;airmark;0;1.47688;
./datasets/English//english_06;airmark;0;1.47688;
./datasets/English//english_07;airmark;0;1.47688;
./datasets/English//english_08;airmark;0;1.47688;
./datasets/English//english_09;airmark;0;1.47688;
./datasets/English//english_10;airmark;0;1.47688;
./datasets/English//english_11;airmark;0;1.47688;
./datasets/English//english_12;airmark;0;1.47688;
./datasets/English//english_13;airmark;0;1.47688;
./datasets/English//english_14;airmark;0;1.47688;
./datasets/English//english_15;airmark;0;1.47688;
./datasets/English//english_16;airmark;0;1.47688;
./datasets/English//english_17;airmark;0;1.47688;
./datasets/English//english_18;airmark;0;1.47688;
./datasets/English//english_19;airmark;0;1.47688;
./datasets/English//english_00;polarography;0;1.34797;
./datasets/English//english_01;polarography;0;1.34797;
./datasets/English//english_02;polarography;0;1.34797;
./datasets/English//english_03;polarography;0;1.34797;
./datasets/English//english_04;polarography;0;1.34797;
./datasets/English//english_05;polarography;0;1.34797;
./datasets/English//english_06;polarography;0;1.34797;
./datasets/English//english_07;polarography;0;1.34797;
./datasets/English//english_08;polarography;0;1.34797;
./datasets/English//english_09;polarography;0;1.34797;
./datasets/English//english_10;polarography;0;1.34797;
./datasets/English//english_11;polarography;0;1.34797;
./datasets/English//english_12;polarography;0;1.34797;
./datasets/English//english_13;polarography;0;1.34797;
./datasets/English//english_14;polarography;0;1.34797;
./datasets/English//english_15;polarography;0;1.34797;
./datasets/English//english_16;polarography;0;1.34797;
./datasets/English//english_17;polarography;0;1.34797;
./datasets/English//english_18;polarography;0;1.34797;
./datasets/English//english_19;polarography;0;1.34797;
./datasets/English//english_00;precomposition;0;1.34983;
./datasets/English//english_01;precomposition;0;1.34983;
./datasets/English//english_02;precomposition;0;1.34983;
./datasets/English//english_03;precomposition;0;1.34983;
./datasets/English//english_04;precomposition;0;1.34983;
./datasets/English//english_05;precomposition;0;1.34983;
./datasets/English//english_06;precomposition;0;1.34983;
./datasets/English//english_07;precomposition;0;1.34983;
./datasets/English//english_08;precomposition;0;1.34983;
./datasets/English//english_09;precomposition;0;1.34983;
./datasets/English//english_10;precomposition;0;1.34983;
./datasets/English//english_11;precomposition;0;1.34983;
./datasets/English//english_12;precomposition;0;1.34983;
./datasets/English//english_13;precomposition;0;1.34983;
./datasets/English//english_14;precomposition;0;1.34983;
./datasets/English//english_15;precomposition;0;1.34983;
./datasets/English//english_16;precomposition;0;1.34983;
./datasets/English//english_17;precomposition;0;1.34983;
./datasets/English//english_18;precomposition;0;1.34983;
./datasets/English//english_19;precomposition;0;1.34983;
./datasets/English//english_00;lemography;0;1.3986;
./datasets/English//english_01;lemography;0;1.3986;
./datasets/English//english_02;lemography;0;1.3986;
./datasets/English//english_03;lemography;0;1.3986;
./datasets/English//english_04;lemography;0;1.3986;
./datasets/English//english_05;lemography;0;1.3986;
./datasets/English//english_06;lemography;0;1.3986;
./datasets/English//english_07;lemography;0;1.3986;
./datasets/English//english_08;lemography;0;1.3986;
./datasets/English//english_09;lemography;0;1.3986;
./datasets/English//english_10;lemography;0;1.3986;
./datasets/English//english_11;lemography;0;1.3986;
./datasets/English//english_12;lemography;0;1.3986;
./datasets/English//english_13;lemography;0;1.3986;
./datasets/English//english_14;lemography;0;1.3986;
./datasets/English//english_15;lemography;0;1.3986;
./datasets/English//english_16;lemography;0;1.3986;
./datasets/English//english_17;lemography;0;1.3986;
./datasets/English//english_18;lemography;0;1.3986;
./datasets/English//english_19;lemography;0;1.3986;
./datasets/English//english_00;Apinage;0;1.53365;
./datasets/English//english_01;Apinage;0;1.53365;
./datasets/English//english_02;Apinage;0;1.53365;
./datasets/English//english_03;Apinage;0;1.53365;
./datasets/English//english_04;Apinage;0;1.53365;
./datasets/English//english_05;Apinage;0;1.53365;
./datasets/English//english_06;Apinage;0;1.53365;
./datasets/English//english_07;Apinage;0;1.53365;
./datasets/English//english_08;Apinage;0;1.53365;
./datasets/English//english_09;Apinage;0;1.53365;
./datasets/English//english_10;Apinage;0;1.53365;
./datasets/English//english_11;Apinage;0;1.53365;
./datasets/English//english_12;Apinage;0;1.53365;
./datasets/English//english_13;Apinage;0;1.53365;
./datasets/English//english_14;Apinage;0;1.53365;
./datasets/English//english_15;Apinage;0;1.53365;
./datasets/English//english_16;Apinage;0;1.53365;
./datasets/English//english_17;Apinage;0;1.53365;
./datasets/English//english_18;Apinage;0;1.53365;
./datasets/English//english_19;Apinage;0;1.53365;
./datasets/English//english_00;Taal;0;1.77923;
./datasets/English//english_01;Taal;0;1.77923;
./datasets/English//english_02;Taal;0;1.77923;
./datasets/English//english_03;Taal;0;1.77923;
./datasets/English//english_04;Taal;0;1.77923;
./datasets/English//english_05;Taal;0;1.77923;
./datasets/English//english_06;Taal;0;1.77923;
./datasets/English//english_07;Taal;0;1.77923;
./datasets/English//english_08;Taal;0;1.77923;
./datasets/English//english_09;Taal;0;1.77923;
./datasets/English//english_10;Taal;0;1.77923;
./datasets/English//english_11;Taal;0;1.77923;
./datasets/English//english_12;Taal;0;1.77923;
./datasets/English//english_13;Taal;0;1.77923;
./datasets/English//english_14;Taal;0;1.77923;
./datasets/English//english_15;Taal;0;1.77923;
./datasets/English//english_16;Taal;0;1.77923;
./datasets/English//english_17;Taal;0;1.77923;
./datasets/English//english_18;Taal;0;1.77923;
./datasets/English//english_19;Taal;0;1.77923;
./datasets/English//english_00;logology;0;1.4209;
./datasets/English//english_01;logology;0;1.4209;
./datasets/English//english_02;logology;0;1.4209;
./datasets/English//english_03;logology;0;1.4209;
./datasets/English//english_04;logology;0;1.4209;
./datasets/English//english_05;logology;0;1.4209;
./datasets/English//english_06;logology;0;1.4209;
./datasets/English//english_07;logology;0;1.4209;
./datasets/English//english_08;logology;0;1.4209;
./datasets/English//english_09;logology;0;1.4209;
./datasets/English//english_10;logology;0;1.4209;
./datasets/English//english_11;logology;0;1.4209;
./datasets/English//english_12;logology;0;1.4209;
./datasets/English//english_13;logology;0;1.4209;
./datasets/English//english_14;logology;0;1.4209;
./datasets/English//english_15;logology;0;1.4209;
./datasets/English//english_16;logology;0;1.4209;
./datasets/English//english_17;logology;0;1.4209;
./datasets/English//english_18;logology;0;1.4209;
./datasets/English//english_19;logology;0;1.4209;
./datasets/English//english_00;probeer;0;1.51089;
./datasets/English//english_01;probeer;0;1.51089;
./datasets/English//english_02;probeer;0;1.51089;
./datasets/English//english_03;probeer;0;1.51089;
./datasets/English//english_04;probeer;0;1.51089;
./datasets/English//english_05;probeer;0;1.51089;
./datasets/English//english_06;probeer;0;1.51089;
./datasets/English//english_07;probeer;0;1.51089;
./datasets/English//english_08;probeer;0;1.51089;
./datasets/English//english_09;probeer;0;1.51089;
./datasets/English//english_10;probeer;0;1.51089;
./datasets/English//english_11;probeer;0;1.51089;
./datasets/English//english_12;probeer;0;1.51089;
./datasets/English//english_13;probeer;0;1.51089;
./datasets/English//english_14;probeer;0;1.51089;
./datasets/English//english_15;probeer;0;1.51089;
./datasets/English//english_16;probeer;0;1.51089;
./datasets/English//english_17;probeer;0;1.51089;
./datasets/English//english_18;probeer;0;1.51089;
./datasets/English//english_19;probeer;0;1.51089;
./datasets/English//english_00;randomization;0;1.36989;
./datasets/English//english_01;randomization;0;1.36989;
./datasets/English//english_02;randomization;0;1.36989;
./datasets/English//english_03;randomization;0;1.36989;
./datasets/English//english_04;randomization;0;1.36989;
./datasets/English//english_05;randomization;0;1.36989;
./datasets/English//english_06;randomization;0;1.36989;
./datasets/English//english_07;randomization;0;1.36989;
./datasets/English//english_08;randomization;0;1.36989;
./datasets/English//english_09;randomization;0;1.36989;
./datasets/English//english_10;randomization;0;1.36989;
./datasets/English//english_11;randomization;0;1.36989;
./datasets/English//english_12;randomization;0;1.36989;
./datasets/English//english_13;randomization;0;1.36989;
./datasets/English//english_14;randomization;0;1.36989;
./datasets/English//english_15;randomization;0;1.36989;
./datasets/English//english_16;randomization;0;1.36989;
./datasets/English//english_17;randomization;0;1.36989;
./datasets/English//english_18;randomization;0;1.36989;
./datasets/English//english_19;randomization;0;1.36989;
./datasets/English//english_00;poditic;0;1.50274;
./datasets/English//english_01;poditic;0;1.50274;
./datasets/English//english_02;poditic;0;1.50274;
./datasets/English//english_03;poditic;0;1.50274;
./datasets/English//english_04;poditic;0;1.50274;
./datasets/English//english_05;poditic;0;1.50274;
./datasets/English//english_06;poditic;0;1.50274;
./datasets/English//english_07;poditic;0;1.50274;
./datasets/English//english_08;poditic;0;1.50274;
./datasets/English//english_09;poditic;0;1.50274;
./datasets/English//english_10;poditic;0;1.50274;
./datasets/English//english_11;poditic;0;1.50274;
./datasets/English//english_12;poditic;0;1.50274;
./datasets/English//english_13;poditic;0;1.50274;
./datasets/English//english_14;poditic;0;1.50274;
./datasets/English//english_15;poditic;0;1.50274;
./datasets/English//english_16;poditic;0;1.50274;
./datasets/English//english_17;poditic;0;1.50274;
./datasets/English//english_18;poditic;0;1.50274;
./datasets/English//english_19;poditic;0;1.50274;
./datasets/English//english_00;individualize;0;1.67654;
./datasets/English//english_01;individualize;0;1.67654;
./datasets/English//english_02;individualize;0;1.67654;
./datasets/English//english_03;individualize;0;1.67654;
./datasets/English//english_04;individualize;2;1.67654;
./datasets/English//english_05;individualize;0;1.67654;
./datasets/English//english_06;individualize;0;1.67654;
./datasets/English//english_07;individualize;1;1.67654;
./datasets/English//english_08;individualize;0;1.67654;
./datasets/English//english_09;individualize;2;1.67654;
./datasets/English//english_10;individualize;0;1.67654;
./datasets/English//english_11;individualize;0;1.67654;
./datasets/English//english_12;individualize;0;1.67654;
./datasets/English//english_13;individualize;0;1.67654;
./datasets/English//english_14;individualize;1;1.67654;
./datasets/English//english_15;individualize;0;1.67654;
./datasets/English//english_16;individualize;0;1.67654;
./datasets/English//english_17;individualize;0;1.67654;
./datasets/English//english_18;individualize;0;1.67654;
./datasets/English//english_19;individualize;0;1.67654;
./datasets/English//english_00;castigate;0;1.66221;
./datasets/English//english_01;castigate;0;1.66221;
./datasets/English//english_02;castigate;0;1.66221;
./datasets/English//english_03;castigate;0;1.66221;
./datasets/English//english_04;castigate;0;1.66221;
./datasets/English//english_05;castigate;0;1.66221;
./datasets/English//english_06;castigate;0;1.66221;
./datasets/English//english_07;castigate;0;1.66221;
./datasets/English//english_08;castigate;0;1.66221;
./datasets/English//english_09;castigate;0;1.66221;
./datasets/English//english_10;castigate;0;1.66221;
./datasets/English//english_11;castigate;0;1.66221;
./datasets/English//english_12;castigate;0;1.66221;
./datasets/English//english_13;castigate;0;1.66221;
./datasets/English//english_14;castigate;0;1.66221;
./datasets/English//english_15;castigate;0;1.66221;
./datasets/English//english_16;castigate;0;1.66221;
./datasets/English//english_17;castigate;1;1.66221;
./datasets/English//english_18;castigate;0;1.66221;
./datasets/English//english_19;castigate;0;1.66221;
./datasets/English//english_00;Biloculina;0;1.57078;
./datasets/English//english_01;Biloculina;0;1.57078;
./datasets/English//english_02;Biloculina;0;1.57078;
./datasets/English//english_03;Biloculina;0;1.57078;
./datasets/English//english_04;Biloculina;0;1.57078;
./datasets/English//english_05;Biloculina;0;1.57078;
./datasets/English//english_06;Biloculina;0;1.57078;
./datasets/English//english_07;Biloculina;0;1.57078;
./datasets/English//english_08;Biloculina;0;1.57078;
./datasets/English//english_09;Biloculina;0;1.57078;
./datasets/English//english_10;Biloculina;0;1.57078;
./datasets/English//english_11;Biloculina;0;1.57078;
./datasets/English//english_12;Biloculina;0;1.57078;
./datasets/English//english_13;Biloculina;0;1.57078;
./datasets/English//english_14;Biloculina;0;1.57078;
./datasets/English//english_15;Biloculina;0;1.57078;
./datasets/English//english_16;Biloculina;0;1.57078;
./datasets/English//english_17;Biloculina;0;1.57078;
./datasets/English//english_18;Biloculina;0;1.57078;
./datasets/English//english_19;Biloculina;0;1.57078;
./datasets/English//english_00;overscrub;0;1.4179;
./datasets/English//english_01;overscrub;0;1.4179;
./datasets/English//english_02;overscrub;0;1.4179;
./datasets/English//english_03;overscrub;0;1.4179;
./datasets/English//english_04;overscrub;0;1.4179;
./datasets/English//english_05;overscrub;0;1.4179;
./datasets/English//english_06;overscrub;0;1.4179;
./datasets/English//english_07;overscrub;0;1.4179;
./datasets/English//english_08;overscrub;0;1.4179;
./datasets/English//english_09;overscrub;0;1.4179;
./datasets/English//english_10;overscrub;0;1.4179;
./datasets/English//english_11;overscrub;0;1.4179;
./datasets/English//english_12;overscrub;0;1.4179;
./datasets/English//english_13;overscrub;0;1.4179;
./datasets/English//english_14;overscrub;0;1.4179;
./datasets/English//english_15;overscrub;0;1.4179;
./datasets/English//english_16;overscrub;0;1.4179;
./datasets/English//english_17;overscrub;0;1.4179;
./datasets/English//english_18;overscrub;0;1.4179;
./datasets/English//english_19;overscrub;0;1.4179;
./datasets/English//english_00;koolah;0;1.7091;
./datasets/English//english_01;koolah;0;1.7091;
./datasets/English//english_02;koolah;0;1.7091;
./datasets/English//english_03;koolah;0;1.7091;
./datasets/English//english_04;koolah;0;1.7091;
./datasets/English//english_05;koolah;0;1.7091;
./datasets/English//english_06;koolah;0;1.7091;
./datasets/English//english_07;koolah;0;1.7091;
./datasets/English//english_08;koolah;0;1.7091;
./datasets/English//english_09;koolah;0;1.7091;
./datasets/English//english_10;koolah;0;1.7091;
./datasets/English//english_11;koolah;0;1.7091;
./datasets/English//english_12;koolah;0;1.7091;
./datasets/English//english_13;koolah;0;1.7091;
./datasets/English//english_14;koolah;0;1.7091;
./datasets/English//english_15;koolah;0;1.7091;
./datasets/English//english_16;koolah;0;1.7091;
./datasets/English//english_17;koolah;0;1.7091;
./datasets/English//english_18;koolah;0;1.7091;
./datasets/English//english_19;koolah;0;1.7091;
./datasets/English//english_00;weetless;0;1.48225;
./datasets/English//english_01;weetless;0;1.48225;
./datasets/English//english_02;weetless;0;1.48225;
./datasets/English//english_03;weetless;0;1.48225;
./datasets/English//english_04;weetless;0;1.48225;
./datasets/English//english_05;weetless;0;1.48225;
./datasets/English//english_06;weetless;0;1.48225;
./datasets/English//english_07;weetless;0;1.48225;
./datasets/English//english_08;weetless;0;1.48225;
./datasets/English//english_09;weetless;0;1.48225;
./datasets/English//english_10;weetless;0;1.48225;
./datasets/English//english_11;weetless;0;1.48225;
./datasets/English//english_12;weetless;0;1.48225;
./datasets/English//english_13;weetless;0;1.48225;
./datasets/English//english_14;weetless;0;1.48225;
./datasets/English//english_15;weetless;0;1.48225;
./datasets/English//english_16;weetless;0;1.48225;
./datasets/English//english_17;weetless;0;1.48225;
./datasets/English//english_18;weetless;0;1.48225;
./datasets/English//english_19;weetless;0;1.48225;
./datasets/English//english_00;erased;3;1.59779;
./datasets/English//english_01;erased;0;1.59779;
./datasets/English//english_02;erased;0;1.59779;
./datasets/English//english_03;erased;0;1.59779;
./datasets/English//english_04;erased;0;1.59779;
./datasets/English//english_05;erased;1;1.59779;
./datasets/English//english_06;erased;0;1.59779;
./datasets/English//english_07;erased;1;1.59779;
./datasets/English//english_08;erased;3;1.59779;
./datasets/English//english_09;erased;10;1.59779;
./datasets/English//english_10;erased;4;1.59779;
./datasets/English//english_11;erased;0;1.59779;
./datasets/English//english_12;erased;0;1.59779;
./datasets/English//english_13;erased;0;1.59779;
./datasets/English//english_14;erased;3;1.59779;
./datasets/English//english_15;erased;0;1.59779;
./datasets/English//english_16;erased;1;1.59779;
./datasets/English//english_17;erased;0;1.59779;
./datasets/English//english_18;erased;16;1.59779;
./datasets/English//english_19;erased;14;1.59779;
./datasets/English//english_00;layery;0;1.66075;
./datasets/English//english_01;layery;0;1.66075;
./datasets/English//english_02;layery;0;1.66075;
./datasets/English//english_03;layery;0;1.66075;
./datasets/English//english_04;layery;0;1.66075;
./datasets/English//english_05;layery;0;1.66075;
./datasets/English//english_06;layery;0;1.66075;
./datasets/English//english_07;layery;0;1.66075;
./datasets/English//english_08;layery;0;1.66075;
./datasets/English//english_09;layery;0;1.66075;
./datasets/English//english_10;layery;0;1.66075;
./datasets/English//english_11;layery;0;1.66075;
./datasets/English//english_12;layery;0;1.66075;
./datasets/English//english_13;layery;0;1.66075;
./datasets/English//english_14;layery;0;1.66075;
./datasets/English//english_15;layery;0;1.66075;
./datasets/English//english_16;layery;0;1.66075;
./datasets/English//english_17;layery;0;1.66075;
./datasets/English//english_18;layery;0;1.66075;
./datasets/English//english_19;layery;0;1.66075;
./datasets/English//english_00;discontinuee;0;1.35838;
./datasets/English//english_01;discontinuee;0;1.35838;
./datasets/English//english_02;discontinuee;0;1.35838;
./datasets/English//english_03;discontinuee;0;1.35838;
./datasets/English//english_04;discontinuee;0;1.35838;
./datasets/English//english_05;discontinuee;0;1.35838;
./datasets/English//english_06;discontinuee;0;1.35838;
./datasets/English//english_07;discontinuee;0;1.35838;
./datasets/English//english_08;discontinuee;0;1.35838;
./datasets/English//english_09;discontinuee;0;1.35838;
./datasets/English//english_10;discontinuee;0;1.35838;
./datasets/English//english_11;discontinuee;0;1.35838;
./datasets/English//english_12;discontinuee;0;1.35838;
./datasets/English//english_13;discontinuee;0;1.35838;
./datasets/English//english_14;discontinuee;0;1.35838;
./datasets/English//english_15;discontinuee;0;1.35838;
./datasets/English//english_16;discontinuee;0;1.35838;
./datasets/English//english_17;discontinuee;0;1.35838;
./datasets/English//english_18;discontinuee;0;1.35838;
./datasets/English//english_19;discontinuee;0;1.35838;
./datasets/English//english_00;anaphylatoxin;0;1.3729;
./datasets/English//english_01;anaphylatoxin;0;1.3729;
./datasets/English//english_02;anaphylatoxin;0;1.3729;
./datasets/English//english_03;anaphylatoxin;0;1.3729;
./datasets/English//english_04;anaphylatoxin;0;1.3729;
./datasets/English//english_05;anaphylatoxin;0;1.3729;
./datasets/English//english_06;anaphylatoxin;0;1.3729;
./datasets/English//english_07;anaphylatoxin;0;1.3729;
./datasets/English//english_08;anaphylatoxin;0;1.3729;
./datasets/English//english_09;anaphylatoxin;0;1.3729;
./datasets/English//english_10;anaphylatoxin;0;1.3729;
./datasets/English//english_11;anaphylatoxin;0;1.3729;
./datasets/English//english_12;anaphylatoxin;0;1.3729;
./datasets/English//english_13;anaphylatoxin;0;1.3729;
./datasets/English//english_14;anaphylatoxin;0;1.3729;
./datasets/English//english_15;anaphylatoxin;0;1.3729;
./datasets/English//english_16;anaphylatoxin;0;1.3729;
./datasets/English//english_17;anaphylatoxin;0;1.3729;
./datasets/English//english_18;anaphylatoxin;0;1.3729;
./datasets/English//english_19;anaphylatoxin;0;1.3729;
./datasets/English//english_00;unwounded;0;1.44086;
./datasets/English//english_01;unwounded;0;1.44086;
./datasets/English//english_02;unwounded;0;1.44086;
./datasets/English//english_03;unwounded;0;1.44086;
./datasets/English//english_04;unwounded;0;1.44086;
./datasets/English//english_05;unwounded;0;1.44086;
./datasets/English//english_06;unwounded;2;1.44086;
./datasets/English//english_07;unwounded;0;1.44086;
./datasets/English//english_08;unwounded;0;1.44086;
./datasets/English//english_09;unwounded;0;1.44086;
./datasets/English//english_10;unwounded;1;1.44086;
./datasets/English//english_11;unwounded;0;1.44086;
./datasets/English//english_12;unwounded;5;1.44086;
./datasets/English//english_13;unwounded;5;1.44086;
./datasets/English//english_14;unwounded;0;1.44086;
./datasets/English//english_15;unwounded;0;1.44086;
./datasets/English//english_16;unwounded;1;1.44086;
./datasets/English//english_17;unwounded;0;1.44086;
./datasets/English//english_18;unwounded;2;1.44086;
./datasets/English//english_19;unwounded;0;1.44086;
./datasets/English//english_00;personalism;0;1.38292;
./datasets/English//english_01;personalism;0;1.38292;
./datasets/English//english_02;personalism;0;1.38292;
./datasets/English//english_03;personalism;0;1.38292;
./datasets/English//english_04;personalism;0;1.38292;
./datasets/English//english_05;personalism;0;1.38292;
./datasets/English//english_06;personalism;0;1.38292;
./datasets/English//english_07;personalism;0;1.38292;
./datasets/English//english_08;personalism;0;1.38292;
./datasets/English//english_09;personalism;0;1.38292;
./datasets/English//english_10;personalism;0;1.38292;
./datasets/English//english_11;personalism;0;1.38292;
./datasets/English//english_12;personalism;0;1.38292;
./datasets/English//english_13;personalism;0;1.38292;
./datasets/English//english_14;personalism;0;1.38292;
./datasets/English//english_15;personalism;0;1.38292;
./datasets/English//english_16;personalism;0;1.38292;
./datasets/English//english_17;personalism;0;1.38292;
./datasets/English//english_18;personalism;0;1.38292;
./datasets/English//english_19;personalism;0;1.38292;
./datasets/English//english_00;howitzer;0;1.59184;
./datasets/English//english_01;howitzer;0;1.59184;
./datasets/English//english_02;howitzer;0;1.59184;
./datasets/English//english_03;howitzer;0;1.59184;
./datasets/English//english_04;howitzer;0;1.59184;
./datasets/English//english_05;howitzer;0;1.59184;
./datasets/English//english_06;howitzer;0;1.59184;
./datasets/English//english_07;howitzer;0;1.59184;
./datasets/English//english_08;howitzer;0;1.59184;
./datasets/English//english_09;howitzer;0;1.59184;
./datasets/English//english_10;howitzer;0;1.59184;
./datasets/English//english_11;howitzer;8;1.59184;
./datasets/English//english_12;howitzer;30;1.59184;
./datasets/English//english_13;howitzer;0;1.59184;
./datasets/English//english_14;howitzer;0;1.59184;
./datasets/English//english_15;howitzer;0;1.59184;
./datasets/English//english_16;howitzer;0;1.59184;
./datasets/English//english_17;howitzer;0;1.59184;
./datasets/English//english_18;howitzer;7;1.59184;
./datasets/English//english_19;howitzer;0;1.59184;
./datasets/English//english_00;hexahydroxy;0;1.50396;
./datasets/English//english_01;hexahydroxy;0;1.50396;
./datasets/English//english_02;hexahydroxy;0;1.50396;
./datasets/English//english_03;hexahydroxy;0;1.50396;
./datasets/English//english_04;hexahydroxy;0;1.50396;
./datasets/English//english_05;hexahydroxy;0;1.50396;
./datasets/English//english_06;hexahydroxy;0;1.50396;
./datasets/English//english_07;hexahydroxy;0;1.50396;
./datasets/English//english_08;hexahydroxy;0;1.50396;
./datasets/English//english_09;hexahydroxy;0;1.50396;
./datasets/English//english_10;hexahydroxy;0;1.50396;
./datasets/English//english_11;hexahydroxy;0;1.50396;
./datasets/English//english_12;hexahydroxy;0;1.50396;
./datasets/English//english_13;hexahydroxy;0;1.50396;
./datasets/English//english_14;hexahydroxy;0;1.50396;
./datasets/English//english_15;hexahydroxy;0;1.50396;
./datasets/English//english_16;hexahydroxy;0;1.50396;
./datasets/English//english_17;hexahydroxy;0;1.50396;
./datasets/English//english_18;hexahydroxy;0;1.50396;
./datasets/English//english_19;hexahydroxy;0;1.50396;
./datasets/English//english_00;koku;0;1.75218;
./datasets/English//english_01;koku;0;1.75218;
./datasets/English//english_02;koku;0;1.75218;
./datasets/English//english_03;koku;0;1.75218;
./datasets/English//english_04;koku;0;1.75218;
./datasets/English//english_05;koku;0;1.75218;
./datasets/English//english_06;koku;0;1.75218;
./datasets/English//english_07;koku;0;1.75218;
./datasets/English//english_08;koku;0;1.75218;
./datasets/English//english_09;koku;0;1.75218;
./datasets/English//english_10;koku;0;1.75218;
./datasets/English//english_11;koku;0;1.75218;
./datasets/English//english_12;koku;2;1.75218;
./datasets/English//english_13;koku;0;1.75218;
./datasets/English//english_14;koku;0;1.75218;
./datasets/English//english_15;koku;0;1.75218;
./datasets/English//english_16;koku;0;1.75218;
./datasets/English//english_17;koku;0;1.75218;
./datasets/English//english_18;koku;0;1.75218;
./datasets/English//english_19;koku;0;1.75218;
./datasets/English//english_00;reamer;4;1.60425;
./datasets/English//english_01;reamer;1;1.60425;
./datasets/English//english_02;reamer;3;1.60425;
./datasets/English//english_03;reamer;4;1.60425;
./datasets/English//english_04;reamer;4;1.60425;
./datasets/English//english_05;reamer;2;1.60425;
./datasets/English//english_06;reamer;3;1.60425;
./datasets/English//english_07;reamer;9;1.60425;
./datasets/English//english_08;reamer;14;1.60425;
./datasets/English//english_09;reamer;3;1.60425;
./datasets/English//english_10;reamer;4;1.60425;
./datasets/English//english_11;reamer;5;1.60425;
./datasets/English//english_12;reamer;2;1.60425;
./datasets/English//english_13;reamer;3;1.60425;
./datasets/English//english_14;reamer;2;1.60425;
./datasets/English//english_15;reamer;3;1.60425;
./datasets/English//english_16;reamer;11;1.60425;
./datasets/English//english_17;reamer;6;1.60425;
./datasets/English//english_18;reamer;6;1.60425;
./datasets/English//english_19;reamer;6;1.60425;
./datasets/English//english_00;tonguiness;0;1.41374;
./datasets/English//english_01;tonguiness;0;1.41374;
./datasets/English//english_02;tonguiness;0;1.41374;
./datasets/English//english_03;tonguiness;0;1.41374;
./datasets/English//english_04;tonguiness;0;1.41374;
./datasets/English//english_05;tonguiness;0;1.41374;
./datasets/English//english_06;tonguiness;0;1.41374;
./datasets/English//english_07;tonguiness;0;1.41374;
./datasets/English//english_08;tonguiness;0;1.41374;
./datasets/English//english_09;tonguiness;0;1.41374;
./datasets/English//english_10;tonguiness;0;1.41374;
./datasets/English//english_11;tonguiness;0;1.41374;
./datasets/English//english_12;tonguiness;0;1.41374;
./datasets/English//english_13;tonguiness;0;1.41374;
./datasets/English//english_14;tonguiness;0;1.41374;
./datasets/English//english_15;tonguiness;0;1.41374;
./datasets/English//english_16;tonguiness;0;1.41374;
./datasets/English//english_17;tonguiness;0;1.41374;
./datasets/English//english_18;tonguiness;0;1.41374;
./datasets/English//english_19;tonguiness;0;1.41374;
./datasets/English//english_00;microgametocyte;0;1.3379;
./datasets/English//english_01;microgametocyte;0;1.3379;
./datasets/English//english_02;microgametocyte;0;1.3379;
./datasets/English//english_03;microgametocyte;0;1.3379;
./datasets/English//english_04;microgametocyte;0;1.3379;
./datasets/English//english_05;microgametocyte;0;1.3379;
./datasets/English//english_06;microgametocyte;0;1.3379;
./datasets/English//english_07;microgametocyte;0;1.3379;
./datasets/English//english_08;microgametocyte;0;1.3379;
./datasets/English//english_09;microgametocyte;0;1.3379;
./datasets/English//english_10;microgametocyte;0;1.3379;
./datasets/English//english_11;microgametocyte;0;1.3379;
./datasets/English//english_12;microgametocyte;0;1.3379;
./datasets/English//english_13;microgametocyte;0;1.3379;
./datasets/English//english_14;microgametocyte;0;1.3379;
./datasets/English//english_15;microgametocyte;0;1.3379;
./datasets/English//english_16;microgametocyte;0;1.3379;
./datasets/English//english_17;microgametocyte;0;1.3379;
./datasets/English//english_18;microgametocyte;0;1.3379;
./datasets/English//english_19;microgametocyte;0;1.3379;
./datasets/English//english_00;baba;0;1.70133;
./datasets/English//english_01;baba;0;1.70133;
./datasets/English//english_02;baba;0;1.70133;
./datasets/English//english_03;baba;2;1.70133;
./datasets/English//english_04;baba;2;1.70133;
./datasets/English//english_05;baba;0;1.70133;
./datasets/English//english_06;baba;0;1.70133;
./datasets/English//english_07;baba;0;1.70133;
./datasets/English//english_08;baba;0;1.70133;
./datasets/English//english_09;baba;0;1.70133;
./datasets/English//english_10;baba;1;1.70133;
./datasets/English//english_11;baba;0;1.70133;
./datasets/English//english_12;baba;1;1.70133;
./datasets/English//english_13;baba;0;1.70133;
./datasets/English//english_14;baba;1;1.70133;
./datasets/English//english_15;baba;0;1.70133;
./datasets/English//english_16;baba;0;1.70133;
./datasets/English//english_17;baba;0;1.70133;
./datasets/English//english_18;baba;0;1.70133;
./datasets/English//english_19;baba;0;1.70133;
./datasets/English//english_00;ludefisk;0;1.45095;
./datasets/English//english_01;ludefisk;0;1.45095;
./datasets/English//english_02;ludefisk;0;1.45095;
./datasets/English//english_03;ludefisk;0;1.45095;
./datasets/English//english_04;ludefisk;0;1.45095;
./datasets/English//english_05;ludefisk;0;1.45095;
./datasets/English//english_06;ludefisk;0;1.45095;
./datasets/English//english_07;ludefisk;0;1.45095;
./datasets/English//english_08;ludefisk;0;1.45095;
./datasets/English//english_09;ludefisk;0;1.45095;
./datasets/English//english_10;ludefisk;0;1.45095;
./datasets/English//english_11;ludefisk;0;1.45095;
./datasets/English//english_12;ludefisk;0;1.45095;
./datasets/English//english_13;ludefisk;0;1.45095;
./datasets/English//english_14;ludefisk;0;1.45095;
./datasets/English//english_15;ludefisk;0;1.45095;
./datasets/English//english_16;ludefisk;0;1.45095;
./datasets/English//english_17;ludefisk;0;1.45095;
./datasets/English//english_18;ludefisk;0;1.45095;
./datasets/English//english_19;ludefisk;0;1.45095;
./datasets/English//english_00;novelwright;0;1.49278;
./datasets/English//english_01;novelwright;0;1.49278;
./datasets/English//english_02;novelwright;0;1.49278;
./datasets/English//english_03;novelwright;0;1.49278;
./datasets/English//english_04;novelwright;0;1.49278;
./datasets/English//english_05;novelwright;0;1.49278;
./datasets/English//english_06;novelwright;0;1.49278;
./datasets/English//english_07;novelwright;0;1.49278;
./datasets/English//english_08;novelwright;0;1.49278;
./datasets/English//english_09;novelwright;0;1.49278;
./datasets/English//english_10;novelwright;0;1.49278;
./datasets/English//english_11;novelwright;0;1.49278;
./datasets/English//english_12;novelwright;0;1.49278;
./datasets/English//english_13;novelwright;0;1.49278;
./datasets/English//english_14;novelwright;0;1.49278;
./datasets/English//english_15;novelwright;0;1.49278;
./datasets/English//english_16;novelwright;0;1.49278;
./datasets/English//english_17;novelwright;0;1.49278;
./datasets/English//english_18;novelwright;0;1.49278;
./datasets/English//english_19;novelwright;0;1.49278;
./datasets/English//english_00;swinehull;0;1.42039;
./datasets/English//english_01;swinehull;0;1.42039;
./datasets/English//english_02;swinehull;0;1.42039;
./datasets/English//english_03;swinehull;0;1.42039;
./datasets/English//english_04;swinehull;0;1.42039;
./datasets/English//english_05;swinehull;0;1.42039;
./datasets/English//english_06;swinehull;0;1.42039;
./datasets/English//english_07;swinehull;0;1.42039;
./datasets/English//english_08;swinehull;0;1.42039;
./datasets/English//english_09;swinehull;0;1.42039;
./datasets/English//english_10;swinehull;0;1.42039;
./datasets/English//english_11;swinehull;0;1.42039;
./datasets/English//english_12;swinehull;0;1.42039;
./datasets/English//english_13;swinehull;0;1.42039;
./datasets/English//english_14;swinehull;0;1.42039;
./datasets/English//english_15;swinehull;0;1.42039;
./datasets/English//english_16;swinehull;0;1.42039;
./datasets/English//english_17;swinehull;0;1.42039;
./datasets/English//english_18;swinehull;0;1.42039;
./datasets/English//english_19;swinehull;0;1.42039;
./datasets/English//english_00;Odonata;0;1.5035;
./datasets/English//english_01;Odonata;0;1.5035;
./datasets/English//english_02;Odonata;0;1.5035;
./datasets/English//english_03;Odonata;0;1.5035;
./datasets/English//english_04;Odonata;0;1.5035;
./datasets/English//english_05;Odonata;0;1.5035;
./datasets/English//english_06;Odonata;0;1.5035;
./datasets/English//english_07;Odonata;0;1.5035;
./datasets/English//english_08;Odonata;0;1.5035;
./datasets/English//english_09;Odonata;0;1.5035;
./datasets/English//english_10;Odonata;0;1.5035;
./datasets/English//english_11;Odonata;0;1.5035;
./datasets/English//english_12;Odonata;0;1.5035;
./datasets/English//english_13;Odonata;0;1.5035;
./datasets/English//english_14;Odonata;0;1.5035;
./datasets/English//english_15;Odonata;0;1.5035;
./datasets/English//english_16;Odonata;0;1.5035;
./datasets/English//english_17;Odonata;0;1.5035;
./datasets/English//english_18;Odonata;0;1.5035;
./datasets/English//english_19;Odonata;0;1.5035;
./datasets/English//english_00;indefinable;0;1.4511;
./datasets/English//english_01;indefinable;0;1.4511;
./datasets/English//english_02;indefinable;0;1.4511;
./datasets/English//english_03;indefinable;0;1.4511;
./datasets/English//english_04;indefinable;0;1.4511;
./datasets/English//english_05;indefinable;2;1.4511;
./datasets/English//english_06;indefinable;0;1.4511;
./datasets/English//english_07;indefinable;0;1.4511;
./datasets/English//english_08;indefinable;0;1.4511;
./datasets/English//english_09;indefinable;1;1.4511;
./datasets/English//english_10;indefinable;3;1.4511;
./datasets/English//english_11;indefinable;1;1.4511;
./datasets/English//english_12;indefinable;1;1.4511;
./datasets/English//english_13;indefinable;5;1.4511;
./datasets/English//english_14;indefinable;0;1.4511;
./datasets/English//english_15;indefinable;0;1.4511;
./datasets/English//english_16;indefinable;3;1.4511;
./datasets/English//english_17;indefinable;2;1.4511;
./datasets/English//english_18;indefinable;2;1.4511;
./datasets/English//english_19;indefinable;0;1.4511;
./datasets/English//english_00;faineance;0;1.47247;
./datasets/English//english_01;faineance;0;1.47247;
./datasets/English//english_02;faineance;0;1.47247;
./datasets/English//english_03;faineance;0;1.47247;
./datasets/English//english_04;faineance;0;1.47247;
./datasets/English//english_05;faineance;0;1.47247;
./datasets/English//english_06;faineance;0;1.47247;
./datasets/English//english_07;faineance;0;1.47247;
./datasets/English//english_08;faineance;0;1.47247;
./datasets/English//english_09;faineance;1;1.47247;
./datasets/English//english_10;faineance;0;1.47247;
./datasets/English//english_11;faineance;0;1.47247;
./datasets/English//english_12;faineance;0;1.47247;
./datasets/English//english_13;faineance;0;1.47247;
./datasets/English//english_14;faineance;0;1.47247;
./datasets/English//english_15;faineance;0;1.47247;
./datasets/English//english_16;faineance;0;1.47247;
./datasets/English//english_17;faineance;0;1.47247;
./datasets/English//english_18;faineance;0;1.47247;
./datasets/English//english_19;faineance;0;1.47247;
./datasets/English//english_00;nidologist;0;1.43624;
./datasets/English//english_01;nidologist;0;1.43624;
./datasets/English//english_02;nidologist;0;1.43624;
./datasets/English//english_03;nidologist;0;1.43624;
./datasets/English//english_04;nidologist;0;1.43624;
./datasets/English//english_05;nidologist;0;1.43624;
./datasets/English//english_06;nidologist;0;1.43624;
./datasets/English//english_07;nidologist;0;1.43624;
./datasets/English//english_08;nidologist;0;1.43624;
./datasets/English//english_09;nidologist;0;1.43624;
./datasets/English//english_10;nidologist;0;1.43624;
./datasets/English//english_11;nidologist;0;1.43624;
./datasets/English//english_12;nidologist;0;1.43624;
./datasets/English//english_13;nidologist;0;1.43624;
./datasets/English//english_14;nidologist;0;1.43624;
./datasets/English//english_15;nidologist;0;1.43624;
./datasets/English//english_16;nidologist;0;1.43624;
./datasets/English//english_17;nidologist;0;1.43624;
./datasets/English//english_18;nidologist;0;1.43624;
./datasets/English//english_19;nidologist;0;1.43624;
./datasets/English//english_00;supracargo;0;1.39965;
./datasets/English//english_01;supracargo;0;1.39965;
./datasets/English//english_02;supracargo;0;1.39965;
./datasets/English//english_03;supracargo;0;1.39965;
./datasets/English//english_04;supracargo;0;1.39965;
./datasets/English//english_05;supracargo;0;1.39965;
./datasets/English//english_06;supracargo;0;1.39965;
./datasets/English//english_07;supracargo;0;1.39965;
./datasets/English//english_08;supracargo;0;1.39965;
./datasets/English//english_09;supracargo;0;1.39965;
./datasets/English//english_10;supracargo;0;1.39965;
./datasets/English//english_11;supracargo;0;1.39965;
./datasets/English//english_12;supracargo;0;1.39965;
./datasets/English//english_13;supracargo;0;1.39965;
./datasets/English//english_14;supracargo;0;1.39965;
./datasets/English//english_15;supracargo;0;1.39965;
./datasets/English//english_16;supracargo;0;1.39965;
./datasets/English//english_17;supracargo;0;1.39965;
./datasets/English//english_18;supracargo;0;1.39965;
./datasets/English//english_19;supracargo;0;1.39965;
./datasets/English//english_00;beriberic;0;1.44323;
./datasets/English//english_01;beriberic;0;1.44323;
./datasets/English//english_02;beriberic;0;1.44323;
./datasets/English//english_03;beriberic;0;1.44323;
./datasets/English//english_04;beriberic;0;1.44323;
./datasets/English//english_05;beriberic;0;1.44323;
./datasets/English//english_06;beriberic;0;1.44323;
./datasets/English//english_07;beriberic;0;1.44323;
./datasets/English//english_08;beriberic;0;1.44323;
./datasets/English//english_09;beriberic;0;1.44323;
./datasets/English//english_10;beriberic;0;1.44323;
./datasets/English//english_11;beriberic;0;1.44323;
./datasets/English//english_12;beriberic;0;1.44323;
./datasets/English//english_13;beriberic;0;1.44323;
./datasets/English//english_14;beriberic;0;1.44323;
./datasets/English//english_15;beriberic;0;1.44323;
./datasets/English//english_16;beriberic;0;1.44323;
./datasets/English//english_17;beriberic;0;1.44323;
./datasets/English//english_18;beriberic;0;1.44323;
./datasets/English//english_19;beriberic;0;1.44323;
./datasets/English//english_00;betso;0;1.87834;
./datasets/English//english_01;betso;0;1.87834;
./datasets/English//english_02;betso;0;1.87834;
./datasets/English//english_03;betso;0;1.87834;
./datasets/English//english_04;betso;0;1.87834;
./datasets/English//english_05;betso;0;1.87834;
./datasets/English//english_06;betso;0;1.87834;
./datasets/English//english_07;betso;0;1.87834;
./datasets/English//english_08;betso;0;1.87834;
./datasets/English//english_09;betso;0;1.87834;
./datasets/English//english_10;betso;0;1.87834;
./datasets/English//english_11;betso;0;1.87834;
./datasets/English//english_12;betso;0;1.87834;
./datasets/English//english_13;betso;0;1.87834;
./datasets/English//english_14;betso;0;1.87834;
./datasets/English//english_15;betso;0;1.87834;
./datasets/English//english_16;betso;0;1.87834;
./datasets/English//english_17;betso;0;1.87834;
./datasets/English//english_18;betso;0;1.87834;
./datasets/English//english_19;betso;0;1.87834;
./datasets/English//english_00;archheart;0;1.65248;
./datasets/English//english_01;archheart;0;1.65248;
./datasets/English//english_02;archheart;0;1.65248;
./datasets/English//english_03;archheart;0;1.65248;
./datasets/English//english_04;archheart;0;1.65248;
./datasets/English//english_05;archheart;0;1.65248;
./datasets/English//english_06;archheart;0;1.65248;
./datasets/English//english_07;archheart;0;1.65248;
./datasets/English//english_08;archheart;0;1.65248;
./datasets/English//english_09;archheart;0;1.65248;
./datasets/English//english_10;archheart;0;1.65248;
./datasets/English//english_11;archheart;0;1.65248;
./datasets/English//english_12;archheart;0;1.65248;
./datasets/English//english_13;archheart;0;1.65248;
./datasets/English//english_14;archheart;0;1.65248;
./datasets/English//english_15;archheart;0;1.65248;
./datasets/English//english_16;archheart;0;1.65248;
./datasets/English//english_17;archheart;0;1.65248;
./datasets/English//english_18;archheart;0;1.65248;
./datasets/English//english_19;archheart;0;1.65248;
./datasets/English//english_00;snary;0;2.05002;
./datasets/English//english_01;snary;0;2.05002;
./datasets/English//english_02;snary;0;2.05002;
./datasets/English//english_03;snary;0;2.05002;
./datasets/English//english_04;snary;0;2.05002;
./datasets/English//english_05;snary;0;2.05002;
./datasets/English//english_06;snary;0;2.05002;
./datasets/English//english_07;snary;0;2.05002;
./datasets/English//english_08;snary;0;2.05002;
./datasets/English//english_09;snary;0;2.05002;
./datasets/English//english_10;snary;0;2.05002;
./datasets/English//english_11;snary;0;2.05002;
./datasets/English//english_12;snary;0;2.05002;
./datasets/English//english_13;snary;0;2.05002;
./datasets/English//english_14;snary;0;2.05002;
./datasets/English//english_15;snary;0;2.05002;
./datasets/English//english_16;snary;0;2.05002;
./datasets/English//english_17;snary;0;2.05002;
./datasets/English//english_18;snary;0;2.05002;
./datasets/English//english_19;snary;0;2.05002;
./datasets/English//english_00;Viminal;0;1.94206;
./datasets/English//english_01;Viminal;0;1.94206;
./datasets/English//english_02;Viminal;0;1.94206;
./datasets/English//english_03;Viminal;0;1.94206;
./datasets/English//english_04;Viminal;0;1.94206;
./datasets/English//english_05;Viminal;0;1.94206;
./datasets/English//english_06;Viminal;0;1.94206;
./datasets/English//english_07;Viminal;0;1.94206;
./datasets/English//english_08;Viminal;0;1.94206;
./datasets/English//english_09;Viminal;0;1.94206;
./datasets/English//english_10;Viminal;0;1.94206;
./datasets/English//english_11;Viminal;0;1.94206;
./datasets/English//english_12;Viminal;0;1.94206;
./datasets/English//english_13;Viminal;0;1.94206;
./datasets/English//english_14;Viminal;0;1.94206;
./datasets/English//english_15;Viminal;0;1.94206;
./datasets/English//english_16;Viminal;0;1.94206;
./datasets/English//english_17;Viminal;0;1.94206;
./datasets/English//english_18;Viminal;0;1.94206;
./datasets/English//english_19;Viminal;0;1.94206;
./datasets/English//english_00;Pygopodidae;0;2.21086;
./datasets/English//english_01;Pygopodidae;0;2.21086;
./datasets/English//english_02;Pygopodidae;0;2.21086;
./datasets/English//english_03;Pygopodidae;0;2.21086;
./datasets/English//english_04;Pygopodidae;0;2.21086;
./datasets/English//english_05;Pygopodidae;0;2.21086;
./datasets/English//english_06;Pygopodidae;0;2.21086;
./datasets/English//english_07;Pygopodidae;0;2.21086;
./datasets/English//english_08;Pygopodidae;0;2.21086;
./datasets/English//english_09;Pygopodidae;0;2.21086;
./datasets/English//english_10;Pygopodidae;0;2.21086;
./datasets/English//english_11;Pygopodidae;0;2.21086;
./datasets/English//english_12;Pygopodidae;0;2.21086;
./datasets/English//english_13;Pygopodidae;0;2.21086;
./datasets/English//english_14;Pygopodidae;0;2.21086;
./datasets/English//english_15;Pygopodidae;0;2.21086;
./datasets/English//english_16;Pygopodidae;0;2.21086;
./datasets/English//english_17;Pygopodidae;0;2.21086;
./datasets/English//english_18;Pygopodidae;0;2.21086;
./datasets/English//english_19;Pygopodidae;0;2.21086;
./datasets/English//english_00;acetylenediurein;0;2.54974;
./datasets/English//english_01;acetylenediurein;0;2.54974;
./datasets/English//english_02;acetylenediurein;0;2.54974;
./datasets/English//english_03;acetylenediurein;0;2.54974;
./datasets/English//english_04;acetylenediurein;0;2.54974;
./datasets/English//english_05;acetylenediurein;0;2.54974;
./datasets/English//english_06;acetylenediurein;0;2.54974;
./datasets/English//english_07;acetylenediurein;0;2.54974;
./datasets/English//english_08;acetylenediurein;0;2.54974;
./datasets/English//english_09;acetylenediurein;0;2.54974;
./datasets/English//english_10;acetylenediurein;0;2.54974;
./datasets/English//english_11;acetylenediurein;0;2.54974;
./datasets/English//english_12;acetylenediurein;0;2.54974;
./datasets/English//english_13;acetylenediurein;0;2.54974;
./datasets/English//english_14;acetylenediurein;0;2.54974;
./datasets/English//english_15;acetylenediurein;0;2.54974;
./datasets/English//english_16;acetylenediurein;0;2.54974;
./datasets/English//english_17;acetylenediurein;0;2.54974;
./datasets/English//english_18;acetylenediurein;0;2.54974;
./datasets/English//english_19;acetylenediurein;0;2.54974;
./datasets/English//english_00;asphalt;0;1.84656;
./datasets/English//english_01;asphalt;0;1.84656;
./datasets/English//english_02;asphalt;0;1.84656;
./datasets/English//english_03;asphalt;0;1.84656;
./datasets/English//english_04;asphalt;2;1.84656;
./datasets/English//english_05;asphalt;0;1.84656;
./datasets/English//english_06;asphalt;2;1.84656;
./datasets/English//english_07;asphalt;0;1.84656;
./datasets/English//english_08;asphalt;1;1.84656;
./datasets/English//english_09;asphalt;0;1.84656;
./datasets/English//english_10;asphalt;0;1.84656;
./datasets/English//english_11;asphalt;2;1.84656;
./datasets/English//english_12;asphalt;0;1.84656;
./datasets/English//english_13;asphalt;2;1.84656;
./datasets/English//english_14;asphalt;0;1.84656;
./datasets/English//english_15;asphalt;1;1.84656;
./datasets/English//english_16;asphalt;0;1.84656;
./datasets/English//english_17;asphalt;0;1.84656;
./datasets/English//english_18;asphalt;2;1.84656;
./datasets/English//english_19;asphalt;0;1.84656;
./datasets/English//english_00;preimpress;0;1.59488;
./datasets/English//english_01;preimpress;0;1.59488;
./datasets/English//english_02;preimpress;0;1.59488;
./datasets/English//english_03;preimpress;0;1.59488;
./datasets/English//english_04;preimpress;0;1.59488;
./datasets/English//english_05;preimpress;0;1.59488;
./datasets/English//english_06;preimpress;0;1.59488;
./datasets/English//english_07;preimpress;0;1.59488;
./datasets/English//english_08;preimpress;0;1.59488;
./datasets/English//english_09;preimpress;0;1.59488;
./datasets/English//english_10;preimpress;0;1.59488;
./datasets/English//english_11;preimpress;0;1.59488;
./datasets/English//english_12;preimpress;0;1.59488;
./datasets/English//english_13;preimpress;0;1.59488;
./datasets/English//english_14;preimpress;0;1.59488;
./datasets/English//english_15;preimpress;0;1.59488;
./datasets/English//english_16;preimpress;0;1.59488;
./datasets/English//english_17;preimpress;0;1.59488;
./datasets/English//english_18;preimpress;0;1.59488;
./datasets/English//english_19;preimpress;0;1.59488;
./datasets/English//english_00;fountainlet;0;1.57165;
./datasets/English//english_01;fountainlet;0;1.57165;
./datasets/English//english_02;fountainlet;0;1.57165;
./datasets/English//english_03;fountainlet;0;1.57165;
./datasets/English//english_04;fountainlet;0;1.57165;
./datasets/English//english_05;fountainlet;0;1.57165;
./datasets/English//english_06;fountainlet;0;1.57165;
./datasets/English//english_07;fountainlet;0;1.57165;
./datasets/English//english_08;fountainlet;0;1.57165;
./datasets/English//english_09;fountainlet;0;1.57165;
./datasets/English//english_10;fountainlet;0;1.57165;
./datasets/English//english_11;fountainlet;0;1.57165;
./datasets/English//english_12;fountainlet;0;1.57165;
./datasets/English//english_13;fountainlet;0;1.57165;
./datasets/English//english_14;fountainlet;0;1.57165;
./datasets/English//english_15;fountainlet;0;1.57165;
./datasets/English//english_16;fountainlet;0;1.57165;
./datasets/English//english_17;fountainlet;0;1.57165;
./datasets/English//english_18;fountainlet;0;1.57165;
./datasets/English//english_19;fountainlet;0;1.57165;
./datasets/English//english_00;bejel;0;1.88984;
./datasets/English//english_01;bejel;0;1.88984;
./datasets/English//english_02;bejel;0;1.88984;
./datasets/English//english_03;bejel;0;1.88984;
./datasets/English//english_04;bejel;0;1.88984;
./datasets/English//english_05;bejel;0;1.88984;
./datasets/English//english_06;bejel;0;1.88984;
./datasets/English//english_07;bejel;0;1.88984;
./datasets/English//english_08;bejel;0;1.88984;
./datasets/English//english_09;bejel;0;1.88984;
./datasets/English//english_10;bejel;0;1.88984;
./datasets/English//english_11;bejel;0;1.88984;
./datasets/English//english_12;bejel;0;1.88984;
./datasets/English//english_13;bejel;0;1.88984;
./datasets/English//english_14;bejel;0;1.88984;
./datasets/English//english_15;bejel;0;1.88984;
./datasets/English//english_16;bejel;0;1.88984;
./datasets/English//english_17;bejel;0;1.88984;
./datasets/English//english_18;bejel;0;1.88984;
./datasets/English//english_19;bejel;0;1.88984;
./datasets/English//english_00;unpictorially;0;1.54321;
./datasets/English//english_01;unpictorially;0;1.54321;
./datasets/English//english_02;unpictorially;0;1.54321;
./datasets/English//english_03;unpictorially;0;1.54321;
./datasets/English//english_04;unpictorially;0;1.54321;
./datasets/English//english_05;unpictorially;0;1.54321;
./datasets/English//english_06;unpictorially;0;1.54321;
./datasets/English//english_07;unpictorially;0;1.54321;
./datasets/English//english_08;unpictorially;0;1.54321;
./datasets/English//english_09;unpictorially;0;1.54321;
./datasets/English//english_10;unpictorially;0;1.54321;
./datasets/English//english_11;unpictorially;0;1.54321;
./datasets/English//english_12;unpictorially;0;1.54321;
./datasets/English//english_13;unpictorially;0;1.54321;
./datasets/English//english_14;unpictorially;0;1.54321;
./datasets/English//english_15;unpictorially;0;1.54321;
./datasets/English//english_16;unpictorially;0;1.54321;
./datasets/English//english_17;unpictorially;0;1.54321;
./datasets/English//english_18;unpictorially;0;1.54321;
./datasets/English//english_19;unpictorially;0;1.54321;
./datasets/English//english_00;heliophyte;0;1.85213;
./datasets/English//english_01;heliophyte;0;1.85213;
./datasets/English//english_02;heliophyte;0;1.85213;
./datasets/English//english_03;heliophyte;0;1.85213;
./datasets/English//english_04;heliophyte;0;1.85213;
./datasets/English//english_05;heliophyte;0;1.85213;
./datasets/English//english_06;heliophyte;0;1.85213;
./datasets/English//english_07;heliophyte;0;1.85213;
./datasets/English//english_08;heliophyte;0;1.85213;
./datasets/English//english_09;heliophyte;0;1.85213;
./datasets/English//english_10;heliophyte;0;1.85213;
./datasets/English//english_11;heliophyte;0;1.85213;
./datasets/English//english_12;heliophyte;0;1.85213;
./datasets/English//english_13;heliophyte;0;1.85213;
./datasets/English//english_14;heliophyte;0;1.85213;
./datasets/English//english_15;heliophyte;0;1.85213;
./datasets/English//english_16;heliophyte;0;1.85213;
./datasets/English//english_17;heliophyte;0;1.85213;
./datasets/English//english_18;heliophyte;0;1.85213;
./datasets/English//english_19;heliophyte;0;1.85213;
./datasets/English//english_00;chimopeelagic;0;1.74274;
./datasets/English//english_01;chimopeelagic;0;1.74274;
./datasets/English//english_02;chimopeelagic;0;1.74274;
./datasets/English//english_03;chimopeelagic;0;1.74274;
./datasets/English//english_04;chimopeelagic;0;1.74274;
./datasets/English//english_05;chimopeelagic;0;1.74274;
./datasets/English//english_06;chimopeelagic;0;1.74274;
./datasets/English//english_07;chimopeelagic;0;1.74274;
./datasets/English//english_08;chimopeelagic;0;1.74274;
./datasets/English//english_09;chimopeelagic;0;1.74274;
./datasets/English//english_10;chimopeelagic;0;1.74274;
./datasets/English//english_11;chimopeelagic;0;1.74274;
./datasets/English//english_12;chimopeelagic;0;1.74274;
./datasets/English//english_13;chimopeelagic;0;1.74274;
./datasets/English//english_14;chimopeelagic;0;1.74274;
./datasets/English//english_15;chimopeelagic;0;1.74274;
./datasets/English//english_16;chimopeelagic;0;1.74274;
./datasets/English//english_17;chimopeelagic;0;1.74274;
./datasets/English//english_18;chimopeelagic;0;1.74274;
./datasets/English//english_19;chimopeelagic;0;1.74274;
./datasets/English//english_00;warison;0;2.38308;
./datasets/English//english_01;warison;0;2.38308;
./datasets/English//english_02;warison;0;2.38308;
./datasets/English//english_03;warison;0;2.38308;
./datasets/English//english_04;warison;0;2.38308;
./datasets/English//english_05;warison;0;2.38308;
./datasets/English//english_06;warison;0;2.38308;
./datasets/English//english_07;warison;0;2.38308;
./datasets/English//english_08;warison;0;2.38308;
./datasets/English//english_09;warison;0;2.38308;
./datasets/English//english_10;warison;0;2.38308;
./datasets/English//english_11;warison;0;2.38308;
./datasets/English//english_12;warison;0;2.38308;
./datasets/English//english_13;warison;0;2.38308;
./datasets/English//english_14;warison;0;2.38308;
./datasets/English//english_15;warison;0;2.38308;
./datasets/English//english_16;warison;0;2.38308;
./datasets/English//english_17;warison;0;2.38308;
./datasets/English//english_18;warison;0;2.38308;
./datasets/English//english_19;warison;0;2.38308;
./datasets/English//english_00;antivaccinist;0;1.43778;
./datasets/English//english_01;antivaccinist;0;1.43778;
./datasets/English//english_02;antivaccinist;0;1.43778;
./datasets/English//english_03;antivaccinist;0;1.43778;
./datasets/English//english_04;antivaccinist;0;1.43778;
./datasets/English//english_05;antivaccinist;0;1.43778;
./datasets/English//english_06;antivaccinist;0;1.43778;
./datasets/English//english_07;antivaccinist;0;1.43778;
./datasets/English//english_08;antivaccinist;0;1.43778;
./datasets/English//english_09;antivaccinist;0;1.43778;
./datasets/English//english_10;antivaccinist;0;1.43778;
./datasets/English//english_11;antivaccinist;0;1.43778;
./datasets/English//english_12;antivaccinist;0;1.43778;
./datasets/English//english_13;antivaccinist;0;1.43778;
./datasets/English//english_14;antivaccinist;0;1.43778;
./datasets/English//english_15;antivaccinist;0;1.43778;
./datasets/English//english_16;antivaccinist;0;1.43778;
./datasets/English//english_17;antivaccinist;0;1.43778;
./datasets/English//english_18;antivaccinist;0;1.43778;
./datasets/English//english_19;antivaccinist;0;1.43778;
./datasets/English//english_00;overtwine;0;1.64644;
./datasets/English//english_01;overtwine;0;1.64644;
./datasets/English//english_02;overtwine;0;1.64644;
./datasets/English//english_03;overtwine;0;1.64644;
./datasets/English//english_04;overtwine;0;1.64644;
./datasets/English//english_05;overtwine;0;1.64644;
./datasets/English//english_06;overtwine;0;1.64644;
./datasets/English//english_07;overtwine;0;1.64644;
./datasets/English//english_08;overtwine;0;1.64644;
./datasets/English//english_09;overtwine;0;1.64644;
./datasets/English//english_10;overtwine;0;1.64644;
./datasets/English//english_11;overtwine;0;1.64644;
./datasets/English//english_12;overtwine;0;1.64644;
./datasets/English//english_13;overtwine;0;1.64644;
./datasets/English//english_14;overtwine;0;1.64644;
./datasets/English//english_15;overtwine;0;1.64644;
./datasets/English//english_16;overtwine;0;1.64644;
./datasets/English//english_17;overtwine;0;1.64644;
./datasets/English//english_18;overtwine;0;1.64644;
./datasets/English//english_19;overtwine;0;1.64644;
./datasets/English//english_00;preremove;0;1.54671;
./datasets/English//english_01;preremove;0;1.54671;
./datasets/English//english_02;preremove;0;1.54671;
./datasets/English//english_03;preremove;0;1.54671;
./datasets/English//english_04;preremove;0;1.54671;
./datasets/English//english_05;preremove;0;1.54671;
./datasets/English//english_06;preremove;0;1.54671;
./datasets/English//english_07;preremove;0;1.54671;
./datasets/English//english_08;preremove;0;1.54671;
./datasets/English//english_09;preremove;0;1.54671;
./datasets/English//english_10;preremove;0;1.54671;
./datasets/English//english_11;preremove;0;1.54671;
./datasets/English//english_12;preremove;0;1.54671;
./datasets/English//english_13;preremove;0;1.54671;
./datasets/English//english_14;preremove;0;1.54671;
./datasets/English//english_15;preremove;0;1.54671;
./datasets/English//english_16;preremove;0;1.54671;
./datasets/English//english_17;preremove;0;1.54671;
./datasets/English//english_18;preremove;0;1.54671;
./datasets/English//english_19;preremove;0;1.54671;
./datasets/English//english_00;nerval;0;1.56085;
./datasets/English//english_01;nerval;0;1.56085;
./datasets/English//english_02;nerval;0;1.56085;
./datasets/English//english_03;nerval;0;1.56085;
./datasets/English//english_04;nerval;0;1.56085;
./datasets/English//english_05;nerval;0;1.56085;
./datasets/English//english_06;nerval;0;1.56085;
./datasets/English//english_07;nerval;0;1.56085;
./datasets/English//english_08;nerval;0;1.56085;
./datasets/English//english_09;nerval;0;1.56085;
./datasets/English//english_10;nerval;0;1.56085;
./datasets/English//english_11;nerval;0;1.56085;
./datasets/English//english_12;nerval;0;1.56085;
./datasets/English//english_13;nerval;0;1.56085;
./datasets/English//english_14;nerval;0;1.56085;
./datasets/English//english_15;nerval;0;1.56085;
./datasets/English//english_16;nerval;0;1.56085;
./datasets/English//english_17;nerval;0;1.56085;
./datasets/English//english_18;nerval;0;1.56085;
./datasets/English//english_19;nerval;0;1.56085;
./datasets/English//english_00;bufonite;0;1.50112;
./datasets/English//english_01;bufonite;0;1.50112;
./datasets/English//english_02;bufonite;0;1.50112;
./datasets/English//english_03;bufonite;0;1.50112;
./datasets/English//english_04;bufonite;0;1.50112;
./datasets/English//english_05;bufonite;0;1.50112;
./datasets/English//english_06;bufonite;0;1.50112;
./datasets/English//english_07;bufonite;0;1.50112;
./datasets/English//english_08;bufonite;0;1.50112;
./datasets/English//english_09;bufonite;0;1.50112;
./datasets/English//english_10;bufonite;0;1.50112;
./datasets/English//english_11;bufonite;0;1.50112;
./datasets/English//english_12;bufonite;0;1.50112;
./datasets/English//english_13;bufonite;0;1.50112;
./datasets/English//english_14;bufonite;0;1.50112;
./datasets/English//english_15;bufonite;0;1.50112;
./datasets/English//english_16;bufonite;0;1.50112;
./datasets/English//english_17;bufonite;0;1.50112;
./datasets/English//english_18;bufonite;0;1.50112;
./datasets/English//english_19;bufonite;0;1.50112;
./datasets/English//english_00;eradicator;0;1.43069;
./datasets/English//english_01;eradicator;0;1.43069;
./datasets/English//english_02;eradicator;0;1.43069;
./datasets/English//english_03;eradicator;0;1.43069;
./datasets/English//english_04;eradicator;0;1.43069;
./datasets/English//english_05;eradicator;0;1.43069;
./datasets/English//english_06;eradicator;0;1.43069;
./datasets/English//english_07;eradicator;0;1.43069;
./datasets/English//english_08;eradicator;0;1.43069;
./datasets/English//english_09;eradicator;0;1.43069;
./datasets/English//english_10;eradicator;0;1.43069;
./datasets/English//english_11;eradicator;0;1.43069;
./datasets/English//english_12;eradicator;0;1.43069;
./datasets/English//english_13;eradicator;0;1.43069;
./datasets/English//english_14;eradicator;0;1.43069;
./datasets/English//english_15;eradicator;0;1.43069;
./datasets/English//english_16;eradicator;0;1.43069;
./datasets/English//english_17;eradicator;0;1.43069;
./datasets/English//english_18;eradicator;0;1.43069;
./datasets/English//english_19;eradicator;0;1.43069;
./datasets/English//english_00;turtling;0;1.4817;
./datasets/English//english_01;turtling;0;1.4817;
./datasets/English//english_02;turtling;0;1.4817;
./datasets/English//english_03;turtling;0;1.4817;
./datasets/English//english_04;turtling;0;1.4817;
./datasets/English//english_05;turtling;0;1.4817;
./datasets/English//english_06;turtling;0;1.4817;
./datasets/English//english_07;turtling;0;1.4817;
./datasets/English//english_08;turtling;0;1.4817;
./datasets/English//english_09;turtling;0;1.4817;
./datasets/English//english_10;turtling;0;1.4817;
./datasets/English//english_11;turtling;0;1.4817;
./datasets/English//english_12;turtling;0;1.4817;
./datasets/English//english_13;turtling;0;1.4817;
./datasets/English//english_14;turtling;0;1.4817;
./datasets/English//english_15;turtling;0;1.4817;
./datasets/English//english_16;turtling;0;1.4817;
./datasets/English//english_17;turtling;0;1.4817;
./datasets/English//english_18;turtling;0;1.4817;
./datasets/English//english_19;turtling;0;1.4817;
./datasets/English//english_00;winrace;0;1.53923;
./datasets/English//english_01;winrace;0;1.53923;
./datasets/English//english_02;winrace;0;1.53923;
./datasets/English//english_03;winrace;0;1.53923;
./datasets/English//english_04;winrace;0;1.53923;
./datasets/English//english_05;winrace;0;1.53923;
./datasets/English//english_06;winrace;0;1.53923;
./datasets/English//english_07;winrace;0;1.53923;
./datasets/English//english_08;winrace;0;1.53923;
./datasets/English//english_09;winrace;0;1.53923;
./datasets/English//english_10;winrace;0;1.53923;
./datasets/English//english_11;winrace;0;1.53923;
./datasets/English//english_12;winrace;0;1.53923;
./datasets/English//english_13;winrace;0;1.53923;
./datasets/English//english_14;winrace;0;1.53923;
./datasets/English//english_15;winrace;0;1.53923;
./datasets/English//english_16;winrace;0;1.53923;
./datasets/English//english_17;winrace;0;1.53923;
./datasets/English//english_18;winrace;0;1.53923;
./datasets/English//english_19;winrace;0;1.53923;
./datasets/English//english_00;psychographic;0;1.5473;
./datasets/English//english_01;psychographic;0;1.5473;
./datasets/English//english_02;psychographic;0;1.5473;
./datasets/English//english_03;psychographic;0;1.5473;
./datasets/English//english_04;psychographic;0;1.5473;
./datasets/English//english_05;psychographic;0;1.5473;
./datasets/English//english_06;psychographic;0;1.5473;
./datasets/English//english_07;psychographic;0;1.5473;
./datasets/English//english_08;psychographic;0;1.5473;
./datasets/English//english_09;psychographic;0;1.5473;
./datasets/English//english_10;psychographic;0;1.5473;
./datasets/English//english_11;psychographic;0;1.5473;
./datasets/English//english_12;psychographic;0;1.5473;
./datasets/English//english_13;psychographic;0;1.5473;
./datasets/English//english_14;psychographic;0;1.5473;
./datasets/English//english_15;psychographic;0;1.5473;
./datasets/English//english_16;psychographic;0;1.5473;
./datasets/English//english_17;psychographic;0;1.5473;
./datasets/English//english_18;psychographic;0;1.5473;
./datasets/English//english_19;psychographic;0;1.5473;
./datasets/English//english_00;impalpably;0;1.42337;
./datasets/English//english_01;impalpably;0;1.42337;
./datasets/English//english_02;impalpably;0;1.42337;
./datasets/English//english_03;impalpably;0;1.42337;
./datasets/English//english_04;impalpably;0;1.42337;
./datasets/English//english_05;impalpably;0;1.42337;
./datasets/English//english_06;impalpably;0;1.42337;
./datasets/English//english_07;impalpably;0;1.42337;
./datasets/English//english_08;impalpably;0;1.42337;
./datasets/English//english_09;impalpably;0;1.42337;
./datasets/English//english_10;impalpably;0;1.42337;
./datasets/English//english_11;impalpably;0;1.42337;
./datasets/English//english_12;impalpably;0;1.42337;
./datasets/English//english_13;impalpably;0;1.42337;
./datasets/English//english_14;impalpably;0;1.42337;
./datasets/English//english_15;impalpably;0;1.42337;
./datasets/English//english_16;impalpably;0;1.42337;
./datasets/English//english_17;impalpably;0;1.42337;
./datasets/English//english_18;impalpably;0;1.42337;
./datasets/English//english_19;impalpably;0;1.42337;
./datasets/English//english_00;amygdalase;0;1.41472;
./datasets/English//english_01;amygdalase;0;1.41472;
./datasets/English//english_02;amygdalase;0;1.41472;
./datasets/English//english_03;amygdalase;0;1.41472;
./datasets/English//english_04;amygdalase;0;1.41472;
./datasets/English//english_05;amygdalase;0;1.41472;
./datasets/English//english_06;amygdalase;0;1.41472;
./datasets/English//english_07;amygdalase;0;1.41472;
./datasets/English//english_08;amygdalase;0;1.41472;
./datasets/English//english_09;amygdalase;0;1.41472;
./datasets/English//english_10;amygdalase;0;1.41472;
./datasets/English//english_11;amygdalase;0;1.41472;
./datasets/English//english_12;amygdalase;0;1.41472;
./datasets/English//english_13;amygdalase;0;1.41472;
./datasets/English//english_14;amygdalase;0;1.41472;
./datasets/English//english_15;amygdalase;0;1.41472;
./datasets/English//english_16;amygdalase;0;1.41472;
./datasets/English//english_17;amygdalase;0;1.41472;
./datasets/English//english_18;amygdalase;0;1.41472;
./datasets/English//english_19;amygdalase;0;1.41472;
./datasets/English//english_00;Octogynia;0;1.45584;
./datasets/English//english_01;Octogynia;0;1.45584;
./datasets/English//english_02;Octogynia;0;1.45584;
./datasets/English//english_03;Octogynia;0;1.45584;
./datasets/English//english_04;Octogynia;0;1.45584;
./datasets/English//english_05;Octogynia;0;1.45584;
./datasets/English//english_06;Octogynia;0;1.45584;
./datasets/English//english_07;Octogynia;0;1.45584;
./datasets/English//english_08;Octogynia;0;1.45584;
./datasets/English//english_09;Octogynia;0;1.45584;
./datasets/English//english_10;Octogynia;0;1.45584;
./datasets/English//english_11;Octogynia;0;1.45584;
./datasets/English//english_12;Octogynia;0;1.45584;
./datasets/English//english_13;Octogynia;0;1.45584;
./datasets/English//english_14;Octogynia;0;1.45584;
./datasets/English//english_15;Octogynia;0;1.45584;
./datasets/English//english_16;Octogynia;0;1.45584;
./datasets/English//english_17;Octogynia;0;1.45584;
./datasets/English//english_18;Octogynia;0;1.45584;
./datasets/English//english_19;Octogynia;0;1.45584;
./datasets/English//english_00;brimming;9;1.87705;
./datasets/English//english_01;brimming;4;1.87705;
./datasets/English//english_02;brimming;0;1.87705;
./datasets/English//english_03;brimming;2;1.87705;
./datasets/English//english_04;brimming;0;1.87705;
./datasets/English//english_05;brimming;3;1.87705;
./datasets/English//english_06;brimming;4;1.87705;
./datasets/English//english_07;brimming;5;1.87705;
./datasets/English//english_08;brimming;1;1.87705;
./datasets/English//english_09;brimming;0;1.87705;
./datasets/English//english_10;brimming;1;1.87705;
./datasets/English//english_11;brimming;1;1.87705;
./datasets/English//english_12;brimming;3;1.87705;
./datasets/English//english_13;brimming;3;1.87705;
./datasets/English//english_14;brimming;0;1.87705;
./datasets/English//english_15;brimming;0;1.87705;
./datasets/English//english_16;brimming;4;1.87705;
./datasets/English//english_17;brimming;1;1.87705;
./datasets/English//english_18;brimming;2;1.87705;
./datasets/English//english_19;brimming;2;1.87705;
./datasets/English//english_00;grist;2;2.62802;
./datasets/English//english_01;grist;2;2.62802;
./datasets/English//english_02;grist;0;2.62802;
./datasets/English//english_03;grist;0;2.62802;
./datasets/English//english_04;grist;1;2.62802;
./datasets/English//english_05;grist;6;2.62802;
./datasets/English//english_06;grist;5;2.62802;
./datasets/English//english_07;grist;3;2.62802;
./datasets/English//english_08;grist;0;2.62802;
./datasets/English//english_09;grist;1;2.62802;
./datasets/English//english_10;grist;0;2.62802;
./datasets/English//english_11;grist;0;2.62802;
./datasets/English//english_12;grist;0;2.62802;
./datasets/English//english_13;grist;1;2.62802;
./datasets/English//english_14;grist;0;2.62802;
./datasets/English//english_15;grist;3;2.62802;
./datasets/English//english_16;grist;3;2.62802;
./datasets/English//english_17;grist;1;2.62802;
./datasets/English//english_18;grist;1;2.62802;
./datasets/English//english_19;grist;0;2.62802;
./datasets/English//english_00;casave;0;1.93113;
./datasets/English//english_01;casave;0;1.93113;
./datasets/English//english_02;casave;0;1.93113;
./datasets/English//english_03;casave;0;1.93113;
./datasets/English//english_04;casave;0;1.93113;
./datasets/English//english_05;casave;0;1.93113;
./datasets/English//english_06;casave;0;1.93113;
./datasets/English//english_07;casave;0;1.93113;
./datasets/English//english_08;casave;0;1.93113;
./datasets/English//english_09;casave;0;1.93113;
./datasets/English//english_10;casave;0;1.93113;
./datasets/English//english_11;casave;0;1.93113;
./datasets/English//english_12;casave;0;1.93113;
./datasets/English//english_13;casave;0;1.93113;
./datasets/English//english_14;casave;0;1.93113;
./datasets/English//english_15;casave;0;1.93113;
./datasets/English//english_16;casave;0;1.93113;
./datasets/English//english_17;casave;0;1.93113;
./datasets/English//english_18;casave;0;1.93113;
./datasets/English//english_19;casave;0;1.93113;
./datasets/English//english_00;brazilein;0;1.57415;
./datasets/English//english_01;brazilein;0;1.57415;
./datasets/English//english_02;brazilein;0;1.57415;
./datasets/English//english_03;brazilein;0;1.57415;
./datasets/English//english_04;brazilein;0;1.57415;
./datasets/English//english_05;brazilein;0;1.57415;
./datasets/English//english_06;brazilein;0;1.57415;
./datasets/English//english_07;brazilein;0;1.57415;
./datasets/English//english_08;brazilein;0;1.57415;
./datasets/English//english_09;brazilein;0;1.57415;
./datasets/English//english_10;brazilein;0;1.57415;
./datasets/English//english_11;brazilein;0;1.57415;
./datasets/English//english_12;brazilein;0;1.57415;
./datasets/English//english_13;brazilein;0;1.57415;
./datasets/English//english_14;brazilein;0;1.57415;
./datasets/English//english_15;brazilein;0;1.57415;
./datasets/English//english_16;brazilein;0;1.57415;
./datasets/English//english_17;brazilein;0;1.57415;
./datasets/English//english_18;brazilein;0;1.57415;
./datasets/English//english_19;brazilein;0;1.57415;
./datasets/English//english_00;afluking;0;1.47272;
./datasets/English//english_01;afluking;0;1.47272;
./datasets/English//english_02;afluking;0;1.47272;
./datasets/English//english_03;afluking;0;1.47272;
./datasets/English//english_04;afluking;0;1.47272;
./datasets/English//english_05;afluking;0;1.47272;
./datasets/English//english_06;afluking;0;1.47272;
./datasets/English//english_07;afluking;0;1.47272;
./datasets/English//english_08;afluking;0;1.47272;
./datasets/English//english_09;afluking;0;1.47272;
./datasets/English//english_10;afluking;0;1.47272;
./datasets/English//english_11;afluking;0;1.47272;
./datasets/English//english_12;afluking;0;1.47272;
./datasets/English//english_13;afluking;0;1.47272;
./datasets/English//english_14;afluking;0;1.47272;
./datasets/English//english_15;afluking;0;1.47272;
./datasets/English//english_16;afluking;0;1.47272;
./datasets/English//english_17;afluking;0;1.47272;
./datasets/English//english_18;afluking;0;1.47272;
./datasets/English//english_19;afluking;0;1.47272;
./datasets/English//english_00;meliceris;0;1.49309;
./datasets/English//english_01;meliceris;0;1.49309;
./datasets/English//english_02;meliceris;0;1.49309;
./datasets/English//english_03;meliceris;0;1.49309;
./datasets/English//english_04;meliceris;0;1.49309;
./datasets/English//english_05;meliceris;0;1.49309;
./datasets/English//english_06;meliceris;0;1.49309;
./datasets/English//english_07;meliceris;0;1.49309;
./datasets/English//english_08;meliceris;0;1.49309;
./datasets/English//english_09;meliceris;0;1.49309;
./datasets/English//english_10;meliceris;0;1.49309;
./datasets/English//english_11;meliceris;0;1.49309;
./datasets/English//english_12;meliceris;0;1.49309;
./datasets/English//english_13;meliceris;0;1.49309;
./datasets/English//english_14;meliceris;0;1.49309;
./datasets/English//english_15;meliceris;0;1.49309;
./datasets/English//english_16;meliceris;0;1.49309;
./datasets/English//english_17;meliceris;0;1.49309;
./datasets/English//english_18;meliceris;0;1.49309;
./datasets/English//english_19;meliceris;0;1.49309;
./datasets/English//english_00;portative;0;1.46088;
./datasets/English//english_01;portative;0;1.46088;
./datasets/English//english_02;portative;0;1.46088;
./datasets/English//english_03;portative;0;1.46088;
./datasets/English//english_04;portative;0;1.46088;
./datasets/English//english_05;portative;0;1.46088;
./datasets/English//english_06;portative;0;1.46088;
./datasets/English//english_07;portative;0;1.46088;
./datasets/English//english_08;portative;0;1.46088;
./datasets/English//english_09;portative;0;1.46088;
./datasets/English//english_10;portative;0;1.46088;
./datasets/English//english_11;portative;0;1.46088;
./datasets/English//english_12;portative;0;1.46088;
./datasets/English//english_13;portative;0;1.46088;
./datasets/English//english_14;portative;0;1.46088;
./datasets/English//english_15;portative;0;1.46088;
./datasets/English//english_16;portative;0;1.46088;
./datasets/English//english_17;portative;0;1.46088;
./datasets/English//english_18;portative;0;1.46088;
./datasets/English//english_19;portative;0;1.46088;
./datasets/English//english_00;unsteck;0;1.59392;
./datasets/English//english_01;unsteck;0;1.59392;
./datasets/English//english_02;unsteck;0;1.59392;
./datasets/English//english_03;unsteck;0;1.59392;
./datasets/English//english_04;unsteck;0;1.59392;
./datasets/English//english_05;unsteck;0;1.59392;
./datasets/English//english_06;unsteck;0;1.59392;
./datasets/English//english_07;unsteck;0;1.59392;
./datasets/English//english_08;unsteck;0;1.59392;
./datasets/English//english_09;unsteck;0;1.59392;
./datasets/English//english_10;unsteck;0;1.59392;
./datasets/English//english_11;unsteck;0;1.59392;
./datasets/English//english_12;unsteck;0;1.59392;
./datasets/English//english_13;unsteck;0;1.59392;
./datasets/English//english_14;unsteck;0;1.59392;
./datasets/English//english_15;unsteck;0;1.59392;
./datasets/English//english_16;unsteck;0;1.59392;
./datasets/English//english_17;unsteck;0;1.59392;
./datasets/English//english_18;unsteck;0;1.59392;
./datasets/English//english_19;unsteck;0;1.59392;
./datasets/English//english_00;Madelon;0;1.64983;
./datasets/English//english_01;Madelon;0;1.64983;
./datasets/English//english_02;Madelon;0;1.64983;
./datasets/English//english_03;Madelon;0;1.64983;
./datasets/English//english_04;Madelon;0;1.64983;
./datasets/English//english_05;Madelon;0;1.64983;
./datasets/English//english_06;Madelon;0;1.64983;
./datasets/English//english_07;Madelon;0;1.64983;
./datasets/English//english_08;Madelon;0;1.64983;
./datasets/English//english_09;Madelon;0;1.64983;
./datasets/English//english_10;Madelon;0;1.64983;
./datasets/English//english_11;Madelon;0;1.64983;
./datasets/English//english_12;Madelon;0;1.64983;
./datasets/English//english_13;Madelon;0;1.64983;
./datasets/English//english_14;Madelon;0;1.64983;
./datasets/English//english_15;Madelon;0;1.64983;
./datasets/English//english_16;Madelon;0;1.64983;
./datasets/English//english_17;Madelon;0;1.64983;
./datasets/English//english_18;Madelon;1;1.64983;
./datasets/English//english_19;Madelon;0;1.64983;
./datasets/English//english_00;barramunda;0;1.39086;
./datasets/English//english_01;barramunda;0;1.39086;
./datasets/English//english_02;barramunda;0;1.39086;
./datasets/English//english_03;barramunda;0;1.39086;
./datasets/English//english_04;barramunda;0;1.39086;
./datasets/English//english_05;barramunda;0;1.39086;
./datasets/English//english_06;barramunda;0;1.39086;
./datasets/English//english_07;barramunda;0;1.39086;
./datasets/English//english_08;barramunda;0;1.39086;
./datasets/English//english_09;barramunda;0;1.39086;
./datasets/English//english_10;barramunda;0;1.39086;
./datasets/English//english_11;barramunda;0;1.39086;
./datasets/English//english_12;barramunda;0;1.39086;
./datasets/English//english_13;barramunda;0;1.39086;
./datasets/English//english_14;barramunda;0;1.39086;
./datasets/English//english_15;barramunda;0;1.39086;
./datasets/English//english_16;barramunda;0;1.39086;
./datasets/English//english_17;barramunda;0;1.39086;
./datasets/English//english_18;barramunda;0;1.39086;
./datasets/English//english_19;barramunda;0;1.39086;
./datasets/English//english_00;optotechnics;0;1.37692;
./datasets/English//english_01;optotechnics;0;1.37692;
./datasets/English//english_02;optotechnics;0;1.37692;
./datasets/English//english_03;optotechnics;0;1.37692;
./datasets/English//english_04;optotechnics;0;1.37692;
./datasets/English//english_05;optotechnics;0;1.37692;
./datasets/English//english_06;optotechnics;0;1.37692;
./datasets/English//english_07;optotechnics;0;1.37692;
./datasets/English//english_08;optotechnics;0;1.37692;
./datasets/English//english_09;optotechnics;0;1.37692;
./datasets/English//english_10;optotechnics;0;1.37692;
./datasets/English//english_11;optotechnics;0;1.37692;
./datasets/English//english_12;optotechnics;0;1.37692;
./datasets/English//english_13;optotechnics;0;1.37692;
./datasets/English//english_14;optotechnics;0;1.37692;
./datasets/English//english_15;optotechnics;0;1.37692;
./datasets/English//english_16;optotechnics;0;1.37692;
./datasets/English//english_17;optotechnics;0;1.37692;
./datasets/English//english_18;optotechnics;0;1.37692;
./datasets/English//english_19;optotechnics;0;1.37692;
./datasets/English//english_00;metapterygium;0;1.50606;
./datasets/English//english_01;metapterygium;0;1.50606;
./datasets/English//english_02;metapterygium;0;1.50606;
./datasets/English//english_03;metapterygium;0;1.50606;
./datasets/English//english_04;metapterygium;0;1.50606;
./datasets/English//english_05;metapterygium;0;1.50606;
./datasets/English//english_06;metapterygium;0;1.50606;
./datasets/English//english_07;metapterygium;0;1.50606;
./datasets/English//english_08;metapterygium;0;1.50606;
./datasets/English//english_09;metapterygium;0;1.50606;
./datasets/English//english_10;metapterygium;0;1.50606;
./datasets/English//english_11;metapterygium;0;1.50606;
./datasets/English//english_12;metapterygium;0;1.50606;
./datasets/English//english_13;metapterygium;0;1.50606;
./datasets/English//english_14;metapterygium;0;1.50606;
./datasets/English//english_15;metapterygium;0;1.50606;
./datasets/English//english_16;metapterygium;0;1.50606;
./datasets/English//english_17;metapterygium;0;1.50606;
./datasets/English//english_18;metapterygium;0;1.50606;
./datasets/English//english_19;metapterygium;0;1.50606;
./datasets/English//english_00;unromanticalness;0;1.32185;
./datasets/English//english_01;unromanticalness;0;1.32185;
./datasets/English//english_02;unromanticalness;0;1.32185;
./datasets/English//english_03;unromanticalness;0;1.32185;
./datasets/English//english_04;unromanticalness;0;1.32185;
./datasets/English//english_05;unromanticalness;0;1.32185;
./datasets/English//english_06;unromanticalness;0;1.32185;
./datasets/English//english_07;unromanticalness;0;1.32185;
./datasets/English//english_08;unromanticalness;0;1.32185;
./datasets/English//english_09;unromanticalness;0;1.32185;
./datasets/English//english_10;unromanticalness;0;1.32185;
./datasets/English//english_11;unromanticalness;0;1.32185;
./datasets/English//english_12;unromanticalness;0;1.32185;
./datasets/English//english_13;unromanticalness;0;1.32185;
./datasets/English//english_14;unromanticalness;0;1.32185;
./datasets/English//english_15;unromanticalness;0;1.32185;
./datasets/English//english_16;unromanticalness;0;1.32185;
./datasets/English//english_17;unromanticalness;0;1.32185;
./datasets/English//english_18;unromanticalness;0;1.32185;
./datasets/English//english_19;unromanticalness;0;1.32185;
./datasets/English//english_00;Jacobinism;0;1.39581;
./datasets/English//english_01;Jacobinism;0;1.39581;
./datasets/English//english_02;Jacobinism;0;1.39581;
./datasets/English//english_03;Jacobinism;0;1.39581;
./datasets/English//english_04;Jacobinism;0;1.39581;
./datasets/English//english_05;Jacobinism;1;1.39581;
./datasets/English//english_06;Jacobinism;0;1.39581;
./datasets/English//english_07;Jacobinism;0;1.39581;
./datasets/English//english_08;Jacobinism;0;1.39581;
./datasets/English//english_09;Jacobinism;0;1.39581;
./datasets/English//english_10;Jacobinism;0;1.39581;
./datasets/English//english_11;Jacobinism;0;1.39581;
./datasets/English//english_12;Jacobinism;0;1.39581;
./datasets/English//english_13;Jacobinism;0;1.39581;
./datasets/English//english_14;Jacobinism;0;1.39581;
./datasets/English//english_15;Jacobinism;0;1.39581;
./datasets/English//english_16;Jacobinism;0;1.39581;
./datasets/English//english_17;Jacobinism;1;1.39581;
./datasets/English//english_18;Jacobinism;0;1.39581;
./datasets/English//english_19;Jacobinism;0;1.39581;
./datasets/English//english_00;pricklingly;0;1.35379;
./datasets/English//english_01;pricklingly;0;1.35379;
./datasets/English//english_02;pricklingly;0;1.35379;
./datasets/English//english_03;pricklingly;0;1.35379;
./datasets/English//english_04;pricklingly;0;1.35379;
./datasets/English//english_05;pricklingly;0;1.35379;
./datasets/English//english_06;pricklingly;0;1.35379;
./datasets/English//english_07;pricklingly;0;1.35379;
./datasets/English//english_08;pricklingly;0;1.35379;
./datasets/English//english_09;pricklingly;0;1.35379;
./datasets/English//english_10;pricklingly;0;1.35379;
./datasets/English//english_11;pricklingly;0;1.35379;
./datasets/English//english_12;pricklingly;0;1.35379;
./datasets/English//english_13;pricklingly;0;1.35379;
./datasets/English//english_14;pricklingly;0;1.35379;
./datasets/English//english_15;pricklingly;0;1.35379;
./datasets/English//english_16;pricklingly;0;1.35379;
./datasets/English//english_17;pricklingly;0;1.35379;
./datasets/English//english_18;pricklingly;0;1.35379;
./datasets/English//english_19;pricklingly;0;1.35379;
./datasets/English//english_00;blameless;5;1.42257;
./datasets/English//english_01;blameless;0;1.42257;
./datasets/English//english_02;blameless;2;1.42257;
./datasets/English//english_03;blameless;2;1.42257;
./datasets/English//english_04;blameless;1;1.42257;
./datasets/English//english_05;blameless;2;1.42257;
./datasets/English//english_06;blameless;1;1.42257;
./datasets/English//english_07;blameless;2;1.42257;
./datasets/English//english_08;blameless;4;1.42257;
./datasets/English//english_09;blameless;0;1.42257;
./datasets/English//english_10;blameless;0;1.42257;
./datasets/English//english_11;blameless;0;1.42257;
./datasets/English//english_12;blameless;1;1.42257;
./datasets/English//english_13;blameless;9;1.42257;
./datasets/English//english_14;blameless;1;1.42257;
./datasets/English//english_15;blameless;0;1.42257;
./datasets/English//english_16;blameless;3;1.42257;
./datasets/English//english_17;blameless;3;1.42257;
./datasets/English//english_18;blameless;3;1.42257;
./datasets/English//english_19;blameless;2;1.42257;
./datasets/English//english_00;elderhood;0;1.50578;
./datasets/English//english_01;elderhood;0;1.50578;
./datasets/English//english_02;elderhood;0;1.50578;
./datasets/English//english_03;elderhood;0;1.50578;
./datasets/English//english_04;elderhood;0;1.50578;
./datasets/English//english_05;elderhood;0;1.50578;
./datasets/English//english_06;elderhood;0;1.50578;
./datasets/English//english_07;elderhood;0;1.50578;
./datasets/English//english_08;elderhood;0;1.50578;
./datasets/English//english_09;elderhood;0;1.50578;
./datasets/English//english_10;elderhood;0;1.50578;
./datasets/English//english_11;elderhood;0;1.50578;
./datasets/English//english_12;elderhood;0;1.50578;
./datasets/English//english_13;elderhood;0;1.50578;
./datasets/English//english_14;elderhood;0;1.50578;
./datasets/English//english_15;elderhood;0;1.50578;
./datasets/English//english_16;elderhood;0;1.50578;
./datasets/English//english_17;elderhood;0;1.50578;
./datasets/English//english_18;elderhood;0;1.50578;
./datasets/English//english_19;elderhood;0;1.50578;
./datasets/English//english_00;committeewoman;0;1.34284;
./datasets/English//english_01;committeewoman;0;1.34284;
./datasets/English//english_02;committeewoman;0;1.34284;
./datasets/English//english_03;committeewoman;0;1.34284;
./datasets/English//english_04;committeewoman;0;1.34284;
./datasets/English//english_05;committeewoman;0;1.34284;
./datasets/English//english_06;committeewoman;0;1.34284;
./datasets/English//english_07;committeewoman;0;1.34284;
./datasets/English//english_08;committeewoman;0;1.34284;
./datasets/English//english_09;committeewoman;0;1.34284;
./datasets/English//english_10;committeewoman;0;1.34284;
./datasets/English//english_11;committeewoman;0;1.34284;
./datasets/English//english_12;committeewoman;0;1.34284;
./datasets/English//english_13;committeewoman;0;1.34284;
./datasets/English//english_14;committeewoman;0;1.34284;
./datasets/English//english_15;committeewoman;0;1.34284;
./datasets/English//english_16;committeewoman;0;1.34284;
./datasets/English//english_17;committeewoman;0;1.34284;
./datasets/English//english_18;committeewoman;0;1.34284;
./datasets/English//english_19;committeewoman;0;1.34284;
./datasets/English//english_00;comicocynical;0;1.34246;
./datasets/English//english_01;comicocynical;0;1.34246;
./datasets/English//english_02;comicocynical;0;1.34246;
./datasets/English//english_03;comicocynical;0;1.34246;
./datasets/English//english_04;comicocynical;0;1.34246;
./datasets/English//english_05;comicocynical;0;1.34246;
./datasets/English//english_06;comicocynical;0;1.34246;
./datasets/English//english_07;comicocynical;0;1.34246;
./datasets/English//english_08;comicocynical;0;1.34246;
./datasets/English//english_09;comicocynical;0;1.34246;
./datasets/English//english_10;comicocynical;0;1.34246;
./datasets/English//english_11;comicocynical;0;1.34246;
./datasets/English//english_12;comicocynical;0;1.34246;
./datasets/English//english_13;comicocynical;0;1.34246;
./datasets/English//english_14;comicocynical;0;1.34246;
./datasets/English//english_15;comicocynical;0;1.34246;
./datasets/English//english_16;comicocynical;0;1.34246;
./datasets/English//english_17;comicocynical;0;1.34246;
./datasets/English//english_18;comicocynical;0;1.34246;
./datasets/English//english_19;comicocynical;0;1.34246;
./datasets/English//english_00;aggrate;0;1.53997;
./datasets/English//english_01;aggrate;0;1.53997;
./datasets/English//english_02;aggrate;0;1.53997;
./datasets/English//english_03;aggrate;0;1.53997;
./datasets/English//english_04;aggrate;0;1.53997;
./datasets/English//english_05;aggrate;0;1.53997;
./datasets/English//english_06;aggrate;0;1.53997;
./datasets/English//english_07;aggrate;0;1.53997;
./datasets/English//english_08;aggrate;0;1.53997;
./datasets/English//english_09;aggrate;0;1.53997;
./datasets/English//english_10;aggrate;0;1.53997;
./datasets/English//english_11;aggrate;0;1.53997;
./datasets/English//english_12;aggrate;0;1.53997;
./datasets/English//english_13;aggrate;0;1.53997;
./datasets/English//english_14;aggrate;0;1.53997;
./datasets/English//english_15;aggrate;0;1.53997;
./datasets/English//english_16;aggrate;0;1.53997;
./datasets/English//english_17;aggrate;0;1.53997;
./datasets/English//english_18;aggrate;0;1.53997;
./datasets/English//english_19;aggrate;0;1.53997;
./datasets/English//english_00;stentoronic;0;1.38183;
./datasets/English//english_01;stentoronic;0;1.38183;
./datasets/English//english_02;stentoronic;0;1.38183;
./datasets/English//english_03;stentoronic;0;1.38183;
./datasets/English//english_04;stentoronic;0;1.38183;
./datasets/English//english_05;stentoronic;0;1.38183;
./datasets/English//english_06;stentoronic;0;1.38183;
./datasets/English//english_07;stentoronic;0;1.38183;
./datasets/English//english_08;stentoronic;0;1.38183;
./datasets/English//english_09;stentoronic;0;1.38183;
./datasets/English//english_10;stentoronic;0;1.38183;
./datasets/English//english_11;stentoronic;0;1.38183;
./datasets/English//english_12;stentoronic;0;1.38183;
./datasets/English//english_13;stentoronic;0;1.38183;
./datasets/English//english_14;stentoronic;0;1.38183;
./datasets/English//english_15;stentoronic;0;1.38183;
./datasets/English//english_16;stentoronic;0;1.38183;
./datasets/English//english_17;stentoronic;0;1.38183;
./datasets/English//english_18;stentoronic;0;1.38183;
./datasets/English//english_19;stentoronic;0;1.38183;
./datasets/English//english_00;flatwise;0;1.49823;
./datasets/English//english_01;flatwise;0;1.49823;
./datasets/English//english_02;flatwise;0;1.49823;
./datasets/English//english_03;flatwise;0;1.49823;
./datasets/English//english_04;flatwise;0;1.49823;
./datasets/English//english_05;flatwise;0;1.49823;
./datasets/English//english_06;flatwise;0;1.49823;
./datasets/English//english_07;flatwise;0;1.49823;
./datasets/English//english_08;flatwise;0;1.49823;
./datasets/English//english_09;flatwise;0;1.49823;
./datasets/English//english_10;flatwise;0;1.49823;
./datasets/English//english_11;flatwise;0;1.49823;
./datasets/English//english_12;flatwise;0;1.49823;
./datasets/English//english_13;flatwise;0;1.49823;
./datasets/English//english_14;flatwise;0;1.49823;
./datasets/English//english_15;flatwise;0;1.49823;
./datasets/English//english_16;flatwise;0;1.49823;
./datasets/English//english_17;flatwise;0;1.49823;
./datasets/English//english_18;flatwise;0;1.49823;
./datasets/English//english_19;flatwise;0;1.49823;
./datasets/English//english_00;bipyridyl;0;1.42976;
./datasets/English//english_01;bipyridyl;0;1.42976;
./datasets/English//english_02;bipyridyl;0;1.42976;
./datasets/English//english_03;bipyridyl;0;1.42976;
./datasets/English//english_04;bipyridyl;0;1.42976;
./datasets/English//english_05;bipyridyl;0;1.42976;
./datasets/English//english_06;bipyridyl;0;1.42976;
./datasets/English//english_07;bipyridyl;0;1.42976;
./datasets/English//english_08;bipyridyl;0;1.42976;
./datasets/English//english_09;bipyridyl;0;1.42976;
./datasets/English//english_10;bipyridyl;0;1.42976;
./datasets/English//english_11;bipyridyl;0;1.42976;
./datasets/English//english_12;bipyridyl;0;1.42976;
./datasets/English//english_13;bipyridyl;0;1.42976;
./datasets/English//english_14;bipyridyl;0;1.42976;
./datasets/English//english_15;bipyridyl;0;1.42976;
./datasets/English//english_16;bipyridyl;0;1.42976;
./datasets/English//english_17;bipyridyl;0;1.42976;
./datasets/English//english_18;bipyridyl;0;1.42976;
./datasets/English//english_19;bipyridyl;0;1.42976;
./datasets/English//english_00;untastable;0;1.46404;
./datasets/English//english_01;untastable;0;1.46404;
./datasets/English//english_02;untastable;0;1.46404;
./datasets/English//english_03;untastable;0;1.46404;
./datasets/English//english_04;untastable;0;1.46404;
./datasets/English//english_05;untastable;0;1.46404;
./datasets/English//english_06;untastable;0;1.46404;
./datasets/English//english_07;untastable;0;1.46404;
./datasets/English//english_08;untastable;0;1.46404;
./datasets/English//english_09;untastable;0;1.46404;
./datasets/English//english_10;untastable;0;1.46404;
./datasets/English//english_11;untastable;0;1.46404;
./datasets/English//english_12;untastable;0;1.46404;
./datasets/English//english_13;untastable;0;1.46404;
./datasets/English//english_14;untastable;0;1.46404;
./datasets/English//english_15;untastable;0;1.46404;
./datasets/English//english_16;untastable;0;1.46404;
./datasets/English//english_17;untastable;0;1.46404;
./datasets/English//english_18;untastable;0;1.46404;
./datasets/English//english_19;untastable;0;1.46404;
./datasets/English//english_00;aegerian;0;1.48478;
./datasets/English//english_01;aegerian;0;1.48478;
./datasets/English//english_02;aegerian;0;1.48478;
./datasets/English//english_03;aegerian;0;1.48478;
./datasets/English//english_04;aegerian;0;1.48478;
./datasets/English//english_05;aegerian;0;1.48478;
./datasets/English//english_06;aegerian;0;1.48478;
./datasets/English//english_07;aegerian;0;1.48478;
./datasets/English//english_08;aegerian;0;1.48478;
./datasets/English//english_09;aegerian;0;1.48478;
./datasets/English//english_10;aegerian;0;1.48478;
./datasets/English//english_11;aegerian;0;1.48478;
./datasets/English//english_12;aegerian;0;1.48478;
./datasets/English//english_13;aegerian;0;1.48478;
./datasets/English//english_14;aegerian;0;1.48478;
./datasets/English//english_15;aegerian;0;1.48478;
./datasets/English//english_16;aegerian;0;1.48478;
./datasets/English//english_17;aegerian;0;1.48478;
./datasets/English//english_18;aegerian;0;1.48478;
./datasets/English//english_19;aegerian;0;1.48478;
./datasets/English//english_00;unmistrusted;0;1.3868;
./datasets/English//english_01;unmistrusted;0;1.3868;
./datasets/English//english_02;unmistrusted;0;1.3868;
./datasets/English//english_03;unmistrusted;0;1.3868;
./datasets/English//english_04;unmistrusted;0;1.3868;
./datasets/English//english_05;unmistrusted;0;1.3868;
./datasets/English//english_06;unmistrusted;0;1.3868;
./datasets/English//english_07;unmistrusted;0;1.3868;
./datasets/English//english_08;unmistrusted;0;1.3868;
./datasets/English//english_09;unmistrusted;0;1.3868;
./datasets/English//english_10;unmistrusted;0;1.3868;
./datasets/English//english_11;unmistrusted;0;1.3868;
./datasets/English//english_12;unmistrusted;0;1.3868;
./datasets/English//english_13;unmistrusted;0;1.3868;
./datasets/English//english_14;unmistrusted;0;1.3868;
./datasets/English//english_15;unmistrusted;0;1.3868;
./datasets/English//english_16;unmistrusted;0;1.3868;
./datasets/English//english_17;unmistrusted;0;1.3868;
./datasets/English//english_18;unmistrusted;0;1.3868;
./datasets/English//english_19;unmistrusted;0;1.3868;
./datasets/English//english_00;quadrigamist;0;1.4454;
./datasets/English//english_01;quadrigamist;0;1.4454;
./datasets/English//english_02;quadrigamist;0;1.4454;
./datasets/English//english_03;quadrigamist;0;1.4454;
./datasets/English//english_04;quadrigamist;0;1.4454;
./datasets/English//english_05;quadrigamist;0;1.4454;
./datasets/English//english_06;quadrigamist;0;1.4454;
./datasets/English//english_07;quadrigamist;0;1.4454;
./datasets/English//english_08;quadrigamist;0;1.4454;
./datasets/English//english_09;quadrigamist;0;1.4454;
./datasets/English//english_10;quadrigamist;0;1.4454;
./datasets/English//english_11;quadrigamist;0;1.4454;
./datasets/English//english_12;quadrigamist;0;1.4454;
./datasets/English//english_13;quadrigamist;0;1.4454;
./datasets/English//english_14;quadrigamist;0;1.4454;
./datasets/English//english_15;quadrigamist;0;1.4454;
./datasets/English//english_16;quadrigamist;0;1.4454;
./datasets/English//english_17;quadrigamist;0;1.4454;
./datasets/English//english_18;quadrigamist;0;1.4454;
./datasets/English//english_19;quadrigamist;0;1.4454;
./datasets/English//english_00;Meleagrinae;0;1.39673;
./datasets/English//english_01;Meleagrinae;0;1.39673;
./datasets/English//english_02;Meleagrinae;0;1.39673;
./datasets/English//english_03;Meleagrinae;0;1.39673;
./datasets/English//english_04;Meleagrinae;0;1.39673;
./datasets/English//english_05;Meleagrinae;0;1.39673;
./datasets/English//english_06;Meleagrinae;0;1.39673;
./datasets/English//english_07;Meleagrinae;0;1.39673;
./datasets/English//english_08;Meleagrinae;0;1.39673;
./datasets/English//english_09;Meleagrinae;0;1.39673;
./datasets/English//english_10;Meleagrinae;0;1.39673;
./datasets/English//english_11;Meleagrinae;0;1.39673;
./datasets/English//english_12;Meleagrinae;0;1.39673;
./datasets/English//english_13;Meleagrinae;0;1.39673;
./datasets/English//english_14;Meleagrinae;0;1.39673;
./datasets/English//english_15;Meleagrinae;0;1.39673;
./datasets/English//english_16;Meleagrinae;0;1.39673;
./datasets/English//english_17;Meleagrinae;0;1.39673;
./datasets/English//english_18;Meleagrinae;0;1.39673;
./datasets/English//english_19;Meleagrinae;0;1.39673;
./datasets/English//english_00;helvite;0;1.52041;
./datasets/English//english_01;helvite;0;1.52041;
./datasets/English//english_02;helvite;0;1.52041;
./datasets/English//english_03;helvite;0;1.52041;
./datasets/English//english_04;helvite;0;1.52041;
./datasets/English//english_05;helvite;0;1.52041;
./datasets/English//english_06;helvite;0;1.52041;
./datasets/English//english_07;helvite;0;1.52041;
./datasets/English//english_08;helvite;0;1.52041;
./datasets/English//english_09;helvite;0;1.52041;
./datasets/English//english_10;helvite;0;1.52041;
./datasets/English//english_11;helvite;0;1.52041;
./datasets/English//english_12;helvite;0;1.52041;
./datasets/English//english_13;helvite;0;1.52041;
./datasets/English//english_14;helvite;0;1.52041;
./datasets/English//english_15;helvite;0;1.52041;
./datasets/English//english_16;helvite;0;1.52041;
./datasets/English//english_17;helvite;0;1.52041;
./datasets/English//english_18;helvite;0;1.52041;
./datasets/English//english_19;helvite;0;1.52041;
./datasets/English//english_00;neuralist;0;1.44172;
./datasets/English//english_01;neuralist;0;1.44172;
./datasets/English//english_02;neuralist;0;1.44172;
./datasets/English//english_03;neuralist;0;1.44172;
./datasets/English//english_04;neuralist;0;1.44172;
./datasets/English//english_05;neuralist;0;1.44172;
./datasets/English//english_06;neuralist;0;1.44172;
./datasets/English//english_07;neuralist;0;1.44172;
./datasets/English//english_08;neuralist;0;1.44172;
./datasets/English//english_09;neuralist;0;1.44172;
./datasets/English//english_10;neuralist;0;1.44172;
./datasets/English//english_11;neuralist;0;1.44172;
./datasets/English//english_12;neuralist;0;1.44172;
./datasets/English//english_13;neuralist;0;1.44172;
./datasets/English//english_14;neuralist;0;1.44172;
./datasets/English//english_15;neuralist;0;1.44172;
./datasets/English//english_16;neuralist;0;1.44172;
./datasets/English//english_17;neuralist;0;1.44172;
./datasets/English//english_18;neuralist;0;1.44172;
./datasets/English//english_19;neuralist;0;1.44172;
./datasets/English//english_00;Swietenia;0;1.44282;
./datasets/English//english_01;Swietenia;0;1.44282;
./datasets/English//english_02;Swietenia;0;1.44282;
./datasets/English//english_03;Swietenia;0;1.44282;
./datasets/English//english_04;Swietenia;0;1.44282;
./datasets/English//english_05;Swietenia;0;1.44282;
./datasets/English//english_06;Swietenia;0;1.44282;
./datasets/English//english_07;Swietenia;0;1.44282;
./datasets/English//english_08;Swietenia;0;1.44282;
./datasets/English//english_09;Swietenia;0;1.44282;
./datasets/English//english_10;Swietenia;0;1.44282;
./datasets/English//english_11;Swietenia;0;1.44282;
./datasets/English//english_12;Swietenia;0;1.44282;
./datasets/English//english_13;Swietenia;0;1.44282;
./datasets/English//english_14;Swietenia;0;1.44282;
./datasets/English//english_15;Swietenia;0;1.44282;
./datasets/English//english_16;Swietenia;0;1.44282;
./datasets/English//english_17;Swietenia;0;1.44282;
./datasets/English//english_18;Swietenia;0;1.44282;
./datasets/English//english_19;Swietenia;0;1.44282;
./datasets/English//english_00;unpleadable;0;1.37843;
./datasets/English//english_01;unpleadable;0;1.37843;
./datasets/English//english_02;unpleadable;0;1.37843;
./datasets/English//english_03;unpleadable;0;1.37843;
./datasets/English//english_04;unpleadable;0;1.37843;
./datasets/English//english_05;unpleadable;0;1.37843;
./datasets/English//english_06;unpleadable;0;1.37843;
./datasets/English//english_07;unpleadable;0;1.37843;
./datasets/English//english_08;unpleadable;0;1.37843;
./datasets/English//english_09;unpleadable;0;1.37843;
./datasets/English//english_10;unpleadable;0;1.37843;
./datasets/English//english_11;unpleadable;0;1.37843;
./datasets/English//english_12;unpleadable;0;1.37843;
./datasets/English//english_13;unpleadable;0;1.37843;
./datasets/English//english_14;unpleadable;0;1.37843;
./datasets/English//english_15;unpleadable;0;1.37843;
./datasets/English//english_16;unpleadable;0;1.37843;
./datasets/English//english_17;unpleadable;0;1.37843;
./datasets/English//english_18;unpleadable;0;1.37843;
./datasets/English//english_19;unpleadable;0;1.37843;
./datasets/English//english_00;colorably;0;1.41384;
./datasets/English//english_01;colorably;0;1.41384;
./datasets/English//english_02;colorably;0;1.41384;
./datasets/English//english_03;colorably;0;1.41384;
./datasets/English//english_04;colorably;0;1.41384;
./datasets/English//english_05;colorably;0;1.41384;
./datasets/English//english_06;colorably;0;1.41384;
./datasets/English//english_07;colorably;0;1.41384;
./datasets/English//english_08;colorably;0;1.41384;
./datasets/English//english_09;colorably;0;1.41384;
./datasets/English//english_10;colorably;0;1.41384;
./datasets/English//english_11;colorably;0;1.41384;
./datasets/English//english_12;colorably;0;1.41384;
./datasets/English//english_13;colorably;0;1.41384;
./datasets/English//english_14;colorably;0;1.41384;
./datasets/English//english_15;colorably;0;1.41384;
./datasets/English//english_16;colorably;0;1.41384;
./datasets/English//english_17;colorably;0;1.41384;
./datasets/English//english_18;colorably;0;1.41384;
./datasets/English//english_19;colorably;0;1.41384;
./datasets/English//english_00;mogilalism;0;1.38288;
./datasets/English//english_01;mogilalism;0;1.38288;
./datasets/English//english_02;mogilalism;0;1.38288;
./datasets/English//english_03;mogilalism;0;1.38288;
./datasets/English//english_04;mogilalism;0;1.38288;
./datasets/English//english_05;mogilalism;0;1.38288;
./datasets/English//english_06;mogilalism;0;1.38288;
./datasets/English//english_07;mogilalism;0;1.38288;
./datasets/English//english_08;mogilalism;0;1.38288;
./datasets/English//english_09;mogilalism;0;1.38288;
./datasets/English//english_10;mogilalism;0;1.38288;
./datasets/English//english_11;mogilalism;0;1.38288;
./datasets/English//english_12;mogilalism;0;1.38288;
./datasets/English//english_13;mogilalism;0;1.38288;
./datasets/English//english_14;mogilalism;0;1.38288;
./datasets/English//english_15;mogilalism;0;1.38288;
./datasets/English//english_16;mogilalism;0;1.38288;
./datasets/English//english_17;mogilalism;0;1.38288;
./datasets/English//english_18;mogilalism;0;1.38288;
./datasets/English//english_19;mogilalism;0;1.38288;
./datasets/English//english_00;consequently;11;1.37091;
./datasets/English//english_01;consequently;15;1.37091;
./datasets/English//english_02;consequently;9;1.37091;
./datasets/English//english_03;consequently;13;1.37091;
./datasets/English//english_04;consequently;16;1.37091;
./datasets/English//english_05;consequently;15;1.37091;
./datasets/English//english_06;consequently;11;1.37091;
./datasets/English//english_07;consequently;3;1.37091;
./datasets/English//english_08;consequently;25;1.37091;
./datasets/English//english_09;consequently;16;1.37091;
./datasets/English//english_10;consequently;9;1.37091;
./datasets/English//english_11;consequently;14;1.37091;
./datasets/English//english_12;consequently;14;1.37091;
./datasets/English//english_13;consequently;13;1.37091;
./datasets/English//english_14;consequently;83;1.37091;
./datasets/English//english_15;consequently;14;1.37091;
./datasets/English//english_16;consequently;15;1.37091;
./datasets/English//english_17;consequently;13;1.37091;
./datasets/English//english_18;consequently;14;1.37091;
./datasets/English//english_19;consequently;59;1.37091;
./datasets/English//english_00;atamasco;0;1.4466;
./datasets/English//english_01;atamasco;0;1.4466;
./datasets/English//english_02;atamasco;0;1.4466;
./datasets/English//english_03;atamasco;0;1.4466;
./datasets/English//english_04;atamasco;0;1.4466;
./datasets/English//english_05;atamasco;0;1.4466;
./datasets/English//english_06;atamasco;0;1.4466;
./datasets/English//english_07;atamasco;0;1.4466;
./datasets/English//english_08;atamasco;0;1.4466;
./datasets/English//english_09;atamasco;0;1.4466;
./datasets/English//english_10;atamasco;0;1.4466;
./datasets/English//english_11;atamasco;0;1.4466;
./datasets/English//english_12;atamasco;0;1.4466;
./datasets/English//english_13;atamasco;0;1.4466;
./datasets/English//english_14;atamasco;0;1.4466;
./datasets/English//english_15;atamasco;0;1.4466;
./datasets/English//english_16;atamasco;0;1.4466;
./datasets/English//english_17;atamasco;0;1.4466;
./datasets/English//english_18;atamasco;0;1.4466;
./datasets/English//english_19;atamasco;0;1.4466;
./datasets/English//english_00;inhospitality;0;1.355;
./datasets/English//english_01;inhospitality;0;1.355;
./datasets/English//english_02;inhospitality;0;1.355;
./datasets/English//english_03;inhospitality;0;1.355;
./datasets/English//english_04;inhospitality;0;1.355;
./datasets/English//english_05;inhospitality;0;1.355;
./datasets/English//english_06;inhospitality;0;1.355;
./datasets/English//english_07;inhospitality;0;1.355;
./datasets/English//english_08;inhospitality;2;1.355;
./datasets/English//english_09;inhospitality;2;1.355;
./datasets/English//english_10;inhospitality;0;1.355;
./datasets/English//english_11;inhospitality;0;1.355;
./datasets/English//english_12;inhospitality;0;1.355;
./datasets/English//english_13;inhospitality;0;1.355;
./datasets/English//english_14;inhospitality;0;1.355;
./datasets/English//english_15;inhospitality;0;1.355;
./datasets/English//english_16;inhospitality;0;1.355;
./datasets/English//english_17;inhospitality;0;1.355;
./datasets/English//english_18;inhospitality;0;1.355;
./datasets/English//english_19;inhospitality;0;1.355;
./datasets/English//english_00;noncarnivorous;0;1.40599;
./datasets/English//english_01;noncarnivorous;0;1.40599;
./datasets/English//english_02;noncarnivorous;0;1.40599;
./datasets/English//english_03;noncarnivorous;0;1.40599;
./datasets/English//english_04;noncarnivorous;0;1.40599;
./datasets/English//english_05;noncarnivorous;0;1.40599;
./datasets/English//english_06;noncarnivorous;0;1.40599;
./datasets/English//english_07;noncarnivorous;0;1.40599;
./datasets/English//english_08;noncarnivorous;0;1.40599;
./datasets/English//english_09;noncarnivorous;0;1.40599;
./datasets/English//english_10;noncarnivorous;0;1.40599;
./datasets/English//english_11;noncarnivorous;0;1.40599;
./datasets/English//english_12;noncarnivorous;0;1.40599;
./datasets/English//english_13;noncarnivorous;0;1.40599;
./datasets/English//english_14;noncarnivorous;0;1.40599;
./datasets/English//english_15;noncarnivorous;0;1.40599;
./datasets/English//english_16;noncarnivorous;0;1.40599;
./datasets/English//english_17;noncarnivorous;0;1.40599;
./datasets/English//english_18;noncarnivorous;0;1.40599;
./datasets/English//english_19;noncarnivorous;0;1.40599;
./datasets/English//english_00;counterruin;0;1.39803;
./datasets/English//english_01;counterruin;0;1.39803;
./datasets/English//english_02;counterruin;0;1.39803;
./datasets/English//english_03;counterruin;0;1.39803;
./datasets/English//english_04;counterruin;0;1.39803;
./datasets/English//english_05;counterruin;0;1.39803;
./datasets/English//english_06;counterruin;0;1.39803;
./datasets/English//english_07;counterruin;0;1.39803;
./datasets/English//english_08;counterruin;0;1.39803;
./datasets/English//english_09;counterruin;0;1.39803;
./datasets/English//english_10;counterruin;0;1.39803;
./datasets/English//english_11;counterruin;0;1.39803;
./datasets/English//english_12;counterruin;0;1.39803;
./datasets/English//english_13;counterruin;0;1.39803;
./datasets/English//english_14;counterruin;0;1.39803;
./datasets/English//english_15;counterruin;0;1.39803;
./datasets/English//english_16;counterruin;0;1.39803;
./datasets/English//english_17;counterruin;0;1.39803;
./datasets/English//english_18;counterruin;0;1.39803;
./datasets/English//english_19;counterruin;0;1.39803;
./datasets/English//english_00;gryposis;0;1.441;
./datasets/English//english_01;gryposis;0;1.441;
./datasets/English//english_02;gryposis;0;1.441;
./datasets/English//english_03;gryposis;0;1.441;
./datasets/English//english_04;gryposis;0;1.441;
./datasets/English//english_05;gryposis;0;1.441;
./datasets/English//english_06;gryposis;0;1.441;
./datasets/English//english_07;gryposis;0;1.441;
./datasets/English//english_08;gryposis;0;1.441;
./datasets/English//english_09;gryposis;0;1.441;
./datasets/English//english_10;gryposis;0;1.441;
./datasets/English//english_11;gryposis;0;1.441;
./datasets/English//english_12;gryposis;0;1.441;
./datasets/English//english_13;gryposis;0;1.441;
./datasets/English//english_14;gryposis;0;1.441;
./datasets/English//english_15;gryposis;0;1.441;
./datasets/English//english_16;gryposis;0;1.441;
./datasets/English//english_17;gryposis;0;1.441;
./datasets/English//english_18;gryposis;0;1.441;
./datasets/English//english_19;gryposis;0;1.441;
./datasets/English//english_00;ringe;47;1.63614;
./datasets/English//english_01;ringe;54;1.63614;
./datasets/English//english_02;ringe;61;1.63614;
./datasets/English//english_03;ringe;65;1.63614;
./datasets/English//english_04;ringe;49;1.63614;
./datasets/English//english_05;ringe;14;1.63614;
./datasets/English//english_06;ringe;35;1.63614;
./datasets/English//english_07;ringe;36;1.63614;
./datasets/English//english_08;ringe;38;1.63614;
./datasets/English//english_09;ringe;67;1.63614;
./datasets/English//english_10;ringe;38;1.63614;
./datasets/English//english_11;ringe;32;1.63614;
./datasets/English//english_12;ringe;89;1.63614;
./datasets/English//english_13;ringe;33;1.63614;
./datasets/English//english_14;ringe;47;1.63614;
./datasets/English//english_15;ringe;63;1.63614;
./datasets/English//english_16;ringe;18;1.63614;
./datasets/English//english_17;ringe;24;1.63614;
./datasets/English//english_18;ringe;33;1.63614;
./datasets/English//english_19;ringe;9;1.63614;
./datasets/English//english_00;displeasedly;0;1.37304;
./datasets/English//english_01;displeasedly;0;1.37304;
./datasets/English//english_02;displeasedly;0;1.37304;
./datasets/English//english_03;displeasedly;0;1.37304;
./datasets/English//english_04;displeasedly;0;1.37304;
./datasets/English//english_05;displeasedly;0;1.37304;
./datasets/English//english_06;displeasedly;0;1.37304;
./datasets/English//english_07;displeasedly;0;1.37304;
./datasets/English//english_08;displeasedly;0;1.37304;
./datasets/English//english_09;displeasedly;0;1.37304;
./datasets/English//english_10;displeasedly;0;1.37304;
./datasets/English//english_11;displeasedly;0;1.37304;
./datasets/English//english_12;displeasedly;0;1.37304;
./datasets/English//english_13;displeasedly;0;1.37304;
./datasets/English//english_14;displeasedly;0;1.37304;
./datasets/English//english_15;displeasedly;0;1.37304;
./datasets/English//english_16;displeasedly;0;1.37304;
./datasets/English//english_17;displeasedly;0;1.37304;
./datasets/English//english_18;displeasedly;0;1.37304;
./datasets/English//english_19;displeasedly;0;1.37304;
./datasets/English//english_00;incenter;0;1.51318;
./datasets/English//english_01;incenter;0;1.51318;
./datasets/English//english_02;incenter;0;1.51318;
./datasets/English//english_03;incenter;0;1.51318;
./datasets/English//english_04;incenter;0;1.51318;
./datasets/English//english_05;incenter;0;1.51318;
./datasets/English//english_06;incenter;0;1.51318;
./datasets/English//english_07;incenter;0;1.51318;
./datasets/English//english_08;incenter;0;1.51318;
./datasets/English//english_09;incenter;0;1.51318;
./datasets/English//english_10;incenter;0;1.51318;
./datasets/English//english_11;incenter;0;1.51318;
./datasets/English//english_12;incenter;0;1.51318;
./datasets/English//english_13;incenter;0;1.51318;
./datasets/English//english_14;incenter;0;1.51318;
./datasets/English//english_15;incenter;0;1.51318;
./datasets/English//english_16;incenter;0;1.51318;
./datasets/English//english_17;incenter;0;1.51318;
./datasets/English//english_18;incenter;0;1.51318;
./datasets/English//english_19;incenter;0;1.51318;
./datasets/English//english_00;gallycrow;0;1.42921;
./datasets/English//english_01;gallycrow;0;1.42921;
./datasets/English//english_02;gallycrow;0;1.42921;
./datasets/English//english_03;gallycrow;0;1.42921;
./datasets/English//english_04;gallycrow;0;1.42921;
./datasets/English//english_05;gallycrow;0;1.42921;
./datasets/English//english_06;gallycrow;0;1.42921;
./datasets/English//english_07;gallycrow;0;1.42921;
./datasets/English//english_08;gallycrow;0;1.42921;
./datasets/English//english_09;gallycrow;0;1.42921;
./datasets/English//english_10;gallycrow;0;1.42921;
./datasets/English//english_11;gallycrow;0;1.42921;
./datasets/English//english_12;gallycrow;0;1.42921;
./datasets/English//english_13;gallycrow;0;1.42921;
./datasets/English//english_14;gallycrow;0;1.42921;
./datasets/English//english_15;gallycrow;0;1.42921;
./datasets/English//english_16;gallycrow;0;1.42921;
./datasets/English//english_17;gallycrow;0;1.42921;
./datasets/English//english_18;gallycrow;0;1.42921;
./datasets/English//english_19;gallycrow;0;1.42921;
./datasets/English//english_00;whincow;0;2.19575;
./datasets/English//english_01;whincow;0;2.19575;
./datasets/English//english_02;whincow;0;2.19575;
./datasets/English//english_03;whincow;0;2.19575;
./datasets/English//english_04;whincow;0;2.19575;
./datasets/English//english_05;whincow;0;2.19575;
./datasets/English//english_06;whincow;0;2.19575;
./datasets/English//english_07;whincow;0;2.19575;
./datasets/English//english_08;whincow;0;2.19575;
./datasets/English//english_09;whincow;0;2.19575;
./datasets/English//english_10;whincow;0;2.19575;
./datasets/English//english_11;whincow;0;2.19575;
./datasets/English//english_12;whincow;0;2.19575;
./datasets/English//english_13;whincow;0;2.19575;
./datasets/English//english_14;whincow;0;2.19575;
./datasets/English//english_15;whincow;0;2.19575;
./datasets/English//english_16;whincow;0;2.19575;
./datasets/English//english_17;whincow;0;2.19575;
./datasets/English//english_18;whincow;0;2.19575;
./datasets/English//english_19;whincow;0;2.19575;
./datasets/English//english_00;repudiationist;0;1.51832;
./datasets/English//english_01;repudiationist;0;1.51832;
./datasets/English//english_02;repudiationist;0;1.51832;
./datasets/English//english_03;repudiationist;0;1.51832;
./datasets/English//english_04;repudiationist;0;1.51832;
./datasets/English//english_05;repudiationist;0;1.51832;
./datasets/English//english_06;repudiationist;0;1.51832;
./datasets/English//english_07;repudiationist;0;1.51832;
./datasets/English//english_08;repudiationist;0;1.51832;
./datasets/English//english_09;repudiationist;0;1.51832;
./datasets/English//english_10;repudiationist;0;1.51832;
./datasets/English//english_11;repudiationist;0;1.51832;
./datasets/English//english_12;repudiationist;0;1.51832;
./datasets/English//english_13;repudiationist;0;1.51832;
./datasets/English//english_14;repudiationist;0;1.51832;
./datasets/English//english_15;repudiationist;0;1.51832;
./datasets/English//english_16;repudiationist;0;1.51832;
./datasets/English//english_17;repudiationist;0;1.51832;
./datasets/English//english_18;repudiationist;0;1.51832;
./datasets/English//english_19;repudiationist;0;1.51832;
./datasets/English//english_00;unagile;0;1.71318;
./datasets/English//english_01;unagile;0;1.71318;
./datasets/English//english_02;unagile;0;1.71318;
./datasets/English//english_03;unagile;0;1.71318;
./datasets/English//english_04;unagile;0;1.71318;
./datasets/English//english_05;unagile;0;1.71318;
./datasets/English//english_06;unagile;0;1.71318;
./datasets/English//english_07;unagile;0;1.71318;
./datasets/English//english_08;unagile;0;1.71318;
./datasets/English//english_09;unagile;0;1.71318;
./datasets/English//english_10;unagile;0;1.71318;
./datasets/English//english_11;unagile;0;1.71318;
./datasets/English//english_12;unagile;0;1.71318;
./datasets/English//english_13;unagile;0;1.71318;
./datasets/English//english_14;unagile;0;1.71318;
./datasets/English//english_15;unagile;0;1.71318;
./datasets/English//english_16;unagile;0;1.71318;
./datasets/English//english_17;unagile;0;1.71318;
./datasets/English//english_18;unagile;0;1.71318;
./datasets/English//english_19;unagile;0;1.71318;
./datasets/English//english_00;chaplain;1;1.48284;
./datasets/English//english_01;chaplain;0;1.48284;
./datasets/English//english_02;chaplain;2;1.48284;
./datasets/English//english_03;chaplain;0;1.48284;
./datasets/English//english_04;chaplain;13;1.48284;
./datasets/English//english_05;chaplain;63;1.48284;
./datasets/English//english_06;chaplain;2;1.48284;
./datasets/English//english_07;chaplain;9;1.48284;
./datasets/English//english_08;chaplain;3;1.48284;
./datasets/English//english_09;chaplain;9;1.48284;
./datasets/English//english_10;chaplain;1;1.48284;
./datasets/English//english_11;chaplain;52;1.48284;
./datasets/English//english_12;chaplain;90;1.48284;
./datasets/English//english_13;chaplain;8;1.48284;
./datasets/English//english_14;chaplain;2;1.48284;
./datasets/English//english_15;chaplain;58;1.48284;
./datasets/English//english_16;chaplain;6;1.48284;
./datasets/English//english_17;chaplain;1;1.48284;
./datasets/English//english_18;chaplain;0;1.48284;
./datasets/English//english_19;chaplain;2;1.48284;
./datasets/English//english_00;bekerchief;0;1.40092;
./datasets/English//english_01;bekerchief;0;1.40092;
./datasets/English//english_02;bekerchief;0;1.40092;
./datasets/English//english_03;bekerchief;0;1.40092;
./datasets/English//english_04;bekerchief;0;1.40092;
./datasets/English//english_05;bekerchief;0;1.40092;
./datasets/English//english_06;bekerchief;0;1.40092;
./datasets/English//english_07;bekerchief;0;1.40092;
./datasets/English//english_08;bekerchief;0;1.40092;
./datasets/English//english_09;bekerchief;0;1.40092;
./datasets/English//english_10;bekerchief;0;1.40092;
./datasets/English//english_11;bekerchief;0;1.40092;
./datasets/English//english_12;bekerchief;0;1.40092;
./datasets/English//english_13;bekerchief;0;1.40092;
./datasets/English//english_14;bekerchief;0;1.40092;
./datasets/English//english_15;bekerchief;0;1.40092;
./datasets/English//english_16;bekerchief;0;1.40092;
./datasets/English//english_17;bekerchief;0;1.40092;
./datasets/English//english_18;bekerchief;0;1.40092;
./datasets/English//english_19;bekerchief;0;1.40092;
./datasets/English//english_00;subproduct;0;1.39989;
./datasets/English//english_01;subproduct;0;1.39989;
./datasets/English//english_02;subproduct;0;1.39989;
./datasets/English//english_03;subproduct;0;1.39989;
./datasets/English//english_04;subproduct;0;1.39989;
./datasets/English//english_05;subproduct;0;1.39989;
./datasets/English//english_06;subproduct;0;1.39989;
./datasets/English//english_07;subproduct;0;1.39989;
./datasets/English//english_08;subproduct;0;1.39989;
./datasets/English//english_09;subproduct;0;1.39989;
./datasets/English//english_10;subproduct;0;1.39989;
./datasets/English//english_11;subproduct;0;1.39989;
./datasets/English//english_12;subproduct;0;1.39989;
./datasets/English//english_13;subproduct;0;1.39989;
./datasets/English//english_14;subproduct;0;1.39989;
./datasets/English//english_15;subproduct;0;1.39989;
./datasets/English//english_16;subproduct;0;1.39989;
./datasets/English//english_17;subproduct;0;1.39989;
./datasets/English//english_18;subproduct;0;1.39989;
./datasets/English//english_19;subproduct;0;1.39989;
./datasets/English//english_00;pointingly;0;1.38091;
./datasets/English//english_01;pointingly;0;1.38091;
./datasets/English//english_02;pointingly;0;1.38091;
./datasets/English//english_03;pointingly;0;1.38091;
./datasets/English//english_04;pointingly;0;1.38091;
./datasets/English//english_05;pointingly;0;1.38091;
./datasets/English//english_06;pointingly;0;1.38091;
./datasets/English//english_07;pointingly;1;1.38091;
./datasets/English//english_08;pointingly;0;1.38091;
./datasets/English//english_09;pointingly;0;1.38091;
./datasets/English//english_10;pointingly;0;1.38091;
./datasets/English//english_11;pointingly;0;1.38091;
./datasets/English//english_12;pointingly;0;1.38091;
./datasets/English//english_13;pointingly;0;1.38091;
./datasets/English//english_14;pointingly;1;1.38091;
./datasets/English//english_15;pointingly;0;1.38091;
./datasets/English//english_16;pointingly;0;1.38091;
./datasets/English//english_17;pointingly;0;1.38091;
./datasets/English//english_18;pointingly;0;1.38091;
./datasets/English//english_19;pointingly;0;1.38091;
./datasets/English//english_00;Physonectae;0;1.4144;
./datasets/English//english_01;Physonectae;0;1.4144;
./datasets/English//english_02;Physonectae;0;1.4144;
./datasets/English//english_03;Physonectae;0;1.4144;
./datasets/English//english_04;Physonectae;0;1.4144;
./datasets/English//english_05;Physonectae;0;1.4144;
./datasets/English//english_06;Physonectae;0;1.4144;
./datasets/English//english_07;Physonectae;0;1.4144;
./datasets/English//english_08;Physonectae;0;1.4144;
./datasets/English//english_09;Physonectae;0;1.4144;
./datasets/English//english_10;Physonectae;0;1.4144;
./datasets/English//english_11;Physonectae;0;1.4144;
./datasets/English//english_12;Physonectae;0;1.4144;
./datasets/English//english_13;Physonectae;0;1.4144;
./datasets/English//english_14;Physonectae;0;1.4144;
./datasets/English//english_15;Physonectae;0;1.4144;
./datasets/English//english_16;Physonectae;0;1.4144;
./datasets/English//english_17;Physonectae;0;1.4144;
./datasets/English//english_18;Physonectae;0;1.4144;
./datasets/English//english_19;Physonectae;0;1.4144;
./datasets/English//english_00;bumpingly;0;1.41849;
./datasets/English//english_01;bumpingly;0;1.41849;
./datasets/English//english_02;bumpingly;0;1.41849;
./datasets/English//english_03;bumpingly;0;1.41849;
./datasets/English//english_04;bumpingly;0;1.41849;
./datasets/English//english_05;bumpingly;0;1.41849;
./datasets/English//english_06;bumpingly;0;1.41849;
./datasets/English//english_07;bumpingly;0;1.41849;
./datasets/English//english_08;bumpingly;0;1.41849;
./datasets/English//english_09;bumpingly;0;1.41849;
./datasets/English//english_10;bumpingly;0;1.41849;
./datasets/English//english_11;bumpingly;0;1.41849;
./datasets/English//english_12;bumpingly;0;1.41849;
./datasets/English//english_13;bumpingly;0;1.41849;
./datasets/English//english_14;bumpingly;0;1.41849;
./datasets/English//english_15;bumpingly;0;1.41849;
./datasets/English//english_16;bumpingly;0;1.41849;
./datasets/English//english_17;bumpingly;0;1.41849;
./datasets/English//english_18;bumpingly;0;1.41849;
./datasets/English//english_19;bumpingly;0;1.41849;
./datasets/English//english_00;hateful;5;1.49417;
./datasets/English//english_01;hateful;9;1.49417;
./datasets/English//english_02;hateful;4;1.49417;
./datasets/English//english_03;hateful;1;1.49417;
./datasets/English//english_04;hateful;3;1.49417;
./datasets/English//english_05;hateful;8;1.49417;
./datasets/English//english_06;hateful;5;1.49417;
./datasets/English//english_07;hateful;2;1.49417;
./datasets/English//english_08;hateful;4;1.49417;
./datasets/English//english_09;hateful;14;1.49417;
./datasets/English//english_10;hateful;5;1.49417;
./datasets/English//english_11;hateful;7;1.49417;
./datasets/English//english_12;hateful;10;1.49417;
./datasets/English//english_13;hateful;20;1.49417;
./datasets/English//english_14;hateful;6;1.49417;
./datasets/English//english_15;hateful;3;1.49417;
./datasets/English//english_16;hateful;4;1.49417;
./datasets/English//english_17;hateful;8;1.49417;
./datasets/English//english_18;hateful;9;1.49417;
./datasets/English//english_19;hateful;4;1.49417;
./datasets/English//english_00;endogenous;0;1.41234;
./datasets/English//english_01;endogenous;0;1.41234;
./datasets/English//english_02;endogenous;0;1.41234;
./datasets/English//english_03;endogenous;0;1.41234;
./datasets/English//english_04;endogenous;0;1.41234;
./datasets/English//english_05;endogenous;0;1.41234;
./datasets/English//english_06;endogenous;0;1.41234;
./datasets/English//english_07;endogenous;0;1.41234;
./datasets/English//english_08;endogenous;0;1.41234;
./datasets/English//english_09;endogenous;0;1.41234;
./datasets/English//english_10;endogenous;0;1.41234;
./datasets/English//english_11;endogenous;0;1.41234;
./datasets/English//english_12;endogenous;0;1.41234;
./datasets/English//english_13;endogenous;0;1.41234;
./datasets/English//english_14;endogenous;0;1.41234;
./datasets/English//english_15;endogenous;0;1.41234;
./datasets/English//english_16;endogenous;0;1.41234;
./datasets/English//english_17;endogenous;0;1.41234;
./datasets/English//english_18;endogenous;0;1.41234;
./datasets/English//english_19;endogenous;0;1.41234;
./datasets/English//english_00;facticide;0;1.43173;
./datasets/English//english_01;facticide;0;1.43173;
./datasets/English//english_02;facticide;0;1.43173;
./datasets/English//english_03;facticide;0;1.43173;
./datasets/English//english_04;facticide;0;1.43173;
./datasets/English//english_05;facticide;0;1.43173;
./datasets/English//english_06;facticide;0;1.43173;
./datasets/English//english_07;facticide;0;1.43173;
./datasets/English//english_08;facticide;0;1.43173;
./datasets/English//english_09;facticide;0;1.43173;
./datasets/English//english_10;facticide;0;1.43173;
./datasets/English//english_11;facticide;0;1.43173;
./datasets/English//english_12;facticide;0;1.43173;
./datasets/English//english_13;facticide;0;1.43173;
./datasets/English//english_14;facticide;0;1.43173;
./datasets/English//english_15;facticide;0;1.43173;
./datasets/English//english_16;facticide;0;1.43173;
./datasets/English//english_17;facticide;0;1.43173;
./datasets/English//english_18;facticide;0;1.43173;
./datasets/English//english_19;facticide;0;1.43173;
./datasets/English//english_00;velours;0;1.61606;
./datasets/English//english_01;velours;0;1.61606;
./datasets/English//english_02;velours;0;1.61606;
./datasets/English//english_03;velours;0;1.61606;
./datasets/English//english_04;velours;0;1.61606;
./datasets/English//english_05;velours;0;1.61606;
./datasets/English//english_06;velours;0;1.61606;
./datasets/English//english_07;velours;0;1.61606;
./datasets/English//english_08;velours;0;1.61606;
./datasets/English//english_09;velours;2;1.61606;
./datasets/English//english_10;velours;0;1.61606;
./datasets/English//english_11;velours;0;1.61606;
./datasets/English//english_12;velours;0;1.61606;
./datasets/English//english_13;velours;0;1.61606;
./datasets/English//english_14;velours;0;1.61606;
./datasets/English//english_15;velours;0;1.61606;
./datasets/English//english_16;velours;0;1.61606;
./datasets/English//english_17;velours;0;1.61606;
./datasets/English//english_18;velours;0;1.61606;
./datasets/English//english_19;velours;0;1.61606;
./datasets/English//english_00;carmoisin;0;1.51478;
./datasets/English//english_01;carmoisin;0;1.51478;
./datasets/English//english_02;carmoisin;0;1.51478;
./datasets/English//english_03;carmoisin;0;1.51478;
./datasets/English//english_04;carmoisin;0;1.51478;
./datasets/English//english_05;carmoisin;0;1.51478;
./datasets/English//english_06;carmoisin;0;1.51478;
./datasets/English//english_07;carmoisin;0;1.51478;
./datasets/English//english_08;carmoisin;0;1.51478;
./datasets/English//english_09;carmoisin;0;1.51478;
./datasets/English//english_10;carmoisin;0;1.51478;
./datasets/English//english_11;carmoisin;0;1.51478;
./datasets/English//english_12;carmoisin;0;1.51478;
./datasets/English//english_13;carmoisin;0;1.51478;
./datasets/English//english_14;carmoisin;0;1.51478;
./datasets/English//english_15;carmoisin;0;1.51478;
./datasets/English//english_16;carmoisin;0;1.51478;
./datasets/English//english_17;carmoisin;0;1.51478;
./datasets/English//english_18;carmoisin;0;1.51478;
./datasets/English//english_19;carmoisin;0;1.51478;
./datasets/English//english_00;reaccomplish;0;1.35744;
./datasets/English//english_01;reaccomplish;0;1.35744;
./datasets/English//english_02;reaccomplish;0;1.35744;
./datasets/English//english_03;reaccomplish;0;1.35744;
./datasets/English//english_04;reaccomplish;0;1.35744;
./datasets/English//english_05;reaccomplish;0;1.35744;
./datasets/English//english_06;reaccomplish;0;1.35744;
./datasets/English//english_07;reaccomplish;0;1.35744;
./datasets/English//english_08;reaccomplish;0;1.35744;
./datasets/English//english_09;reaccomplish;0;1.35744;
./datasets/English//english_10;reaccomplish;0;1.35744;
./datasets/English//english_11;reaccomplish;0;1.35744;
./datasets/English//english_12;reaccomplish;0;1.35744;
./datasets/English//english_13;reaccomplish;0;1.35744;
./datasets/English//english_14;reaccomplish;0;1.35744;
./datasets/English//english_15;reaccomplish;0;1.35744;
./datasets/English//english_16;reaccomplish;0;1.35744;
./datasets/English//english_17;reaccomplish;0;1.35744;
./datasets/English//english_18;reaccomplish;0;1.35744;
./datasets/English//english_19;reaccomplish;0;1.35744;
./datasets/English//english_00;protistic;0;1.4228;
./datasets/English//english_01;protistic;0;1.4228;
./datasets/English//english_02;protistic;0;1.4228;
./datasets/English//english_03;protistic;0;1.4228;
./datasets/English//english_04;protistic;0;1.4228;
./datasets/English//english_05;protistic;0;1.4228;
./datasets/English//english_06;protistic;0;1.4228;
./datasets/English//english_07;protistic;0;1.4228;
./datasets/English//english_08;protistic;0;1.4228;
./datasets/English//english_09;protistic;0;1.4228;
./datasets/English//english_10;protistic;0;1.4228;
./datasets/English//english_11;protistic;0;1.4228;
./datasets/English//english_12;protistic;0;1.4228;
./datasets/English//english_13;protistic;0;1.4228;
./datasets/English//english_14;protistic;0;1.4228;
./datasets/English//english_15;protistic;0;1.4228;
./datasets/English//english_16;protistic;0;1.4228;
./datasets/English//english_17;protistic;0;1.4228;
./datasets/English//english_18;protistic;0;1.4228;
./datasets/English//english_19;protistic;0;1.4228;
./datasets/English//english_00;recuperance;0;1.38782;
./datasets/English//english_01;recuperance;0;1.38782;
./datasets/English//english_02;recuperance;0;1.38782;
./datasets/English//english_03;recuperance;0;1.38782;
./datasets/English//english_04;recuperance;0;1.38782;
./datasets/English//english_05;recuperance;0;1.38782;
./datasets/English//english_06;recuperance;0;1.38782;
./datasets/English//english_07;recuperance;0;1.38782;
./datasets/English//english_08;recuperance;0;1.38782;
./datasets/English//english_09;recuperance;0;1.38782;
./datasets/English//english_10;recuperance;0;1.38782;
./datasets/English//english_11;recuperance;0;1.38782;
./datasets/English//english_12;recuperance;0;1.38782;
./datasets/English//english_13;recuperance;0;1.38782;
./datasets/English//english_14;recuperance;0;1.38782;
./datasets/English//english_15;recuperance;0;1.38782;
./datasets/English//english_16;recuperance;0;1.38782;
./datasets/English//english_17;recuperance;0;1.38782;
./datasets/English//english_18;recuperance;0;1.38782;
./datasets/English//english_19;recuperance;0;1.38782;
./datasets/English//english_00;tech;11;1.74334;
./datasets/English//english_01;tech;24;1.74334;
./datasets/English//english_02;tech;6;1.74334;
./datasets/English//english_03;tech;5;1.74334;
./datasets/English//english_04;tech;44;1.74334;
./datasets/English//english_05;tech;28;1.74334;
./datasets/English//english_06;tech;13;1.74334;
./datasets/English//english_07;tech;9;1.74334;
./datasets/English//english_08;tech;4;1.74334;
./datasets/English//english_09;tech;6;1.74334;
./datasets/English//english_10;tech;23;1.74334;
./datasets/English//english_11;tech;20;1.74334;
./datasets/English//english_12;tech;19;1.74334;
./datasets/English//english_13;tech;12;1.74334;
./datasets/English//english_14;tech;411;1.74334;
./datasets/English//english_15;tech;4;1.74334;
./datasets/English//english_16;tech;11;1.74334;
./datasets/English//english_17;tech;49;1.74334;
./datasets/English//english_18;tech;13;1.74334;
./datasets/English//english_19;tech;30;1.74334;
./datasets/English//english_00;withywind;0;1.44579;
./datasets/English//english_01;withywind;0;1.44579;
./datasets/English//english_02;withywind;0;1.44579;
./datasets/English//english_03;withywind;0;1.44579;
./datasets/English//english_04;withywind;0;1.44579;
./datasets/English//english_05;withywind;0;1.44579;
./datasets/English//english_06;withywind;0;1.44579;
./datasets/English//english_07;withywind;0;1.44579;
./datasets/English//english_08;withywind;0;1.44579;
./datasets/English//english_09;withywind;0;1.44579;
./datasets/English//english_10;withywind;0;1.44579;
./datasets/English//english_11;withywind;0;1.44579;
./datasets/English//english_12;withywind;0;1.44579;
./datasets/English//english_13;withywind;0;1.44579;
./datasets/English//english_14;withywind;0;1.44579;
./datasets/English//english_15;withywind;0;1.44579;
./datasets/English//english_16;withywind;0;1.44579;
./datasets/English//english_17;withywind;0;1.44579;
./datasets/English//english_18;withywind;0;1.44579;
./datasets/English//english_19;withywind;0;1.44579;
./datasets/English//english_00;Galen;2;1.70508;
./datasets/English//english_01;Galen;2;1.70508;
./datasets/English//english_02;Galen;2;1.70508;
./datasets/English//english_03;Galen;0;1.70508;
./datasets/English//english_04;Galen;4;1.70508;
./datasets/English//english_05;Galen;1;1.70508;
./datasets/English//english_06;Galen;2;1.70508;
./datasets/English//english_07;Galen;0;1.70508;
./datasets/English//english_08;Galen;6;1.70508;
./datasets/English//english_09;Galen;0;1.70508;
./datasets/English//english_10;Galen;0;1.70508;
./datasets/English//english_11;Galen;0;1.70508;
./datasets/English//english_12;Galen;0;1.70508;
./datasets/English//english_13;Galen;0;1.70508;
./datasets/English//english_14;Galen;0;1.70508;
./datasets/English//english_15;Galen;0;1.70508;
./datasets/English//english_16;Galen;0;1.70508;
./datasets/English//english_17;Galen;0;1.70508;
./datasets/English//english_18;Galen;0;1.70508;
./datasets/English//english_19;Galen;0;1.70508;
./datasets/English//english_00;Slavistic;0;1.46836;
./datasets/English//english_01;Slavistic;0;1.46836;
./datasets/English//english_02;Slavistic;0;1.46836;
./datasets/English//english_03;Slavistic;0;1.46836;
./datasets/English//english_04;Slavistic;0;1.46836;
./datasets/English//english_05;Slavistic;0;1.46836;
./datasets/English//english_06;Slavistic;0;1.46836;
./datasets/English//english_07;Slavistic;0;1.46836;
./datasets/English//english_08;Slavistic;0;1.46836;
./datasets/English//english_09;Slavistic;0;1.46836;
./datasets/English//english_10;Slavistic;0;1.46836;
./datasets/English//english_11;Slavistic;0;1.46836;
./datasets/English//english_12;Slavistic;0;1.46836;
./datasets/English//english_13;Slavistic;0;1.46836;
./datasets/English//english_14;Slavistic;0;1.46836;
./datasets/English//english_15;Slavistic;0;1.46836;
./datasets/English//english_16;Slavistic;0;1.46836;
./datasets/English//english_17;Slavistic;0;1.46836;
./datasets/English//english_18;Slavistic;0;1.46836;
./datasets/English//english_19;Slavistic;0;1.46836;
./datasets/English//english_00;escropulo;0;1.40775;
./datasets/English//english_01;escropulo;0;1.40775;
./datasets/English//english_02;escropulo;0;1.40775;
./datasets/English//english_03;escropulo;0;1.40775;
./datasets/English//english_04;escropulo;0;1.40775;
./datasets/English//english_05;escropulo;0;1.40775;
./datasets/English//english_06;escropulo;0;1.40775;
./datasets/English//english_07;escropulo;0;1.40775;
./datasets/English//english_08;escropulo;0;1.40775;
./datasets/English//english_09;escropulo;0;1.40775;
./datasets/English//english_10;escropulo;0;1.40775;
./datasets/English//english_11;escropulo;0;1.40775;
./datasets/English//english_12;escropulo;0;1.40775;
./datasets/English//english_13;escropulo;0;1.40775;
./datasets/English//english_14;escropulo;0;1.40775;
./datasets/English//english_15;escropulo;0;1.40775;
./datasets/English//english_16;escropulo;0;1.40775;
./datasets/English//english_17;escropulo;0;1.40775;
./datasets/English//english_18;escropulo;0;1.40775;
./datasets/English//english_19;escropulo;0;1.40775;
./datasets/English//english_00;deglutination;0;1.38584;
./datasets/English//english_01;deglutination;0;1.38584;
./datasets/English//english_02;deglutination;0;1.38584;
./datasets/English//english_03;deglutination;0;1.38584;
./datasets/English//english_04;deglutination;0;1.38584;
./datasets/English//english_05;deglutination;0;1.38584;
./datasets/English//english_06;deglutination;0;1.38584;
./datasets/English//english_07;deglutination;0;1.38584;
./datasets/English//english_08;deglutination;0;1.38584;
./datasets/English//english_09;deglutination;0;1.38584;
./datasets/English//english_10;deglutination;0;1.38584;
./datasets/English//english_11;deglutination;0;1.38584;
./datasets/English//english_12;deglutination;0;1.38584;
./datasets/English//english_13;deglutination;0;1.38584;
./datasets/English//english_14;deglutination;0;1.38584;
./datasets/English//english_15;deglutination;0;1.38584;
./datasets/English//english_16;deglutination;0;1.38584;
./datasets/English//english_17;deglutination;0;1.38584;
./datasets/English//english_18;deglutination;0;1.38584;
./datasets/English//english_19;deglutination;0;1.38584;
./datasets/English//english_00;hydramnios;0;1.5289;
./datasets/English//english_01;hydramnios;0;1.5289;
./datasets/English//english_02;hydramnios;0;1.5289;
./datasets/English//english_03;hydramnios;0;1.5289;
./datasets/English//english_04;hydramnios;0;1.5289;
./datasets/English//english_05;hydramnios;0;1.5289;
./datasets/English//english_06;hydramnios;0;1.5289;
./datasets/English//english_07;hydramnios;0;1.5289;
./datasets/English//english_08;hydramnios;0;1.5289;
./datasets/English//english_09;hydramnios;0;1.5289;
./datasets/English//english_10;hydramnios;0;1.5289;
./datasets/English//english_11;hydramnios;0;1.5289;
./datasets/English//english_12;hydramnios;0;1.5289;
./datasets/English//english_13;hydramnios;0;1.5289;
./datasets/English//english_14;hydramnios;0;1.5289;
./datasets/English//english_15;hydramnios;0;1.5289;
./datasets/English//english_16;hydramnios;0;1.5289;
./datasets/English//english_17;hydramnios;0;1.5289;
./datasets/English//english_18;hydramnios;0;1.5289;
./datasets/English//english_19;hydramnios;0;1.5289;
./datasets/English//english_00;Amphion;0;1.50937;
./datasets/English//english_01;Amphion;0;1.50937;
./datasets/English//english_02;Amphion;0;1.50937;
./datasets/English//english_03;Amphion;0;1.50937;
./datasets/English//english_04;Amphion;0;1.50937;
./datasets/English//english_05;Amphion;9;1.50937;
./datasets/English//english_06;Amphion;0;1.50937;
./datasets/English//english_07;Amphion;0;1.50937;
./datasets/English//english_08;Amphion;0;1.50937;
./datasets/English//english_09;Amphion;0;1.50937;
./datasets/English//english_10;Amphion;0;1.50937;
./datasets/English//english_11;Amphion;0;1.50937;
./datasets/English//english_12;Amphion;0;1.50937;
./datasets/English//english_13;Amphion;1;1.50937;
./datasets/English//english_14;Amphion;0;1.50937;
./datasets/English//english_15;Amphion;0;1.50937;
./datasets/English//english_16;Amphion;0;1.50937;
./datasets/English//english_17;Amphion;0;1.50937;
./datasets/English//english_18;Amphion;0;1.50937;
./datasets/English//english_19;Amphion;0;1.50937;
./datasets/English//english_00;beguilement;0;1.38681;
./datasets/English//english_01;beguilement;0;1.38681;
./datasets/English//english_02;beguilement;0;1.38681;
./datasets/English//english_03;beguilement;2;1.38681;
./datasets/English//english_04;beguilement;0;1.38681;
./datasets/English//english_05;beguilement;0;1.38681;
./datasets/English//english_06;beguilement;0;1.38681;
./datasets/English//english_07;beguilement;0;1.38681;
./datasets/English//english_08;beguilement;0;1.38681;
./datasets/English//english_09;beguilement;0;1.38681;
./datasets/English//english_10;beguilement;0;1.38681;
./datasets/English//english_11;beguilement;0;1.38681;
./datasets/English//english_12;beguilement;0;1.38681;
./datasets/English//english_13;beguilement;0;1.38681;
./datasets/English//english_14;beguilement;0;1.38681;
./datasets/English//english_15;beguilement;0;1.38681;
./datasets/English//english_16;beguilement;0;1.38681;
./datasets/English//english_17;beguilement;0;1.38681;
./datasets/English//english_18;beguilement;0;1.38681;
./datasets/English//english_19;beguilement;0;1.38681;
./datasets/English//english_00;glottiscope;0;1.37981;
./datasets/English//english_01;glottiscope;0;1.37981;
./datasets/English//english_02;glottiscope;0;1.37981;
./datasets/English//english_03;glottiscope;0;1.37981;
./datasets/English//english_04;glottiscope;0;1.37981;
./datasets/English//english_05;glottiscope;0;1.37981;
./datasets/English//english_06;glottiscope;0;1.37981;
./datasets/English//english_07;glottiscope;0;1.37981;
./datasets/English//english_08;glottiscope;0;1.37981;
./datasets/English//english_09;glottiscope;0;1.37981;
./datasets/English//english_10;glottiscope;0;1.37981;
./datasets/English//english_11;glottiscope;0;1.37981;
./datasets/English//english_12;glottiscope;0;1.37981;
./datasets/English//english_13;glottiscope;0;1.37981;
./datasets/English//english_14;glottiscope;0;1.37981;
./datasets/English//english_15;glottiscope;0;1.37981;
./datasets/English//english_16;glottiscope;0;1.37981;
./datasets/English//english_17;glottiscope;0;1.37981;
./datasets/English//english_18;glottiscope;0;1.37981;
./datasets/English//english_19;glottiscope;0;1.37981;
./datasets/English//english_00;propagation;0;1.39632;
./datasets/English//english_01;propagation;0;1.39632;
./datasets/English//english_02;propagation;2;1.39632;
./datasets/English//english_03;propagation;0;1.39632;
./datasets/English//english_04;propagation;3;1.39632;
./datasets/English//english_05;propagation;0;1.39632;
./datasets/English//english_06;propagation;2;1.39632;
./datasets/English//english_07;propagation;0;1.39632;
./datasets/English//english_08;propagation;1;1.39632;
./datasets/English//english_09;propagation;0;1.39632;
./datasets/English//english_10;propagation;1;1.39632;
./datasets/English//english_11;propagation;1;1.39632;
./datasets/English//english_12;propagation;1;1.39632;
./datasets/English//english_13;propagation;0;1.39632;
./datasets/English//english_14;propagation;16;1.39632;
./datasets/English//english_15;propagation;0;1.39632;
./datasets/English//english_16;propagation;5;1.39632;
./datasets/English//english_17;propagation;1;1.39632;
./datasets/English//english_18;propagation;2;1.39632;
./datasets/English//english_19;propagation;0;1.39632;
./datasets/English//english_00;entrancement;0;1.35792;
./datasets/English//english_01;entrancement;0;1.35792;
./datasets/English//english_02;entrancement;0;1.35792;
./datasets/English//english_03;entrancement;0;1.35792;
./datasets/English//english_04;entrancement;0;1.35792;
./datasets/English//english_05;entrancement;0;1.35792;
./datasets/English//english_06;entrancement;0;1.35792;
./datasets/English//english_07;entrancement;0;1.35792;
./datasets/English//english_08;entrancement;0;1.35792;
./datasets/English//english_09;entrancement;0;1.35792;
./datasets/English//english_10;entrancement;0;1.35792;
./datasets/English//english_11;entrancement;0;1.35792;
./datasets/English//english_12;entrancement;0;1.35792;
./datasets/English//english_13;entrancement;0;1.35792;
./datasets/English//english_14;entrancement;0;1.35792;
./datasets/English//english_15;entrancement;0;1.35792;
./datasets/English//english_16;entrancement;0;1.35792;
./datasets/English//english_17;entrancement;0;1.35792;
./datasets/English//english_18;entrancement;0;1.35792;
./datasets/English//english_19;entrancement;0;1.35792;
./datasets/English//english_00;disbelief;2;1.42679;
./datasets/English//english_01;disbelief;2;1.42679;
./datasets/English//english_02;disbelief;0;1.42679;
./datasets/English//english_03;disbelief;0;1.42679;
./datasets/English//english_04;disbelief;2;1.42679;
./datasets/English//english_05;disbelief;0;1.42679;
./datasets/English//english_06;disbelief;0;1.42679;
./datasets/English//english_07;disbelief;0;1.42679;
./datasets/English//english_08;disbelief;0;1.42679;
./datasets/English//english_09;disbelief;0;1.42679;
./datasets/English//english_10;disbelief;1;1.42679;
./datasets/English//english_11;disbelief;2;1.42679;
./datasets/English//english_12;disbelief;0;1.42679;
./datasets/English//english_13;disbelief;1;1.42679;
./datasets/English//english_14;disbelief;2;1.42679;
./datasets/English//english_15;disbelief;0;1.42679;
./datasets/English//english_16;disbelief;2;1.42679;
./datasets/English//english_17;disbelief;4;1.42679;
./datasets/English//english_18;disbelief;1;1.42679;
./datasets/English//english_19;disbelief;0;1.42679;
./datasets/English//english_00;goatlike;0;1.47546;
./datasets/English//english_01;goatlike;0;1.47546;
./datasets/English//english_02;goatlike;0;1.47546;
./datasets/English//english_03;goatlike;0;1.47546;
./datasets/English//english_04;goatlike;0;1.47546;
./datasets/English//english_05;goatlike;0;1.47546;
./datasets/English//english_06;goatlike;0;1.47546;
./datasets/English//english_07;goatlike;0;1.47546;
./datasets/English//english_08;goatlike;0;1.47546;
./datasets/English//english_09;goatlike;0;1.47546;
./datasets/English//english_10;goatlike;0;1.47546;
./datasets/English//english_11;goatlike;0;1.47546;
./datasets/English//english_12;goatlike;0;1.47546;
./datasets/English//english_13;goatlike;0;1.47546;
./datasets/English//english_14;goatlike;0;1.47546;
./datasets/English//english_15;goatlike;0;1.47546;
./datasets/English//english_16;goatlike;0;1.47546;
./datasets/English//english_17;goatlike;0;1.47546;
./datasets/English//english_18;goatlike;0;1.47546;
./datasets/English//english_19;goatlike;0;1.47546;
./datasets/English//english_00;Tanyoan;0;1.49775;
./datasets/English//english_01;Tanyoan;0;1.49775;
./datasets/English//english_02;Tanyoan;0;1.49775;
./datasets/English//english_03;Tanyoan;0;1.49775;
./datasets/English//english_04;Tanyoan;0;1.49775;
./datasets/English//english_05;Tanyoan;0;1.49775;
./datasets/English//english_06;Tanyoan;0;1.49775;
./datasets/English//english_07;Tanyoan;0;1.49775;
./datasets/English//english_08;Tanyoan;0;1.49775;
./datasets/English//english_09;Tanyoan;0;1.49775;
./datasets/English//english_10;Tanyoan;0;1.49775;
./datasets/English//english_11;Tanyoan;0;1.49775;
./datasets/English//english_12;Tanyoan;0;1.49775;
./datasets/English//english_13;Tanyoan;0;1.49775;
./datasets/English//english_14;Tanyoan;0;1.49775;
./datasets/English//english_15;Tanyoan;0;1.49775;
./datasets/English//english_16;Tanyoan;0;1.49775;
./datasets/English//english_17;Tanyoan;0;1.49775;
./datasets/English//english_18;Tanyoan;0;1.49775;
./datasets/English//english_19;Tanyoan;0;1.49775;
./datasets/English//english_00;thecium;0;1.49132;
./datasets/English//english_01;thecium;0;1.49132;
./datasets/English//english_02;thecium;0;1.49132;
./datasets/English//english_03;thecium;0;1.49132;
./datasets/English//english_04;thecium;0;1.49132;
./datasets/English//english_05;thecium;0;1.49132;
./datasets/English//english_06;thecium;0;1.49132;
./datasets/English//english_07;thecium;0;1.49132;
./datasets/English//english_08;thecium;0;1.49132;
./datasets/English//english_09;thecium;0;1.49132;
./datasets/English//english_10;thecium;0;1.49132;
./datasets/English//english_11;thecium;0;1.49132;
./datasets/English//english_12;thecium;0;1.49132;
./datasets/English//english_13;thecium;0;1.49132;
./datasets/English//english_14;thecium;0;1.49132;
./datasets/English//english_15;thecium;0;1.49132;
./datasets/English//english_16;thecium;0;1.49132;
./datasets/English//english_17;thecium;0;1.49132;
./datasets/English//english_18;thecium;0;1.49132;
./datasets/English//english_19;thecium;0;1.49132;
./datasets/English//english_00;deforciant;0;1.51671;
./datasets/English//english_01;deforciant;0;1.51671;
./datasets/English//english_02;deforciant;0;1.51671;
./datasets/English//english_03;deforciant;0;1.51671;
./datasets/English//english_04;deforciant;0;1.51671;
./datasets/English//english_05;deforciant;0;1.51671;
./datasets/English//english_06;deforciant;0;1.51671;
./datasets/English//english_07;deforciant;0;1.51671;
./datasets/English//english_08;deforciant;0;1.51671;
./datasets/English//english_09;deforciant;0;1.51671;
./datasets/English//english_10;deforciant;0;1.51671;
./datasets/English//english_11;deforciant;0;1.51671;
./datasets/English//english_12;deforciant;0;1.51671;
./datasets/English//english_13;deforciant;0;1.51671;
./datasets/English//english_14;deforciant;0;1.51671;
./datasets/English//english_15;deforciant;0;1.51671;
./datasets/English//english_16;deforciant;0;1.51671;
./datasets/English//english_17;deforciant;0;1.51671;
./datasets/English//english_18;deforciant;0;1.51671;
./datasets/English//english_19;deforciant;0;1.51671;
./datasets/English//english_00;coachwhip;0;1.42684;
./datasets/English//english_01;coachwhip;0;1.42684;
./datasets/English//english_02;coachwhip;0;1.42684;
./datasets/English//english_03;coachwhip;0;1.42684;
./datasets/English//english_04;coachwhip;0;1.42684;
./datasets/English//english_05;coachwhip;0;1.42684;
./datasets/English//english_06;coachwhip;0;1.42684;
./datasets/English//english_07;coachwhip;0;1.42684;
./datasets/English//english_08;coachwhip;0;1.42684;
./datasets/English//english_09;coachwhip;0;1.42684;
./datasets/English//english_10;coachwhip;0;1.42684;
./datasets/English//english_11;coachwhip;0;1.42684;
./datasets/English//english_12;coachwhip;0;1.42684;
./datasets/English//english_13;coachwhip;0;1.42684;
./datasets/English//english_14;coachwhip;0;1.42684;
./datasets/English//english_15;coachwhip;0;1.42684;
./datasets/English//english_16;coachwhip;0;1.42684;
./datasets/English//english_17;coachwhip;0;1.42684;
./datasets/English//english_18;coachwhip;0;1.42684;
./datasets/English//english_19;coachwhip;0;1.42684;
./datasets/English//english_00;enviableness;0;1.35298;
./datasets/English//english_01;enviableness;0;1.35298;
./datasets/English//english_02;enviableness;0;1.35298;
./datasets/English//english_03;enviableness;0;1.35298;
./datasets/English//english_04;enviableness;0;1.35298;
./datasets/English//english_05;enviableness;0;1.35298;
./datasets/English//english_06;enviableness;0;1.35298;
./datasets/English//english_07;enviableness;0;1.35298;
./datasets/English//english_08;enviableness;0;1.35298;
./datasets/English//english_09;enviableness;0;1.35298;
./datasets/English//english_10;enviableness;0;1.35298;
./datasets/English//english_11;enviableness;0;1.35298;
./datasets/English//english_12;enviableness;0;1.35298;
./datasets/English//english_13;enviableness;0;1.35298;
./datasets/English//english_14;enviableness;0;1.35298;
./datasets/English//english_15;enviableness;0;1.35298;
./datasets/English//english_16;enviableness;0;1.35298;
./datasets/English//english_17;enviableness;0;1.35298;
./datasets/English//english_18;enviableness;0;1.35298;
./datasets/English//english_19;enviableness;0;1.35298;
./datasets/English//english_00;duroquinone;0;1.38735;
./datasets/English//english_01;duroquinone;0;1.38735;
./datasets/English//english_02;duroquinone;0;1.38735;
./datasets/English//english_03;duroquinone;0;1.38735;
./datasets/English//english_04;duroquinone;0;1.38735;
./datasets/English//english_05;duroquinone;0;1.38735;
./datasets/English//english_06;duroquinone;0;1.38735;
./datasets/English//english_07;duroquinone;0;1.38735;
./datasets/English//english_08;duroquinone;0;1.38735;
./datasets/English//english_09;duroquinone;0;1.38735;
./datasets/English//english_10;duroquinone;0;1.38735;
./datasets/English//english_11;duroquinone;0;1.38735;
./datasets/English//english_12;duroquinone;0;1.38735;
./datasets/English//english_13;duroquinone;0;1.38735;
./datasets/English//english_14;duroquinone;0;1.38735;
./datasets/English//english_15;duroquinone;0;1.38735;
./datasets/English//english_16;duroquinone;0;1.38735;
./datasets/English//english_17;duroquinone;0;1.38735;
./datasets/English//english_18;duroquinone;0;1.38735;
./datasets/English//english_19;duroquinone;0;1.38735;
./datasets/English//english_00;smirchy;0;1.48475;
./datasets/English//english_01;smirchy;0;1.48475;
./datasets/English//english_02;smirchy;0;1.48475;
./datasets/English//english_03;smirchy;0;1.48475;
./datasets/English//english_04;smirchy;0;1.48475;
./datasets/English//english_05;smirchy;0;1.48475;
./datasets/English//english_06;smirchy;0;1.48475;
./datasets/English//english_07;smirchy;0;1.48475;
./datasets/English//english_08;smirchy;0;1.48475;
./datasets/English//english_09;smirchy;0;1.48475;
./datasets/English//english_10;smirchy;0;1.48475;
./datasets/English//english_11;smirchy;0;1.48475;
./datasets/English//english_12;smirchy;0;1.48475;
./datasets/English//english_13;smirchy;0;1.48475;
./datasets/English//english_14;smirchy;0;1.48475;
./datasets/English//english_15;smirchy;0;1.48475;
./datasets/English//english_16;smirchy;0;1.48475;
./datasets/English//english_17;smirchy;0;1.48475;
./datasets/English//english_18;smirchy;0;1.48475;
./datasets/English//english_19;smirchy;0;1.48475;
./datasets/English//english_00;whisky;13;1.51056;
./datasets/English//english_01;whisky;2;1.51056;
./datasets/English//english_02;whisky;6;1.51056;
./datasets/English//english_03;whisky;3;1.51056;
./datasets/English//english_04;whisky;1;1.51056;
./datasets/English//english_05;whisky;44;1.51056;
./datasets/English//english_06;whisky;1;1.51056;
./datasets/English//english_07;whisky;0;1.51056;
./datasets/English//english_08;whisky;0;1.51056;
./datasets/English//english_09;whisky;0;1.51056;
./datasets/English//english_10;whisky;2;1.51056;
./datasets/English//english_11;whisky;0;1.51056;
./datasets/English//english_12;whisky;4;1.51056;
./datasets/English//english_13;whisky;2;1.51056;
./datasets/English//english_14;whisky;1;1.51056;
./datasets/English//english_15;whisky;1;1.51056;
./datasets/English//english_16;whisky;5;1.51056;
./datasets/English//english_17;whisky;2;1.51056;
./datasets/English//english_18;whisky;7;1.51056;
./datasets/English//english_19;whisky;0;1.51056;
./datasets/English//english_00;forcing;14;1.5058;
./datasets/English//english_01;forcing;2;1.5058;
./datasets/English//english_02;forcing;3;1.5058;
./datasets/English//english_03;forcing;2;1.5058;
./datasets/English//english_04;forcing;6;1.5058;
./datasets/English//english_05;forcing;9;1.5058;
./datasets/English//english_06;forcing;15;1.5058;
./datasets/English//english_07;forcing;2;1.5058;
./datasets/English//english_08;forcing;11;1.5058;
./datasets/English//english_09;forcing;10;1.5058;
./datasets/English//english_10;forcing;8;1.5058;
./datasets/English//english_11;forcing;17;1.5058;
./datasets/English//english_12;forcing;18;1.5058;
./datasets/English//english_13;forcing;9;1.5058;
./datasets/English//english_14;forcing;15;1.5058;
./datasets/English//english_15;forcing;8;1.5058;
./datasets/English//english_16;forcing;6;1.5058;
./datasets/English//english_17;forcing;9;1.5058;
./datasets/English//english_18;forcing;9;1.5058;
./datasets/English//english_19;forcing;20;1.5058;
./datasets/English//english_00;homosystemic;0;1.39491;
./datasets/English//english_01;homosystemic;0;1.39491;
./datasets/English//english_02;homosystemic;0;1.39491;
./datasets/English//english_03;homosystemic;0;1.39491;
./datasets/English//english_04;homosystemic;0;1.39491;
./datasets/English//english_05;homosystemic;0;1.39491;
./datasets/English//english_06;homosystemic;0;1.39491;
./datasets/English//english_07;homosystemic;0;1.39491;
./datasets/English//english_08;homosystemic;0;1.39491;
./datasets/English//english_09;homosystemic;0;1.39491;
./datasets/English//english_10;homosystemic;0;1.39491;
./datasets/English//english_11;homosystemic;0;1.39491;
./datasets/English//english_12;homosystemic;0;1.39491;
./datasets/English//english_13;homosystemic;0;1.39491;
./datasets/English//english_14;homosystemic;0;1.39491;
./datasets/English//english_15;homosystemic;0;1.39491;
./datasets/English//english_16;homosystemic;0;1.39491;
./datasets/English//english_17;homosystemic;0;1.39491;
./datasets/English//english_18;homosystemic;0;1.39491;
./datasets/English//english_19;homosystemic;0;1.39491;
./datasets/English//english_00;underact;0;1.53484;
./datasets/English//english_01;underact;0;1.53484;
./datasets/English//english_02;underact;0;1.53484;
./datasets/English//english_03;underact;0;1.53484;
./datasets/English//english_04;underact;0;1.53484;
./datasets/English//english_05;underact;0;1.53484;
./datasets/English//english_06;underact;0;1.53484;
./datasets/English//english_07;underact;0;1.53484;
./datasets/English//english_08;underact;0;1.53484;
./datasets/English//english_09;underact;0;1.53484;
./datasets/English//english_10;underact;0;1.53484;
./datasets/English//english_11;underact;0;1.53484;
./datasets/English//english_12;underact;0;1.53484;
./datasets/English//english_13;underact;0;1.53484;
./datasets/English//english_14;underact;0;1.53484;
./datasets/English//english_15;underact;0;1.53484;
./datasets/English//english_16;underact;0;1.53484;
./datasets/English//english_17;underact;0;1.53484;
./datasets/English//english_18;underact;0;1.53484;
./datasets/English//english_19;underact;0;1.53484;
./datasets/English//english_00;autosyndesis;0;1.37592;
./datasets/English//english_01;autosyndesis;0;1.37592;
./datasets/English//english_02;autosyndesis;0;1.37592;
./datasets/English//english_03;autosyndesis;0;1.37592;
./datasets/English//english_04;autosyndesis;0;1.37592;
./datasets/English//english_05;autosyndesis;0;1.37592;
./datasets/English//english_06;autosyndesis;0;1.37592;
./datasets/English//english_07;autosyndesis;0;1.37592;
./datasets/English//english_08;autosyndesis;0;1.37592;
./datasets/English//english_09;autosyndesis;0;1.37592;
./datasets/English//english_10;autosyndesis;0;1.37592;
./datasets/English//english_11;autosyndesis;0;1.37592;
./datasets/English//english_12;autosyndesis;0;1.37592;
./datasets/English//english_13;autosyndesis;0;1.37592;
./datasets/English//english_14;autosyndesis;0;1.37592;
./datasets/English//english_15;autosyndesis;0;1.37592;
./datasets/English//english_16;autosyndesis;0;1.37592;
./datasets/English//english_17;autosyndesis;0;1.37592;
./datasets/English//english_18;autosyndesis;0;1.37592;
./datasets/English//english_19;autosyndesis;0;1.37592;
./datasets/English//english_00;sybaritism;0;1.43697;
./datasets/English//english_01;sybaritism;0;1.43697;
./datasets/English//english_02;sybaritism;0;1.43697;
./datasets/English//english_03;sybaritism;0;1.43697;
./datasets/English//english_04;sybaritism;0;1.43697;
./datasets/English//english_05;sybaritism;0;1.43697;
./datasets/English//english_06;sybaritism;0;1.43697;
./datasets/English//english_07;sybaritism;0;1.43697;
./datasets/English//english_08;sybaritism;0;1.43697;
./datasets/English//english_09;sybaritism;0;1.43697;
./datasets/English//english_10;sybaritism;0;1.43697;
./datasets/English//english_11;sybaritism;0;1.43697;
./datasets/English//english_12;sybaritism;0;1.43697;
./datasets/English//english_13;sybaritism;0;1.43697;
./datasets/English//english_14;sybaritism;0;1.43697;
./datasets/English//english_15;sybaritism;0;1.43697;
./datasets/English//english_16;sybaritism;0;1.43697;
./datasets/English//english_17;sybaritism;0;1.43697;
./datasets/English//english_18;sybaritism;0;1.43697;
./datasets/English//english_19;sybaritism;0;1.43697;
./datasets/English//english_00;scorching;5;1.459;
./datasets/English//english_01;scorching;3;1.459;
./datasets/English//english_02;scorching;5;1.459;
./datasets/English//english_03;scorching;0;1.459;
./datasets/English//english_04;scorching;0;1.459;
./datasets/English//english_05;scorching;1;1.459;
./datasets/English//english_06;scorching;1;1.459;
./datasets/English//english_07;scorching;1;1.459;
./datasets/English//english_08;scorching;0;1.459;
./datasets/English//english_09;scorching;0;1.459;
./datasets/English//english_10;scorching;2;1.459;
./datasets/English//english_11;scorching;1;1.459;
./datasets/English//english_12;scorching;2;1.459;
./datasets/English//english_13;scorching;1;1.459;
./datasets/English//english_14;scorching;1;1.459;
./datasets/English//english_15;scorching;1;1.459;
./datasets/English//english_16;scorching;0;1.459;
./datasets/English//english_17;scorching;2;1.459;
./datasets/English//english_18;scorching;1;1.459;
./datasets/English//english_19;scorching;0;1.459;
./datasets/English//english_00;testiere;0;1.47173;
./datasets/English//english_01;testiere;0;1.47173;
./datasets/English//english_02;testiere;0;1.47173;
./datasets/English//english_03;testiere;0;1.47173;
./datasets/English//english_04;testiere;0;1.47173;
./datasets/English//english_05;testiere;0;1.47173;
./datasets/English//english_06;testiere;0;1.47173;
./datasets/English//english_07;testiere;0;1.47173;
./datasets/English//english_08;testiere;0;1.47173;
./datasets/English//english_09;testiere;0;1.47173;
./datasets/English//english_10;testiere;0;1.47173;
./datasets/English//english_11;testiere;0;1.47173;
./datasets/English//english_12;testiere;0;1.47173;
./datasets/English//english_13;testiere;0;1.47173;
./datasets/English//english_14;testiere;0;1.47173;
./datasets/English//english_15;testiere;0;1.47173;
./datasets/English//english_16;testiere;0;1.47173;
./datasets/English//english_17;testiere;0;1.47173;
./datasets/English//english_18;testiere;0;1.47173;
./datasets/English//english_19;testiere;0;1.47173;
./datasets/English//english_00;nonporphyritic;0;1.62248;
./datasets/English//english_01;nonporphyritic;0;1.62248;
./datasets/English//english_02;nonporphyritic;0;1.62248;
./datasets/English//english_03;nonporphyritic;0;1.62248;
./datasets/English//english_04;nonporphyritic;0;1.62248;
./datasets/English//english_05;nonporphyritic;0;1.62248;
./datasets/English//english_06;nonporphyritic;0;1.62248;
./datasets/English//english_07;nonporphyritic;0;1.62248;
./datasets/English//english_08;nonporphyritic;0;1.62248;
./datasets/English//english_09;nonporphyritic;0;1.62248;
./datasets/English//english_10;nonporphyritic;0;1.62248;
./datasets/English//english_11;nonporphyritic;0;1.62248;
./datasets/English//english_12;nonporphyritic;0;1.62248;
./datasets/English//english_13;nonporphyritic;0;1.62248;
./datasets/English//english_14;nonporphyritic;0;1.62248;
./datasets/English//english_15;nonporphyritic;0;1.62248;
./datasets/English//english_16;nonporphyritic;0;1.62248;
./datasets/English//english_17;nonporphyritic;0;1.62248;
./datasets/English//english_18;nonporphyritic;0;1.62248;
./datasets/English//english_19;nonporphyritic;0;1.62248;
./datasets/English//english_00;cephalhematoma;0;1.54214;
./datasets/English//english_01;cephalhematoma;0;1.54214;
./datasets/English//english_02;cephalhematoma;0;1.54214;
./datasets/English//english_03;cephalhematoma;0;1.54214;
./datasets/English//english_04;cephalhematoma;0;1.54214;
./datasets/English//english_05;cephalhematoma;0;1.54214;
./datasets/English//english_06;cephalhematoma;0;1.54214;
./datasets/English//english_07;cephalhematoma;0;1.54214;
./datasets/English//english_08;cephalhematoma;0;1.54214;
./datasets/English//english_09;cephalhematoma;0;1.54214;
./datasets/English//english_10;cephalhematoma;0;1.54214;
./datasets/English//english_11;cephalhematoma;0;1.54214;
./datasets/English//english_12;cephalhematoma;0;1.54214;
./datasets/English//english_13;cephalhematoma;0;1.54214;
./datasets/English//english_14;cephalhematoma;0;1.54214;
./datasets/English//english_15;cephalhematoma;0;1.54214;
./datasets/English//english_16;cephalhematoma;0;1.54214;
./datasets/English//english_17;cephalhematoma;0;1.54214;
./datasets/English//english_18;cephalhematoma;0;1.54214;
./datasets/English//english_19;cephalhematoma;0;1.54214;
./datasets/English//english_00;oxyquinoline;0;1.49415;
./datasets/English//english_01;oxyquinoline;0;1.49415;
./datasets/English//english_02;oxyquinoline;0;1.49415;
./datasets/English//english_03;oxyquinoline;0;1.49415;
./datasets/English//english_04;oxyquinoline;0;1.49415;
./datasets/English//english_05;oxyquinoline;0;1.49415;
./datasets/English//english_06;oxyquinoline;0;1.49415;
./datasets/English//english_07;oxyquinoline;0;1.49415;
./datasets/English//english_08;oxyquinoline;0;1.49415;
./datasets/English//english_09;oxyquinoline;0;1.49415;
./datasets/English//english_10;oxyquinoline;0;1.49415;
./datasets/English//english_11;oxyquinoline;0;1.49415;
./datasets/English//english_12;oxyquinoline;0;1.49415;
./datasets/English//english_13;oxyquinoline;0;1.49415;
./datasets/English//english_14;oxyquinoline;0;1.49415;
./datasets/English//english_15;oxyquinoline;0;1.49415;
./datasets/English//english_16;oxyquinoline;0;1.49415;
./datasets/English//english_17;oxyquinoline;0;1.49415;
./datasets/English//english_18;oxyquinoline;0;1.49415;
./datasets/English//english_19;oxyquinoline;0;1.49415;
./datasets/English//english_00;azo;16;1.90907;
./datasets/English//english_01;azo;16;1.90907;
./datasets/English//english_02;azo;170;1.90907;
./datasets/English//english_03;azo;52;1.90907;
./datasets/English//english_04;azo;105;1.90907;
./datasets/English//english_05;azo;19;1.90907;
./datasets/English//english_06;azo;17;1.90907;
./datasets/English//english_07;azo;7;1.90907;
./datasets/English//english_08;azo;10;1.90907;
./datasets/English//english_09;azo;9;1.90907;
./datasets/English//english_10;azo;12;1.90907;
./datasets/English//english_11;azo;9;1.90907;
./datasets/English//english_12;azo;71;1.90907;
./datasets/English//english_13;azo;18;1.90907;
./datasets/English//english_14;azo;17;1.90907;
./datasets/English//english_15;azo;4;1.90907;
./datasets/English//english_16;azo;20;1.90907;
./datasets/English//english_17;azo;12;1.90907;
./datasets/English//english_18;azo;20;1.90907;
./datasets/English//english_19;azo;30;1.90907;
./datasets/English//english_00;scrimshorn;0;1.51086;
./datasets/English//english_01;scrimshorn;0;1.51086;
./datasets/English//english_02;scrimshorn;0;1.51086;
./datasets/English//english_03;scrimshorn;0;1.51086;
./datasets/English//english_04;scrimshorn;0;1.51086;
./datasets/English//english_05;scrimshorn;0;1.51086;
./datasets/English//english_06;scrimshorn;0;1.51086;
./datasets/English//english_07;scrimshorn;0;1.51086;
./datasets/English//english_08;scrimshorn;0;1.51086;
./datasets/English//english_09;scrimshorn;0;1.51086;
./datasets/English//english_10;scrimshorn;0;1.51086;
./datasets/English//english_11;scrimshorn;0;1.51086;
./datasets/English//english_12;scrimshorn;0;1.51086;
./datasets/English//english_13;scrimshorn;0;1.51086;
./datasets/English//english_14;scrimshorn;0;1.51086;
./datasets/English//english_15;scrimshorn;0;1.51086;
./datasets/English//english_16;scrimshorn;0;1.51086;
./datasets/English//english_17;scrimshorn;0;1.51086;
./datasets/English//english_18;scrimshorn;0;1.51086;
./datasets/English//english_19;scrimshorn;0;1.51086;
./datasets/English//english_00;unreeling;0;1.4991;
./datasets/English//english_01;unreeling;0;1.4991;
./datasets/English//english_02;unreeling;0;1.4991;
./datasets/English//english_03;unreeling;0;1.4991;
./datasets/English//english_04;unreeling;0;1.4991;
./datasets/English//english_05;unreeling;0;1.4991;
./datasets/English//english_06;unreeling;0;1.4991;
./datasets/English//english_07;unreeling;0;1.4991;
./datasets/English//english_08;unreeling;0;1.4991;
./datasets/English//english_09;unreeling;0;1.4991;
./datasets/English//english_10;unreeling;0;1.4991;
./datasets/English//english_11;unreeling;0;1.4991;
./datasets/English//english_12;unreeling;0;1.4991;
./datasets/English//english_13;unreeling;0;1.4991;
./datasets/English//english_14;unreeling;0;1.4991;
./datasets/English//english_15;unreeling;0;1.4991;
./datasets/English//english_16;unreeling;0;1.4991;
./datasets/English//english_17;unreeling;1;1.4991;
./datasets/English//english_18;unreeling;0;1.4991;
./datasets/English//english_19;unreeling;0;1.4991;
./datasets/English//english_00;burnt;27;1.67897;
./datasets/English//english_01;burnt;26;1.67897;
./datasets/English//english_02;burnt;35;1.67897;
./datasets/English//english_03;burnt;53;1.67897;
./datasets/English//english_04;burnt;20;1.67897;
./datasets/English//english_05;burnt;13;1.67897;
./datasets/English//english_06;burnt;45;1.67897;
./datasets/English//english_07;burnt;26;1.67897;
./datasets/English//english_08;burnt;42;1.67897;
./datasets/English//english_09;burnt;30;1.67897;
./datasets/English//english_10;burnt;10;1.67897;
./datasets/English//english_11;burnt;31;1.67897;
./datasets/English//english_12;burnt;9;1.67897;
./datasets/English//english_13;burnt;34;1.67897;
./datasets/English//english_14;burnt;12;1.67897;
./datasets/English//english_15;burnt;20;1.67897;
./datasets/English//english_16;burnt;22;1.67897;
./datasets/English//english_17;burnt;6;1.67897;
./datasets/English//english_18;burnt;18;1.67897;
./datasets/English//english_19;burnt;4;1.67897;
./datasets/English//english_00;kilocycle;0;1.50306;
./datasets/English//english_01;kilocycle;0;1.50306;
./datasets/English//english_02;kilocycle;0;1.50306;
./datasets/English//english_03;kilocycle;0;1.50306;
./datasets/English//english_04;kilocycle;0;1.50306;
./datasets/English//english_05;kilocycle;0;1.50306;
./datasets/English//english_06;kilocycle;0;1.50306;
./datasets/English//english_07;kilocycle;0;1.50306;
./datasets/English//english_08;kilocycle;0;1.50306;
./datasets/English//english_09;kilocycle;0;1.50306;
./datasets/English//english_10;kilocycle;0;1.50306;
./datasets/English//english_11;kilocycle;0;1.50306;
./datasets/English//english_12;kilocycle;0;1.50306;
./datasets/English//english_13;kilocycle;0;1.50306;
./datasets/English//english_14;kilocycle;0;1.50306;
./datasets/English//english_15;kilocycle;0;1.50306;
./datasets/English//english_16;kilocycle;0;1.50306;
./datasets/English//english_17;kilocycle;0;1.50306;
./datasets/English//english_18;kilocycle;0;1.50306;
./datasets/English//english_19;kilocycle;0;1.50306;
./datasets/English//english_00;lactenin;0;1.50602;
./datasets/English//english_01;lactenin;0;1.50602;
./datasets/English//english_02;lactenin;0;1.50602;
./datasets/English//english_03;lactenin;0;1.50602;
./datasets/English//english_04;lactenin;0;1.50602;
./datasets/English//english_05;lactenin;0;1.50602;
./datasets/English//english_06;lactenin;0;1.50602;
./datasets/English//english_07;lactenin;0;1.50602;
./datasets/English//english_08;lactenin;0;1.50602;
./datasets/English//english_09;lactenin;0;1.50602;
./datasets/English//english_10;lactenin;0;1.50602;
./datasets/English//english_11;lactenin;0;1.50602;
./datasets/English//english_12;lactenin;0;1.50602;
./datasets/English//english_13;lactenin;0;1.50602;
./datasets/English//english_14;lactenin;0;1.50602;
./datasets/English//english_15;lactenin;0;1.50602;
./datasets/English//english_16;lactenin;0;1.50602;
./datasets/English//english_17;lactenin;0;1.50602;
./datasets/English//english_18;lactenin;0;1.50602;
./datasets/English//english_19;lactenin;0;1.50602;
./datasets/English//english_00;Decimus;0;1.49399;
./datasets/English//english_01;Decimus;0;1.49399;
./datasets/English//english_02;Decimus;0;1.49399;
./datasets/English//english_03;Decimus;0;1.49399;
./datasets/English//english_04;Decimus;0;1.49399;
./datasets/English//english_05;Decimus;0;1.49399;
./datasets/English//english_06;Decimus;0;1.49399;
./datasets/English//english_07;Decimus;0;1.49399;
./datasets/English//english_08;Decimus;0;1.49399;
./datasets/English//english_09;Decimus;0;1.49399;
./datasets/English//english_10;Decimus;0;1.49399;
./datasets/English//english_11;Decimus;0;1.49399;
./datasets/English//english_12;Decimus;0;1.49399;
./datasets/English//english_13;Decimus;0;1.49399;
./datasets/English//english_14;Decimus;0;1.49399;
./datasets/English//english_15;Decimus;0;1.49399;
./datasets/English//english_16;Decimus;0;1.49399;
./datasets/English//english_17;Decimus;0;1.49399;
./datasets/English//english_18;Decimus;0;1.49399;
./datasets/English//english_19;Decimus;0;1.49399;
./datasets/English//english_00;patter;7;1.61788;
./datasets/English//english_01;patter;5;1.61788;
./datasets/English//english_02;patter;8;1.61788;
./datasets/English//english_03;patter;9;1.61788;
./datasets/English//english_04;patter;20;1.61788;
./datasets/English//english_05;patter;22;1.61788;
./datasets/English//english_06;patter;18;1.61788;
./datasets/English//english_07;patter;15;1.61788;
./datasets/English//english_08;patter;14;1.61788;
./datasets/English//english_09;patter;5;1.61788;
./datasets/English//english_10;patter;3;1.61788;
./datasets/English//english_11;patter;16;1.61788;
./datasets/English//english_12;patter;13;1.61788;
./datasets/English//english_13;patter;20;1.61788;
./datasets/English//english_14;patter;57;1.61788;
./datasets/English//english_15;patter;22;1.61788;
./datasets/English//english_16;patter;19;1.61788;
./datasets/English//english_17;patter;20;1.61788;
./datasets/English//english_18;patter;18;1.61788;
./datasets/English//english_19;patter;5;1.61788;
./datasets/English//english_00;jetbead;0;1.50312;
./datasets/English//english_01;jetbead;0;1.50312;
./datasets/English//english_02;jetbead;0;1.50312;
./datasets/English//english_03;jetbead;0;1.50312;
./datasets/English//english_04;jetbead;0;1.50312;
./datasets/English//english_05;jetbead;0;1.50312;
./datasets/English//english_06;jetbead;0;1.50312;
./datasets/English//english_07;jetbead;0;1.50312;
./datasets/English//english_08;jetbead;0;1.50312;
./datasets/English//english_09;jetbead;0;1.50312;
./datasets/English//english_10;jetbead;0;1.50312;
./datasets/English//english_11;jetbead;0;1.50312;
./datasets/English//english_12;jetbead;0;1.50312;
./datasets/English//english_13;jetbead;0;1.50312;
./datasets/English//english_14;jetbead;0;1.50312;
./datasets/English//english_15;jetbead;0;1.50312;
./datasets/English//english_16;jetbead;0;1.50312;
./datasets/English//english_17;jetbead;0;1.50312;
./datasets/English//english_18;jetbead;0;1.50312;
./datasets/English//english_19;jetbead;0;1.50312;
./datasets/English//english_00;Pygidium;0;1.42191;
./datasets/English//english_01;Pygidium;0;1.42191;
./datasets/English//english_02;Pygidium;0;1.42191;
./datasets/English//english_03;Pygidium;0;1.42191;
./datasets/English//english_04;Pygidium;0;1.42191;
./datasets/English//english_05;Pygidium;0;1.42191;
./datasets/English//english_06;Pygidium;0;1.42191;
./datasets/English//english_07;Pygidium;0;1.42191;
./datasets/English//english_08;Pygidium;0;1.42191;
./datasets/English//english_09;Pygidium;0;1.42191;
./datasets/English//english_10;Pygidium;0;1.42191;
./datasets/English//english_11;Pygidium;0;1.42191;
./datasets/English//english_12;Pygidium;0;1.42191;
./datasets/English//english_13;Pygidium;0;1.42191;
./datasets/English//english_14;Pygidium;0;1.42191;
./datasets/English//english_15;Pygidium;0;1.42191;
./datasets/English//english_16;Pygidium;0;1.42191;
./datasets/English//english_17;Pygidium;0;1.42191;
./datasets/English//english_18;Pygidium;0;1.42191;
./datasets/English//english_19;Pygidium;0;1.42191;
./datasets/English//english_00;bitterroot;0;1.42408;
./datasets/English//english_01;bitterroot;0;1.42408;
./datasets/English//english_02;bitterroot;0;1.42408;
./datasets/English//english_03;bitterroot;0;1.42408;
./datasets/English//english_04;bitterroot;0;1.42408;
./datasets/English//english_05;bitterroot;0;1.42408;
./datasets/English//english_06;bitterroot;0;1.42408;
./datasets/English//english_07;bitterroot;0;1.42408;
./datasets/English//english_08;bitterroot;0;1.42408;
./datasets/English//english_09;bitterroot;0;1.42408;
./datasets/English//english_10;bitterroot;0;1.42408;
./datasets/English//english_11;bitterroot;0;1.42408;
./datasets/English//english_12;bitterroot;0;1.42408;
./datasets/English//english_13;bitterroot;0;1.42408;
./datasets/English//english_14;bitterroot;0;1.42408;
./datasets/English//english_15;bitterroot;0;1.42408;
./datasets/English//english_16;bitterroot;0;1.42408;
./datasets/English//english_17;bitterroot;0;1.42408;
./datasets/English//english_18;bitterroot;0;1.42408;
./datasets/English//english_19;bitterroot;0;1.42408;
./datasets/English//english_00;thoke;0;1.73702;
./datasets/English//english_01;thoke;0;1.73702;
./datasets/English//english_02;thoke;0;1.73702;
./datasets/English//english_03;thoke;0;1.73702;
./datasets/English//english_04;thoke;0;1.73702;
./datasets/English//english_05;thoke;0;1.73702;
./datasets/English//english_06;thoke;0;1.73702;
./datasets/English//english_07;thoke;0;1.73702;
./datasets/English//english_08;thoke;0;1.73702;
./datasets/English//english_09;thoke;0;1.73702;
./datasets/English//english_10;thoke;0;1.73702;
./datasets/English//english_11;thoke;0;1.73702;
./datasets/English//english_12;thoke;0;1.73702;
./datasets/English//english_13;thoke;0;1.73702;
./datasets/English//english_14;thoke;0;1.73702;
./datasets/English//english_15;thoke;0;1.73702;
./datasets/English//english_16;thoke;0;1.73702;
./datasets/English//english_17;thoke;0;1.73702;
./datasets/English//english_18;thoke;0;1.73702;
./datasets/English//english_19;thoke;0;1.73702;
./datasets/English//english_00;septated;0;1.49;
./datasets/English//english_01;septated;0;1.49;
./datasets/English//english_02;septated;0;1.49;
./datasets/English//english_03;septated;0;1.49;
./datasets/English//english_04;septated;0;1.49;
./datasets/English//english_05;septated;0;1.49;
./datasets/English//english_06;septated;0;1.49;
./datasets/English//english_07;septated;0;1.49;
./datasets/English//english_08;septated;0;1.49;
./datasets/English//english_09;septated;0;1.49;
./datasets/English//english_10;septated;0;1.49;
./datasets/English//english_11;septated;0;1.49;
./datasets/English//english_12;septated;0;1.49;
./datasets/English//english_13;septated;0;1.49;
./datasets/English//english_14;septated;0;1.49;
./datasets/English//english_15;septated;0;1.49;
./datasets/English//english_16;septated;0;1.49;
./datasets/English//english_17;septated;0;1.49;
./datasets/English//english_18;septated;0;1.49;
./datasets/English//english_19;septated;0;1.49;
./datasets/English//english_00;trinodal;0;1.48198;
./datasets/English//english_01;trinodal;0;1.48198;
./datasets/English//english_02;trinodal;0;1.48198;
./datasets/English//english_03;trinodal;0;1.48198;
./datasets/English//english_04;trinodal;0;1.48198;
./datasets/English//english_05;trinodal;0;1.48198;
./datasets/English//english_06;trinodal;0;1.48198;
./datasets/English//english_07;trinodal;0;1.48198;
./datasets/English//english_08;trinodal;0;1.48198;
./datasets/English//english_09;trinodal;0;1.48198;
./datasets/English//english_10;trinodal;0;1.48198;
./datasets/English//english_11;trinodal;0;1.48198;
./datasets/English//english_12;trinodal;0;1.48198;
./datasets/English//english_13;trinodal;0;1.48198;
./datasets/English//english_14;trinodal;0;1.48198;
./datasets/English//english_15;trinodal;0;1.48198;
./datasets/English//english_16;trinodal;0;1.48198;
./datasets/English//english_17;trinodal;0;1.48198;
./datasets/English//english_18;trinodal;0;1.48198;
./datasets/English//english_19;trinodal;0;1.48198;
./datasets/English//english_00;qualitied;0;1.52699;
./datasets/English//english_01;qualitied;0;1.52699;
./datasets/English//english_02;qualitied;0;1.52699;
./datasets/English//english_03;qualitied;0;1.52699;
./datasets/English//english_04;qualitied;0;1.52699;
./datasets/English//english_05;qualitied;0;1.52699;
./datasets/English//english_06;qualitied;0;1.52699;
./datasets/English//english_07;qualitied;0;1.52699;
./datasets/English//english_08;qualitied;0;1.52699;
./datasets/English//english_09;qualitied;0;1.52699;
./datasets/English//english_10;qualitied;0;1.52699;
./datasets/English//english_11;qualitied;0;1.52699;
./datasets/English//english_12;qualitied;0;1.52699;
./datasets/English//english_13;qualitied;0;1.52699;
./datasets/English//english_14;qualitied;0;1.52699;
./datasets/English//english_15;qualitied;0;1.52699;
./datasets/English//english_16;qualitied;0;1.52699;
./datasets/English//english_17;qualitied;0;1.52699;
./datasets/English//english_18;qualitied;0;1.52699;
./datasets/English//english_19;qualitied;0;1.52699;
./datasets/English//english_00;gotten;46;1.6599;
./datasets/English//english_01;gotten;54;1.6599;
./datasets/English//english_02;gotten;84;1.6599;
./datasets/English//english_03;gotten;142;1.6599;
./datasets/English//english_04;gotten;81;1.6599;
./datasets/English//english_05;gotten;94;1.6599;
./datasets/English//english_06;gotten;62;1.6599;
./datasets/English//english_07;gotten;103;1.6599;
./datasets/English//english_08;gotten;90;1.6599;
./datasets/English//english_09;gotten;120;1.6599;
./datasets/English//english_10;gotten;54;1.6599;
./datasets/English//english_11;gotten;116;1.6599;
./datasets/English//english_12;gotten;72;1.6599;
./datasets/English//english_13;gotten;96;1.6599;
./datasets/English//english_14;gotten;47;1.6599;
./datasets/English//english_15;gotten;114;1.6599;
./datasets/English//english_16;gotten;81;1.6599;
./datasets/English//english_17;gotten;123;1.6599;
./datasets/English//english_18;gotten;112;1.6599;
./datasets/English//english_19;gotten;101;1.6599;
./datasets/English//english_00;unclassable;0;1.43203;
./datasets/English//english_01;unclassable;0;1.43203;
./datasets/English//english_02;unclassable;0;1.43203;
./datasets/English//english_03;unclassable;0;1.43203;
./datasets/English//english_04;unclassable;0;1.43203;
./datasets/English//english_05;unclassable;0;1.43203;
./datasets/English//english_06;unclassable;0;1.43203;
./datasets/English//english_07;unclassable;0;1.43203;
./datasets/English//english_08;unclassable;0;1.43203;
./datasets/English//english_09;unclassable;0;1.43203;
./datasets/English//english_10;unclassable;0;1.43203;
./datasets/English//english_11;unclassable;0;1.43203;
./datasets/English//english_12;unclassable;0;1.43203;
./datasets/English//english_13;unclassable;0;1.43203;
./datasets/English//english_14;unclassable;0;1.43203;
./datasets/English//english_15;unclassable;0;1.43203;
./datasets/English//english_16;unclassable;0;1.43203;
./datasets/English//english_17;unclassable;0;1.43203;
./datasets/English//english_18;unclassable;0;1.43203;
./datasets/English//english_19;unclassable;0;1.43203;
./datasets/English//english_00;Akhissar;0;1.46507;
./datasets/English//english_01;Akhissar;0;1.46507;
./datasets/English//english_02;Akhissar;0;1.46507;
./datasets/English//english_03;Akhissar;0;1.46507;
./datasets/English//english_04;Akhissar;0;1.46507;
./datasets/English//english_05;Akhissar;0;1.46507;
./datasets/English//english_06;Akhissar;0;1.46507;
./datasets/English//english_07;Akhissar;0;1.46507;
./datasets/English//english_08;Akhissar;0;1.46507;
./datasets/English//english_09;Akhissar;0;1.46507;
./datasets/English//english_10;Akhissar;0;1.46507;
./datasets/English//english_11;Akhissar;0;1.46507;
./datasets/English//english_12;Akhissar;0;1.46507;
./datasets/English//english_13;Akhissar;0;1.46507;
./datasets/English//english_14;Akhissar;0;1.46507;
./datasets/English//english_15;Akhissar;0;1.46507;
./datasets/English//english_16;Akhissar;0;1.46507;
./datasets/English//english_17;Akhissar;0;1.46507;
./datasets/English//english_18;Akhissar;0;1.46507;
./datasets/English//english_19;Akhissar;0;1.46507;
./datasets/English//english_00;wholewise;0;1.44803;
./datasets/English//english_01;wholewise;0;1.44803;
./datasets/English//english_02;wholewise;0;1.44803;
./datasets/English//english_03;wholewise;0;1.44803;
./datasets/English//english_04;wholewise;0;1.44803;
./datasets/English//english_05;wholewise;0;1.44803;
./datasets/English//english_06;wholewise;0;1.44803;
./datasets/English//english_07;wholewise;0;1.44803;
./datasets/English//english_08;wholewise;0;1.44803;
./datasets/English//english_09;wholewise;0;1.44803;
./datasets/English//english_10;wholewise;0;1.44803;
./datasets/English//english_11;wholewise;0;1.44803;
./datasets/English//english_12;wholewise;0;1.44803;
./datasets/English//english_13;wholewise;0;1.44803;
./datasets/English//english_14;wholewise;0;1.44803;
./datasets/English//english_15;wholewise;0;1.44803;
./datasets/English//english_16;wholewise;0;1.44803;
./datasets/English//english_17;wholewise;0;1.44803;
./datasets/English//english_18;wholewise;0;1.44803;
./datasets/English//english_19;wholewise;0;1.44803;
./datasets/English//english_00;curse;171;1.66102;
./datasets/English//english_01;curse;109;1.66102;
./datasets/English//english_02;curse;84;1.66102;
./datasets/English//english_03;curse;78;1.66102;
./datasets/English//english_04;curse;60;1.66102;
./datasets/English//english_05;curse;45;1.66102;
./datasets/English//english_06;curse;71;1.66102;
./datasets/English//english_07;curse;105;1.66102;
./datasets/English//english_08;curse;16;1.66102;
./datasets/English//english_09;curse;30;1.66102;
./datasets/English//english_10;curse;41;1.66102;
./datasets/English//english_11;curse;119;1.66102;
./datasets/English//english_12;curse;68;1.66102;
./datasets/English//english_13;curse;101;1.66102;
./datasets/English//english_14;curse;21;1.66102;
./datasets/English//english_15;curse;31;1.66102;
./datasets/English//english_16;curse;33;1.66102;
./datasets/English//english_17;curse;78;1.66102;
./datasets/English//english_18;curse;26;1.66102;
./datasets/English//english_19;curse;13;1.66102;
./datasets/English//english_00;organophyly;0;1.368;
./datasets/English//english_01;organophyly;0;1.368;
./datasets/English//english_02;organophyly;0;1.368;
./datasets/English//english_03;organophyly;0;1.368;
./datasets/English//english_04;organophyly;0;1.368;
./datasets/English//english_05;organophyly;0;1.368;
./datasets/English//english_06;organophyly;0;1.368;
./datasets/English//english_07;organophyly;0;1.368;
./datasets/English//english_08;organophyly;0;1.368;
./datasets/English//english_09;organophyly;0;1.368;
./datasets/English//english_10;organophyly;0;1.368;
./datasets/English//english_11;organophyly;0;1.368;
./datasets/English//english_12;organophyly;0;1.368;
./datasets/English//english_13;organophyly;0;1.368;
./datasets/English//english_14;organophyly;0;1.368;
./datasets/English//english_15;organophyly;0;1.368;
./datasets/English//english_16;organophyly;0;1.368;
./datasets/English//english_17;organophyly;0;1.368;
./datasets/English//english_18;organophyly;0;1.368;
./datasets/English//english_19;organophyly;0;1.368;
./datasets/English//english_00;teleseme;0;1.45099;
./datasets/English//english_01;teleseme;0;1.45099;
./datasets/English//english_02;teleseme;0;1.45099;
./datasets/English//english_03;teleseme;0;1.45099;
./datasets/English//english_04;teleseme;0;1.45099;
./datasets/English//english_05;teleseme;0;1.45099;
./datasets/English//english_06;teleseme;0;1.45099;
./datasets/English//english_07;teleseme;0;1.45099;
./datasets/English//english_08;teleseme;0;1.45099;
./datasets/English//english_09;teleseme;0;1.45099;
./datasets/English//english_10;teleseme;0;1.45099;
./datasets/English//english_11;teleseme;0;1.45099;
./datasets/English//english_12;teleseme;0;1.45099;
./datasets/English//english_13;teleseme;0;1.45099;
./datasets/English//english_14;teleseme;0;1.45099;
./datasets/English//english_15;teleseme;0;1.45099;
./datasets/English//english_16;teleseme;0;1.45099;
./datasets/English//english_17;teleseme;0;1.45099;
./datasets/English//english_18;teleseme;0;1.45099;
./datasets/English//english_19;teleseme;0;1.45099;
./datasets/English//english_00;heptitol;0;1.464;
./datasets/English//english_01;heptitol;0;1.464;
./datasets/English//english_02;heptitol;0;1.464;
./datasets/English//english_03;heptitol;0;1.464;
./datasets/English//english_04;heptitol;0;1.464;
./datasets/English//english_05;heptitol;0;1.464;
./datasets/English//english_06;heptitol;0;1.464;
./datasets/English//english_07;heptitol;0;1.464;
./datasets/English//english_08;heptitol;0;1.464;
./datasets/English//english_09;heptitol;0;1.464;
./datasets/English//english_10;heptitol;0;1.464;
./datasets/English//english_11;heptitol;0;1.464;
./datasets/English//english_12;heptitol;0;1.464;
./datasets/English//english_13;heptitol;0;1.464;
./datasets/English//english_14;heptitol;0;1.464;
./datasets/English//english_15;heptitol;0;1.464;
./datasets/English//english_16;heptitol;0;1.464;
./datasets/English//english_17;heptitol;0;1.464;
./datasets/English//english_18;heptitol;0;1.464;
./datasets/English//english_19;heptitol;0;1.464;
./datasets/English//english_00;whitehass;0;1.436;
./datasets/English//english_01;whitehass;0;1.436;
./datasets/English//english_02;whitehass;0;1.436;
./datasets/English//english_03;whitehass;0;1.436;
./datasets/English//english_04;whitehass;0;1.436;
./datasets/English//english_05;whitehass;0;1.436;
./datasets/English//english_06;whitehass;0;1.436;
./datasets/English//english_07;whitehass;0;1.436;
./datasets/English//english_08;whitehass;0;1.436;
./datasets/English//english_09;whitehass;0;1.436;
./datasets/English//english_10;whitehass;0;1.436;
./datasets/English//english_11;whitehass;0;1.436;
./datasets/English//english_12;whitehass;0;1.436;
./datasets/English//english_13;whitehass;0;1.436;
./datasets/English//english_14;whitehass;0;1.436;
./datasets/English//english_15;whitehass;0;1.436;
./datasets/English//english_16;whitehass;0;1.436;
./datasets/English//english_17;whitehass;0;1.436;
./datasets/English//english_18;whitehass;0;1.436;
./datasets/English//english_19;whitehass;0;1.436;
./datasets/English//english_00;asclepiadeous;0;1.43087;
./datasets/English//english_01;asclepiadeous;0;1.43087;
./datasets/English//english_02;asclepiadeous;0;1.43087;
./datasets/English//english_03;asclepiadeous;0;1.43087;
./datasets/English//english_04;asclepiadeous;0;1.43087;
./datasets/English//english_05;asclepiadeous;0;1.43087;
./datasets/English//english_06;asclepiadeous;0;1.43087;
./datasets/English//english_07;asclepiadeous;0;1.43087;
./datasets/English//english_08;asclepiadeous;0;1.43087;
./datasets/English//english_09;asclepiadeous;0;1.43087;
./datasets/English//english_10;asclepiadeous;0;1.43087;
./datasets/English//english_11;asclepiadeous;0;1.43087;
./datasets/English//english_12;asclepiadeous;0;1.43087;
./datasets/English//english_13;asclepiadeous;0;1.43087;
./datasets/English//english_14;asclepiadeous;0;1.43087;
./datasets/English//english_15;asclepiadeous;0;1.43087;
./datasets/English//english_16;asclepiadeous;0;1.43087;
./datasets/English//english_17;asclepiadeous;0;1.43087;
./datasets/English//english_18;asclepiadeous;0;1.43087;
./datasets/English//english_19;asclepiadeous;0;1.43087;
./datasets/English//english_00;labionasal;0;1.43196;
./datasets/English//english_01;labionasal;0;1.43196;
./datasets/English//english_02;labionasal;0;1.43196;
./datasets/English//english_03;labionasal;0;1.43196;
./datasets/English//english_04;labionasal;0;1.43196;
./datasets/English//english_05;labionasal;0;1.43196;
./datasets/English//english_06;labionasal;0;1.43196;
./datasets/English//english_07;labionasal;0;1.43196;
./datasets/English//english_08;labionasal;0;1.43196;
./datasets/English//english_09;labionasal;0;1.43196;
./datasets/English//english_10;labionasal;0;1.43196;
./datasets/English//english_11;labionasal;0;1.43196;
./datasets/English//english_12;labionasal;0;1.43196;
./datasets/English//english_13;labionasal;0;1.43196;
./datasets/English//english_14;labionasal;0;1.43196;
./datasets/English//english_15;labionasal;0;1.43196;
./datasets/English//english_16;labionasal;0;1.43196;
./datasets/English//english_17;labionasal;0;1.43196;
./datasets/English//english_18;labionasal;0;1.43196;
./datasets/English//english_19;labionasal;0;1.43196;
./datasets/English//english_00;presumptuous;4;1.35517;
./datasets/English//english_01;presumptuous;0;1.35517;
./datasets/English//english_02;presumptuous;1;1.35517;
./datasets/English//english_03;presumptuous;3;1.35517;
./datasets/English//english_04;presumptuous;0;1.35517;
./datasets/English//english_05;presumptuous;4;1.35517;
./datasets/English//english_06;presumptuous;0;1.35517;
./datasets/English//english_07;presumptuous;3;1.35517;
./datasets/English//english_08;presumptuous;3;1.35517;
./datasets/English//english_09;presumptuous;6;1.35517;
./datasets/English//english_10;presumptuous;1;1.35517;
./datasets/English//english_11;presumptuous;15;1.35517;
./datasets/English//english_12;presumptuous;1;1.35517;
./datasets/English//english_13;presumptuous;9;1.35517;
./datasets/English//english_14;presumptuous;5;1.35517;
./datasets/English//english_15;presumptuous;11;1.35517;
./datasets/English//english_16;presumptuous;5;1.35517;
./datasets/English//english_17;presumptuous;3;1.35517;
./datasets/English//english_18;presumptuous;0;1.35517;
./datasets/English//english_19;presumptuous;4;1.35517;
./datasets/English//english_00;triketo;0;1.52802;
./datasets/English//english_01;triketo;0;1.52802;
./datasets/English//english_02;triketo;0;1.52802;
./datasets/English//english_03;triketo;0;1.52802;
./datasets/English//english_04;triketo;0;1.52802;
./datasets/English//english_05;triketo;0;1.52802;
./datasets/English//english_06;triketo;0;1.52802;
./datasets/English//english_07;triketo;0;1.52802;
./datasets/English//english_08;triketo;0;1.52802;
./datasets/English//english_09;triketo;0;1.52802;
./datasets/English//english_10;triketo;0;1.52802;
./datasets/English//english_11;triketo;0;1.52802;
./datasets/English//english_12;triketo;0;1.52802;
./datasets/English//english_13;triketo;0;1.52802;
./datasets/English//english_14;triketo;0;1.52802;
./datasets/English//english_15;triketo;0;1.52802;
./datasets/English//english_16;triketo;0;1.52802;
./datasets/English//english_17;triketo;0;1.52802;
./datasets/English//english_18;triketo;0;1.52802;
./datasets/English//english_19;triketo;0;1.52802;
./datasets/English//english_00;thrombolymphangitis;0;1.299;
./datasets/English//english_01;thrombolymphangitis;0;1.299;
./datasets/English//english_02;thrombolymphangitis;0;1.299;
./datasets/English//english_03;thrombolymphangitis;0;1.299;
./datasets/English//english_04;thrombolymphangitis;0;1.299;
./datasets/English//english_05;thrombolymphangitis;0;1.299;
./datasets/English//english_06;thrombolymphangitis;0;1.299;
./datasets/English//english_07;thrombolymphangitis;0;1.299;
./datasets/English//english_08;thrombolymphangitis;0;1.299;
./datasets/English//english_09;thrombolymphangitis;0;1.299;
./datasets/English//english_10;thrombolymphangitis;0;1.299;
./datasets/English//english_11;thrombolymphangitis;0;1.299;
./datasets/English//english_12;thrombolymphangitis;0;1.299;
./datasets/English//english_13;thrombolymphangitis;0;1.299;
./datasets/English//english_14;thrombolymphangitis;0;1.299;
./datasets/English//english_15;thrombolymphangitis;0;1.299;
./datasets/English//english_16;thrombolymphangitis;0;1.299;
./datasets/English//english_17;thrombolymphangitis;0;1.299;
./datasets/English//english_18;thrombolymphangitis;0;1.299;
./datasets/English//english_19;thrombolymphangitis;0;1.299;
./datasets/English//english_00;spokeswomanship;0;1.337;
./datasets/English//english_01;spokeswomanship;0;1.337;
./datasets/English//english_02;spokeswomanship;0;1.337;
./datasets/English//english_03;spokeswomanship;0;1.337;
./datasets/English//english_04;spokeswomanship;0;1.337;
./datasets/English//english_05;spokeswomanship;0;1.337;
./datasets/English//english_06;spokeswomanship;0;1.337;
./datasets/English//english_07;spokeswomanship;0;1.337;
./datasets/English//english_08;spokeswomanship;0;1.337;
./datasets/English//english_09;spokeswomanship;0;1.337;
./datasets/English//english_10;spokeswomanship;0;1.337;
./datasets/English//english_11;spokeswomanship;0;1.337;
./datasets/English//english_12;spokeswomanship;0;1.337;
./datasets/English//english_13;spokeswomanship;0;1.337;
./datasets/English//english_14;spokeswomanship;0;1.337;
./datasets/English//english_15;spokeswomanship;0;1.337;
./datasets/English//english_16;spokeswomanship;0;1.337;
./datasets/English//english_17;spokeswomanship;0;1.337;
./datasets/English//english_18;spokeswomanship;0;1.337;
./datasets/English//english_19;spokeswomanship;0;1.337;
./datasets/English//english_00;unprejudicial;0;1.34292;
./datasets/English//english_01;unprejudicial;0;1.34292;
./datasets/English//english_02;unprejudicial;0;1.34292;
./datasets/English//english_03;unprejudicial;0;1.34292;
./datasets/English//english_04;unprejudicial;0;1.34292;
./datasets/English//english_05;unprejudicial;0;1.34292;
./datasets/English//english_06;unprejudicial;0;1.34292;
./datasets/English//english_07;unprejudicial;0;1.34292;
./datasets/English//english_08;unprejudicial;0;1.34292;
./datasets/English//english_09;unprejudicial;0;1.34292;
./datasets/English//english_10;unprejudicial;0;1.34292;
./datasets/English//english_11;unprejudicial;0;1.34292;
./datasets/English//english_12;unprejudicial;0;1.34292;
./datasets/English//english_13;unprejudicial;0;1.34292;
./datasets/English//english_14;unprejudicial;0;1.34292;
./datasets/English//english_15;unprejudicial;0;1.34292;
./datasets/English//english_16;unprejudicial;0;1.34292;
./datasets/English//english_17;unprejudicial;0;1.34292;
./datasets/English//english_18;unprejudicial;0;1.34292;
./datasets/English//english_19;unprejudicial;0;1.34292;
./datasets/English//english_00;ungoverned;0;1.43082;
./datasets/English//english_01;ungoverned;0;1.43082;
./datasets/English//english_02;ungoverned;0;1.43082;
./datasets/English//english_03;ungoverned;0;1.43082;
./datasets/English//english_04;ungoverned;0;1.43082;
./datasets/English//english_05;ungoverned;0;1.43082;
./datasets/English//english_06;ungoverned;0;1.43082;
./datasets/English//english_07;ungoverned;0;1.43082;
./datasets/English//english_08;ungoverned;0;1.43082;
./datasets/English//english_09;ungoverned;0;1.43082;
./datasets/English//english_10;ungoverned;0;1.43082;
./datasets/English//english_11;ungoverned;0;1.43082;
./datasets/English//english_12;ungoverned;0;1.43082;
./datasets/English//english_13;ungoverned;1;1.43082;
./datasets/English//english_14;ungoverned;0;1.43082;
./datasets/English//english_15;ungoverned;0;1.43082;
./datasets/English//english_16;ungoverned;0;1.43082;
./datasets/English//english_17;ungoverned;0;1.43082;
./datasets/English//english_18;ungoverned;0;1.43082;
./datasets/English//english_19;ungoverned;0;1.43082;
./datasets/English//english_00;nonrectangular;0;1.40824;
./datasets/English//english_01;nonrectangular;0;1.40824;
./datasets/English//english_02;nonrectangular;0;1.40824;
./datasets/English//english_03;nonrectangular;0;1.40824;
./datasets/English//english_04;nonrectangular;0;1.40824;
./datasets/English//english_05;nonrectangular;0;1.40824;
./datasets/English//english_06;nonrectangular;0;1.40824;
./datasets/English//english_07;nonrectangular;0;1.40824;
./datasets/English//english_08;nonrectangular;0;1.40824;
./datasets/English//english_09;nonrectangular;0;1.40824;
./datasets/English//english_10;nonrectangular;0;1.40824;
./datasets/English//english_11;nonrectangular;0;1.40824;
./datasets/English//english_12;nonrectangular;0;1.40824;
./datasets/English//english_13;nonrectangular;0;1.40824;
./datasets/English//english_14;nonrectangular;0;1.40824;
./datasets/English//english_15;nonrectangular;0;1.40824;
./datasets/English//english_16;nonrectangular;0;1.40824;
./datasets/English//english_17;nonrectangular;0;1.40824;
./datasets/English//english_18;nonrectangular;0;1.40824;
./datasets/English//english_19;nonrectangular;0;1.40824;
./datasets/English//english_00;pleocrystalline;0;1.357;
./datasets/English//english_01;pleocrystalline;0;1.357;
./datasets/English//english_02;pleocrystalline;0;1.357;
./datasets/English//english_03;pleocrystalline;0;1.357;
./datasets/English//english_04;pleocrystalline;0;1.357;
./datasets/English//english_05;pleocrystalline;0;1.357;
./datasets/English//english_06;pleocrystalline;0;1.357;
./datasets/English//english_07;pleocrystalline;0;1.357;
./datasets/English//english_08;pleocrystalline;0;1.357;
./datasets/English//english_09;pleocrystalline;0;1.357;
./datasets/English//english_10;pleocrystalline;0;1.357;
./datasets/English//english_11;pleocrystalline;0;1.357;
./datasets/English//english_12;pleocrystalline;0;1.357;
./datasets/English//english_13;pleocrystalline;0;1.357;
./datasets/English//english_14;pleocrystalline;0;1.357;
./datasets/English//english_15;pleocrystalline;0;1.357;
./datasets/English//english_16;pleocrystalline;0;1.357;
./datasets/English//english_17;pleocrystalline;0;1.357;
./datasets/English//english_18;pleocrystalline;0;1.357;
./datasets/English//english_19;pleocrystalline;0;1.357;
./datasets/English//english_00;slurbow;0;1.51403;
./datasets/English//english_01;slurbow;0;1.51403;
./datasets/English//english_02;slurbow;0;1.51403;
./datasets/English//english_03;slurbow;0;1.51403;
./datasets/English//english_04;slurbow;0;1.51403;
./datasets/English//english_05;slurbow;0;1.51403;
./datasets/English//english_06;slurbow;0;1.51403;
./datasets/English//english_07;slurbow;0;1.51403;
./datasets/English//english_08;slurbow;0;1.51403;
./datasets/English//english_09;slurbow;0;1.51403;
./datasets/English//english_10;slurbow;0;1.51403;
./datasets/English//english_11;slurbow;0;1.51403;
./datasets/English//english_12;slurbow;0;1.51403;
./datasets/English//english_13;slurbow;0;1.51403;
./datasets/English//english_14;slurbow;0;1.51403;
./datasets/English//english_15;slurbow;0;1.51403;
./datasets/English//english_16;slurbow;0;1.51403;
./datasets/English//english_17;slurbow;0;1.51403;
./datasets/English//english_18;slurbow;0;1.51403;
./datasets/English//english_19;slurbow;0;1.51403;
./datasets/English//english_00;unhandsome;0;1.46595;
./datasets/English//english_01;unhandsome;0;1.46595;
./datasets/English//english_02;unhandsome;1;1.46595;
./datasets/English//english_03;unhandsome;0;1.46595;
./datasets/English//english_04;unhandsome;0;1.46595;
./datasets/English//english_05;unhandsome;0;1.46595;
./datasets/English//english_06;unhandsome;0;1.46595;
./datasets/English//english_07;unhandsome;0;1.46595;
./datasets/English//english_08;unhandsome;0;1.46595;
./datasets/English//english_09;unhandsome;0;1.46595;
./datasets/English//english_10;unhandsome;0;1.46595;
./datasets/English//english_11;unhandsome;1;1.46595;
./datasets/English//english_12;unhandsome;1;1.46595;
./datasets/English//english_13;unhandsome;0;1.46595;
./datasets/English//english_14;unhandsome;0;1.46595;
./datasets/English//english_15;unhandsome;0;1.46595;
./datasets/English//english_16;unhandsome;1;1.46595;
./datasets/English//english_17;unhandsome;0;1.46595;
./datasets/English//english_18;unhandsome;0;1.46595;
./datasets/English//english_19;unhandsome;1;1.46595;
./datasets/English//english_00;scoliotic;0;1.41506;
./datasets/English//english_01;scoliotic;0;1.41506;
./datasets/English//english_02;scoliotic;0;1.41506;
./datasets/English//english_03;scoliotic;0;1.41506;
./datasets/English//english_04;scoliotic;0;1.41506;
./datasets/English//english_05;scoliotic;0;1.41506;
./datasets/English//english_06;scoliotic;0;1.41506;
./datasets/English//english_07;scoliotic;0;1.41506;
./datasets/English//english_08;scoliotic;0;1.41506;
./datasets/English//english_09;scoliotic;0;1.41506;
./datasets/English//english_10;scoliotic;0;1.41506;
./datasets/English//english_11;scoliotic;0;1.41506;
./datasets/English//english_12;scoliotic;0;1.41506;
./datasets/English//english_13;scoliotic;0;1.41506;
./datasets/English//english_14;scoliotic;0;1.41506;
./datasets/English//english_15;scoliotic;0;1.41506;
./datasets/English//english_16;scoliotic;0;1.41506;
./datasets/English//english_17;scoliotic;0;1.41506;
./datasets/English//english_18;scoliotic;0;1.41506;
./datasets/English//english_19;scoliotic;0;1.41506;
./datasets/English//english_00;phreatophyte;0;1.38301;
./datasets/English//english_01;phreatophyte;0;1.38301;
./datasets/English//english_02;phreatophyte;0;1.38301;
./datasets/English//english_03;phreatophyte;0;1.38301;
./datasets/English//english_04;phreatophyte;0;1.38301;
./datasets/English//english_05;phreatophyte;0;1.38301;
./datasets/English//english_06;phreatophyte;0;1.38301;
./datasets/English//english_07;phreatophyte;0;1.38301;
./datasets/English//english_08;phreatophyte;0;1.38301;
./datasets/English//english_09;phreatophyte;0;1.38301;
./datasets/English//english_10;phreatophyte;0;1.38301;
./datasets/English//english_11;phreatophyte;0;1.38301;
./datasets/English//english_12;phreatophyte;0;1.38301;
./datasets/English//english_13;phreatophyte;0;1.38301;
./datasets/English//english_14;phreatophyte;0;1.38301;
./datasets/English//english_15;phreatophyte;0;1.38301;
./datasets/English//english_16;phreatophyte;0;1.38301;
./datasets/English//english_17;phreatophyte;0;1.38301;
./datasets/English//english_18;phreatophyte;0;1.38301;
./datasets/English//english_19;phreatophyte;0;1.38301;
./datasets/English//english_00;criminalistics;0;1.32798;
./datasets/English//english_01;criminalistics;0;1.32798;
./datasets/English//english_02;criminalistics;0;1.32798;
./datasets/English//english_03;criminalistics;0;1.32798;
./datasets/English//english_04;criminalistics;0;1.32798;
./datasets/English//english_05;criminalistics;0;1.32798;
./datasets/English//english_06;criminalistics;0;1.32798;
./datasets/English//english_07;criminalistics;0;1.32798;
./datasets/English//english_08;criminalistics;0;1.32798;
./datasets/English//english_09;criminalistics;0;1.32798;
./datasets/English//english_10;criminalistics;0;1.32798;
./datasets/English//english_11;criminalistics;0;1.32798;
./datasets/English//english_12;criminalistics;0;1.32798;
./datasets/English//english_13;criminalistics;0;1.32798;
./datasets/English//english_14;criminalistics;0;1.32798;
./datasets/English//english_15;criminalistics;0;1.32798;
./datasets/English//english_16;criminalistics;0;1.32798;
./datasets/English//english_17;criminalistics;0;1.32798;
./datasets/English//english_18;criminalistics;0;1.32798;
./datasets/English//english_19;criminalistics;0;1.32798;
./datasets/English//english_00;imitability;0;1.37603;
./datasets/English//english_01;imitability;0;1.37603;
./datasets/English//english_02;imitability;0;1.37603;
./datasets/English//english_03;imitability;0;1.37603;
./datasets/English//english_04;imitability;0;1.37603;
./datasets/English//english_05;imitability;0;1.37603;
./datasets/English//english_06;imitability;0;1.37603;
./datasets/English//english_07;imitability;0;1.37603;
./datasets/English//english_08;imitability;0;1.37603;
./datasets/English//english_09;imitability;0;1.37603;
./datasets/English//english_10;imitability;0;1.37603;
./datasets/English//english_11;imitability;0;1.37603;
./datasets/English//english_12;imitability;0;1.37603;
./datasets/English//english_13;imitability;0;1.37603;
./datasets/English//english_14;imitability;0;1.37603;
./datasets/English//english_15;imitability;0;1.37603;
./datasets/English//english_16;imitability;0;1.37603;
./datasets/English//english_17;imitability;0;1.37603;
./datasets/English//english_18;imitability;0;1.37603;
./datasets/English//english_19;imitability;0;1.37603;
./datasets/English//english_00;zygozoospore;0;1.35994;
./datasets/English//english_01;zygozoospore;0;1.35994;
./datasets/English//english_02;zygozoospore;0;1.35994;
./datasets/English//english_03;zygozoospore;0;1.35994;
./datasets/English//english_04;zygozoospore;0;1.35994;
./datasets/English//english_05;zygozoospore;0;1.35994;
./datasets/English//english_06;zygozoospore;0;1.35994;
./datasets/English//english_07;zygozoospore;0;1.35994;
./datasets/English//english_08;zygozoospore;0;1.35994;
./datasets/English//english_09;zygozoospore;0;1.35994;
./datasets/English//english_10;zygozoospore;0;1.35994;
./datasets/English//english_11;zygozoospore;0;1.35994;
./datasets/English//english_12;zygozoospore;0;1.35994;
./datasets/English//english_13;zygozoospore;0;1.35994;
./datasets/English//english_14;zygozoospore;0;1.35994;
./datasets/English//english_15;zygozoospore;0;1.35994;
./datasets/English//english_16;zygozoospore;0;1.35994;
./datasets/English//english_17;zygozoospore;0;1.35994;
./datasets/English//english_18;zygozoospore;0;1.35994;
./datasets/English//english_19;zygozoospore;0;1.35994;
./datasets/English//english_00;nonliability;0;1.38421;
./datasets/English//english_01;nonliability;0;1.38421;
./datasets/English//english_02;nonliability;0;1.38421;
./datasets/English//english_03;nonliability;0;1.38421;
./datasets/English//english_04;nonliability;0;1.38421;
./datasets/English//english_05;nonliability;0;1.38421;
./datasets/English//english_06;nonliability;0;1.38421;
./datasets/English//english_07;nonliability;0;1.38421;
./datasets/English//english_08;nonliability;0;1.38421;
./datasets/English//english_09;nonliability;0;1.38421;
./datasets/English//english_10;nonliability;0;1.38421;
./datasets/English//english_11;nonliability;0;1.38421;
./datasets/English//english_12;nonliability;0;1.38421;
./datasets/English//english_13;nonliability;0;1.38421;
./datasets/English//english_14;nonliability;0;1.38421;
./datasets/English//english_15;nonliability;0;1.38421;
./datasets/English//english_16;nonliability;0;1.38421;
./datasets/English//english_17;nonliability;0;1.38421;
./datasets/English//english_18;nonliability;0;1.38421;
./datasets/English//english_19;nonliability;0;1.38421;
./datasets/English//english_00;disafforestation;0;1.34566;
./datasets/English//english_01;disafforestation;0;1.34566;
./datasets/English//english_02;disafforestation;0;1.34566;
./datasets/English//english_03;disafforestation;0;1.34566;
./datasets/English//english_04;disafforestation;0;1.34566;
./datasets/English//english_05;disafforestation;0;1.34566;
./datasets/English//english_06;disafforestation;0;1.34566;
./datasets/English//english_07;disafforestation;0;1.34566;
./datasets/English//english_08;disafforestation;0;1.34566;
./datasets/English//english_09;disafforestation;0;1.34566;
./datasets/English//english_10;disafforestation;0;1.34566;
./datasets/English//english_11;disafforestation;0;1.34566;
./datasets/English//english_12;disafforestation;0;1.34566;
./datasets/English//english_13;disafforestation;0;1.34566;
./datasets/English//english_14;disafforestation;0;1.34566;
./datasets/English//english_15;disafforestation;0;1.34566;
./datasets/English//english_16;disafforestation;0;1.34566;
./datasets/English//english_17;disafforestation;0;1.34566;
./datasets/English//english_18;disafforestation;0;1.34566;
./datasets/English//english_19;disafforestation;0;1.34566;
./datasets/English//english_00;epigenetic;0;1.40917;
./datasets/English//english_01;epigenetic;0;1.40917;
./datasets/English//english_02;epigenetic;0;1.40917;
./datasets/English//english_03;epigenetic;0;1.40917;
./datasets/English//english_04;epigenetic;0;1.40917;
./datasets/English//english_05;epigenetic;0;1.40917;
./datasets/English//english_06;epigenetic;0;1.40917;
./datasets/English//english_07;epigenetic;0;1.40917;
./datasets/English//english_08;epigenetic;0;1.40917;
./datasets/English//english_09;epigenetic;0;1.40917;
./datasets/English//english_10;epigenetic;0;1.40917;
./datasets/English//english_11;epigenetic;0;1.40917;
./datasets/English//english_12;epigenetic;0;1.40917;
./datasets/English//english_13;epigenetic;0;1.40917;
./datasets/English//english_14;epigenetic;0;1.40917;
./datasets/English//english_15;epigenetic;0;1.40917;
./datasets/English//english_16;epigenetic;0;1.40917;
./datasets/English//english_17;epigenetic;0;1.40917;
./datasets/English//english_18;epigenetic;0;1.40917;
./datasets/English//english_19;epigenetic;0;1.40917;
./datasets/English//english_00;Aves;0;1.763;
./datasets/English//english_01;Aves;0;1.763;
./datasets/English//english_02;Aves;0;1.763;
./datasets/English//english_03;Aves;0;1.763;
./datasets/English//english_04;Aves;4;1.763;
./datasets/English//english_05;Aves;3;1.763;
./datasets/English//english_06;Aves;0;1.763;
./datasets/English//english_07;Aves;2;1.763;
./datasets/English//english_08;Aves;2;1.763;
./datasets/English//english_09;Aves;0;1.763;
./datasets/English//english_10;Aves;0;1.763;
./datasets/English//english_11;Aves;0;1.763;
./datasets/English//english_12;Aves;0;1.763;
./datasets/English//english_13;Aves;0;1.763;
./datasets/English//english_14;Aves;0;1.763;
./datasets/English//english_15;Aves;0;1.763;
./datasets/English//english_16;Aves;0;1.763;
./datasets/English//english_17;Aves;1;1.763;
./datasets/English//english_18;Aves;0;1.763;
./datasets/English//english_19;Aves;0;1.763;
./datasets/English//english_00;schistaceous;0;1.43484;
./datasets/English//english_01;schistaceous;0;1.43484;
./datasets/English//english_02;schistaceous;0;1.43484;
./datasets/English//english_03;schistaceous;0;1.43484;
./datasets/English//english_04;schistaceous;0;1.43484;
./datasets/English//english_05;schistaceous;0;1.43484;
./datasets/English//english_06;schistaceous;0;1.43484;
./datasets/English//english_07;schistaceous;0;1.43484;
./datasets/English//english_08;schistaceous;0;1.43484;
./datasets/English//english_09;schistaceous;0;1.43484;
./datasets/English//english_10;schistaceous;0;1.43484;
./datasets/English//english_11;schistaceous;0;1.43484;
./datasets/English//english_12;schistaceous;0;1.43484;
./datasets/English//english_13;schistaceous;0;1.43484;
./datasets/English//english_14;schistaceous;0;1.43484;
./datasets/English//english_15;schistaceous;0;1.43484;
./datasets/English//english_16;schistaceous;0;1.43484;
./datasets/English//english_17;schistaceous;0;1.43484;
./datasets/English//english_18;schistaceous;0;1.43484;
./datasets/English//english_19;schistaceous;0;1.43484;
./datasets/English//english_00;verbomania;0;1.41218;
./datasets/English//english_01;verbomania;0;1.41218;
./datasets/English//english_02;verbomania;0;1.41218;
./datasets/English//english_03;verbomania;0;1.41218;
./datasets/English//english_04;verbomania;0;1.41218;
./datasets/English//english_05;verbomania;0;1.41218;
./datasets/English//english_06;verbomania;0;1.41218;
./datasets/English//english_07;verbomania;0;1.41218;
./datasets/English//english_08;verbomania;0;1.41218;
./datasets/English//english_09;verbomania;0;1.41218;
./datasets/English//english_10;verbomania;0;1.41218;
./datasets/English//english_11;verbomania;0;1.41218;
./datasets/English//english_12;verbomania;0;1.41218;
./datasets/English//english_13;verbomania;0;1.41218;
./datasets/English//english_14;verbomania;0;1.41218;
./datasets/English//english_15;verbomania;0;1.41218;
./datasets/English//english_16;verbomania;0;1.41218;
./datasets/English//english_17;verbomania;0;1.41218;
./datasets/English//english_18;verbomania;0;1.41218;
./datasets/English//english_19;verbomania;0;1.41218;
./datasets/English//english_00;epitenon;0;1.48201;
./datasets/English//english_01;epitenon;0;1.48201;
./datasets/English//english_02;epitenon;0;1.48201;
./datasets/English//english_03;epitenon;0;1.48201;
./datasets/English//english_04;epitenon;0;1.48201;
./datasets/English//english_05;epitenon;0;1.48201;
./datasets/English//english_06;epitenon;0;1.48201;
./datasets/English//english_07;epitenon;0;1.48201;
./datasets/English//english_08;epitenon;0;1.48201;
./datasets/English//english_09;epitenon;0;1.48201;
./datasets/English//english_10;epitenon;0;1.48201;
./datasets/English//english_11;epitenon;0;1.48201;
./datasets/English//english_12;epitenon;0;1.48201;
./datasets/English//english_13;epitenon;0;1.48201;
./datasets/English//english_14;epitenon;0;1.48201;
./datasets/English//english_15;epitenon;0;1.48201;
./datasets/English//english_16;epitenon;0;1.48201;
./datasets/English//english_17;epitenon;0;1.48201;
./datasets/English//english_18;epitenon;0;1.48201;
./datasets/English//english_19;epitenon;0;1.48201;
./datasets/English//english_00;proscriber;0;1.40686;
./datasets/English//english_01;proscriber;0;1.40686;
./datasets/English//english_02;proscriber;0;1.40686;
./datasets/English//english_03;proscriber;0;1.40686;
./datasets/English//english_04;proscriber;0;1.40686;
./datasets/English//english_05;proscriber;0;1.40686;
./datasets/English//english_06;proscriber;0;1.40686;
./datasets/English//english_07;proscriber;0;1.40686;
./datasets/English//english_08;proscriber;0;1.40686;
./datasets/English//english_09;proscriber;0;1.40686;
./datasets/English//english_10;proscriber;0;1.40686;
./datasets/English//english_11;proscriber;0;1.40686;
./datasets/English//english_12;proscriber;0;1.40686;
./datasets/English//english_13;proscriber;0;1.40686;
./datasets/English//english_14;proscriber;0;1.40686;
./datasets/English//english_15;proscriber;0;1.40686;
./datasets/English//english_16;proscriber;0;1.40686;
./datasets/English//english_17;proscriber;0;1.40686;
./datasets/English//english_18;proscriber;0;1.40686;
./datasets/English//english_19;proscriber;0;1.40686;
./datasets/English//english_00;histology;0;1.40907;
./datasets/English//english_01;histology;0;1.40907;
./datasets/English//english_02;histology;0;1.40907;
./datasets/English//english_03;histology;0;1.40907;
./datasets/English//english_04;histology;0;1.40907;
./datasets/English//english_05;histology;0;1.40907;
./datasets/English//english_06;histology;0;1.40907;
./datasets/English//english_07;histology;0;1.40907;
./datasets/English//english_08;histology;0;1.40907;
./datasets/English//english_09;histology;0;1.40907;
./datasets/English//english_10;histology;0;1.40907;
./datasets/English//english_11;histology;0;1.40907;
./datasets/English//english_12;histology;0;1.40907;
./datasets/English//english_13;histology;0;1.40907;
./datasets/English//english_14;histology;0;1.40907;
./datasets/English//english_15;histology;0;1.40907;
./datasets/English//english_16;histology;0;1.40907;
./datasets/English//english_17;histology;0;1.40907;
./datasets/English//english_18;histology;0;1.40907;
./datasets/English//english_19;histology;0;1.40907;
./datasets/English//english_00;propulsion;0;1.41504;
./datasets/English//english_01;propulsion;0;1.41504;
./datasets/English//english_02;propulsion;0;1.41504;
./datasets/English//english_03;propulsion;0;1.41504;
./datasets/English//english_04;propulsion;0;1.41504;
./datasets/English//english_05;propulsion;0;1.41504;
./datasets/English//english_06;propulsion;0;1.41504;
./datasets/English//english_07;propulsion;1;1.41504;
./datasets/English//english_08;propulsion;0;1.41504;
./datasets/English//english_09;propulsion;0;1.41504;
./datasets/English//english_10;propulsion;0;1.41504;
./datasets/English//english_11;propulsion;0;1.41504;
./datasets/English//english_12;propulsion;0;1.41504;
./datasets/English//english_13;propulsion;0;1.41504;
./datasets/English//english_14;propulsion;0;1.41504;
./datasets/English//english_15;propulsion;0;1.41504;
./datasets/English//english_16;propulsion;0;1.41504;
./datasets/English//english_17;propulsion;0;1.41504;
./datasets/English//english_18;propulsion;0;1.41504;
./datasets/English//english_19;propulsion;0;1.41504;
./datasets/English//english_00;elaidinic;0;1.43693;
./datasets/English//english_01;elaidinic;0;1.43693;
./datasets/English//english_02;elaidinic;0;1.43693;
./datasets/English//english_03;elaidinic;0;1.43693;
./datasets/English//english_04;elaidinic;0;1.43693;
./datasets/English//english_05;elaidinic;0;1.43693;
./datasets/English//english_06;elaidinic;0;1.43693;
./datasets/English//english_07;elaidinic;0;1.43693;
./datasets/English//english_08;elaidinic;0;1.43693;
./datasets/English//english_09;elaidinic;0;1.43693;
./datasets/English//english_10;elaidinic;0;1.43693;
./datasets/English//english_11;elaidinic;0;1.43693;
./datasets/English//english_12;elaidinic;0;1.43693;
./datasets/English//english_13;elaidinic;0;1.43693;
./datasets/English//english_14;elaidinic;0;1.43693;
./datasets/English//english_15;elaidinic;0;1.43693;
./datasets/English//english_16;elaidinic;0;1.43693;
./datasets/English//english_17;elaidinic;0;1.43693;
./datasets/English//english_18;elaidinic;0;1.43693;
./datasets/English//english_19;elaidinic;0;1.43693;
./datasets/English//english_00;driftless;0;1.4651;
./datasets/English//english_01;driftless;0;1.4651;
./datasets/English//english_02;driftless;0;1.4651;
./datasets/English//english_03;driftless;0;1.4651;
./datasets/English//english_04;driftless;0;1.4651;
./datasets/English//english_05;driftless;0;1.4651;
./datasets/English//english_06;driftless;0;1.4651;
./datasets/English//english_07;driftless;0;1.4651;
./datasets/English//english_08;driftless;0;1.4651;
./datasets/English//english_09;driftless;0;1.4651;
./datasets/English//english_10;driftless;1;1.4651;
./datasets/English//english_11;driftless;0;1.4651;
./datasets/English//english_12;driftless;0;1.4651;
./datasets/English//english_13;driftless;0;1.4651;
./datasets/English//english_14;driftless;0;1.4651;
./datasets/English//english_15;driftless;0;1.4651;
./datasets/English//english_16;driftless;0;1.4651;
./datasets/English//english_17;driftless;0;1.4651;
./datasets/English//english_18;driftless;0;1.4651;
./datasets/English//english_19;driftless;0;1.4651;
./datasets/English//english_00;upcover;0;1.55364;
./datasets/English//english_01;upcover;0;1.55364;
./datasets/English//english_02;upcover;0;1.55364;
./datasets/English//english_03;upcover;0;1.55364;
./datasets/English//english_04;upcover;0;1.55364;
./datasets/English//english_05;upcover;0;1.55364;
./datasets/English//english_06;upcover;0;1.55364;
./datasets/English//english_07;upcover;0;1.55364;
./datasets/English//english_08;upcover;0;1.55364;
./datasets/English//english_09;upcover;0;1.55364;
./datasets/English//english_10;upcover;0;1.55364;
./datasets/English//english_11;upcover;0;1.55364;
./datasets/English//english_12;upcover;0;1.55364;
./datasets/English//english_13;upcover;0;1.55364;
./datasets/English//english_14;upcover;0;1.55364;
./datasets/English//english_15;upcover;0;1.55364;
./datasets/English//english_16;upcover;0;1.55364;
./datasets/English//english_17;upcover;0;1.55364;
./datasets/English//english_18;upcover;0;1.55364;
./datasets/English//english_19;upcover;0;1.55364;
./datasets/English//english_00;duteous;2;1.50325;
./datasets/English//english_01;duteous;0;1.50325;
./datasets/English//english_02;duteous;0;1.50325;
./datasets/English//english_03;duteous;0;1.50325;
./datasets/English//english_04;duteous;0;1.50325;
./datasets/English//english_05;duteous;0;1.50325;
./datasets/English//english_06;duteous;0;1.50325;
./datasets/English//english_07;duteous;1;1.50325;
./datasets/English//english_08;duteous;0;1.50325;
./datasets/English//english_09;duteous;4;1.50325;
./datasets/English//english_10;duteous;0;1.50325;
./datasets/English//english_11;duteous;0;1.50325;
./datasets/English//english_12;duteous;0;1.50325;
./datasets/English//english_13;duteous;0;1.50325;
./datasets/English//english_14;duteous;0;1.50325;
./datasets/English//english_15;duteous;0;1.50325;
./datasets/English//english_16;duteous;2;1.50325;
./datasets/English//english_17;duteous;1;1.50325;
./datasets/English//english_18;duteous;0;1.50325;
./datasets/English//english_19;duteous;0;1.50325;
./datasets/English//english_00;distasteful;1;1.85106;
./datasets/English//english_01;distasteful;3;1.85106;
./datasets/English//english_02;distasteful;0;1.85106;
./datasets/English//english_03;distasteful;0;1.85106;
./datasets/English//english_04;distasteful;5;1.85106;
./datasets/English//english_05;distasteful;12;1.85106;
./datasets/English//english_06;distasteful;0;1.85106;
./datasets/English//english_07;distasteful;3;1.85106;
./datasets/English//english_08;distasteful;3;1.85106;
./datasets/English//english_09;distasteful;7;1.85106;
./datasets/English//english_10;distasteful;2;1.85106;
./datasets/English//english_11;distasteful;9;1.85106;
./datasets/English//english_12;distasteful;5;1.85106;
./datasets/English//english_13;distasteful;1;1.85106;
./datasets/English//english_14;distasteful;3;1.85106;
./datasets/English//english_15;distasteful;5;1.85106;
./datasets/English//english_16;distasteful;6;1.85106;
./datasets/English//english_17;distasteful;3;1.85106;
./datasets/English//english_18;distasteful;10;1.85106;
./datasets/English//english_19;distasteful;2;1.85106;
./datasets/English//english_00;dermatoxerasia;0;1.48708;
./datasets/English//english_01;dermatoxerasia;0;1.48708;
./datasets/English//english_02;dermatoxerasia;0;1.48708;
./datasets/English//english_03;dermatoxerasia;0;1.48708;
./datasets/English//english_04;dermatoxerasia;0;1.48708;
./datasets/English//english_05;dermatoxerasia;0;1.48708;
./datasets/English//english_06;dermatoxerasia;0;1.48708;
./datasets/English//english_07;dermatoxerasia;0;1.48708;
./datasets/English//english_08;dermatoxerasia;0;1.48708;
./datasets/English//english_09;dermatoxerasia;0;1.48708;
./datasets/English//english_10;dermatoxerasia;0;1.48708;
./datasets/English//english_11;dermatoxerasia;0;1.48708;
./datasets/English//english_12;dermatoxerasia;0;1.48708;
./datasets/English//english_13;dermatoxerasia;0;1.48708;
./datasets/English//english_14;dermatoxerasia;0;1.48708;
./datasets/English//english_15;dermatoxerasia;0;1.48708;
./datasets/English//english_16;dermatoxerasia;0;1.48708;
./datasets/English//english_17;dermatoxerasia;0;1.48708;
./datasets/English//english_18;dermatoxerasia;0;1.48708;
./datasets/English//english_19;dermatoxerasia;0;1.48708;
./datasets/English//english_00;Kaibartha;0;1.54061;
./datasets/English//english_01;Kaibartha;0;1.54061;
./datasets/English//english_02;Kaibartha;0;1.54061;
./datasets/English//english_03;Kaibartha;0;1.54061;
./datasets/English//english_04;Kaibartha;0;1.54061;
./datasets/English//english_05;Kaibartha;0;1.54061;
./datasets/English//english_06;Kaibartha;0;1.54061;
./datasets/English//english_07;Kaibartha;0;1.54061;
./datasets/English//english_08;Kaibartha;0;1.54061;
./datasets/English//english_09;Kaibartha;0;1.54061;
./datasets/English//english_10;Kaibartha;0;1.54061;
./datasets/English//english_11;Kaibartha;0;1.54061;
./datasets/English//english_12;Kaibartha;0;1.54061;
./datasets/English//english_13;Kaibartha;0;1.54061;
./datasets/English//english_14;Kaibartha;0;1.54061;
./datasets/English//english_15;Kaibartha;0;1.54061;
./datasets/English//english_16;Kaibartha;0;1.54061;
./datasets/English//english_17;Kaibartha;0;1.54061;
./datasets/English//english_18;Kaibartha;0;1.54061;
./datasets/English//english_19;Kaibartha;0;1.54061;
./datasets/English//english_00;spydom;0;1.53603;
./datasets/English//english_01;spydom;0;1.53603;
./datasets/English//english_02;spydom;0;1.53603;
./datasets/English//english_03;spydom;0;1.53603;
./datasets/English//english_04;spydom;0;1.53603;
./datasets/English//english_05;spydom;0;1.53603;
./datasets/English//english_06;spydom;0;1.53603;
./datasets/English//english_07;spydom;0;1.53603;
./datasets/English//english_08;spydom;0;1.53603;
./datasets/English//english_09;spydom;0;1.53603;
./datasets/English//english_10;spydom;0;1.53603;
./datasets/English//english_11;spydom;0;1.53603;
./datasets/English//english_12;spydom;0;1.53603;
./datasets/English//english_13;spydom;0;1.53603;
./datasets/English//english_14;spydom;0;1.53603;
./datasets/English//english_15;spydom;0;1.53603;
./datasets/English//english_16;spydom;0;1.53603;
./datasets/English//english_17;spydom;0;1.53603;
./datasets/English//english_18;spydom;0;1.53603;
./datasets/English//english_19;spydom;0;1.53603;
./datasets/English//english_00;tonsor;0;1.56571;
./datasets/English//english_01;tonsor;0;1.56571;
./datasets/English//english_02;tonsor;0;1.56571;
./datasets/English//english_03;tonsor;0;1.56571;
./datasets/English//english_04;tonsor;0;1.56571;
./datasets/English//english_05;tonsor;0;1.56571;
./datasets/English//english_06;tonsor;0;1.56571;
./datasets/English//english_07;tonsor;0;1.56571;
./datasets/English//english_08;tonsor;0;1.56571;
./datasets/English//english_09;tonsor;0;1.56571;
./datasets/English//english_10;tonsor;2;1.56571;
./datasets/English//english_11;tonsor;1;1.56571;
./datasets/English//english_12;tonsor;0;1.56571;
./datasets/English//english_13;tonsor;1;1.56571;
./datasets/English//english_14;tonsor;0;1.56571;
./datasets/English//english_15;tonsor;0;1.56571;
./datasets/English//english_16;tonsor;1;1.56571;
./datasets/English//english_17;tonsor;0;1.56571;
./datasets/English//english_18;tonsor;0;1.56571;
./datasets/English//english_19;tonsor;0;1.56571;
./datasets/English//english_00;paedogenesis;0;1.40795;
./datasets/English//english_01;paedogenesis;0;1.40795;
./datasets/English//english_02;paedogenesis;0;1.40795;
./datasets/English//english_03;paedogenesis;0;1.40795;
./datasets/English//english_04;paedogenesis;0;1.40795;
./datasets/English//english_05;paedogenesis;0;1.40795;
./datasets/English//english_06;paedogenesis;0;1.40795;
./datasets/English//english_07;paedogenesis;0;1.40795;
./datasets/English//english_08;paedogenesis;0;1.40795;
./datasets/English//english_09;paedogenesis;0;1.40795;
./datasets/English//english_10;paedogenesis;0;1.40795;
./datasets/English//english_11;paedogenesis;0;1.40795;
./datasets/English//english_12;paedogenesis;0;1.40795;
./datasets/English//english_13;paedogenesis;0;1.40795;
./datasets/English//english_14;paedogenesis;0;1.40795;
./datasets/English//english_15;paedogenesis;0;1.40795;
./datasets/English//english_16;paedogenesis;0;1.40795;
./datasets/English//english_17;paedogenesis;0;1.40795;
./datasets/English//english_18;paedogenesis;0;1.40795;
./datasets/English//english_19;paedogenesis;0;1.40795;
./datasets/English//english_00;anticipatory;0;1.41445;
./datasets/English//english_01;anticipatory;0;1.41445;
./datasets/English//english_02;anticipatory;1;1.41445;
./datasets/English//english_03;anticipatory;1;1.41445;
./datasets/English//english_04;anticipatory;0;1.41445;
./datasets/English//english_05;anticipatory;0;1.41445;
./datasets/English//english_06;anticipatory;0;1.41445;
./datasets/English//english_07;anticipatory;0;1.41445;
./datasets/English//english_08;anticipatory;0;1.41445;
./datasets/English//english_09;anticipatory;0;1.41445;
./datasets/English//english_10;anticipatory;0;1.41445;
./datasets/English//english_11;anticipatory;0;1.41445;
./datasets/English//english_12;anticipatory;0;1.41445;
./datasets/English//english_13;anticipatory;0;1.41445;
./datasets/English//english_14;anticipatory;0;1.41445;
./datasets/English//english_15;anticipatory;1;1.41445;
./datasets/English//english_16;anticipatory;0;1.41445;
./datasets/English//english_17;anticipatory;0;1.41445;
./datasets/English//english_18;anticipatory;7;1.41445;
./datasets/English//english_19;anticipatory;0;1.41445;
./datasets/English//english_00;unastonished;0;1.41678;
./datasets/English//english_01;unastonished;0;1.41678;
./datasets/English//english_02;unastonished;0;1.41678;
./datasets/English//english_03;unastonished;0;1.41678;
./datasets/English//english_04;unastonished;0;1.41678;
./datasets/English//english_05;unastonished;0;1.41678;
./datasets/English//english_06;unastonished;0;1.41678;
./datasets/English//english_07;unastonished;0;1.41678;
./datasets/English//english_08;unastonished;0;1.41678;
./datasets/English//english_09;unastonished;0;1.41678;
./datasets/English//english_10;unastonished;0;1.41678;
./datasets/English//english_11;unastonished;0;1.41678;
./datasets/English//english_12;unastonished;0;1.41678;
./datasets/English//english_13;unastonished;0;1.41678;
./datasets/English//english_14;unastonished;0;1.41678;
./datasets/English//english_15;unastonished;0;1.41678;
./datasets/English//english_16;unastonished;0;1.41678;
./datasets/English//english_17;unastonished;0;1.41678;
./datasets/English//english_18;unastonished;0;1.41678;
./datasets/English//english_19;unastonished;0;1.41678;
./datasets/English//english_00;Blackbeard;0;1.71979;
./datasets/English//english_01;Blackbeard;0;1.71979;
./datasets/English//english_02;Blackbeard;0;1.71979;
./datasets/English//english_03;Blackbeard;0;1.71979;
./datasets/English//english_04;Blackbeard;0;1.71979;
./datasets/English//english_05;Blackbeard;0;1.71979;
./datasets/English//english_06;Blackbeard;0;1.71979;
./datasets/English//english_07;Blackbeard;0;1.71979;
./datasets/English//english_08;Blackbeard;0;1.71979;
./datasets/English//english_09;Blackbeard;0;1.71979;
./datasets/English//english_10;Blackbeard;0;1.71979;
./datasets/English//english_11;Blackbeard;0;1.71979;
./datasets/English//english_12;Blackbeard;0;1.71979;
./datasets/English//english_13;Blackbeard;0;1.71979;
./datasets/English//english_14;Blackbeard;0;1.71979;
./datasets/English//english_15;Blackbeard;0;1.71979;
./datasets/English//english_16;Blackbeard;0;1.71979;
./datasets/English//english_17;Blackbeard;0;1.71979;
./datasets/English//english_18;Blackbeard;2;1.71979;
./datasets/English//english_19;Blackbeard;0;1.71979;
./datasets/English//english_00;gradient;0;1.85669;
./datasets/English//english_01;gradient;0;1.85669;
./datasets/English//english_02;gradient;2;1.85669;
./datasets/English//english_03;gradient;0;1.85669;
./datasets/English//english_04;gradient;0;1.85669;
./datasets/English//english_05;gradient;0;1.85669;
./datasets/English//english_06;gradient;0;1.85669;
./datasets/English//english_07;gradient;0;1.85669;
./datasets/English//english_08;gradient;0;1.85669;
./datasets/English//english_09;gradient;0;1.85669;
./datasets/English//english_10;gradient;0;1.85669;
./datasets/English//english_11;gradient;0;1.85669;
./datasets/English//english_12;gradient;0;1.85669;
./datasets/English//english_13;gradient;0;1.85669;
./datasets/English//english_14;gradient;0;1.85669;
./datasets/English//english_15;gradient;1;1.85669;
./datasets/English//english_16;gradient;1;1.85669;
./datasets/English//english_17;gradient;0;1.85669;
./datasets/English//english_18;gradient;0;1.85669;
./datasets/English//english_19;gradient;0;1.85669;
./datasets/English//english_00;metachemistry;0;1.61097;
./datasets/English//english_01;metachemistry;0;1.61097;
./datasets/English//english_02;metachemistry;0;1.61097;
./datasets/English//english_03;metachemistry;0;1.61097;
./datasets/English//english_04;metachemistry;0;1.61097;
./datasets/English//english_05;metachemistry;0;1.61097;
./datasets/English//english_06;metachemistry;0;1.61097;
./datasets/English//english_07;metachemistry;0;1.61097;
./datasets/English//english_08;metachemistry;0;1.61097;
./datasets/English//english_09;metachemistry;0;1.61097;
./datasets/English//english_10;metachemistry;0;1.61097;
./datasets/English//english_11;metachemistry;0;1.61097;
./datasets/English//english_12;metachemistry;0;1.61097;
./datasets/English//english_13;metachemistry;0;1.61097;
./datasets/English//english_14;metachemistry;0;1.61097;
./datasets/English//english_15;metachemistry;0;1.61097;
./datasets/English//english_16;metachemistry;0;1.61097;
./datasets/English//english_17;metachemistry;0;1.61097;
./datasets/English//english_18;metachemistry;0;1.61097;
./datasets/English//english_19;metachemistry;0;1.61097;
./datasets/English//english_00;caravan;53;1.51296;
./datasets/English//english_01;caravan;90;1.51296;
./datasets/English//english_02;caravan;30;1.51296;
./datasets/English//english_03;caravan;37;1.51296;
./datasets/English//english_04;caravan;46;1.51296;
./datasets/English//english_05;caravan;4;1.51296;
./datasets/English//english_06;caravan;21;1.51296;
./datasets/English//english_07;caravan;53;1.51296;
./datasets/English//english_08;caravan;73;1.51296;
./datasets/English//english_09;caravan;24;1.51296;
./datasets/English//english_10;caravan;24;1.51296;
./datasets/English//english_11;caravan;0;1.51296;
./datasets/English//english_12;caravan;2;1.51296;
./datasets/English//english_13;caravan;0;1.51296;
./datasets/English//english_14;caravan;12;1.51296;
./datasets/English//english_15;caravan;1;1.51296;
./datasets/English//english_16;caravan;2;1.51296;
./datasets/English//english_17;caravan;3;1.51296;
./datasets/English//english_18;caravan;12;1.51296;
./datasets/English//english_19;caravan;2;1.51296;
./datasets/English//english_00;circumnutate;0;1.38202;
./datasets/English//english_01;circumnutate;0;1.38202;
./datasets/English//english_02;circumnutate;0;1.38202;
./datasets/English//english_03;circumnutate;0;1.38202;
./datasets/English//english_04;circumnutate;0;1.38202;
./datasets/English//english_05;circumnutate;0;1.38202;
./datasets/English//english_06;circumnutate;0;1.38202;
./datasets/English//english_07;circumnutate;0;1.38202;
./datasets/English//english_08;circumnutate;0;1.38202;
./datasets/English//english_09;circumnutate;0;1.38202;
./datasets/English//english_10;circumnutate;0;1.38202;
./datasets/English//english_11;circumnutate;0;1.38202;
./datasets/English//english_12;circumnutate;0;1.38202;
./datasets/English//english_13;circumnutate;0;1.38202;
./datasets/English//english_14;circumnutate;0;1.38202;
./datasets/English//english_15;circumnutate;0;1.38202;
./datasets/English//english_16;circumnutate;0;1.38202;
./datasets/English//english_17;circumnutate;0;1.38202;
./datasets/English//english_18;circumnutate;0;1.38202;
./datasets/English//english_19;circumnutate;0;1.38202;
./datasets/English//english_00;infract;0;1.49899;
./datasets/English//english_01;infract;2;1.49899;
./datasets/English//english_02;infract;0;1.49899;
./datasets/English//english_03;infract;0;1.49899;
./datasets/English//english_04;infract;0;1.49899;
./datasets/English//english_05;infract;1;1.49899;
./datasets/English//english_06;infract;1;1.49899;
./datasets/English//english_07;infract;0;1.49899;
./datasets/English//english_08;infract;0;1.49899;
./datasets/English//english_09;infract;0;1.49899;
./datasets/English//english_10;infract;0;1.49899;
./datasets/English//english_11;infract;0;1.49899;
./datasets/English//english_12;infract;0;1.49899;
./datasets/English//english_13;infract;0;1.49899;
./datasets/English//english_14;infract;0;1.49899;
./datasets/English//english_15;infract;0;1.49899;
./datasets/English//english_16;infract;1;1.49899;
./datasets/English//english_17;infract;0;1.49899;
./datasets/English//english_18;infract;0;1.49899;
./datasets/English//english_19;infract;10;1.49899;
./datasets/English//english_00;adenia;0;1.57301;
./datasets/English//english_01;adenia;0;1.57301;
./datasets/English//english_02;adenia;0;1.57301;
./datasets/English//english_03;adenia;0;1.57301;
./datasets/English//english_04;adenia;0;1.57301;
./datasets/English//english_05;adenia;0;1.57301;
./datasets/English//english_06;adenia;0;1.57301;
./datasets/English//english_07;adenia;0;1.57301;
./datasets/English//english_08;adenia;0;1.57301;
./datasets/English//english_09;adenia;0;1.57301;
./datasets/English//english_10;adenia;0;1.57301;
./datasets/English//english_11;adenia;0;1.57301;
./datasets/English//english_12;adenia;0;1.57301;
./datasets/English//english_13;adenia;0;1.57301;
./datasets/English//english_14;adenia;0;1.57301;
./datasets/English//english_15;adenia;0;1.57301;
./datasets/English//english_16;adenia;0;1.57301;
./datasets/English//english_17;adenia;0;1.57301;
./datasets/English//english_18;adenia;0;1.57301;
./datasets/English//english_19;adenia;0;1.57301;
./datasets/English//english_00;louse;6;1.65805;
./datasets/English//english_01;louse;7;1.65805;
./datasets/English//english_02;louse;3;1.65805;
./datasets/English//english_03;louse;5;1.65805;
./datasets/English//english_04;louse;6;1.65805;
./datasets/English//english_05;louse;1;1.65805;
./datasets/English//english_06;louse;8;1.65805;
./datasets/English//english_07;louse;1;1.65805;
./datasets/English//english_08;louse;1;1.65805;
./datasets/English//english_09;louse;0;1.65805;
./datasets/English//english_10;louse;12;1.65805;
./datasets/English//english_11;louse;0;1.65805;
./datasets/English//english_12;louse;2;1.65805;
./datasets/English//english_13;louse;8;1.65805;
./datasets/English//english_14;louse;6;1.65805;
./datasets/English//english_15;louse;3;1.65805;
./datasets/English//english_16;louse;1;1.65805;
./datasets/English//english_17;louse;12;1.65805;
./datasets/English//english_18;louse;13;1.65805;
./datasets/English//english_19;louse;8;1.65805;
./datasets/English//english_00;koel;0;1.76603;
./datasets/English//english_01;koel;0;1.76603;
./datasets/English//english_02;koel;0;1.76603;
./datasets/English//english_03;koel;0;1.76603;
./datasets/English//english_04;koel;0;1.76603;
./datasets/English//english_05;koel;0;1.76603;
./datasets/English//english_06;koel;0;1.76603;
./datasets/English//english_07;koel;0;1.76603;
./datasets/English//english_08;koel;0;1.76603;
./datasets/English//english_09;koel;0;1.76603;
./datasets/English//english_10;koel;0;1.76603;
./datasets/English//english_11;koel;0;1.76603;
./datasets/English//english_12;koel;0;1.76603;
./datasets/English//english_13;koel;0;1.76603;
./datasets/English//english_14;koel;0;1.76603;
./datasets/English//english_15;koel;0;1.76603;
./datasets/English//english_16;koel;0;1.76603;
./datasets/English//english_17;koel;0;1.76603;
./datasets/English//english_18;koel;0;1.76603;
./datasets/English//english_19;koel;0;1.76603;
./datasets/English//english_00;tributyrin;0;1.47016;
./datasets/English//english_01;tributyrin;0;1.47016;
./datasets/English//english_02;tributyrin;0;1.47016;
./datasets/English//english_03;tributyrin;0;1.47016;
./datasets/English//english_04;tributyrin;0;1.47016;
./datasets/English//english_05;tributyrin;0;1.47016;
./datasets/English//english_06;tributyrin;0;1.47016;
./datasets/English//english_07;tributyrin;0;1.47016;
./datasets/English//english_08;tributyrin;0;1.47016;
./datasets/English//english_09;tributyrin;0;1.47016;
./datasets/English//english_10;tributyrin;0;1.47016;
./datasets/English//english_11;tributyrin;0;1.47016;
./datasets/English//english_12;tributyrin;0;1.47016;
./datasets/English//english_13;tributyrin;0;1.47016;
./datasets/English//english_14;tributyrin;0;1.47016;
./datasets/English//english_15;tributyrin;0;1.47016;
./datasets/English//english_16;tributyrin;0;1.47016;
./datasets/English//english_17;tributyrin;0;1.47016;
./datasets/English//english_18;tributyrin;0;1.47016;
./datasets/English//english_19;tributyrin;0;1.47016;
./datasets/English//english_00;lifey;0;1.61711;
./datasets/English//english_01;lifey;0;1.61711;
./datasets/English//english_02;lifey;0;1.61711;
./datasets/English//english_03;lifey;0;1.61711;
./datasets/English//english_04;lifey;0;1.61711;
./datasets/English//english_05;lifey;0;1.61711;
./datasets/English//english_06;lifey;0;1.61711;
./datasets/English//english_07;lifey;0;1.61711;
./datasets/English//english_08;lifey;0;1.61711;
./datasets/English//english_09;lifey;0;1.61711;
./datasets/English//english_10;lifey;0;1.61711;
./datasets/English//english_11;lifey;0;1.61711;
./datasets/English//english_12;lifey;0;1.61711;
./datasets/English//english_13;lifey;0;1.61711;
./datasets/English//english_14;lifey;0;1.61711;
./datasets/English//english_15;lifey;0;1.61711;
./datasets/English//english_16;lifey;0;1.61711;
./datasets/English//english_17;lifey;0;1.61711;
./datasets/English//english_18;lifey;0;1.61711;
./datasets/English//english_19;lifey;0;1.61711;
./datasets/English//english_00;Desmidiaceae;0;1.37253;
./datasets/English//english_01;Desmidiaceae;0;1.37253;
./datasets/English//english_02;Desmidiaceae;0;1.37253;
./datasets/English//english_03;Desmidiaceae;0;1.37253;
./datasets/English//english_04;Desmidiaceae;0;1.37253;
./datasets/English//english_05;Desmidiaceae;0;1.37253;
./datasets/English//english_06;Desmidiaceae;0;1.37253;
./datasets/English//english_07;Desmidiaceae;0;1.37253;
./datasets/English//english_08;Desmidiaceae;0;1.37253;
./datasets/English//english_09;Desmidiaceae;0;1.37253;
./datasets/English//english_10;Desmidiaceae;0;1.37253;
./datasets/English//english_11;Desmidiaceae;0;1.37253;
./datasets/English//english_12;Desmidiaceae;0;1.37253;
./datasets/English//english_13;Desmidiaceae;0;1.37253;
./datasets/English//english_14;Desmidiaceae;0;1.37253;
./datasets/English//english_15;Desmidiaceae;0;1.37253;
./datasets/English//english_16;Desmidiaceae;0;1.37253;
./datasets/English//english_17;Desmidiaceae;0;1.37253;
./datasets/English//english_18;Desmidiaceae;0;1.37253;
./datasets/English//english_19;Desmidiaceae;0;1.37253;
./datasets/English//english_00;vinelet;0;1.72423;
./datasets/English//english_01;vinelet;0;1.72423;
./datasets/English//english_02;vinelet;0;1.72423;
./datasets/English//english_03;vinelet;0;1.72423;
./datasets/English//english_04;vinelet;0;1.72423;
./datasets/English//english_05;vinelet;0;1.72423;
./datasets/English//english_06;vinelet;0;1.72423;
./datasets/English//english_07;vinelet;0;1.72423;
./datasets/English//english_08;vinelet;0;1.72423;
./datasets/English//english_09;vinelet;0;1.72423;
./datasets/English//english_10;vinelet;0;1.72423;
./datasets/English//english_11;vinelet;0;1.72423;
./datasets/English//english_12;vinelet;0;1.72423;
./datasets/English//english_13;vinelet;0;1.72423;
./datasets/English//english_14;vinelet;0;1.72423;
./datasets/English//english_15;vinelet;0;1.72423;
./datasets/English//english_16;vinelet;0;1.72423;
./datasets/English//english_17;vinelet;0;1.72423;
./datasets/English//english_18;vinelet;0;1.72423;
./datasets/English//english_19;vinelet;0;1.72423;
./datasets/English//english_00;ingrowth;0;1.58496;
./datasets/English//english_01;ingrowth;0;1.58496;
./datasets/English//english_02;ingrowth;0;1.58496;
./datasets/English//english_03;ingrowth;0;1.58496;
./datasets/English//english_04;ingrowth;0;1.58496;
./datasets/English//english_05;ingrowth;0;1.58496;
./datasets/English//english_06;ingrowth;0;1.58496;
./datasets/English//english_07;ingrowth;0;1.58496;
./datasets/English//english_08;ingrowth;0;1.58496;
./datasets/English//english_09;ingrowth;0;1.58496;
./datasets/English//english_10;ingrowth;0;1.58496;
./datasets/English//english_11;ingrowth;0;1.58496;
./datasets/English//english_12;ingrowth;0;1.58496;
./datasets/English//english_13;ingrowth;0;1.58496;
./datasets/English//english_14;ingrowth;0;1.58496;
./datasets/English//english_15;ingrowth;0;1.58496;
./datasets/English//english_16;ingrowth;0;1.58496;
./datasets/English//english_17;ingrowth;0;1.58496;
./datasets/English//english_18;ingrowth;0;1.58496;
./datasets/English//english_19;ingrowth;0;1.58496;
./datasets/English//english_00;uniovulate;0;1.432;
./datasets/English//english_01;uniovulate;0;1.432;
./datasets/English//english_02;uniovulate;0;1.432;
./datasets/English//english_03;uniovulate;0;1.432;
./datasets/English//english_04;uniovulate;0;1.432;
./datasets/English//english_05;uniovulate;0;1.432;
./datasets/English//english_06;uniovulate;0;1.432;
./datasets/English//english_07;uniovulate;0;1.432;
./datasets/English//english_08;uniovulate;0;1.432;
./datasets/English//english_09;uniovulate;0;1.432;
./datasets/English//english_10;uniovulate;0;1.432;
./datasets/English//english_11;uniovulate;0;1.432;
./datasets/English//english_12;uniovulate;0;1.432;
./datasets/English//english_13;uniovulate;0;1.432;
./datasets/English//english_14;uniovulate;0;1.432;
./datasets/English//english_15;uniovulate;0;1.432;
./datasets/English//english_16;uniovulate;0;1.432;
./datasets/English//english_17;uniovulate;0;1.432;
./datasets/English//english_18;uniovulate;0;1.432;
./datasets/English//english_19;uniovulate;0;1.432;
./datasets/English//english_00;toying;11;1.54204;
./datasets/English//english_01;toying;7;1.54204;
./datasets/English//english_02;toying;2;1.54204;
./datasets/English//english_03;toying;4;1.54204;
./datasets/English//english_04;toying;8;1.54204;
./datasets/English//english_05;toying;0;1.54204;
./datasets/English//english_06;toying;2;1.54204;
./datasets/English//english_07;toying;1;1.54204;
./datasets/English//english_08;toying;3;1.54204;
./datasets/English//english_09;toying;2;1.54204;
./datasets/English//english_10;toying;11;1.54204;
./datasets/English//english_11;toying;1;1.54204;
./datasets/English//english_12;toying;0;1.54204;
./datasets/English//english_13;toying;0;1.54204;
./datasets/English//english_14;toying;0;1.54204;
./datasets/English//english_15;toying;3;1.54204;
./datasets/English//english_16;toying;0;1.54204;
./datasets/English//english_17;toying;1;1.54204;
./datasets/English//english_18;toying;2;1.54204;
./datasets/English//english_19;toying;0;1.54204;
./datasets/English//english_00;nonretentive;0;1.36381;
./datasets/English//english_01;nonretentive;0;1.36381;
./datasets/English//english_02;nonretentive;0;1.36381;
./datasets/English//english_03;nonretentive;0;1.36381;
./datasets/English//english_04;nonretentive;0;1.36381;
./datasets/English//english_05;nonretentive;0;1.36381;
./datasets/English//english_06;nonretentive;0;1.36381;
./datasets/English//english_07;nonretentive;0;1.36381;
./datasets/English//english_08;nonretentive;0;1.36381;
./datasets/English//english_09;nonretentive;0;1.36381;
./datasets/English//english_10;nonretentive;0;1.36381;
./datasets/English//english_11;nonretentive;0;1.36381;
./datasets/English//english_12;nonretentive;0;1.36381;
./datasets/English//english_13;nonretentive;0;1.36381;
./datasets/English//english_14;nonretentive;0;1.36381;
./datasets/English//english_15;nonretentive;0;1.36381;
./datasets/English//english_16;nonretentive;0;1.36381;
./datasets/English//english_17;nonretentive;0;1.36381;
./datasets/English//english_18;nonretentive;0;1.36381;
./datasets/English//english_19;nonretentive;0;1.36381;
./datasets/English//english_00;conjunct;2;1.4592;
./datasets/English//english_01;conjunct;11;1.4592;
./datasets/English//english_02;conjunct;10;1.4592;
./datasets/English//english_03;conjunct;8;1.4592;
./datasets/English//english_04;conjunct;8;1.4592;
./datasets/English//english_05;conjunct;4;1.4592;
./datasets/English//english_06;conjunct;1;1.4592;
./datasets/English//english_07;conjunct;1;1.4592;
./datasets/English//english_08;conjunct;5;1.4592;
./datasets/English//english_09;conjunct;4;1.4592;
./datasets/English//english_10;conjunct;9;1.4592;
./datasets/English//english_11;conjunct;0;1.4592;
./datasets/English//english_12;conjunct;8;1.4592;
./datasets/English//english_13;conjunct;3;1.4592;
./datasets/English//english_14;conjunct;5;1.4592;
./datasets/English//english_15;conjunct;3;1.4592;
./datasets/English//english_16;conjunct;11;1.4592;
./datasets/English//english_17;conjunct;5;1.4592;
./datasets/English//english_18;conjunct;2;1.4592;
./datasets/English//english_19;conjunct;12;1.4592;
./datasets/English//english_00;pinnaglobin;0;1.37395;
./datasets/English//english_01;pinnaglobin;0;1.37395;
./datasets/English//english_02;pinnaglobin;0;1.37395;
./datasets/English//english_03;pinnaglobin;0;1.37395;
./datasets/English//english_04;pinnaglobin;0;1.37395;
./datasets/English//english_05;pinnaglobin;0;1.37395;
./datasets/English//english_06;pinnaglobin;0;1.37395;
./datasets/English//english_07;pinnaglobin;0;1.37395;
./datasets/English//english_08;pinnaglobin;0;1.37395;
./datasets/English//english_09;pinnaglobin;0;1.37395;
./datasets/English//english_10;pinnaglobin;0;1.37395;
./datasets/English//english_11;pinnaglobin;0;1.37395;
./datasets/English//english_12;pinnaglobin;0;1.37395;
./datasets/English//english_13;pinnaglobin;0;1.37395;
./datasets/English//english_14;pinnaglobin;0;1.37395;
./datasets/English//english_15;pinnaglobin;0;1.37395;
./datasets/English//english_16;pinnaglobin;0;1.37395;
./datasets/English//english_17;pinnaglobin;0;1.37395;
./datasets/English//english_18;pinnaglobin;0;1.37395;
./datasets/English//english_19;pinnaglobin;0;1.37395;
./datasets/English//english_00;vastity;0;1.49702;
./datasets/English//english_01;vastity;0;1.49702;
./datasets/English//english_02;vastity;0;1.49702;
./datasets/English//english_03;vastity;0;1.49702;
./datasets/English//english_04;vastity;0;1.49702;
./datasets/English//english_05;vastity;0;1.49702;
./datasets/English//english_06;vastity;0;1.49702;
./datasets/English//english_07;vastity;0;1.49702;
./datasets/English//english_08;vastity;0;1.49702;
./datasets/English//english_09;vastity;0;1.49702;
./datasets/English//english_10;vastity;0;1.49702;
./datasets/English//english_11;vastity;0;1.49702;
./datasets/English//english_12;vastity;0;1.49702;
./datasets/English//english_13;vastity;0;1.49702;
./datasets/English//english_14;vastity;0;1.49702;
./datasets/English//english_15;vastity;0;1.49702;
./datasets/English//english_16;vastity;0;1.49702;
./datasets/English//english_17;vastity;0;1.49702;
./datasets/English//english_18;vastity;0;1.49702;
./datasets/English//english_19;vastity;0;1.49702;
./datasets/English//english_00;appendicle;0;1.425;
./datasets/English//english_01;appendicle;0;1.425;
./datasets/English//english_02;appendicle;0;1.425;
./datasets/English//english_03;appendicle;0;1.425;
./datasets/English//english_04;appendicle;0;1.425;
./datasets/English//english_05;appendicle;0;1.425;
./datasets/English//english_06;appendicle;0;1.425;
./datasets/English//english_07;appendicle;0;1.425;
./datasets/English//english_08;appendicle;0;1.425;
./datasets/English//english_09;appendicle;0;1.425;
./datasets/English//english_10;appendicle;0;1.425;
./datasets/English//english_11;appendicle;0;1.425;
./datasets/English//english_12;appendicle;0;1.425;
./datasets/English//english_13;appendicle;0;1.425;
./datasets/English//english_14;appendicle;0;1.425;
./datasets/English//english_15;appendicle;0;1.425;
./datasets/English//english_16;appendicle;0;1.425;
./datasets/English//english_17;appendicle;0;1.425;
./datasets/English//english_18;appendicle;0;1.425;
./datasets/English//english_19;appendicle;0;1.425;
./datasets/English//english_00;redecline;0;1.43695;
./datasets/English//english_01;redecline;0;1.43695;
./datasets/English//english_02;redecline;0;1.43695;
./datasets/English//english_03;redecline;0;1.43695;
./datasets/English//english_04;redecline;0;1.43695;
./datasets/English//english_05;redecline;0;1.43695;
./datasets/English//english_06;redecline;0;1.43695;
./datasets/English//english_07;redecline;0;1.43695;
./datasets/English//english_08;redecline;0;1.43695;
./datasets/English//english_09;redecline;0;1.43695;
./datasets/English//english_10;redecline;0;1.43695;
./datasets/English//english_11;redecline;0;1.43695;
./datasets/English//english_12;redecline;0;1.43695;
./datasets/English//english_13;redecline;0;1.43695;
./datasets/English//english_14;redecline;0;1.43695;
./datasets/English//english_15;redecline;0;1.43695;
./datasets/English//english_16;redecline;0;1.43695;
./datasets/English//english_17;redecline;0;1.43695;
./datasets/English//english_18;redecline;0;1.43695;
./datasets/English//english_19;redecline;0;1.43695;
./datasets/English//english_00;trekker;0;1.56018;
./datasets/English//english_01;trekker;0;1.56018;
./datasets/English//english_02;trekker;0;1.56018;
./datasets/English//english_03;trekker;0;1.56018;
./datasets/English//english_04;trekker;0;1.56018;
./datasets/English//english_05;trekker;0;1.56018;
./datasets/English//english_06;trekker;0;1.56018;
./datasets/English//english_07;trekker;0;1.56018;
./datasets/English//english_08;trekker;0;1.56018;
./datasets/English//english_09;trekker;0;1.56018;
./datasets/English//english_10;trekker;0;1.56018;
./datasets/English//english_11;trekker;0;1.56018;
./datasets/English//english_12;trekker;5;1.56018;
./datasets/English//english_13;trekker;0;1.56018;
./datasets/English//english_14;trekker;0;1.56018;
./datasets/English//english_15;trekker;0;1.56018;
./datasets/English//english_16;trekker;0;1.56018;
./datasets/English//english_17;trekker;0;1.56018;
./datasets/English//english_18;trekker;0;1.56018;
./datasets/English//english_19;trekker;0;1.56018;
./datasets/English//english_00;hereby;68;1.51784;
./datasets/English//english_01;hereby;110;1.51784;
./datasets/English//english_02;hereby;62;1.51784;
./datasets/English//english_03;hereby;107;1.51784;
./datasets/English//english_04;hereby;77;1.51784;
./datasets/English//english_05;hereby;41;1.51784;
./datasets/English//english_06;hereby;39;1.51784;
./datasets/English//english_07;hereby;129;1.51784;
./datasets/English//english_08;hereby;52;1.51784;
./datasets/English//english_09;hereby;47;1.51784;
./datasets/English//english_10;hereby;95;1.51784;
./datasets/English//english_11;hereby;28;1.51784;
./datasets/English//english_12;hereby;38;1.51784;
./datasets/English//english_13;hereby;90;1.51784;
./datasets/English//english_14;hereby;34;1.51784;
./datasets/English//english_15;hereby;32;1.51784;
./datasets/English//english_16;hereby;27;1.51784;
./datasets/English//english_17;hereby;23;1.51784;
./datasets/English//english_18;hereby;18;1.51784;
./datasets/English//english_19;hereby;12;1.51784;
./datasets/English//english_00;dicatalexis;0;1.41407;
./datasets/English//english_01;dicatalexis;0;1.41407;
./datasets/English//english_02;dicatalexis;0;1.41407;
./datasets/English//english_03;dicatalexis;0;1.41407;
./datasets/English//english_04;dicatalexis;0;1.41407;
./datasets/English//english_05;dicatalexis;0;1.41407;
./datasets/English//english_06;dicatalexis;0;1.41407;
./datasets/English//english_07;dicatalexis;0;1.41407;
./datasets/English//english_08;dicatalexis;0;1.41407;
./datasets/English//english_09;dicatalexis;0;1.41407;
./datasets/English//english_10;dicatalexis;0;1.41407;
./datasets/English//english_11;dicatalexis;0;1.41407;
./datasets/English//english_12;dicatalexis;0;1.41407;
./datasets/English//english_13;dicatalexis;0;1.41407;
./datasets/English//english_14;dicatalexis;0;1.41407;
./datasets/English//english_15;dicatalexis;0;1.41407;
./datasets/English//english_16;dicatalexis;0;1.41407;
./datasets/English//english_17;dicatalexis;0;1.41407;
./datasets/English//english_18;dicatalexis;0;1.41407;
./datasets/English//english_19;dicatalexis;0;1.41407;
./datasets/English//english_00;slackerism;0;1.39718;
./datasets/English//english_01;slackerism;0;1.39718;
./datasets/English//english_02;slackerism;0;1.39718;
./datasets/English//english_03;slackerism;0;1.39718;
./datasets/English//english_04;slackerism;0;1.39718;
./datasets/English//english_05;slackerism;0;1.39718;
./datasets/English//english_06;slackerism;0;1.39718;
./datasets/English//english_07;slackerism;0;1.39718;
./datasets/English//english_08;slackerism;0;1.39718;
./datasets/English//english_09;slackerism;0;1.39718;
./datasets/English//english_10;slackerism;0;1.39718;
./datasets/English//english_11;slackerism;0;1.39718;
./datasets/English//english_12;slackerism;0;1.39718;
./datasets/English//english_13;slackerism;0;1.39718;
./datasets/English//english_14;slackerism;0;1.39718;
./datasets/English//english_15;slackerism;0;1.39718;
./datasets/English//english_16;slackerism;0;1.39718;
./datasets/English//english_17;slackerism;0;1.39718;
./datasets/English//english_18;slackerism;0;1.39718;
./datasets/English//english_19;slackerism;0;1.39718;
./datasets/English//english_00;inaxon;0;1.54279;
./datasets/English//english_01;inaxon;0;1.54279;
./datasets/English//english_02;inaxon;0;1.54279;
./datasets/English//english_03;inaxon;0;1.54279;
./datasets/English//english_04;inaxon;0;1.54279;
./datasets/English//english_05;inaxon;0;1.54279;
./datasets/English//english_06;inaxon;0;1.54279;
./datasets/English//english_07;inaxon;0;1.54279;
./datasets/English//english_08;inaxon;0;1.54279;
./datasets/English//english_09;inaxon;0;1.54279;
./datasets/English//english_10;inaxon;0;1.54279;
./datasets/English//english_11;inaxon;0;1.54279;
./datasets/English//english_12;inaxon;0;1.54279;
./datasets/English//english_13;inaxon;0;1.54279;
./datasets/English//english_14;inaxon;0;1.54279;
./datasets/English//english_15;inaxon;0;1.54279;
./datasets/English//english_16;inaxon;0;1.54279;
./datasets/English//english_17;inaxon;0;1.54279;
./datasets/English//english_18;inaxon;0;1.54279;
./datasets/English//english_19;inaxon;0;1.54279;
./datasets/English//english_00;tribase;0;1.53592;
./datasets/English//english_01;tribase;0;1.53592;
./datasets/English//english_02;tribase;0;1.53592;
./datasets/English//english_03;tribase;0;1.53592;
./datasets/English//english_04;tribase;0;1.53592;
./datasets/English//english_05;tribase;0;1.53592;
./datasets/English//english_06;tribase;0;1.53592;
./datasets/English//english_07;tribase;0;1.53592;
./datasets/English//english_08;tribase;0;1.53592;
./datasets/English//english_09;tribase;0;1.53592;
./datasets/English//english_10;tribase;0;1.53592;
./datasets/English//english_11;tribase;0;1.53592;
./datasets/English//english_12;tribase;0;1.53592;
./datasets/English//english_13;tribase;0;1.53592;
./datasets/English//english_14;tribase;0;1.53592;
./datasets/English//english_15;tribase;0;1.53592;
./datasets/English//english_16;tribase;0;1.53592;
./datasets/English//english_17;tribase;0;1.53592;
./datasets/English//english_18;tribase;0;1.53592;
./datasets/English//english_19;tribase;0;1.53592;
./datasets/English//english_00;cryptostome;0;1.43812;
./datasets/English//english_01;cryptostome;0;1.43812;
./datasets/English//english_02;cryptostome;0;1.43812;
./datasets/English//english_03;cryptostome;0;1.43812;
./datasets/English//english_04;cryptostome;0;1.43812;
./datasets/English//english_05;cryptostome;0;1.43812;
./datasets/English//english_06;cryptostome;0;1.43812;
./datasets/English//english_07;cryptostome;0;1.43812;
./datasets/English//english_08;cryptostome;0;1.43812;
./datasets/English//english_09;cryptostome;0;1.43812;
./datasets/English//english_10;cryptostome;0;1.43812;
./datasets/English//english_11;cryptostome;0;1.43812;
./datasets/English//english_12;cryptostome;0;1.43812;
./datasets/English//english_13;cryptostome;0;1.43812;
./datasets/English//english_14;cryptostome;0;1.43812;
./datasets/English//english_15;cryptostome;0;1.43812;
./datasets/English//english_16;cryptostome;0;1.43812;
./datasets/English//english_17;cryptostome;0;1.43812;
./datasets/English//english_18;cryptostome;0;1.43812;
./datasets/English//english_19;cryptostome;0;1.43812;
./datasets/English//english_00;nonpresbyter;0;1.4418;
./datasets/English//english_01;nonpresbyter;0;1.4418;
./datasets/English//english_02;nonpresbyter;0;1.4418;
./datasets/English//english_03;nonpresbyter;0;1.4418;
./datasets/English//english_04;nonpresbyter;0;1.4418;
./datasets/English//english_05;nonpresbyter;0;1.4418;
./datasets/English//english_06;nonpresbyter;0;1.4418;
./datasets/English//english_07;nonpresbyter;0;1.4418;
./datasets/English//english_08;nonpresbyter;0;1.4418;
./datasets/English//english_09;nonpresbyter;0;1.4418;
./datasets/English//english_10;nonpresbyter;0;1.4418;
./datasets/English//english_11;nonpresbyter;0;1.4418;
./datasets/English//english_12;nonpresbyter;0;1.4418;
./datasets/English//english_13;nonpresbyter;0;1.4418;
./datasets/English//english_14;nonpresbyter;0;1.4418;
./datasets/English//english_15;nonpresbyter;0;1.4418;
./datasets/English//english_16;nonpresbyter;0;1.4418;
./datasets/English//english_17;nonpresbyter;0;1.4418;
./datasets/English//english_18;nonpresbyter;0;1.4418;
./datasets/English//english_19;nonpresbyter;0;1.4418;
./datasets/English//english_00;breezily;0;1.43719;
./datasets/English//english_01;breezily;0;1.43719;
./datasets/English//english_02;breezily;0;1.43719;
./datasets/English//english_03;breezily;0;1.43719;
./datasets/English//english_04;breezily;0;1.43719;
./datasets/English//english_05;breezily;0;1.43719;
./datasets/English//english_06;breezily;0;1.43719;
./datasets/English//english_07;breezily;0;1.43719;
./datasets/English//english_08;breezily;0;1.43719;
./datasets/English//english_09;breezily;0;1.43719;
./datasets/English//english_10;breezily;0;1.43719;
./datasets/English//english_11;breezily;0;1.43719;
./datasets/English//english_12;breezily;0;1.43719;
./datasets/English//english_13;breezily;0;1.43719;
./datasets/English//english_14;breezily;0;1.43719;
./datasets/English//english_15;breezily;0;1.43719;
./datasets/English//english_16;breezily;0;1.43719;
./datasets/English//english_17;breezily;1;1.43719;
./datasets/English//english_18;breezily;0;1.43719;
./datasets/English//english_19;breezily;0;1.43719;
./datasets/English//english_00;opusculum;0;1.3822;
./datasets/English//english_01;opusculum;0;1.3822;
./datasets/English//english_02;opusculum;0;1.3822;
./datasets/English//english_03;opusculum;0;1.3822;
./datasets/English//english_04;opusculum;0;1.3822;
./datasets/English//english_05;opusculum;0;1.3822;
./datasets/English//english_06;opusculum;0;1.3822;
./datasets/English//english_07;opusculum;0;1.3822;
./datasets/English//english_08;opusculum;0;1.3822;
./datasets/English//english_09;opusculum;0;1.3822;
./datasets/English//english_10;opusculum;0;1.3822;
./datasets/English//english_11;opusculum;0;1.3822;
./datasets/English//english_12;opusculum;0;1.3822;
./datasets/English//english_13;opusculum;0;1.3822;
./datasets/English//english_14;opusculum;0;1.3822;
./datasets/English//english_15;opusculum;0;1.3822;
./datasets/English//english_16;opusculum;0;1.3822;
./datasets/English//english_17;opusculum;0;1.3822;
./datasets/English//english_18;opusculum;0;1.3822;
./datasets/English//english_19;opusculum;0;1.3822;
./datasets/English//english_00;methought;4;1.73995;
./datasets/English//english_01;methought;4;1.73995;
./datasets/English//english_02;methought;2;1.73995;
./datasets/English//english_03;methought;10;1.73995;
./datasets/English//english_04;methought;0;1.73995;
./datasets/English//english_05;methought;2;1.73995;
./datasets/English//english_06;methought;0;1.73995;
./datasets/English//english_07;methought;2;1.73995;
./datasets/English//english_08;methought;0;1.73995;
./datasets/English//english_09;methought;0;1.73995;
./datasets/English//english_10;methought;0;1.73995;
./datasets/English//english_11;methought;0;1.73995;
./datasets/English//english_12;methought;0;1.73995;
./datasets/English//english_13;methought;3;1.73995;
./datasets/English//english_14;methought;0;1.73995;
./datasets/English//english_15;methought;0;1.73995;
./datasets/English//english_16;methought;2;1.73995;
./datasets/English//english_17;methought;1;1.73995;
./datasets/English//english_18;methought;0;1.73995;
./datasets/English//english_19;methought;0;1.73995;
./datasets/English//english_00;yarl;0;2.14232;
./datasets/English//english_01;yarl;2;2.14232;
./datasets/English//english_02;yarl;0;2.14232;
./datasets/English//english_03;yarl;0;2.14232;
./datasets/English//english_04;yarl;0;2.14232;
./datasets/English//english_05;yarl;0;2.14232;
./datasets/English//english_06;yarl;0;2.14232;
./datasets/English//english_07;yarl;0;2.14232;
./datasets/English//english_08;yarl;0;2.14232;
./datasets/English//english_09;yarl;0;2.14232;
./datasets/English//english_10;yarl;0;2.14232;
./datasets/English//english_11;yarl;0;2.14232;
./datasets/English//english_12;yarl;0;2.14232;
./datasets/English//english_13;yarl;0;2.14232;
./datasets/English//english_14;yarl;0;2.14232;
./datasets/English//english_15;yarl;0;2.14232;
./datasets/English//english_16;yarl;0;2.14232;
./datasets/English//english_17;yarl;0;2.14232;
./datasets/English//english_18;yarl;0;2.14232;
./datasets/English//english_19;yarl;0;2.14232;
./datasets/English//english_00;fringent;0;1.49719;
./datasets/English//english_01;fringent;0;1.49719;
./datasets/English//english_02;fringent;0;1.49719;
./datasets/English//english_03;fringent;0;1.49719;
./datasets/English//english_04;fringent;0;1.49719;
./datasets/English//english_05;fringent;0;1.49719;
./datasets/English//english_06;fringent;0;1.49719;
./datasets/English//english_07;fringent;0;1.49719;
./datasets/English//english_08;fringent;0;1.49719;
./datasets/English//english_09;fringent;0;1.49719;
./datasets/English//english_10;fringent;0;1.49719;
./datasets/English//english_11;fringent;0;1.49719;
./datasets/English//english_12;fringent;0;1.49719;
./datasets/English//english_13;fringent;0;1.49719;
./datasets/English//english_14;fringent;0;1.49719;
./datasets/English//english_15;fringent;0;1.49719;
./datasets/English//english_16;fringent;0;1.49719;
./datasets/English//english_17;fringent;0;1.49719;
./datasets/English//english_18;fringent;0;1.49719;
./datasets/English//english_19;fringent;0;1.49719;
./datasets/English//english_00;forsooth;5;1.47292;
./datasets/English//english_01;forsooth;5;1.47292;
./datasets/English//english_02;forsooth;2;1.47292;
./datasets/English//english_03;forsooth;4;1.47292;
./datasets/English//english_04;forsooth;1;1.47292;
./datasets/English//english_05;forsooth;2;1.47292;
./datasets/English//english_06;forsooth;3;1.47292;
./datasets/English//english_07;forsooth;8;1.47292;
./datasets/English//english_08;forsooth;1;1.47292;
./datasets/English//english_09;forsooth;3;1.47292;
./datasets/English//english_10;forsooth;7;1.47292;
./datasets/English//english_11;forsooth;3;1.47292;
./datasets/English//english_12;forsooth;1;1.47292;
./datasets/English//english_13;forsooth;12;1.47292;
./datasets/English//english_14;forsooth;1;1.47292;
./datasets/English//english_15;forsooth;0;1.47292;
./datasets/English//english_16;forsooth;5;1.47292;
./datasets/English//english_17;forsooth;0;1.47292;
./datasets/English//english_18;forsooth;1;1.47292;
./datasets/English//english_19;forsooth;0;1.47292;
./datasets/English//english_00;plicater;0;1.50502;
./datasets/English//english_01;plicater;0;1.50502;
./datasets/English//english_02;plicater;0;1.50502;
./datasets/English//english_03;plicater;0;1.50502;
./datasets/English//english_04;plicater;0;1.50502;
./datasets/English//english_05;plicater;0;1.50502;
./datasets/English//english_06;plicater;0;1.50502;
./datasets/English//english_07;plicater;0;1.50502;
./datasets/English//english_08;plicater;0;1.50502;
./datasets/English//english_09;plicater;0;1.50502;
./datasets/English//english_10;plicater;0;1.50502;
./datasets/English//english_11;plicater;0;1.50502;
./datasets/English//english_12;plicater;0;1.50502;
./datasets/English//english_13;plicater;0;1.50502;
./datasets/English//english_14;plicater;0;1.50502;
./datasets/English//english_15;plicater;0;1.50502;
./datasets/English//english_16;plicater;0;1.50502;
./datasets/English//english_17;plicater;0;1.50502;
./datasets/English//english_18;plicater;0;1.50502;
./datasets/English//english_19;plicater;0;1.50502;
./datasets/English//english_00;balneotherapeutics;0;1.64272;
./datasets/English//english_01;balneotherapeutics;0;1.64272;
./datasets/English//english_02;balneotherapeutics;0;1.64272;
./datasets/English//english_03;balneotherapeutics;0;1.64272;
./datasets/English//english_04;balneotherapeutics;0;1.64272;
./datasets/English//english_05;balneotherapeutics;0;1.64272;
./datasets/English//english_06;balneotherapeutics;0;1.64272;
./datasets/English//english_07;balneotherapeutics;0;1.64272;
./datasets/English//english_08;balneotherapeutics;0;1.64272;
./datasets/English//english_09;balneotherapeutics;0;1.64272;
./datasets/English//english_10;balneotherapeutics;0;1.64272;
./datasets/English//english_11;balneotherapeutics;0;1.64272;
./datasets/English//english_12;balneotherapeutics;0;1.64272;
./datasets/English//english_13;balneotherapeutics;0;1.64272;
./datasets/English//english_14;balneotherapeutics;0;1.64272;
./datasets/English//english_15;balneotherapeutics;0;1.64272;
./datasets/English//english_16;balneotherapeutics;0;1.64272;
./datasets/English//english_17;balneotherapeutics;0;1.64272;
./datasets/English//english_18;balneotherapeutics;0;1.64272;
./datasets/English//english_19;balneotherapeutics;0;1.64272;
./datasets/English//english_00;uredosporic;0;1.44218;
./datasets/English//english_01;uredosporic;0;1.44218;
./datasets/English//english_02;uredosporic;0;1.44218;
./datasets/English//english_03;uredosporic;0;1.44218;
./datasets/English//english_04;uredosporic;0;1.44218;
./datasets/English//english_05;uredosporic;0;1.44218;
./datasets/English//english_06;uredosporic;0;1.44218;
./datasets/English//english_07;uredosporic;0;1.44218;
./datasets/English//english_08;uredosporic;0;1.44218;
./datasets/English//english_09;uredosporic;0;1.44218;
./datasets/English//english_10;uredosporic;0;1.44218;
./datasets/English//english_11;uredosporic;0;1.44218;
./datasets/English//english_12;uredosporic;0;1.44218;
./datasets/English//english_13;uredosporic;0;1.44218;
./datasets/English//english_14;uredosporic;0;1.44218;
./datasets/English//english_15;uredosporic;0;1.44218;
./datasets/English//english_16;uredosporic;0;1.44218;
./datasets/English//english_17;uredosporic;0;1.44218;
./datasets/English//english_18;uredosporic;0;1.44218;
./datasets/English//english_19;uredosporic;0;1.44218;
./datasets/English//english_00;perceptive;2;1.4102;
./datasets/English//english_01;perceptive;0;1.4102;
./datasets/English//english_02;perceptive;0;1.4102;
./datasets/English//english_03;perceptive;0;1.4102;
./datasets/English//english_04;perceptive;1;1.4102;
./datasets/English//english_05;perceptive;0;1.4102;
./datasets/English//english_06;perceptive;0;1.4102;
./datasets/English//english_07;perceptive;0;1.4102;
./datasets/English//english_08;perceptive;0;1.4102;
./datasets/English//english_09;perceptive;2;1.4102;
./datasets/English//english_10;perceptive;0;1.4102;
./datasets/English//english_11;perceptive;1;1.4102;
./datasets/English//english_12;perceptive;1;1.4102;
./datasets/English//english_13;perceptive;0;1.4102;
./datasets/English//english_14;perceptive;1;1.4102;
./datasets/English//english_15;perceptive;0;1.4102;
./datasets/English//english_16;perceptive;0;1.4102;
./datasets/English//english_17;perceptive;0;1.4102;
./datasets/English//english_18;perceptive;0;1.4102;
./datasets/English//english_19;perceptive;0;1.4102;
./datasets/English//english_00;embouchure;0;1.43018;
./datasets/English//english_01;embouchure;0;1.43018;
./datasets/English//english_02;embouchure;2;1.43018;
./datasets/English//english_03;embouchure;4;1.43018;
./datasets/English//english_04;embouchure;0;1.43018;
./datasets/English//english_05;embouchure;0;1.43018;
./datasets/English//english_06;embouchure;0;1.43018;
./datasets/English//english_07;embouchure;0;1.43018;
./datasets/English//english_08;embouchure;0;1.43018;
./datasets/English//english_09;embouchure;0;1.43018;
./datasets/English//english_10;embouchure;1;1.43018;
./datasets/English//english_11;embouchure;0;1.43018;
./datasets/English//english_12;embouchure;0;1.43018;
./datasets/English//english_13;embouchure;0;1.43018;
./datasets/English//english_14;embouchure;1;1.43018;
./datasets/English//english_15;embouchure;0;1.43018;
./datasets/English//english_16;embouchure;0;1.43018;
./datasets/English//english_17;embouchure;0;1.43018;
./datasets/English//english_18;embouchure;0;1.43018;
./datasets/English//english_19;embouchure;0;1.43018;
./datasets/English//english_00;heterolysis;0;1.45317;
./datasets/English//english_01;heterolysis;0;1.45317;
./datasets/English//english_02;heterolysis;0;1.45317;
./datasets/English//english_03;heterolysis;0;1.45317;
./datasets/English//english_04;heterolysis;0;1.45317;
./datasets/English//english_05;heterolysis;0;1.45317;
./datasets/English//english_06;heterolysis;0;1.45317;
./datasets/English//english_07;heterolysis;0;1.45317;
./datasets/English//english_08;heterolysis;0;1.45317;
./datasets/English//english_09;heterolysis;0;1.45317;
./datasets/English//english_10;heterolysis;0;1.45317;
./datasets/English//english_11;heterolysis;0;1.45317;
./datasets/English//english_12;heterolysis;0;1.45317;
./datasets/English//english_13;heterolysis;0;1.45317;
./datasets/English//english_14;heterolysis;0;1.45317;
./datasets/English//english_15;heterolysis;0;1.45317;
./datasets/English//english_16;heterolysis;0;1.45317;
./datasets/English//english_17;heterolysis;0;1.45317;
./datasets/English//english_18;heterolysis;0;1.45317;
./datasets/English//english_19;heterolysis;0;1.45317;
./datasets/English//english_00;imperence;0;1.598;
./datasets/English//english_01;imperence;0;1.598;
./datasets/English//english_02;imperence;0;1.598;
./datasets/English//english_03;imperence;0;1.598;
./datasets/English//english_04;imperence;0;1.598;
./datasets/English//english_05;imperence;0;1.598;
./datasets/English//english_06;imperence;0;1.598;
./datasets/English//english_07;imperence;0;1.598;
./datasets/English//english_08;imperence;0;1.598;
./datasets/English//english_09;imperence;0;1.598;
./datasets/English//english_10;imperence;0;1.598;
./datasets/English//english_11;imperence;0;1.598;
./datasets/English//english_12;imperence;0;1.598;
./datasets/English//english_13;imperence;0;1.598;
./datasets/English//english_14;imperence;0;1.598;
./datasets/English//english_15;imperence;0;1.598;
./datasets/English//english_16;imperence;0;1.598;
./datasets/English//english_17;imperence;0;1.598;
./datasets/English//english_18;imperence;0;1.598;
./datasets/English//english_19;imperence;0;1.598;
./datasets/English//english_00;perfervidness;0;1.34497;
./datasets/English//english_01;perfervidness;0;1.34497;
./datasets/English//english_02;perfervidness;0;1.34497;
./datasets/English//english_03;perfervidness;0;1.34497;
./datasets/English//english_04;perfervidness;0;1.34497;
./datasets/English//english_05;perfervidness;0;1.34497;
./datasets/English//english_06;perfervidness;0;1.34497;
./datasets/English//english_07;perfervidness;0;1.34497;
./datasets/English//english_08;perfervidness;0;1.34497;
./datasets/English//english_09;perfervidness;0;1.34497;
./datasets/English//english_10;perfervidness;0;1.34497;
./datasets/English//english_11;perfervidness;0;1.34497;
./datasets/English//english_12;perfervidness;0;1.34497;
./datasets/English//english_13;perfervidness;0;1.34497;
./datasets/English//english_14;perfervidness;0;1.34497;
./datasets/English//english_15;perfervidness;0;1.34497;
./datasets/English//english_16;perfervidness;0;1.34497;
./datasets/English//english_17;perfervidness;0;1.34497;
./datasets/English//english_18;perfervidness;0;1.34497;
./datasets/English//english_19;perfervidness;0;1.34497;
./datasets/English//english_00;pobs;0;1.73604;
./datasets/English//english_01;pobs;0;1.73604;
./datasets/English//english_02;pobs;0;1.73604;
./datasets/English//english_03;pobs;0;1.73604;
./datasets/English//english_04;pobs;0;1.73604;
./datasets/English//english_05;pobs;0;1.73604;
./datasets/English//english_06;pobs;0;1.73604;
./datasets/English//english_07;pobs;0;1.73604;
./datasets/English//english_08;pobs;0;1.73604;
./datasets/English//english_09;pobs;0;1.73604;
./datasets/English//english_10;pobs;0;1.73604;
./datasets/English//english_11;pobs;0;1.73604;
./datasets/English//english_12;pobs;0;1.73604;
./datasets/English//english_13;pobs;0;1.73604;
./datasets/English//english_14;pobs;0;1.73604;
./datasets/English//english_15;pobs;0;1.73604;
./datasets/English//english_16;pobs;0;1.73604;
./datasets/English//english_17;pobs;0;1.73604;
./datasets/English//english_18;pobs;0;1.73604;
./datasets/English//english_19;pobs;0;1.73604;
./datasets/English//english_00;thorax;0;1.53999;
./datasets/English//english_01;thorax;0;1.53999;
./datasets/English//english_02;thorax;1;1.53999;
./datasets/English//english_03;thorax;0;1.53999;
./datasets/English//english_04;thorax;0;1.53999;
./datasets/English//english_05;thorax;0;1.53999;
./datasets/English//english_06;thorax;11;1.53999;
./datasets/English//english_07;thorax;0;1.53999;
./datasets/English//english_08;thorax;0;1.53999;
./datasets/English//english_09;thorax;0;1.53999;
./datasets/English//english_10;thorax;2;1.53999;
./datasets/English//english_11;thorax;0;1.53999;
./datasets/English//english_12;thorax;0;1.53999;
./datasets/English//english_13;thorax;1;1.53999;
./datasets/English//english_14;thorax;0;1.53999;
./datasets/English//english_15;thorax;0;1.53999;
./datasets/English//english_16;thorax;0;1.53999;
./datasets/English//english_17;thorax;12;1.53999;
./datasets/English//english_18;thorax;38;1.53999;
./datasets/English//english_19;thorax;0;1.53999;
./datasets/English//english_00;perikronion;0;1.38101;
./datasets/English//english_01;perikronion;0;1.38101;
./datasets/English//english_02;perikronion;0;1.38101;
./datasets/English//english_03;perikronion;0;1.38101;
./datasets/English//english_04;perikronion;0;1.38101;
./datasets/English//english_05;perikronion;0;1.38101;
./datasets/English//english_06;perikronion;0;1.38101;
./datasets/English//english_07;perikronion;0;1.38101;
./datasets/English//english_08;perikronion;0;1.38101;
./datasets/English//english_09;perikronion;0;1.38101;
./datasets/English//english_10;perikronion;0;1.38101;
./datasets/English//english_11;perikronion;0;1.38101;
./datasets/English//english_12;perikronion;0;1.38101;
./datasets/English//english_13;perikronion;0;1.38101;
./datasets/English//english_14;perikronion;0;1.38101;
./datasets/English//english_15;perikronion;0;1.38101;
./datasets/English//english_16;perikronion;0;1.38101;
./datasets/English//english_17;perikronion;0;1.38101;
./datasets/English//english_18;perikronion;0;1.38101;
./datasets/English//english_19;perikronion;0;1.38101;
./datasets/English//english_00;charlatanic;0;1.48605;
./datasets/English//english_01;charlatanic;0;1.48605;
./datasets/English//english_02;charlatanic;0;1.48605;
./datasets/English//english_03;charlatanic;0;1.48605;
./datasets/English//english_04;charlatanic;0;1.48605;
./datasets/English//english_05;charlatanic;0;1.48605;
./datasets/English//english_06;charlatanic;0;1.48605;
./datasets/English//english_07;charlatanic;0;1.48605;
./datasets/English//english_08;charlatanic;0;1.48605;
./datasets/English//english_09;charlatanic;0;1.48605;
./datasets/English//english_10;charlatanic;0;1.48605;
./datasets/English//english_11;charlatanic;0;1.48605;
./datasets/English//english_12;charlatanic;0;1.48605;
./datasets/English//english_13;charlatanic;0;1.48605;
./datasets/English//english_14;charlatanic;0;1.48605;
./datasets/English//english_15;charlatanic;0;1.48605;
./datasets/English//english_16;charlatanic;0;1.48605;
./datasets/English//english_17;charlatanic;0;1.48605;
./datasets/English//english_18;charlatanic;0;1.48605;
./datasets/English//english_19;charlatanic;0;1.48605;
./datasets/English//english_00;Bonapartism;0;1.52882;
./datasets/English//english_01;Bonapartism;0;1.52882;
./datasets/English//english_02;Bonapartism;0;1.52882;
./datasets/English//english_03;Bonapartism;0;1.52882;
./datasets/English//english_04;Bonapartism;0;1.52882;
./datasets/English//english_05;Bonapartism;0;1.52882;
./datasets/English//english_06;Bonapartism;0;1.52882;
./datasets/English//english_07;Bonapartism;0;1.52882;
./datasets/English//english_08;Bonapartism;0;1.52882;
./datasets/English//english_09;Bonapartism;0;1.52882;
./datasets/English//english_10;Bonapartism;0;1.52882;
./datasets/English//english_11;Bonapartism;0;1.52882;
./datasets/English//english_12;Bonapartism;0;1.52882;
./datasets/English//english_13;Bonapartism;0;1.52882;
./datasets/English//english_14;Bonapartism;0;1.52882;
./datasets/English//english_15;Bonapartism;0;1.52882;
./datasets/English//english_16;Bonapartism;0;1.52882;
./datasets/English//english_17;Bonapartism;0;1.52882;
./datasets/English//english_18;Bonapartism;0;1.52882;
./datasets/English//english_19;Bonapartism;0;1.52882;
./datasets/English//english_00;whilom;6;1.681;
./datasets/English//english_01;whilom;10;1.681;
./datasets/English//english_02;whilom;2;1.681;
./datasets/English//english_03;whilom;20;1.681;
./datasets/English//english_04;whilom;14;1.681;
./datasets/English//english_05;whilom;0;1.681;
./datasets/English//english_06;whilom;9;1.681;
./datasets/English//english_07;whilom;14;1.681;
./datasets/English//english_08;whilom;4;1.681;
./datasets/English//english_09;whilom;22;1.681;
./datasets/English//english_10;whilom;10;1.681;
./datasets/English//english_11;whilom;1;1.681;
./datasets/English//english_12;whilom;15;1.681;
./datasets/English//english_13;whilom;0;1.681;
./datasets/English//english_14;whilom;0;1.681;
./datasets/English//english_15;whilom;0;1.681;
./datasets/English//english_16;whilom;0;1.681;
./datasets/English//english_17;whilom;0;1.681;
./datasets/English//english_18;whilom;1;1.681;
./datasets/English//english_19;whilom;0;1.681;
./datasets/English//english_00;outferret;0;1.43183;
./datasets/English//english_01;outferret;0;1.43183;
./datasets/English//english_02;outferret;0;1.43183;
./datasets/English//english_03;outferret;0;1.43183;
./datasets/English//english_04;outferret;0;1.43183;
./datasets/English//english_05;outferret;0;1.43183;
./datasets/English//english_06;outferret;0;1.43183;
./datasets/English//english_07;outferret;0;1.43183;
./datasets/English//english_08;outferret;0;1.43183;
./datasets/English//english_09;outferret;0;1.43183;
./datasets/English//english_10;outferret;0;1.43183;
./datasets/English//english_11;outferret;0;1.43183;
./datasets/English//english_12;outferret;0;1.43183;
./datasets/English//english_13;outferret;0;1.43183;
./datasets/English//english_14;outferret;0;1.43183;
./datasets/English//english_15;outferret;0;1.43183;
./datasets/English//english_16;outferret;0;1.43183;
./datasets/English//english_17;outferret;0;1.43183;
./datasets/English//english_18;outferret;0;1.43183;
./datasets/English//english_19;outferret;0;1.43183;
./datasets/English//english_00;kelty;0;1.68966;
./datasets/English//english_01;kelty;0;1.68966;
./datasets/English//english_02;kelty;0;1.68966;
./datasets/English//english_03;kelty;0;1.68966;
./datasets/English//english_04;kelty;0;1.68966;
./datasets/English//english_05;kelty;0;1.68966;
./datasets/English//english_06;kelty;0;1.68966;
./datasets/English//english_07;kelty;0;1.68966;
./datasets/English//english_08;kelty;0;1.68966;
./datasets/English//english_09;kelty;0;1.68966;
./datasets/English//english_10;kelty;0;1.68966;
./datasets/English//english_11;kelty;0;1.68966;
./datasets/English//english_12;kelty;0;1.68966;
./datasets/English//english_13;kelty;0;1.68966;
./datasets/English//english_14;kelty;0;1.68966;
./datasets/English//english_15;kelty;0;1.68966;
./datasets/English//english_16;kelty;0;1.68966;
./datasets/English//english_17;kelty;0;1.68966;
./datasets/English//english_18;kelty;0;1.68966;
./datasets/English//english_19;kelty;0;1.68966;
./datasets/English//english_00;macrospore;0;1.4144;
./datasets/English//english_01;macrospore;0;1.4144;
./datasets/English//english_02;macrospore;0;1.4144;
./datasets/English//english_03;macrospore;0;1.4144;
./datasets/English//english_04;macrospore;0;1.4144;
./datasets/English//english_05;macrospore;0;1.4144;
./datasets/English//english_06;macrospore;0;1.4144;
./datasets/English//english_07;macrospore;0;1.4144;
./datasets/English//english_08;macrospore;0;1.4144;
./datasets/English//english_09;macrospore;0;1.4144;
./datasets/English//english_10;macrospore;0;1.4144;
./datasets/English//english_11;macrospore;0;1.4144;
./datasets/English//english_12;macrospore;0;1.4144;
./datasets/English//english_13;macrospore;0;1.4144;
./datasets/English//english_14;macrospore;0;1.4144;
./datasets/English//english_15;macrospore;0;1.4144;
./datasets/English//english_16;macrospore;0;1.4144;
./datasets/English//english_17;macrospore;0;1.4144;
./datasets/English//english_18;macrospore;0;1.4144;
./datasets/English//english_19;macrospore;0;1.4144;
./datasets/English//english_00;predisposedly;0;1.34491;
./datasets/English//english_01;predisposedly;0;1.34491;
./datasets/English//english_02;predisposedly;0;1.34491;
./datasets/English//english_03;predisposedly;0;1.34491;
./datasets/English//english_04;predisposedly;0;1.34491;
./datasets/English//english_05;predisposedly;0;1.34491;
./datasets/English//english_06;predisposedly;0;1.34491;
./datasets/English//english_07;predisposedly;0;1.34491;
./datasets/English//english_08;predisposedly;0;1.34491;
./datasets/English//english_09;predisposedly;0;1.34491;
./datasets/English//english_10;predisposedly;0;1.34491;
./datasets/English//english_11;predisposedly;0;1.34491;
./datasets/English//english_12;predisposedly;0;1.34491;
./datasets/English//english_13;predisposedly;0;1.34491;
./datasets/English//english_14;predisposedly;0;1.34491;
./datasets/English//english_15;predisposedly;0;1.34491;
./datasets/English//english_16;predisposedly;0;1.34491;
./datasets/English//english_17;predisposedly;0;1.34491;
./datasets/English//english_18;predisposedly;0;1.34491;
./datasets/English//english_19;predisposedly;0;1.34491;
./datasets/English//english_00;squawk;2;1.50186;
./datasets/English//english_01;squawk;0;1.50186;
./datasets/English//english_02;squawk;0;1.50186;
./datasets/English//english_03;squawk;0;1.50186;
./datasets/English//english_04;squawk;0;1.50186;
./datasets/English//english_05;squawk;1;1.50186;
./datasets/English//english_06;squawk;0;1.50186;
./datasets/English//english_07;squawk;1;1.50186;
./datasets/English//english_08;squawk;0;1.50186;
./datasets/English//english_09;squawk;0;1.50186;
./datasets/English//english_10;squawk;0;1.50186;
./datasets/English//english_11;squawk;1;1.50186;
./datasets/English//english_12;squawk;1;1.50186;
./datasets/English//english_13;squawk;1;1.50186;
./datasets/English//english_14;squawk;0;1.50186;
./datasets/English//english_15;squawk;0;1.50186;
./datasets/English//english_16;squawk;0;1.50186;
./datasets/English//english_17;squawk;0;1.50186;
./datasets/English//english_18;squawk;0;1.50186;
./datasets/English//english_19;squawk;0;1.50186;
./datasets/English//english_00;extrafoliaceous;0;1.33494;
./datasets/English//english_01;extrafoliaceous;0;1.33494;
./datasets/English//english_02;extrafoliaceous;0;1.33494;
./datasets/English//english_03;extrafoliaceous;0;1.33494;
./datasets/English//english_04;extrafoliaceous;0;1.33494;
./datasets/English//english_05;extrafoliaceous;0;1.33494;
./datasets/English//english_06;extrafoliaceous;0;1.33494;
./datasets/English//english_07;extrafoliaceous;0;1.33494;
./datasets/English//english_08;extrafoliaceous;0;1.33494;
./datasets/English//english_09;extrafoliaceous;0;1.33494;
./datasets/English//english_10;extrafoliaceous;0;1.33494;
./datasets/English//english_11;extrafoliaceous;0;1.33494;
./datasets/English//english_12;extrafoliaceous;0;1.33494;
./datasets/English//english_13;extrafoliaceous;0;1.33494;
./datasets/English//english_14;extrafoliaceous;0;1.33494;
./datasets/English//english_15;extrafoliaceous;0;1.33494;
./datasets/English//english_16;extrafoliaceous;0;1.33494;
./datasets/English//english_17;extrafoliaceous;0;1.33494;
./datasets/English//english_18;extrafoliaceous;0;1.33494;
./datasets/English//english_19;extrafoliaceous;0;1.33494;
./datasets/English//english_00;inveteracy;0;1.39585;
./datasets/English//english_01;inveteracy;0;1.39585;
./datasets/English//english_02;inveteracy;0;1.39585;
./datasets/English//english_03;inveteracy;0;1.39585;
./datasets/English//english_04;inveteracy;0;1.39585;
./datasets/English//english_05;inveteracy;0;1.39585;
./datasets/English//english_06;inveteracy;0;1.39585;
./datasets/English//english_07;inveteracy;0;1.39585;
./datasets/English//english_08;inveteracy;0;1.39585;
./datasets/English//english_09;inveteracy;0;1.39585;
./datasets/English//english_10;inveteracy;0;1.39585;
./datasets/English//english_11;inveteracy;0;1.39585;
./datasets/English//english_12;inveteracy;0;1.39585;
./datasets/English//english_13;inveteracy;0;1.39585;
./datasets/English//english_14;inveteracy;0;1.39585;
./datasets/English//english_15;inveteracy;0;1.39585;
./datasets/English//english_16;inveteracy;0;1.39585;
./datasets/English//english_17;inveteracy;0;1.39585;
./datasets/English//english_18;inveteracy;0;1.39585;
./datasets/English//english_19;inveteracy;0;1.39585;
./datasets/English//english_00;obtect;0;1.55749;
./datasets/English//english_01;obtect;0;1.55749;
./datasets/English//english_02;obtect;0;1.55749;
./datasets/English//english_03;obtect;0;1.55749;
./datasets/English//english_04;obtect;0;1.55749;
./datasets/English//english_05;obtect;0;1.55749;
./datasets/English//english_06;obtect;0;1.55749;
./datasets/English//english_07;obtect;0;1.55749;
./datasets/English//english_08;obtect;0;1.55749;
./datasets/English//english_09;obtect;0;1.55749;
./datasets/English//english_10;obtect;0;1.55749;
./datasets/English//english_11;obtect;0;1.55749;
./datasets/English//english_12;obtect;0;1.55749;
./datasets/English//english_13;obtect;0;1.55749;
./datasets/English//english_14;obtect;0;1.55749;
./datasets/English//english_15;obtect;0;1.55749;
./datasets/English//english_16;obtect;0;1.55749;
./datasets/English//english_17;obtect;0;1.55749;
./datasets/English//english_18;obtect;0;1.55749;
./datasets/English//english_19;obtect;0;1.55749;
./datasets/English//english_00;decoyer;0;1.51671;
./datasets/English//english_01;decoyer;0;1.51671;
./datasets/English//english_02;decoyer;0;1.51671;
./datasets/English//english_03;decoyer;0;1.51671;
./datasets/English//english_04;decoyer;0;1.51671;
./datasets/English//english_05;decoyer;0;1.51671;
./datasets/English//english_06;decoyer;0;1.51671;
./datasets/English//english_07;decoyer;0;1.51671;
./datasets/English//english_08;decoyer;0;1.51671;
./datasets/English//english_09;decoyer;0;1.51671;
./datasets/English//english_10;decoyer;0;1.51671;
./datasets/English//english_11;decoyer;0;1.51671;
./datasets/English//english_12;decoyer;0;1.51671;
./datasets/English//english_13;decoyer;0;1.51671;
./datasets/English//english_14;decoyer;0;1.51671;
./datasets/English//english_15;decoyer;0;1.51671;
./datasets/English//english_16;decoyer;0;1.51671;
./datasets/English//english_17;decoyer;0;1.51671;
./datasets/English//english_18;decoyer;0;1.51671;
./datasets/English//english_19;decoyer;0;1.51671;
./datasets/English//english_00;Pelecaniformes;0;1.39484;
./datasets/English//english_01;Pelecaniformes;0;1.39484;
./datasets/English//english_02;Pelecaniformes;0;1.39484;
./datasets/English//english_03;Pelecaniformes;0;1.39484;
./datasets/English//english_04;Pelecaniformes;0;1.39484;
./datasets/English//english_05;Pelecaniformes;0;1.39484;
./datasets/English//english_06;Pelecaniformes;0;1.39484;
./datasets/English//english_07;Pelecaniformes;0;1.39484;
./datasets/English//english_08;Pelecaniformes;0;1.39484;
./datasets/English//english_09;Pelecaniformes;0;1.39484;
./datasets/English//english_10;Pelecaniformes;0;1.39484;
./datasets/English//english_11;Pelecaniformes;0;1.39484;
./datasets/English//english_12;Pelecaniformes;0;1.39484;
./datasets/English//english_13;Pelecaniformes;0;1.39484;
./datasets/English//english_14;Pelecaniformes;0;1.39484;
./datasets/English//english_15;Pelecaniformes;0;1.39484;
./datasets/English//english_16;Pelecaniformes;0;1.39484;
./datasets/English//english_17;Pelecaniformes;0;1.39484;
./datasets/English//english_18;Pelecaniformes;0;1.39484;
./datasets/English//english_19;Pelecaniformes;0;1.39484;
./datasets/English//english_00;dodecane;0;1.49859;
./datasets/English//english_01;dodecane;0;1.49859;
./datasets/English//english_02;dodecane;0;1.49859;
./datasets/English//english_03;dodecane;0;1.49859;
./datasets/English//english_04;dodecane;0;1.49859;
./datasets/English//english_05;dodecane;0;1.49859;
./datasets/English//english_06;dodecane;0;1.49859;
./datasets/English//english_07;dodecane;0;1.49859;
./datasets/English//english_08;dodecane;0;1.49859;
./datasets/English//english_09;dodecane;0;1.49859;
./datasets/English//english_10;dodecane;0;1.49859;
./datasets/English//english_11;dodecane;0;1.49859;
./datasets/English//english_12;dodecane;0;1.49859;
./datasets/English//english_13;dodecane;0;1.49859;
./datasets/English//english_14;dodecane;0;1.49859;
./datasets/English//english_15;dodecane;0;1.49859;
./datasets/English//english_16;dodecane;0;1.49859;
./datasets/English//english_17;dodecane;0;1.49859;
./datasets/English//english_18;dodecane;0;1.49859;
./datasets/English//english_19;dodecane;0;1.49859;
./datasets/English//english_00;gambet;0;1.59367;
./datasets/English//english_01;gambet;0;1.59367;
./datasets/English//english_02;gambet;0;1.59367;
./datasets/English//english_03;gambet;0;1.59367;
./datasets/English//english_04;gambet;0;1.59367;
./datasets/English//english_05;gambet;0;1.59367;
./datasets/English//english_06;gambet;0;1.59367;
./datasets/English//english_07;gambet;0;1.59367;
./datasets/English//english_08;gambet;0;1.59367;
./datasets/English//english_09;gambet;0;1.59367;
./datasets/English//english_10;gambet;0;1.59367;
./datasets/English//english_11;gambet;0;1.59367;
./datasets/English//english_12;gambet;0;1.59367;
./datasets/English//english_13;gambet;0;1.59367;
./datasets/English//english_14;gambet;0;1.59367;
./datasets/English//english_15;gambet;0;1.59367;
./datasets/English//english_16;gambet;0;1.59367;
./datasets/English//english_17;gambet;0;1.59367;
./datasets/English//english_18;gambet;0;1.59367;
./datasets/English//english_19;gambet;0;1.59367;
./datasets/English//english_00;electrodynamism;0;1.3582;
./datasets/English//english_01;electrodynamism;0;1.3582;
./datasets/English//english_02;electrodynamism;0;1.3582;
./datasets/English//english_03;electrodynamism;0;1.3582;
./datasets/English//english_04;electrodynamism;0;1.3582;
./datasets/English//english_05;electrodynamism;0;1.3582;
./datasets/English//english_06;electrodynamism;0;1.3582;
./datasets/English//english_07;electrodynamism;0;1.3582;
./datasets/English//english_08;electrodynamism;0;1.3582;
./datasets/English//english_09;electrodynamism;0;1.3582;
./datasets/English//english_10;electrodynamism;0;1.3582;
./datasets/English//english_11;electrodynamism;0;1.3582;
./datasets/English//english_12;electrodynamism;0;1.3582;
./datasets/English//english_13;electrodynamism;0;1.3582;
./datasets/English//english_14;electrodynamism;0;1.3582;
./datasets/English//english_15;electrodynamism;0;1.3582;
./datasets/English//english_16;electrodynamism;0;1.3582;
./datasets/English//english_17;electrodynamism;0;1.3582;
./datasets/English//english_18;electrodynamism;0;1.3582;
./datasets/English//english_19;electrodynamism;0;1.3582;
./datasets/English//english_00;henter;0;1.60567;
./datasets/English//english_01;henter;0;1.60567;
./datasets/English//english_02;henter;1;1.60567;
./datasets/English//english_03;henter;0;1.60567;
./datasets/English//english_04;henter;0;1.60567;
./datasets/English//english_05;henter;0;1.60567;
./datasets/English//english_06;henter;0;1.60567;
./datasets/English//english_07;henter;0;1.60567;
./datasets/English//english_08;henter;0;1.60567;
./datasets/English//english_09;henter;0;1.60567;
./datasets/English//english_10;henter;0;1.60567;
./datasets/English//english_11;henter;0;1.60567;
./datasets/English//english_12;henter;0;1.60567;
./datasets/English//english_13;henter;0;1.60567;
./datasets/English//english_14;henter;0;1.60567;
./datasets/English//english_15;henter;0;1.60567;
./datasets/English//english_16;henter;0;1.60567;
./datasets/English//english_17;henter;0;1.60567;
./datasets/English//english_18;henter;0;1.60567;
./datasets/English//english_19;henter;0;1.60567;
./datasets/English//english_00;sunless;1;1.49038;
./datasets/English//english_01;sunless;0;1.49038;
./datasets/English//english_02;sunless;0;1.49038;
./datasets/English//english_03;sunless;0;1.49038;
./datasets/English//english_04;sunless;1;1.49038;
./datasets/English//english_05;sunless;3;1.49038;
./datasets/English//english_06;sunless;0;1.49038;
./datasets/English//english_07;sunless;0;1.49038;
./datasets/English//english_08;sunless;0;1.49038;
./datasets/English//english_09;sunless;0;1.49038;
./datasets/English//english_10;sunless;0;1.49038;
./datasets/English//english_11;sunless;0;1.49038;
./datasets/English//english_12;sunless;0;1.49038;
./datasets/English//english_13;sunless;1;1.49038;
./datasets/English//english_14;sunless;0;1.49038;
./datasets/English//english_15;sunless;0;1.49038;
./datasets/English//english_16;sunless;1;1.49038;
./datasets/English//english_17;sunless;1;1.49038;
./datasets/English//english_18;sunless;1;1.49038;
./datasets/English//english_19;sunless;0;1.49038;
./datasets/English//english_00;burroweed;0;1.41873;
./datasets/English//english_01;burroweed;0;1.41873;
./datasets/English//english_02;burroweed;0;1.41873;
./datasets/English//english_03;burroweed;0;1.41873;
./datasets/English//english_04;burroweed;0;1.41873;
./datasets/English//english_05;burroweed;0;1.41873;
./datasets/English//english_06;burroweed;0;1.41873;
./datasets/English//english_07;burroweed;0;1.41873;
./datasets/English//english_08;burroweed;0;1.41873;
./datasets/English//english_09;burroweed;0;1.41873;
./datasets/English//english_10;burroweed;0;1.41873;
./datasets/English//english_11;burroweed;0;1.41873;
./datasets/English//english_12;burroweed;0;1.41873;
./datasets/English//english_13;burroweed;0;1.41873;
./datasets/English//english_14;burroweed;0;1.41873;
./datasets/English//english_15;burroweed;0;1.41873;
./datasets/English//english_16;burroweed;0;1.41873;
./datasets/English//english_17;burroweed;0;1.41873;
./datasets/English//english_18;burroweed;0;1.41873;
./datasets/English//english_19;burroweed;0;1.41873;
./datasets/English//english_00;busket;0;1.59036;
./datasets/English//english_01;busket;0;1.59036;
./datasets/English//english_02;busket;0;1.59036;
./datasets/English//english_03;busket;0;1.59036;
./datasets/English//english_04;busket;0;1.59036;
./datasets/English//english_05;busket;0;1.59036;
./datasets/English//english_06;busket;0;1.59036;
./datasets/English//english_07;busket;0;1.59036;
./datasets/English//english_08;busket;0;1.59036;
./datasets/English//english_09;busket;0;1.59036;
./datasets/English//english_10;busket;0;1.59036;
./datasets/English//english_11;busket;0;1.59036;
./datasets/English//english_12;busket;0;1.59036;
./datasets/English//english_13;busket;0;1.59036;
./datasets/English//english_14;busket;0;1.59036;
./datasets/English//english_15;busket;0;1.59036;
./datasets/English//english_16;busket;0;1.59036;
./datasets/English//english_17;busket;0;1.59036;
./datasets/English//english_18;busket;0;1.59036;
./datasets/English//english_19;busket;0;1.59036;
./datasets/English//english_00;trepidatory;0;1.41901;
./datasets/English//english_01;trepidatory;0;1.41901;
./datasets/English//english_02;trepidatory;0;1.41901;
./datasets/English//english_03;trepidatory;0;1.41901;
./datasets/English//english_04;trepidatory;0;1.41901;
./datasets/English//english_05;trepidatory;0;1.41901;
./datasets/English//english_06;trepidatory;0;1.41901;
./datasets/English//english_07;trepidatory;0;1.41901;
./datasets/English//english_08;trepidatory;0;1.41901;
./datasets/English//english_09;trepidatory;0;1.41901;
./datasets/English//english_10;trepidatory;0;1.41901;
./datasets/English//english_11;trepidatory;0;1.41901;
./datasets/English//english_12;trepidatory;0;1.41901;
./datasets/English//english_13;trepidatory;0;1.41901;
./datasets/English//english_14;trepidatory;0;1.41901;
./datasets/English//english_15;trepidatory;0;1.41901;
./datasets/English//english_16;trepidatory;0;1.41901;
./datasets/English//english_17;trepidatory;0;1.41901;
./datasets/English//english_18;trepidatory;0;1.41901;
./datasets/English//english_19;trepidatory;0;1.41901;
./datasets/English//english_00;fermerer;0;1.48673;
./datasets/English//english_01;fermerer;0;1.48673;
./datasets/English//english_02;fermerer;0;1.48673;
./datasets/English//english_03;fermerer;0;1.48673;
./datasets/English//english_04;fermerer;0;1.48673;
./datasets/English//english_05;fermerer;0;1.48673;
./datasets/English//english_06;fermerer;0;1.48673;
./datasets/English//english_07;fermerer;0;1.48673;
./datasets/English//english_08;fermerer;0;1.48673;
./datasets/English//english_09;fermerer;0;1.48673;
./datasets/English//english_10;fermerer;0;1.48673;
./datasets/English//english_11;fermerer;0;1.48673;
./datasets/English//english_12;fermerer;0;1.48673;
./datasets/English//english_13;fermerer;0;1.48673;
./datasets/English//english_14;fermerer;0;1.48673;
./datasets/English//english_15;fermerer;0;1.48673;
./datasets/English//english_16;fermerer;0;1.48673;
./datasets/English//english_17;fermerer;0;1.48673;
./datasets/English//english_18;fermerer;0;1.48673;
./datasets/English//english_19;fermerer;0;1.48673;
./datasets/English//english_00;prewound;0;1.4849;
./datasets/English//english_01;prewound;0;1.4849;
./datasets/English//english_02;prewound;0;1.4849;
./datasets/English//english_03;prewound;0;1.4849;
./datasets/English//english_04;prewound;0;1.4849;
./datasets/English//english_05;prewound;0;1.4849;
./datasets/English//english_06;prewound;0;1.4849;
./datasets/English//english_07;prewound;0;1.4849;
./datasets/English//english_08;prewound;0;1.4849;
./datasets/English//english_09;prewound;0;1.4849;
./datasets/English//english_10;prewound;0;1.4849;
./datasets/English//english_11;prewound;0;1.4849;
./datasets/English//english_12;prewound;0;1.4849;
./datasets/English//english_13;prewound;0;1.4849;
./datasets/English//english_14;prewound;0;1.4849;
./datasets/English//english_15;prewound;0;1.4849;
./datasets/English//english_16;prewound;0;1.4849;
./datasets/English//english_17;prewound;0;1.4849;
./datasets/English//english_18;prewound;0;1.4849;
./datasets/English//english_19;prewound;0;1.4849;
./datasets/English//english_00;thrifty;1;1.49044;
./datasets/English//english_01;thrifty;3;1.49044;
./datasets/English//english_02;thrifty;2;1.49044;
./datasets/English//english_03;thrifty;0;1.49044;
./datasets/English//english_04;thrifty;0;1.49044;
./datasets/English//english_05;thrifty;2;1.49044;
./datasets/English//english_06;thrifty;3;1.49044;
./datasets/English//english_07;thrifty;5;1.49044;
./datasets/English//english_08;thrifty;0;1.49044;
./datasets/English//english_09;thrifty;1;1.49044;
./datasets/English//english_10;thrifty;1;1.49044;
./datasets/English//english_11;thrifty;0;1.49044;
./datasets/English//english_12;thrifty;2;1.49044;
./datasets/English//english_13;thrifty;1;1.49044;
./datasets/English//english_14;thrifty;0;1.49044;
./datasets/English//english_15;thrifty;3;1.49044;
./datasets/English//english_16;thrifty;1;1.49044;
./datasets/English//english_17;thrifty;2;1.49044;
./datasets/English//english_18;thrifty;3;1.49044;
./datasets/English//english_19;thrifty;0;1.49044;
./datasets/English//english_00;twibil;0;1.5307;
./datasets/English//english_01;twibil;0;1.5307;
./datasets/English//english_02;twibil;0;1.5307;
./datasets/English//english_03;twibil;0;1.5307;
./datasets/English//english_04;twibil;0;1.5307;
./datasets/English//english_05;twibil;0;1.5307;
./datasets/English//english_06;twibil;0;1.5307;
./datasets/English//english_07;twibil;0;1.5307;
./datasets/English//english_08;twibil;0;1.5307;
./datasets/English//english_09;twibil;0;1.5307;
./datasets/English//english_10;twibil;0;1.5307;
./datasets/English//english_11;twibil;0;1.5307;
./datasets/English//english_12;twibil;0;1.5307;
./datasets/English//english_13;twibil;0;1.5307;
./datasets/English//english_14;twibil;0;1.5307;
./datasets/English//english_15;twibil;0;1.5307;
./datasets/English//english_16;twibil;0;1.5307;
./datasets/English//english_17;twibil;0;1.5307;
./datasets/English//english_18;twibil;0;1.5307;
./datasets/English//english_19;twibil;0;1.5307;
./datasets/English//english_00;amateur;1;1.54976;
./datasets/English//english_01;amateur;1;1.54976;
./datasets/English//english_02;amateur;4;1.54976;
./datasets/English//english_03;amateur;2;1.54976;
./datasets/English//english_04;amateur;0;1.54976;
./datasets/English//english_05;amateur;1;1.54976;
./datasets/English//english_06;amateur;4;1.54976;
./datasets/English//english_07;amateur;2;1.54976;
./datasets/English//english_08;amateur;2;1.54976;
./datasets/English//english_09;amateur;1;1.54976;
./datasets/English//english_10;amateur;5;1.54976;
./datasets/English//english_11;amateur;5;1.54976;
./datasets/English//english_12;amateur;3;1.54976;
./datasets/English//english_13;amateur;12;1.54976;
./datasets/English//english_14;amateur;10;1.54976;
./datasets/English//english_15;amateur;3;1.54976;
./datasets/English//english_16;amateur;1;1.54976;
./datasets/English//english_17;amateur;11;1.54976;
./datasets/English//english_18;amateur;1;1.54976;
./datasets/English//english_19;amateur;5;1.54976;
./datasets/English//english_00;myasthenia;0;1.44129;
./datasets/English//english_01;myasthenia;0;1.44129;
./datasets/English//english_02;myasthenia;0;1.44129;
./datasets/English//english_03;myasthenia;0;1.44129;
./datasets/English//english_04;myasthenia;0;1.44129;
./datasets/English//english_05;myasthenia;0;1.44129;
./datasets/English//english_06;myasthenia;0;1.44129;
./datasets/English//english_07;myasthenia;0;1.44129;
./datasets/English//english_08;myasthenia;0;1.44129;
./datasets/English//english_09;myasthenia;0;1.44129;
./datasets/English//english_10;myasthenia;0;1.44129;
./datasets/English//english_11;myasthenia;0;1.44129;
./datasets/English//english_12;myasthenia;0;1.44129;
./datasets/English//english_13;myasthenia;0;1.44129;
./datasets/English//english_14;myasthenia;0;1.44129;
./datasets/English//english_15;myasthenia;0;1.44129;
./datasets/English//english_16;myasthenia;0;1.44129;
./datasets/English//english_17;myasthenia;0;1.44129;
./datasets/English//english_18;myasthenia;0;1.44129;
./datasets/English//english_19;myasthenia;0;1.44129;
./datasets/English//english_00;goave;0;1.63674;
./datasets/English//english_01;goave;0;1.63674;
./datasets/English//english_02;goave;0;1.63674;
./datasets/English//english_03;goave;0;1.63674;
./datasets/English//english_04;goave;0;1.63674;
./datasets/English//english_05;goave;0;1.63674;
./datasets/English//english_06;goave;0;1.63674;
./datasets/English//english_07;goave;0;1.63674;
./datasets/English//english_08;goave;0;1.63674;
./datasets/English//english_09;goave;0;1.63674;
./datasets/English//english_10;goave;0;1.63674;
./datasets/English//english_11;goave;0;1.63674;
./datasets/English//english_12;goave;0;1.63674;
./datasets/English//english_13;goave;0;1.63674;
./datasets/English//english_14;goave;0;1.63674;
./datasets/English//english_15;goave;0;1.63674;
./datasets/English//english_16;goave;0;1.63674;
./datasets/English//english_17;goave;0;1.63674;
./datasets/English//english_18;goave;0;1.63674;
./datasets/English//english_19;goave;0;1.63674;
./datasets/English//english_00;toolmark;0;1.44691;
./datasets/English//english_01;toolmark;0;1.44691;
./datasets/English//english_02;toolmark;0;1.44691;
./datasets/English//english_03;toolmark;0;1.44691;
./datasets/English//english_04;toolmark;0;1.44691;
./datasets/English//english_05;toolmark;0;1.44691;
./datasets/English//english_06;toolmark;0;1.44691;
./datasets/English//english_07;toolmark;0;1.44691;
./datasets/English//english_08;toolmark;0;1.44691;
./datasets/English//english_09;toolmark;0;1.44691;
./datasets/English//english_10;toolmark;0;1.44691;
./datasets/English//english_11;toolmark;0;1.44691;
./datasets/English//english_12;toolmark;0;1.44691;
./datasets/English//english_13;toolmark;0;1.44691;
./datasets/English//english_14;toolmark;0;1.44691;
./datasets/English//english_15;toolmark;0;1.44691;
./datasets/English//english_16;toolmark;0;1.44691;
./datasets/English//english_17;toolmark;0;1.44691;
./datasets/English//english_18;toolmark;0;1.44691;
./datasets/English//english_19;toolmark;0;1.44691;
./datasets/English//english_00;ornithon;0;1.48449;
./datasets/English//english_01;ornithon;0;1.48449;
./datasets/English//english_02;ornithon;0;1.48449;
./datasets/English//english_03;ornithon;0;1.48449;
./datasets/English//english_04;ornithon;0;1.48449;
./datasets/English//english_05;ornithon;0;1.48449;
./datasets/English//english_06;ornithon;0;1.48449;
./datasets/English//english_07;ornithon;0;1.48449;
./datasets/English//english_08;ornithon;0;1.48449;
./datasets/English//english_09;ornithon;0;1.48449;
./datasets/English//english_10;ornithon;0;1.48449;
./datasets/English//english_11;ornithon;0;1.48449;
./datasets/English//english_12;ornithon;0;1.48449;
./datasets/English//english_13;ornithon;0;1.48449;
./datasets/English//english_14;ornithon;0;1.48449;
./datasets/English//english_15;ornithon;0;1.48449;
./datasets/English//english_16;ornithon;0;1.48449;
./datasets/English//english_17;ornithon;0;1.48449;
./datasets/English//english_18;ornithon;0;1.48449;
./datasets/English//english_19;ornithon;0;1.48449;
./datasets/English//english_00;geminately;0;1.42188;
./datasets/English//english_01;geminately;0;1.42188;
./datasets/English//english_02;geminately;0;1.42188;
./datasets/English//english_03;geminately;0;1.42188;
./datasets/English//english_04;geminately;0;1.42188;
./datasets/English//english_05;geminately;0;1.42188;
./datasets/English//english_06;geminately;0;1.42188;
./datasets/English//english_07;geminately;0;1.42188;
./datasets/English//english_08;geminately;0;1.42188;
./datasets/English//english_09;geminately;0;1.42188;
./datasets/English//english_10;geminately;0;1.42188;
./datasets/English//english_11;geminately;0;1.42188;
./datasets/English//english_12;geminately;0;1.42188;
./datasets/English//english_13;geminately;0;1.42188;
./datasets/English//english_14;geminately;0;1.42188;
./datasets/English//english_15;geminately;0;1.42188;
./datasets/English//english_16;geminately;0;1.42188;
./datasets/English//english_17;geminately;0;1.42188;
./datasets/English//english_18;geminately;0;1.42188;
./datasets/English//english_19;geminately;0;1.42188;
./datasets/English//english_00;unrhymed;1;1.47484;
./datasets/English//english_01;unrhymed;0;1.47484;
./datasets/English//english_02;unrhymed;0;1.47484;
./datasets/English//english_03;unrhymed;0;1.47484;
./datasets/English//english_04;unrhymed;0;1.47484;
./datasets/English//english_05;unrhymed;0;1.47484;
./datasets/English//english_06;unrhymed;0;1.47484;
./datasets/English//english_07;unrhymed;0;1.47484;
./datasets/English//english_08;unrhymed;0;1.47484;
./datasets/English//english_09;unrhymed;0;1.47484;
./datasets/English//english_10;unrhymed;0;1.47484;
./datasets/English//english_11;unrhymed;0;1.47484;
./datasets/English//english_12;unrhymed;0;1.47484;
./datasets/English//english_13;unrhymed;0;1.47484;
./datasets/English//english_14;unrhymed;0;1.47484;
./datasets/English//english_15;unrhymed;0;1.47484;
./datasets/English//english_16;unrhymed;0;1.47484;
./datasets/English//english_17;unrhymed;0;1.47484;
./datasets/English//english_18;unrhymed;0;1.47484;
./datasets/English//english_19;unrhymed;0;1.47484;
./datasets/English//english_00;Serridentines;0;1.37088;
./datasets/English//english_01;Serridentines;0;1.37088;
./datasets/English//english_02;Serridentines;0;1.37088;
./datasets/English//english_03;Serridentines;0;1.37088;
./datasets/English//english_04;Serridentines;0;1.37088;
./datasets/English//english_05;Serridentines;0;1.37088;
./datasets/English//english_06;Serridentines;0;1.37088;
./datasets/English//english_07;Serridentines;0;1.37088;
./datasets/English//english_08;Serridentines;0;1.37088;
./datasets/English//english_09;Serridentines;0;1.37088;
./datasets/English//english_10;Serridentines;0;1.37088;
./datasets/English//english_11;Serridentines;0;1.37088;
./datasets/English//english_12;Serridentines;0;1.37088;
./datasets/English//english_13;Serridentines;0;1.37088;
./datasets/English//english_14;Serridentines;0;1.37088;
./datasets/English//english_15;Serridentines;0;1.37088;
./datasets/English//english_16;Serridentines;0;1.37088;
./datasets/English//english_17;Serridentines;0;1.37088;
./datasets/English//english_18;Serridentines;0;1.37088;
./datasets/English//english_19;Serridentines;0;1.37088;
./datasets/English//english_00;presbyopia;0;1.41387;
./datasets/English//english_01;presbyopia;0;1.41387;
./datasets/English//english_02;presbyopia;0;1.41387;
./datasets/English//english_03;presbyopia;0;1.41387;
./datasets/English//english_04;presbyopia;0;1.41387;
./datasets/English//english_05;presbyopia;0;1.41387;
./datasets/English//english_06;presbyopia;0;1.41387;
./datasets/English//english_07;presbyopia;0;1.41387;
./datasets/English//english_08;presbyopia;0;1.41387;
./datasets/English//english_09;presbyopia;0;1.41387;
./datasets/English//english_10;presbyopia;0;1.41387;
./datasets/English//english_11;presbyopia;0;1.41387;
./datasets/English//english_12;presbyopia;0;1.41387;
./datasets/English//english_13;presbyopia;0;1.41387;
./datasets/English//english_14;presbyopia;0;1.41387;
./datasets/English//english_15;presbyopia;0;1.41387;
./datasets/English//english_16;presbyopia;0;1.41387;
./datasets/English//english_17;presbyopia;0;1.41387;
./datasets/English//english_18;presbyopia;0;1.41387;
./datasets/English//english_19;presbyopia;0;1.41387;
./datasets/English//english_00;unoperably;0;1.39755;
./datasets/English//english_01;unoperably;0;1.39755;
./datasets/English//english_02;unoperably;0;1.39755;
./datasets/English//english_03;unoperably;0;1.39755;
./datasets/English//english_04;unoperably;0;1.39755;
./datasets/English//english_05;unoperably;0;1.39755;
./datasets/English//english_06;unoperably;0;1.39755;
./datasets/English//english_07;unoperably;0;1.39755;
./datasets/English//english_08;unoperably;0;1.39755;
./datasets/English//english_09;unoperably;0;1.39755;
./datasets/English//english_10;unoperably;0;1.39755;
./datasets/English//english_11;unoperably;0;1.39755;
./datasets/English//english_12;unoperably;0;1.39755;
./datasets/English//english_13;unoperably;0;1.39755;
./datasets/English//english_14;unoperably;0;1.39755;
./datasets/English//english_15;unoperably;0;1.39755;
./datasets/English//english_16;unoperably;0;1.39755;
./datasets/English//english_17;unoperably;0;1.39755;
./datasets/English//english_18;unoperably;0;1.39755;
./datasets/English//english_19;unoperably;0;1.39755;
./datasets/English//english_00;preventer;0;1.52676;
./datasets/English//english_01;preventer;0;1.52676;
./datasets/English//english_02;preventer;1;1.52676;
./datasets/English//english_03;preventer;1;1.52676;
./datasets/English//english_04;preventer;0;1.52676;
./datasets/English//english_05;preventer;0;1.52676;
./datasets/English//english_06;preventer;0;1.52676;
./datasets/English//english_07;preventer;0;1.52676;
./datasets/English//english_08;preventer;0;1.52676;
./datasets/English//english_09;preventer;0;1.52676;
./datasets/English//english_10;preventer;0;1.52676;
./datasets/English//english_11;preventer;1;1.52676;
./datasets/English//english_12;preventer;3;1.52676;
./datasets/English//english_13;preventer;0;1.52676;
./datasets/English//english_14;preventer;0;1.52676;
./datasets/English//english_15;preventer;0;1.52676;
./datasets/English//english_16;preventer;0;1.52676;
./datasets/English//english_17;preventer;0;1.52676;
./datasets/English//english_18;preventer;0;1.52676;
./datasets/English//english_19;preventer;0;1.52676;
./datasets/English//english_00;salten;0;1.79096;
./datasets/English//english_01;salten;0;1.79096;
./datasets/English//english_02;salten;0;1.79096;
./datasets/English//english_03;salten;0;1.79096;
./datasets/English//english_04;salten;0;1.79096;
./datasets/English//english_05;salten;0;1.79096;
./datasets/English//english_06;salten;0;1.79096;
./datasets/English//english_07;salten;0;1.79096;
./datasets/English//english_08;salten;0;1.79096;
./datasets/English//english_09;salten;0;1.79096;
./datasets/English//english_10;salten;0;1.79096;
./datasets/English//english_11;salten;0;1.79096;
./datasets/English//english_12;salten;0;1.79096;
./datasets/English//english_13;salten;0;1.79096;
./datasets/English//english_14;salten;0;1.79096;
./datasets/English//english_15;salten;0;1.79096;
./datasets/English//english_16;salten;0;1.79096;
./datasets/English//english_17;salten;0;1.79096;
./datasets/English//english_18;salten;0;1.79096;
./datasets/English//english_19;salten;0;1.79096;
./datasets/English//english_00;grimily;0;1.56184;
./datasets/English//english_01;grimily;0;1.56184;
./datasets/English//english_02;grimily;0;1.56184;
./datasets/English//english_03;grimily;0;1.56184;
./datasets/English//english_04;grimily;0;1.56184;
./datasets/English//english_05;grimily;0;1.56184;
./datasets/English//english_06;grimily;1;1.56184;
./datasets/English//english_07;grimily;0;1.56184;
./datasets/English//english_08;grimily;0;1.56184;
./datasets/English//english_09;grimily;0;1.56184;
./datasets/English//english_10;grimily;0;1.56184;
./datasets/English//english_11;grimily;0;1.56184;
./datasets/English//english_12;grimily;0;1.56184;
./datasets/English//english_13;grimily;0;1.56184;
./datasets/English//english_14;grimily;0;1.56184;
./datasets/English//english_15;grimily;0;1.56184;
./datasets/English//english_16;grimily;1;1.56184;
./datasets/English//english_17;grimily;0;1.56184;
./datasets/English//english_18;grimily;0;1.56184;
./datasets/English//english_19;grimily;0;1.56184;
./datasets/English//english_00;conduplicated;0;1.375;
./datasets/English//english_01;conduplicated;0;1.375;
./datasets/English//english_02;conduplicated;0;1.375;
./datasets/English//english_03;conduplicated;0;1.375;
./datasets/English//english_04;conduplicated;0;1.375;
./datasets/English//english_05;conduplicated;0;1.375;
./datasets/English//english_06;conduplicated;0;1.375;
./datasets/English//english_07;conduplicated;0;1.375;
./datasets/English//english_08;conduplicated;0;1.375;
./datasets/English//english_09;conduplicated;0;1.375;
./datasets/English//english_10;conduplicated;0;1.375;
./datasets/English//english_11;conduplicated;0;1.375;
./datasets/English//english_12;conduplicated;0;1.375;
./datasets/English//english_13;conduplicated;0;1.375;
./datasets/English//english_14;conduplicated;0;1.375;
./datasets/English//english_15;conduplicated;0;1.375;
./datasets/English//english_16;conduplicated;0;1.375;
./datasets/English//english_17;conduplicated;0;1.375;
./datasets/English//english_18;conduplicated;0;1.375;
./datasets/English//english_19;conduplicated;0;1.375;
./datasets/English//english_00;theomania;0;1.44404;
./datasets/English//english_01;theomania;0;1.44404;
./datasets/English//english_02;theomania;0;1.44404;
./datasets/English//english_03;theomania;0;1.44404;
./datasets/English//english_04;theomania;0;1.44404;
./datasets/English//english_05;theomania;0;1.44404;
./datasets/English//english_06;theomania;0;1.44404;
./datasets/English//english_07;theomania;0;1.44404;
./datasets/English//english_08;theomania;0;1.44404;
./datasets/English//english_09;theomania;0;1.44404;
./datasets/English//english_10;theomania;0;1.44404;
./datasets/English//english_11;theomania;0;1.44404;
./datasets/English//english_12;theomania;0;1.44404;
./datasets/English//english_13;theomania;1;1.44404;
./datasets/English//english_14;theomania;0;1.44404;
./datasets/English//english_15;theomania;0;1.44404;
./datasets/English//english_16;theomania;0;1.44404;
./datasets/English//english_17;theomania;0;1.44404;
./datasets/English//english_18;theomania;0;1.44404;
./datasets/English//english_19;theomania;0;1.44404;
./datasets/English//english_00;gyromagnetic;0;1.39533;
./datasets/English//english_01;gyromagnetic;0;1.39533;
./datasets/English//english_02;gyromagnetic;0;1.39533;
./datasets/English//english_03;gyromagnetic;0;1.39533;
./datasets/English//english_04;gyromagnetic;0;1.39533;
./datasets/English//english_05;gyromagnetic;0;1.39533;
./datasets/English//english_06;gyromagnetic;0;1.39533;
./datasets/English//english_07;gyromagnetic;0;1.39533;
./datasets/English//english_08;gyromagnetic;0;1.39533;
./datasets/English//english_09;gyromagnetic;0;1.39533;
./datasets/English//english_10;gyromagnetic;0;1.39533;
./datasets/English//english_11;gyromagnetic;0;1.39533;
./datasets/English//english_12;gyromagnetic;0;1.39533;
./datasets/English//english_13;gyromagnetic;0;1.39533;
./datasets/English//english_14;gyromagnetic;0;1.39533;
./datasets/English//english_15;gyromagnetic;0;1.39533;
./datasets/English//english_16;gyromagnetic;0;1.39533;
./datasets/English//english_17;gyromagnetic;0;1.39533;
./datasets/English//english_18;gyromagnetic;0;1.39533;
./datasets/English//english_19;gyromagnetic;0;1.39533;
./datasets/English//english_00;antimycotic;0;1.43783;
./datasets/English//english_01;antimycotic;0;1.43783;
./datasets/English//english_02;antimycotic;0;1.43783;
./datasets/English//english_03;antimycotic;0;1.43783;
./datasets/English//english_04;antimycotic;0;1.43783;
./datasets/English//english_05;antimycotic;0;1.43783;
./datasets/English//english_06;antimycotic;0;1.43783;
./datasets/English//english_07;antimycotic;0;1.43783;
./datasets/English//english_08;antimycotic;0;1.43783;
./datasets/English//english_09;antimycotic;0;1.43783;
./datasets/English//english_10;antimycotic;0;1.43783;
./datasets/English//english_11;antimycotic;0;1.43783;
./datasets/English//english_12;antimycotic;0;1.43783;
./datasets/English//english_13;antimycotic;0;1.43783;
./datasets/English//english_14;antimycotic;0;1.43783;
./datasets/English//english_15;antimycotic;0;1.43783;
./datasets/English//english_16;antimycotic;0;1.43783;
./datasets/English//english_17;antimycotic;0;1.43783;
./datasets/English//english_18;antimycotic;0;1.43783;
./datasets/English//english_19;antimycotic;0;1.43783;
./datasets/English//english_00;malacanthid;0;1.47493;
./datasets/English//english_01;malacanthid;0;1.47493;
./datasets/English//english_02;malacanthid;0;1.47493;
./datasets/English//english_03;malacanthid;0;1.47493;
./datasets/English//english_04;malacanthid;0;1.47493;
./datasets/English//english_05;malacanthid;0;1.47493;
./datasets/English//english_06;malacanthid;0;1.47493;
./datasets/English//english_07;malacanthid;0;1.47493;
./datasets/English//english_08;malacanthid;0;1.47493;
./datasets/English//english_09;malacanthid;0;1.47493;
./datasets/English//english_10;malacanthid;0;1.47493;
./datasets/English//english_11;malacanthid;0;1.47493;
./datasets/English//english_12;malacanthid;0;1.47493;
./datasets/English//english_13;malacanthid;0;1.47493;
./datasets/English//english_14;malacanthid;0;1.47493;
./datasets/English//english_15;malacanthid;0;1.47493;
./datasets/English//english_16;malacanthid;0;1.47493;
./datasets/English//english_17;malacanthid;0;1.47493;
./datasets/English//english_18;malacanthid;0;1.47493;
./datasets/English//english_19;malacanthid;0;1.47493;
./datasets/English//english_00;sensationistic;0;1.34883;
./datasets/English//english_01;sensationistic;0;1.34883;
./datasets/English//english_02;sensationistic;0;1.34883;
./datasets/English//english_03;sensationistic;0;1.34883;
./datasets/English//english_04;sensationistic;0;1.34883;
./datasets/English//english_05;sensationistic;0;1.34883;
./datasets/English//english_06;sensationistic;0;1.34883;
./datasets/English//english_07;sensationistic;0;1.34883;
./datasets/English//english_08;sensationistic;0;1.34883;
./datasets/English//english_09;sensationistic;0;1.34883;
./datasets/English//english_10;sensationistic;0;1.34883;
./datasets/English//english_11;sensationistic;0;1.34883;
./datasets/English//english_12;sensationistic;0;1.34883;
./datasets/English//english_13;sensationistic;0;1.34883;
./datasets/English//english_14;sensationistic;0;1.34883;
./datasets/English//english_15;sensationistic;0;1.34883;
./datasets/English//english_16;sensationistic;0;1.34883;
./datasets/English//english_17;sensationistic;0;1.34883;
./datasets/English//english_18;sensationistic;0;1.34883;
./datasets/English//english_19;sensationistic;0;1.34883;
./datasets/English//english_00;vibraculoid;0;1.37304;
./datasets/English//english_01;vibraculoid;0;1.37304;
./datasets/English//english_02;vibraculoid;0;1.37304;
./datasets/English//english_03;vibraculoid;0;1.37304;
./datasets/English//english_04;vibraculoid;0;1.37304;
./datasets/English//english_05;vibraculoid;0;1.37304;
./datasets/English//english_06;vibraculoid;0;1.37304;
./datasets/English//english_07;vibraculoid;0;1.37304;
./datasets/English//english_08;vibraculoid;0;1.37304;
./datasets/English//english_09;vibraculoid;0;1.37304;
./datasets/English//english_10;vibraculoid;0;1.37304;
./datasets/English//english_11;vibraculoid;0;1.37304;
./datasets/English//english_12;vibraculoid;0;1.37304;
./datasets/English//english_13;vibraculoid;0;1.37304;
./datasets/English//english_14;vibraculoid;0;1.37304;
./datasets/English//english_15;vibraculoid;0;1.37304;
./datasets/English//english_16;vibraculoid;0;1.37304;
./datasets/English//english_17;vibraculoid;0;1.37304;
./datasets/English//english_18;vibraculoid;0;1.37304;
./datasets/English//english_19;vibraculoid;0;1.37304;
./datasets/English//english_00;eater;70;1.8873;
./datasets/English//english_01;eater;74;1.8873;
./datasets/English//english_02;eater;161;1.8873;
./datasets/English//english_03;eater;145;1.8873;
./datasets/English//english_04;eater;109;1.8873;
./datasets/English//english_05;eater;115;1.8873;
./datasets/English//english_06;eater;99;1.8873;
./datasets/English//english_07;eater;120;1.8873;
./datasets/English//english_08;eater;84;1.8873;
./datasets/English//english_09;eater;231;1.8873;
./datasets/English//english_10;eater;143;1.8873;
./datasets/English//english_11;eater;84;1.8873;
./datasets/English//english_12;eater;114;1.8873;
./datasets/English//english_13;eater;87;1.8873;
./datasets/English//english_14;eater;148;1.8873;
./datasets/English//english_15;eater;89;1.8873;
./datasets/English//english_16;eater;107;1.8873;
./datasets/English//english_17;eater;118;1.8873;
./datasets/English//english_18;eater;111;1.8873;
./datasets/English//english_19;eater;163;1.8873;
./datasets/English//english_00;zig;2;1.91568;
./datasets/English//english_01;zig;4;1.91568;
./datasets/English//english_02;zig;2;1.91568;
./datasets/English//english_03;zig;4;1.91568;
./datasets/English//english_04;zig;16;1.91568;
./datasets/English//english_05;zig;12;1.91568;
./datasets/English//english_06;zig;3;1.91568;
./datasets/English//english_07;zig;1;1.91568;
./datasets/English//english_08;zig;56;1.91568;
./datasets/English//english_09;zig;0;1.91568;
./datasets/English//english_10;zig;2;1.91568;
./datasets/English//english_11;zig;0;1.91568;
./datasets/English//english_12;zig;6;1.91568;
./datasets/English//english_13;zig;4;1.91568;
./datasets/English//english_14;zig;25;1.91568;
./datasets/English//english_15;zig;27;1.91568;
./datasets/English//english_16;zig;4;1.91568;
./datasets/English//english_17;zig;29;1.91568;
./datasets/English//english_18;zig;11;1.91568;
./datasets/English//english_19;zig;2;1.91568;
./datasets/English//english_00;bordello;0;1.45707;
./datasets/English//english_01;bordello;0;1.45707;
./datasets/English//english_02;bordello;0;1.45707;
./datasets/English//english_03;bordello;0;1.45707;
./datasets/English//english_04;bordello;0;1.45707;
./datasets/English//english_05;bordello;0;1.45707;
./datasets/English//english_06;bordello;0;1.45707;
./datasets/English//english_07;bordello;0;1.45707;
./datasets/English//english_08;bordello;0;1.45707;
./datasets/English//english_09;bordello;0;1.45707;
./datasets/English//english_10;bordello;0;1.45707;
./datasets/English//english_11;bordello;0;1.45707;
./datasets/English//english_12;bordello;0;1.45707;
./datasets/English//english_13;bordello;0;1.45707;
./datasets/English//english_14;bordello;0;1.45707;
./datasets/English//english_15;bordello;0;1.45707;
./datasets/English//english_16;bordello;0;1.45707;
./datasets/English//english_17;bordello;0;1.45707;
./datasets/English//english_18;bordello;0;1.45707;
./datasets/English//english_19;bordello;0;1.45707;
./datasets/English//english_00;hounding;0;1.78926;
./datasets/English//english_01;hounding;0;1.78926;
./datasets/English//english_02;hounding;0;1.78926;
./datasets/English//english_03;hounding;0;1.78926;
./datasets/English//english_04;hounding;0;1.78926;
./datasets/English//english_05;hounding;0;1.78926;
./datasets/English//english_06;hounding;0;1.78926;
./datasets/English//english_07;hounding;0;1.78926;
./datasets/English//english_08;hounding;0;1.78926;
./datasets/English//english_09;hounding;0;1.78926;
./datasets/English//english_10;hounding;0;1.78926;
./datasets/English//english_11;hounding;0;1.78926;
./datasets/English//english_12;hounding;0;1.78926;
./datasets/English//english_13;hounding;0;1.78926;
./datasets/English//english_14;hounding;0;1.78926;
./datasets/English//english_15;hounding;0;1.78926;
./datasets/English//english_16;hounding;0;1.78926;
./datasets/English//english_17;hounding;0;1.78926;
./datasets/English//english_18;hounding;0;1.78926;
./datasets/English//english_19;hounding;0;1.78926;
./datasets/English//english_00;outweary;0;1.86884;
./datasets/English//english_01;outweary;0;1.86884;
./datasets/English//english_02;outweary;0;1.86884;
./datasets/English//english_03;outweary;0;1.86884;
./datasets/English//english_04;outweary;0;1.86884;
./datasets/English//english_05;outweary;0;1.86884;
./datasets/English//english_06;outweary;0;1.86884;
./datasets/English//english_07;outweary;0;1.86884;
./datasets/English//english_08;outweary;0;1.86884;
./datasets/English//english_09;outweary;0;1.86884;
./datasets/English//english_10;outweary;0;1.86884;
./datasets/English//english_11;outweary;0;1.86884;
./datasets/English//english_12;outweary;0;1.86884;
./datasets/English//english_13;outweary;0;1.86884;
./datasets/English//english_14;outweary;0;1.86884;
./datasets/English//english_15;outweary;0;1.86884;
./datasets/English//english_16;outweary;0;1.86884;
./datasets/English//english_17;outweary;0;1.86884;
./datasets/English//english_18;outweary;0;1.86884;
./datasets/English//english_19;outweary;0;1.86884;
./datasets/English//english_00;hoyle;0;1.73251;
./datasets/English//english_01;hoyle;0;1.73251;
./datasets/English//english_02;hoyle;0;1.73251;
./datasets/English//english_03;hoyle;0;1.73251;
./datasets/English//english_04;hoyle;0;1.73251;
./datasets/English//english_05;hoyle;0;1.73251;
./datasets/English//english_06;hoyle;0;1.73251;
./datasets/English//english_07;hoyle;0;1.73251;
./datasets/English//english_08;hoyle;0;1.73251;
./datasets/English//english_09;hoyle;0;1.73251;
./datasets/English//english_10;hoyle;0;1.73251;
./datasets/English//english_11;hoyle;0;1.73251;
./datasets/English//english_12;hoyle;0;1.73251;
./datasets/English//english_13;hoyle;0;1.73251;
./datasets/English//english_14;hoyle;0;1.73251;
./datasets/English//english_15;hoyle;0;1.73251;
./datasets/English//english_16;hoyle;0;1.73251;
./datasets/English//english_17;hoyle;0;1.73251;
./datasets/English//english_18;hoyle;0;1.73251;
./datasets/English//english_19;hoyle;0;1.73251;
./datasets/English//english_00;nonrendition;0;1.40173;
./datasets/English//english_01;nonrendition;0;1.40173;
./datasets/English//english_02;nonrendition;0;1.40173;
./datasets/English//english_03;nonrendition;0;1.40173;
./datasets/English//english_04;nonrendition;0;1.40173;
./datasets/English//english_05;nonrendition;0;1.40173;
./datasets/English//english_06;nonrendition;0;1.40173;
./datasets/English//english_07;nonrendition;0;1.40173;
./datasets/English//english_08;nonrendition;0;1.40173;
./datasets/English//english_09;nonrendition;0;1.40173;
./datasets/English//english_10;nonrendition;0;1.40173;
./datasets/English//english_11;nonrendition;0;1.40173;
./datasets/English//english_12;nonrendition;0;1.40173;
./datasets/English//english_13;nonrendition;0;1.40173;
./datasets/English//english_14;nonrendition;0;1.40173;
./datasets/English//english_15;nonrendition;0;1.40173;
./datasets/English//english_16;nonrendition;0;1.40173;
./datasets/English//english_17;nonrendition;0;1.40173;
./datasets/English//english_18;nonrendition;0;1.40173;
./datasets/English//english_19;nonrendition;0;1.40173;
./datasets/English//english_00;potlike;0;1.5078;
./datasets/English//english_01;potlike;0;1.5078;
./datasets/English//english_02;potlike;0;1.5078;
./datasets/English//english_03;potlike;0;1.5078;
./datasets/English//english_04;potlike;0;1.5078;
./datasets/English//english_05;potlike;0;1.5078;
./datasets/English//english_06;potlike;0;1.5078;
./datasets/English//english_07;potlike;0;1.5078;
./datasets/English//english_08;potlike;0;1.5078;
./datasets/English//english_09;potlike;0;1.5078;
./datasets/English//english_10;potlike;0;1.5078;
./datasets/English//english_11;potlike;0;1.5078;
./datasets/English//english_12;potlike;0;1.5078;
./datasets/English//english_13;potlike;0;1.5078;
./datasets/English//english_14;potlike;0;1.5078;
./datasets/English//english_15;potlike;0;1.5078;
./datasets/English//english_16;potlike;0;1.5078;
./datasets/English//english_17;potlike;0;1.5078;
./datasets/English//english_18;potlike;0;1.5078;
./datasets/English//english_19;potlike;0;1.5078;
./datasets/English//english_00;surflike;0;1.45994;
./datasets/English//english_01;surflike;0;1.45994;
./datasets/English//english_02;surflike;0;1.45994;
./datasets/English//english_03;surflike;0;1.45994;
./datasets/English//english_04;surflike;0;1.45994;
./datasets/English//english_05;surflike;0;1.45994;
./datasets/English//english_06;surflike;0;1.45994;
./datasets/English//english_07;surflike;0;1.45994;
./datasets/English//english_08;surflike;0;1.45994;
./datasets/English//english_09;surflike;0;1.45994;
./datasets/English//english_10;surflike;0;1.45994;
./datasets/English//english_11;surflike;0;1.45994;
./datasets/English//english_12;surflike;0;1.45994;
./datasets/English//english_13;surflike;0;1.45994;
./datasets/English//english_14;surflike;0;1.45994;
./datasets/English//english_15;surflike;0;1.45994;
./datasets/English//english_16;surflike;0;1.45994;
./datasets/English//english_17;surflike;0;1.45994;
./datasets/English//english_18;surflike;0;1.45994;
./datasets/English//english_19;surflike;0;1.45994;
./datasets/English//english_00;rubification;0;1.44343;
./datasets/English//english_01;rubification;0;1.44343;
./datasets/English//english_02;rubification;0;1.44343;
./datasets/English//english_03;rubification;0;1.44343;
./datasets/English//english_04;rubification;0;1.44343;
./datasets/English//english_05;rubification;0;1.44343;
./datasets/English//english_06;rubification;0;1.44343;
./datasets/English//english_07;rubification;0;1.44343;
./datasets/English//english_08;rubification;0;1.44343;
./datasets/English//english_09;rubification;0;1.44343;
./datasets/English//english_10;rubification;0;1.44343;
./datasets/English//english_11;rubification;0;1.44343;
./datasets/English//english_12;rubification;0;1.44343;
./datasets/English//english_13;rubification;0;1.44343;
./datasets/English//english_14;rubification;0;1.44343;
./datasets/English//english_15;rubification;0;1.44343;
./datasets/English//english_16;rubification;0;1.44343;
./datasets/English//english_17;rubification;0;1.44343;
./datasets/English//english_18;rubification;0;1.44343;
./datasets/English//english_19;rubification;0;1.44343;
./datasets/English//english_00;dulcifluous;0;1.37476;
./datasets/English//english_01;dulcifluous;0;1.37476;
./datasets/English//english_02;dulcifluous;0;1.37476;
./datasets/English//english_03;dulcifluous;0;1.37476;
./datasets/English//english_04;dulcifluous;0;1.37476;
./datasets/English//english_05;dulcifluous;0;1.37476;
./datasets/English//english_06;dulcifluous;0;1.37476;
./datasets/English//english_07;dulcifluous;0;1.37476;
./datasets/English//english_08;dulcifluous;0;1.37476;
./datasets/English//english_09;dulcifluous;0;1.37476;
./datasets/English//english_10;dulcifluous;0;1.37476;
./datasets/English//english_11;dulcifluous;0;1.37476;
./datasets/English//english_12;dulcifluous;0;1.37476;
./datasets/English//english_13;dulcifluous;0;1.37476;
./datasets/English//english_14;dulcifluous;0;1.37476;
./datasets/English//english_15;dulcifluous;0;1.37476;
./datasets/English//english_16;dulcifluous;0;1.37476;
./datasets/English//english_17;dulcifluous;0;1.37476;
./datasets/English//english_18;dulcifluous;0;1.37476;
./datasets/English//english_19;dulcifluous;0;1.37476;
./datasets/English//english_00;Saturnalian;0;1.38177;
./datasets/English//english_01;Saturnalian;0;1.38177;
./datasets/English//english_02;Saturnalian;0;1.38177;
./datasets/English//english_03;Saturnalian;0;1.38177;
./datasets/English//english_04;Saturnalian;0;1.38177;
./datasets/English//english_05;Saturnalian;0;1.38177;
./datasets/English//english_06;Saturnalian;0;1.38177;
./datasets/English//english_07;Saturnalian;0;1.38177;
./datasets/English//english_08;Saturnalian;0;1.38177;
./datasets/English//english_09;Saturnalian;0;1.38177;
./datasets/English//english_10;Saturnalian;0;1.38177;
./datasets/English//english_11;Saturnalian;0;1.38177;
./datasets/English//english_12;Saturnalian;0;1.38177;
./datasets/English//english_13;Saturnalian;0;1.38177;
./datasets/English//english_14;Saturnalian;0;1.38177;
./datasets/English//english_15;Saturnalian;0;1.38177;
./datasets/English//english_16;Saturnalian;0;1.38177;
./datasets/English//english_17;Saturnalian;0;1.38177;
./datasets/English//english_18;Saturnalian;0;1.38177;
./datasets/English//english_19;Saturnalian;2;1.38177;
./datasets/English//english_00;unconfidence;0;1.38719;
./datasets/English//english_01;unconfidence;0;1.38719;
./datasets/English//english_02;unconfidence;0;1.38719;
./datasets/English//english_03;unconfidence;0;1.38719;
./datasets/English//english_04;unconfidence;0;1.38719;
./datasets/English//english_05;unconfidence;0;1.38719;
./datasets/English//english_06;unconfidence;0;1.38719;
./datasets/English//english_07;unconfidence;0;1.38719;
./datasets/English//english_08;unconfidence;0;1.38719;
./datasets/English//english_09;unconfidence;0;1.38719;
./datasets/English//english_10;unconfidence;0;1.38719;
./datasets/English//english_11;unconfidence;0;1.38719;
./datasets/English//english_12;unconfidence;0;1.38719;
./datasets/English//english_13;unconfidence;0;1.38719;
./datasets/English//english_14;unconfidence;0;1.38719;
./datasets/English//english_15;unconfidence;0;1.38719;
./datasets/English//english_16;unconfidence;0;1.38719;
./datasets/English//english_17;unconfidence;0;1.38719;
./datasets/English//english_18;unconfidence;0;1.38719;
./datasets/English//english_19;unconfidence;0;1.38719;
./datasets/English//english_00;Apneumona;0;1.43418;
./datasets/English//english_01;Apneumona;0;1.43418;
./datasets/English//english_02;Apneumona;0;1.43418;
./datasets/English//english_03;Apneumona;0;1.43418;
./datasets/English//english_04;Apneumona;0;1.43418;
./datasets/English//english_05;Apneumona;0;1.43418;
./datasets/English//english_06;Apneumona;0;1.43418;
./datasets/English//english_07;Apneumona;0;1.43418;
./datasets/English//english_08;Apneumona;0;1.43418;
./datasets/English//english_09;Apneumona;0;1.43418;
./datasets/English//english_10;Apneumona;0;1.43418;
./datasets/English//english_11;Apneumona;0;1.43418;
./datasets/English//english_12;Apneumona;0;1.43418;
./datasets/English//english_13;Apneumona;0;1.43418;
./datasets/English//english_14;Apneumona;0;1.43418;
./datasets/English//english_15;Apneumona;0;1.43418;
./datasets/English//english_16;Apneumona;0;1.43418;
./datasets/English//english_17;Apneumona;0;1.43418;
./datasets/English//english_18;Apneumona;0;1.43418;
./datasets/English//english_19;Apneumona;0;1.43418;
./datasets/English//english_00;hedgy;0;1.58666;
./datasets/English//english_01;hedgy;0;1.58666;
./datasets/English//english_02;hedgy;0;1.58666;
./datasets/English//english_03;hedgy;0;1.58666;
./datasets/English//english_04;hedgy;0;1.58666;
./datasets/English//english_05;hedgy;0;1.58666;
./datasets/English//english_06;hedgy;0;1.58666;
./datasets/English//english_07;hedgy;0;1.58666;
./datasets/English//english_08;hedgy;0;1.58666;
./datasets/English//english_09;hedgy;0;1.58666;
./datasets/English//english_10;hedgy;0;1.58666;
./datasets/English//english_11;hedgy;0;1.58666;
./datasets/English//english_12;hedgy;0;1.58666;
./datasets/English//english_13;hedgy;0;1.58666;
./datasets/English//english_14;hedgy;0;1.58666;
./datasets/English//english_15;hedgy;0;1.58666;
./datasets/English//english_16;hedgy;0;1.58666;
./datasets/English//english_17;hedgy;0;1.58666;
./datasets/English//english_18;hedgy;0;1.58666;
./datasets/English//english_19;hedgy;0;1.58666;
./datasets/English//english_00;subharmonic;0;1.42147;
./datasets/English//english_01;subharmonic;0;1.42147;
./datasets/English//english_02;subharmonic;0;1.42147;
./datasets/English//english_03;subharmonic;0;1.42147;
./datasets/English//english_04;subharmonic;0;1.42147;
./datasets/English//english_05;subharmonic;0;1.42147;
./datasets/English//english_06;subharmonic;0;1.42147;
./datasets/English//english_07;subharmonic;0;1.42147;
./datasets/English//english_08;subharmonic;0;1.42147;
./datasets/English//english_09;subharmonic;0;1.42147;
./datasets/English//english_10;subharmonic;0;1.42147;
./datasets/English//english_11;subharmonic;0;1.42147;
./datasets/English//english_12;subharmonic;0;1.42147;
./datasets/English//english_13;subharmonic;0;1.42147;
./datasets/English//english_14;subharmonic;0;1.42147;
./datasets/English//english_15;subharmonic;0;1.42147;
./datasets/English//english_16;subharmonic;0;1.42147;
./datasets/English//english_17;subharmonic;0;1.42147;
./datasets/English//english_18;subharmonic;0;1.42147;
./datasets/English//english_19;subharmonic;0;1.42147;
./datasets/English//english_00;undisputed;0;1.48383;
./datasets/English//english_01;undisputed;0;1.48383;
./datasets/English//english_02;undisputed;3;1.48383;
./datasets/English//english_03;undisputed;1;1.48383;
./datasets/English//english_04;undisputed;3;1.48383;
./datasets/English//english_05;undisputed;1;1.48383;
./datasets/English//english_06;undisputed;2;1.48383;
./datasets/English//english_07;undisputed;2;1.48383;
./datasets/English//english_08;undisputed;3;1.48383;
./datasets/English//english_09;undisputed;0;1.48383;
./datasets/English//english_10;undisputed;2;1.48383;
./datasets/English//english_11;undisputed;3;1.48383;
./datasets/English//english_12;undisputed;1;1.48383;
./datasets/English//english_13;undisputed;3;1.48383;
./datasets/English//english_14;undisputed;2;1.48383;
./datasets/English//english_15;undisputed;1;1.48383;
./datasets/English//english_16;undisputed;1;1.48383;
./datasets/English//english_17;undisputed;1;1.48383;
./datasets/English//english_18;undisputed;1;1.48383;
./datasets/English//english_19;undisputed;2;1.48383;
./datasets/English//english_00;monotypic;0;1.42474;
./datasets/English//english_01;monotypic;0;1.42474;
./datasets/English//english_02;monotypic;0;1.42474;
./datasets/English//english_03;monotypic;0;1.42474;
./datasets/English//english_04;monotypic;0;1.42474;
./datasets/English//english_05;monotypic;0;1.42474;
./datasets/English//english_06;monotypic;0;1.42474;
./datasets/English//english_07;monotypic;0;1.42474;
./datasets/English//english_08;monotypic;0;1.42474;
./datasets/English//english_09;monotypic;0;1.42474;
./datasets/English//english_10;monotypic;0;1.42474;
./datasets/English//english_11;monotypic;0;1.42474;
./datasets/English//english_12;monotypic;0;1.42474;
./datasets/English//english_13;monotypic;0;1.42474;
./datasets/English//english_14;monotypic;0;1.42474;
./datasets/English//english_15;monotypic;0;1.42474;
./datasets/English//english_16;monotypic;0;1.42474;
./datasets/English//english_17;monotypic;0;1.42474;
./datasets/English//english_18;monotypic;0;1.42474;
./datasets/English//english_19;monotypic;0;1.42474;
./datasets/English//english_00;pontifex;0;1.46089;
./datasets/English//english_01;pontifex;2;1.46089;
./datasets/English//english_02;pontifex;0;1.46089;
./datasets/English//english_03;pontifex;0;1.46089;
./datasets/English//english_04;pontifex;0;1.46089;
./datasets/English//english_05;pontifex;0;1.46089;
./datasets/English//english_06;pontifex;0;1.46089;
./datasets/English//english_07;pontifex;0;1.46089;
./datasets/English//english_08;pontifex;0;1.46089;
./datasets/English//english_09;pontifex;0;1.46089;
./datasets/English//english_10;pontifex;0;1.46089;
./datasets/English//english_11;pontifex;0;1.46089;
./datasets/English//english_12;pontifex;0;1.46089;
./datasets/English//english_13;pontifex;0;1.46089;
./datasets/English//english_14;pontifex;0;1.46089;
./datasets/English//english_15;pontifex;0;1.46089;
./datasets/English//english_16;pontifex;0;1.46089;
./datasets/English//english_17;pontifex;0;1.46089;
./datasets/English//english_18;pontifex;0;1.46089;
./datasets/English//english_19;pontifex;0;1.46089;
./datasets/English//english_00;Phalarism;0;1.47737;
./datasets/English//english_01;Phalarism;0;1.47737;
./datasets/English//english_02;Phalarism;0;1.47737;
./datasets/English//english_03;Phalarism;0;1.47737;
./datasets/English//english_04;Phalarism;0;1.47737;
./datasets/English//english_05;Phalarism;0;1.47737;
./datasets/English//english_06;Phalarism;0;1.47737;
./datasets/English//english_07;Phalarism;0;1.47737;
./datasets/English//english_08;Phalarism;0;1.47737;
./datasets/English//english_09;Phalarism;0;1.47737;
./datasets/English//english_10;Phalarism;0;1.47737;
./datasets/English//english_11;Phalarism;0;1.47737;
./datasets/English//english_12;Phalarism;0;1.47737;
./datasets/English//english_13;Phalarism;0;1.47737;
./datasets/English//english_14;Phalarism;0;1.47737;
./datasets/English//english_15;Phalarism;0;1.47737;
./datasets/English//english_16;Phalarism;0;1.47737;
./datasets/English//english_17;Phalarism;0;1.47737;
./datasets/English//english_18;Phalarism;0;1.47737;
./datasets/English//english_19;Phalarism;0;1.47737;
./datasets/English//english_00;precursive;0;1.43378;
./datasets/English//english_01;precursive;0;1.43378;
./datasets/English//english_02;precursive;0;1.43378;
./datasets/English//english_03;precursive;0;1.43378;
./datasets/English//english_04;precursive;0;1.43378;
./datasets/English//english_05;precursive;0;1.43378;
./datasets/English//english_06;precursive;0;1.43378;
./datasets/English//english_07;precursive;0;1.43378;
./datasets/English//english_08;precursive;0;1.43378;
./datasets/English//english_09;precursive;0;1.43378;
./datasets/English//english_10;precursive;0;1.43378;
./datasets/English//english_11;precursive;0;1.43378;
./datasets/English//english_12;precursive;0;1.43378;
./datasets/English//english_13;precursive;0;1.43378;
./datasets/English//english_14;precursive;0;1.43378;
./datasets/English//english_15;precursive;0;1.43378;
./datasets/English//english_16;precursive;0;1.43378;
./datasets/English//english_17;precursive;0;1.43378;
./datasets/English//english_18;precursive;0;1.43378;
./datasets/English//english_19;precursive;0;1.43378;
./datasets/English//english_00;uncock;0;1.50971;
./datasets/English//english_01;uncock;0;1.50971;
./datasets/English//english_02;uncock;0;1.50971;
./datasets/English//english_03;uncock;0;1.50971;
./datasets/English//english_04;uncock;0;1.50971;
./datasets/English//english_05;uncock;0;1.50971;
./datasets/English//english_06;uncock;0;1.50971;
./datasets/English//english_07;uncock;0;1.50971;
./datasets/English//english_08;uncock;0;1.50971;
./datasets/English//english_09;uncock;0;1.50971;
./datasets/English//english_10;uncock;0;1.50971;
./datasets/English//english_11;uncock;2;1.50971;
./datasets/English//english_12;uncock;2;1.50971;
./datasets/English//english_13;uncock;0;1.50971;
./datasets/English//english_14;uncock;0;1.50971;
./datasets/English//english_15;uncock;0;1.50971;
./datasets/English//english_16;uncock;0;1.50971;
./datasets/English//english_17;uncock;0;1.50971;
./datasets/English//english_18;uncock;0;1.50971;
./datasets/English//english_19;uncock;0;1.50971;
./datasets/English//english_00;echinoderm;0;1.40536;
./datasets/English//english_01;echinoderm;0;1.40536;
./datasets/English//english_02;echinoderm;0;1.40536;
./datasets/English//english_03;echinoderm;0;1.40536;
./datasets/English//english_04;echinoderm;0;1.40536;
./datasets/English//english_05;echinoderm;0;1.40536;
./datasets/English//english_06;echinoderm;0;1.40536;
./datasets/English//english_07;echinoderm;0;1.40536;
./datasets/English//english_08;echinoderm;0;1.40536;
./datasets/English//english_09;echinoderm;0;1.40536;
./datasets/English//english_10;echinoderm;0;1.40536;
./datasets/English//english_11;echinoderm;0;1.40536;
./datasets/English//english_12;echinoderm;0;1.40536;
./datasets/English//english_13;echinoderm;0;1.40536;
./datasets/English//english_14;echinoderm;0;1.40536;
./datasets/English//english_15;echinoderm;0;1.40536;
./datasets/English//english_16;echinoderm;0;1.40536;
./datasets/English//english_17;echinoderm;0;1.40536;
./datasets/English//english_18;echinoderm;0;1.40536;
./datasets/English//english_19;echinoderm;0;1.40536;
./datasets/English//english_00;antu;8;1.74377;
./datasets/English//english_01;antu;0;1.74377;
./datasets/English//english_02;antu;4;1.74377;
./datasets/English//english_03;antu;4;1.74377;
./datasets/English//english_04;antu;8;1.74377;
./datasets/English//english_05;antu;4;1.74377;
./datasets/English//english_06;antu;14;1.74377;
./datasets/English//english_07;antu;9;1.74377;
./datasets/English//english_08;antu;5;1.74377;
./datasets/English//english_09;antu;3;1.74377;
./datasets/English//english_10;antu;16;1.74377;
./datasets/English//english_11;antu;4;1.74377;
./datasets/English//english_12;antu;2;1.74377;
./datasets/English//english_13;antu;3;1.74377;
./datasets/English//english_14;antu;38;1.74377;
./datasets/English//english_15;antu;3;1.74377;
./datasets/English//english_16;antu;18;1.74377;
./datasets/English//english_17;antu;19;1.74377;
./datasets/English//english_18;antu;86;1.74377;
./datasets/English//english_19;antu;22;1.74377;
./datasets/English//english_00;rollick;0;1.51498;
./datasets/English//english_01;rollick;4;1.51498;
./datasets/English//english_02;rollick;3;1.51498;
./datasets/English//english_03;rollick;0;1.51498;
./datasets/English//english_04;rollick;5;1.51498;
./datasets/English//english_05;rollick;3;1.51498;
./datasets/English//english_06;rollick;0;1.51498;
./datasets/English//english_07;rollick;0;1.51498;
./datasets/English//english_08;rollick;0;1.51498;
./datasets/English//english_09;rollick;0;1.51498;
./datasets/English//english_10;rollick;0;1.51498;
./datasets/English//english_11;rollick;1;1.51498;
./datasets/English//english_12;rollick;3;1.51498;
./datasets/English//english_13;rollick;0;1.51498;
./datasets/English//english_14;rollick;0;1.51498;
./datasets/English//english_15;rollick;3;1.51498;
./datasets/English//english_16;rollick;0;1.51498;
./datasets/English//english_17;rollick;0;1.51498;
./datasets/English//english_18;rollick;3;1.51498;
./datasets/English//english_19;rollick;1;1.51498;
./datasets/English//english_00;natricine;0;1.66445;
./datasets/English//english_01;natricine;0;1.66445;
./datasets/English//english_02;natricine;0;1.66445;
./datasets/English//english_03;natricine;0;1.66445;
./datasets/English//english_04;natricine;0;1.66445;
./datasets/English//english_05;natricine;0;1.66445;
./datasets/English//english_06;natricine;0;1.66445;
./datasets/English//english_07;natricine;0;1.66445;
./datasets/English//english_08;natricine;0;1.66445;
./datasets/English//english_09;natricine;0;1.66445;
./datasets/English//english_10;natricine;0;1.66445;
./datasets/English//english_11;natricine;0;1.66445;
./datasets/English//english_12;natricine;0;1.66445;
./datasets/English//english_13;natricine;0;1.66445;
./datasets/English//english_14;natricine;0;1.66445;
./datasets/English//english_15;natricine;0;1.66445;
./datasets/English//english_16;natricine;0;1.66445;
./datasets/English//english_17;natricine;0;1.66445;
./datasets/English//english_18;natricine;0;1.66445;
./datasets/English//english_19;natricine;0;1.66445;
./datasets/English//english_00;presuperintendence;0;1.36789;
./datasets/English//english_01;presuperintendence;0;1.36789;
./datasets/English//english_02;presuperintendence;0;1.36789;
./datasets/English//english_03;presuperintendence;0;1.36789;
./datasets/English//english_04;presuperintendence;0;1.36789;
./datasets/English//english_05;presuperintendence;0;1.36789;
./datasets/English//english_06;presuperintendence;0;1.36789;
./datasets/English//english_07;presuperintendence;0;1.36789;
./datasets/English//english_08;presuperintendence;0;1.36789;
./datasets/English//english_09;presuperintendence;0;1.36789;
./datasets/English//english_10;presuperintendence;0;1.36789;
./datasets/English//english_11;presuperintendence;0;1.36789;
./datasets/English//english_12;presuperintendence;0;1.36789;
./datasets/English//english_13;presuperintendence;0;1.36789;
./datasets/English//english_14;presuperintendence;0;1.36789;
./datasets/English//english_15;presuperintendence;0;1.36789;
./datasets/English//english_16;presuperintendence;0;1.36789;
./datasets/English//english_17;presuperintendence;0;1.36789;
./datasets/English//english_18;presuperintendence;0;1.36789;
./datasets/English//english_19;presuperintendence;0;1.36789;
./datasets/English//english_00;pinnaclet;0;1.48074;
./datasets/English//english_01;pinnaclet;0;1.48074;
./datasets/English//english_02;pinnaclet;0;1.48074;
./datasets/English//english_03;pinnaclet;0;1.48074;
./datasets/English//english_04;pinnaclet;0;1.48074;
./datasets/English//english_05;pinnaclet;0;1.48074;
./datasets/English//english_06;pinnaclet;0;1.48074;
./datasets/English//english_07;pinnaclet;0;1.48074;
./datasets/English//english_08;pinnaclet;0;1.48074;
./datasets/English//english_09;pinnaclet;0;1.48074;
./datasets/English//english_10;pinnaclet;0;1.48074;
./datasets/English//english_11;pinnaclet;0;1.48074;
./datasets/English//english_12;pinnaclet;0;1.48074;
./datasets/English//english_13;pinnaclet;0;1.48074;
./datasets/English//english_14;pinnaclet;0;1.48074;
./datasets/English//english_15;pinnaclet;0;1.48074;
./datasets/English//english_16;pinnaclet;0;1.48074;
./datasets/English//english_17;pinnaclet;0;1.48074;
./datasets/English//english_18;pinnaclet;0;1.48074;
./datasets/English//english_19;pinnaclet;0;1.48074;
./datasets/English//english_00;precondemnation;0;1.35198;
./datasets/English//english_01;precondemnation;0;1.35198;
./datasets/English//english_02;precondemnation;0;1.35198;
./datasets/English//english_03;precondemnation;0;1.35198;
./datasets/English//english_04;precondemnation;0;1.35198;
./datasets/English//english_05;precondemnation;0;1.35198;
./datasets/English//english_06;precondemnation;0;1.35198;
./datasets/English//english_07;precondemnation;0;1.35198;
./datasets/English//english_08;precondemnation;0;1.35198;
./datasets/English//english_09;precondemnation;0;1.35198;
./datasets/English//english_10;precondemnation;0;1.35198;
./datasets/English//english_11;precondemnation;0;1.35198;
./datasets/English//english_12;precondemnation;0;1.35198;
./datasets/English//english_13;precondemnation;0;1.35198;
./datasets/English//english_14;precondemnation;0;1.35198;
./datasets/English//english_15;precondemnation;0;1.35198;
./datasets/English//english_16;precondemnation;0;1.35198;
./datasets/English//english_17;precondemnation;0;1.35198;
./datasets/English//english_18;precondemnation;0;1.35198;
./datasets/English//english_19;precondemnation;0;1.35198;
./datasets/English//english_00;Atheriogaea;0;1.45854;
./datasets/English//english_01;Atheriogaea;0;1.45854;
./datasets/English//english_02;Atheriogaea;0;1.45854;
./datasets/English//english_03;Atheriogaea;0;1.45854;
./datasets/English//english_04;Atheriogaea;0;1.45854;
./datasets/English//english_05;Atheriogaea;0;1.45854;
./datasets/English//english_06;Atheriogaea;0;1.45854;
./datasets/English//english_07;Atheriogaea;0;1.45854;
./datasets/English//english_08;Atheriogaea;0;1.45854;
./datasets/English//english_09;Atheriogaea;0;1.45854;
./datasets/English//english_10;Atheriogaea;0;1.45854;
./datasets/English//english_11;Atheriogaea;0;1.45854;
./datasets/English//english_12;Atheriogaea;0;1.45854;
./datasets/English//english_13;Atheriogaea;0;1.45854;
./datasets/English//english_14;Atheriogaea;0;1.45854;
./datasets/English//english_15;Atheriogaea;0;1.45854;
./datasets/English//english_16;Atheriogaea;0;1.45854;
./datasets/English//english_17;Atheriogaea;0;1.45854;
./datasets/English//english_18;Atheriogaea;0;1.45854;
./datasets/English//english_19;Atheriogaea;0;1.45854;
./datasets/English//english_00;volumescope;0;1.41492;
./datasets/English//english_01;volumescope;0;1.41492;
./datasets/English//english_02;volumescope;0;1.41492;
./datasets/English//english_03;volumescope;0;1.41492;
./datasets/English//english_04;volumescope;0;1.41492;
./datasets/English//english_05;volumescope;0;1.41492;
./datasets/English//english_06;volumescope;0;1.41492;
./datasets/English//english_07;volumescope;0;1.41492;
./datasets/English//english_08;volumescope;0;1.41492;
./datasets/English//english_09;volumescope;0;1.41492;
./datasets/English//english_10;volumescope;0;1.41492;
./datasets/English//english_11;volumescope;0;1.41492;
./datasets/English//english_12;volumescope;0;1.41492;
./datasets/English//english_13;volumescope;0;1.41492;
./datasets/English//english_14;volumescope;0;1.41492;
./datasets/English//english_15;volumescope;0;1.41492;
./datasets/English//english_16;volumescope;0;1.41492;
./datasets/English//english_17;volumescope;0;1.41492;
./datasets/English//english_18;volumescope;0;1.41492;
./datasets/English//english_19;volumescope;0;1.41492;
./datasets/English//english_00;Austrophilism;0;1.34595;
./datasets/English//english_01;Austrophilism;0;1.34595;
./datasets/English//english_02;Austrophilism;0;1.34595;
./datasets/English//english_03;Austrophilism;0;1.34595;
./datasets/English//english_04;Austrophilism;0;1.34595;
./datasets/English//english_05;Austrophilism;0;1.34595;
./datasets/English//english_06;Austrophilism;0;1.34595;
./datasets/English//english_07;Austrophilism;0;1.34595;
./datasets/English//english_08;Austrophilism;0;1.34595;
./datasets/English//english_09;Austrophilism;0;1.34595;
./datasets/English//english_10;Austrophilism;0;1.34595;
./datasets/English//english_11;Austrophilism;0;1.34595;
./datasets/English//english_12;Austrophilism;0;1.34595;
./datasets/English//english_13;Austrophilism;0;1.34595;
./datasets/English//english_14;Austrophilism;0;1.34595;
./datasets/English//english_15;Austrophilism;0;1.34595;
./datasets/English//english_16;Austrophilism;0;1.34595;
./datasets/English//english_17;Austrophilism;0;1.34595;
./datasets/English//english_18;Austrophilism;0;1.34595;
./datasets/English//english_19;Austrophilism;0;1.34595;
./datasets/English//english_00;stinking;3;1.44789;
./datasets/English//english_01;stinking;2;1.44789;
./datasets/English//english_02;stinking;0;1.44789;
./datasets/English//english_03;stinking;4;1.44789;
./datasets/English//english_04;stinking;1;1.44789;
./datasets/English//english_05;stinking;0;1.44789;
./datasets/English//english_06;stinking;1;1.44789;
./datasets/English//english_07;stinking;0;1.44789;
./datasets/English//english_08;stinking;1;1.44789;
./datasets/English//english_09;stinking;1;1.44789;
./datasets/English//english_10;stinking;2;1.44789;
./datasets/English//english_11;stinking;0;1.44789;
./datasets/English//english_12;stinking;4;1.44789;
./datasets/English//english_13;stinking;1;1.44789;
./datasets/English//english_14;stinking;0;1.44789;
./datasets/English//english_15;stinking;2;1.44789;
./datasets/English//english_16;stinking;0;1.44789;
./datasets/English//english_17;stinking;0;1.44789;
./datasets/English//english_18;stinking;0;1.44789;
./datasets/English//english_19;stinking;0;1.44789;
./datasets/English//english_00;wildness;1;1.4793;
./datasets/English//english_01;wildness;1;1.4793;
./datasets/English//english_02;wildness;1;1.4793;
./datasets/English//english_03;wildness;1;1.4793;
./datasets/English//english_04;wildness;2;1.4793;
./datasets/English//english_05;wildness;0;1.4793;
./datasets/English//english_06;wildness;3;1.4793;
./datasets/English//english_07;wildness;7;1.4793;
./datasets/English//english_08;wildness;0;1.4793;
./datasets/English//english_09;wildness;3;1.4793;
./datasets/English//english_10;wildness;0;1.4793;
./datasets/English//english_11;wildness;0;1.4793;
./datasets/English//english_12;wildness;0;1.4793;
./datasets/English//english_13;wildness;3;1.4793;
./datasets/English//english_14;wildness;1;1.4793;
./datasets/English//english_15;wildness;2;1.4793;
./datasets/English//english_16;wildness;3;1.4793;
./datasets/English//english_17;wildness;7;1.4793;
./datasets/English//english_18;wildness;15;1.4793;
./datasets/English//english_19;wildness;0;1.4793;
./datasets/English//english_00;noncoloring;0;1.38104;
./datasets/English//english_01;noncoloring;0;1.38104;
./datasets/English//english_02;noncoloring;0;1.38104;
./datasets/English//english_03;noncoloring;0;1.38104;
./datasets/English//english_04;noncoloring;0;1.38104;
./datasets/English//english_05;noncoloring;0;1.38104;
./datasets/English//english_06;noncoloring;0;1.38104;
./datasets/English//english_07;noncoloring;0;1.38104;
./datasets/English//english_08;noncoloring;0;1.38104;
./datasets/English//english_09;noncoloring;0;1.38104;
./datasets/English//english_10;noncoloring;0;1.38104;
./datasets/English//english_11;noncoloring;0;1.38104;
./datasets/English//english_12;noncoloring;0;1.38104;
./datasets/English//english_13;noncoloring;0;1.38104;
./datasets/English//english_14;noncoloring;0;1.38104;
./datasets/English//english_15;noncoloring;0;1.38104;
./datasets/English//english_16;noncoloring;0;1.38104;
./datasets/English//english_17;noncoloring;0;1.38104;
./datasets/English//english_18;noncoloring;0;1.38104;
./datasets/English//english_19;noncoloring;0;1.38104;
./datasets/English//english_00;spaying;0;1.50391;
./datasets/English//english_01;spaying;0;1.50391;
./datasets/English//english_02;spaying;0;1.50391;
./datasets/English//english_03;spaying;0;1.50391;
./datasets/English//english_04;spaying;2;1.50391;
./datasets/English//english_05;spaying;0;1.50391;
./datasets/English//english_06;spaying;0;1.50391;
./datasets/English//english_07;spaying;0;1.50391;
./datasets/English//english_08;spaying;0;1.50391;
./datasets/English//english_09;spaying;0;1.50391;
./datasets/English//english_10;spaying;0;1.50391;
./datasets/English//english_11;spaying;0;1.50391;
./datasets/English//english_12;spaying;0;1.50391;
./datasets/English//english_13;spaying;0;1.50391;
./datasets/English//english_14;spaying;0;1.50391;
./datasets/English//english_15;spaying;0;1.50391;
./datasets/English//english_16;spaying;0;1.50391;
./datasets/English//english_17;spaying;0;1.50391;
./datasets/English//english_18;spaying;0;1.50391;
./datasets/English//english_19;spaying;0;1.50391;
./datasets/English//english_00;somniloquy;0;1.3881;
./datasets/English//english_01;somniloquy;0;1.3881;
./datasets/English//english_02;somniloquy;0;1.3881;
./datasets/English//english_03;somniloquy;0;1.3881;
./datasets/English//english_04;somniloquy;0;1.3881;
./datasets/English//english_05;somniloquy;0;1.3881;
./datasets/English//english_06;somniloquy;0;1.3881;
./datasets/English//english_07;somniloquy;0;1.3881;
./datasets/English//english_08;somniloquy;0;1.3881;
./datasets/English//english_09;somniloquy;0;1.3881;
./datasets/English//english_10;somniloquy;0;1.3881;
./datasets/English//english_11;somniloquy;0;1.3881;
./datasets/English//english_12;somniloquy;0;1.3881;
./datasets/English//english_13;somniloquy;0;1.3881;
./datasets/English//english_14;somniloquy;0;1.3881;
./datasets/English//english_15;somniloquy;0;1.3881;
./datasets/English//english_16;somniloquy;0;1.3881;
./datasets/English//english_17;somniloquy;0;1.3881;
./datasets/English//english_18;somniloquy;0;1.3881;
./datasets/English//english_19;somniloquy;0;1.3881;
./datasets/English//english_00;xi;399;2.37201;
./datasets/English//english_01;xi;346;2.37201;
./datasets/English//english_02;xi;378;2.37201;
./datasets/English//english_03;xi;328;2.37201;
./datasets/English//english_04;xi;1032;2.37201;
./datasets/English//english_05;xi;482;2.37201;
./datasets/English//english_06;xi;573;2.37201;
./datasets/English//english_07;xi;383;2.37201;
./datasets/English//english_08;xi;453;2.37201;
./datasets/English//english_09;xi;440;2.37201;
./datasets/English//english_10;xi;562;2.37201;
./datasets/English//english_11;xi;440;2.37201;
./datasets/English//english_12;xi;481;2.37201;
./datasets/English//english_13;xi;532;2.37201;
./datasets/English//english_14;xi;828;2.37201;
./datasets/English//english_15;xi;535;2.37201;
./datasets/English//english_16;xi;620;2.37201;
./datasets/English//english_17;xi;539;2.37201;
./datasets/English//english_18;xi;602;2.37201;
./datasets/English//english_19;xi;651;2.37201;
./datasets/English//english_00;hierogrammatical;0;1.31296;
./datasets/English//english_01;hierogrammatical;0;1.31296;
./datasets/English//english_02;hierogrammatical;0;1.31296;
./datasets/English//english_03;hierogrammatical;0;1.31296;
./datasets/English//english_04;hierogrammatical;0;1.31296;
./datasets/English//english_05;hierogrammatical;0;1.31296;
./datasets/English//english_06;hierogrammatical;0;1.31296;
./datasets/English//english_07;hierogrammatical;0;1.31296;
./datasets/English//english_08;hierogrammatical;0;1.31296;
./datasets/English//english_09;hierogrammatical;0;1.31296;
./datasets/English//english_10;hierogrammatical;0;1.31296;
./datasets/English//english_11;hierogrammatical;0;1.31296;
./datasets/English//english_12;hierogrammatical;0;1.31296;
./datasets/English//english_13;hierogrammatical;0;1.31296;
./datasets/English//english_14;hierogrammatical;0;1.31296;
./datasets/English//english_15;hierogrammatical;0;1.31296;
./datasets/English//english_16;hierogrammatical;0;1.31296;
./datasets/English//english_17;hierogrammatical;0;1.31296;
./datasets/English//english_18;hierogrammatical;0;1.31296;
./datasets/English//english_19;hierogrammatical;0;1.31296;
./datasets/English//english_00;winer;0;1.70303;
./datasets/English//english_01;winer;0;1.70303;
./datasets/English//english_02;winer;0;1.70303;
./datasets/English//english_03;winer;0;1.70303;
./datasets/English//english_04;winer;0;1.70303;
./datasets/English//english_05;winer;0;1.70303;
./datasets/English//english_06;winer;0;1.70303;
./datasets/English//english_07;winer;0;1.70303;
./datasets/English//english_08;winer;0;1.70303;
./datasets/English//english_09;winer;0;1.70303;
./datasets/English//english_10;winer;0;1.70303;
./datasets/English//english_11;winer;0;1.70303;
./datasets/English//english_12;winer;0;1.70303;
./datasets/English//english_13;winer;0;1.70303;
./datasets/English//english_14;winer;0;1.70303;
./datasets/English//english_15;winer;0;1.70303;
./datasets/English//english_16;winer;0;1.70303;
./datasets/English//english_17;winer;0;1.70303;
./datasets/English//english_18;winer;0;1.70303;
./datasets/English//english_19;winer;0;1.70303;
./datasets/English//english_00;ironback;0;1.44041;
./datasets/English//english_01;ironback;0;1.44041;
./datasets/English//english_02;ironback;0;1.44041;
./datasets/English//english_03;ironback;0;1.44041;
./datasets/English//english_04;ironback;0;1.44041;
./datasets/English//english_05;ironback;0;1.44041;
./datasets/English//english_06;ironback;0;1.44041;
./datasets/English//english_07;ironback;0;1.44041;
./datasets/English//english_08;ironback;0;1.44041;
./datasets/English//english_09;ironback;0;1.44041;
./datasets/English//english_10;ironback;0;1.44041;
./datasets/English//english_11;ironback;0;1.44041;
./datasets/English//english_12;ironback;0;1.44041;
./datasets/English//english_13;ironback;0;1.44041;
./datasets/English//english_14;ironback;0;1.44041;
./datasets/English//english_15;ironback;0;1.44041;
./datasets/English//english_16;ironback;0;1.44041;
./datasets/English//english_17;ironback;0;1.44041;
./datasets/English//english_18;ironback;0;1.44041;
./datasets/English//english_19;ironback;0;1.44041;
./datasets/English//english_00;tarnside;0;1.49156;
./datasets/English//english_01;tarnside;0;1.49156;
./datasets/English//english_02;tarnside;0;1.49156;
./datasets/English//english_03;tarnside;0;1.49156;
./datasets/English//english_04;tarnside;0;1.49156;
./datasets/English//english_05;tarnside;0;1.49156;
./datasets/English//english_06;tarnside;0;1.49156;
./datasets/English//english_07;tarnside;0;1.49156;
./datasets/English//english_08;tarnside;0;1.49156;
./datasets/English//english_09;tarnside;0;1.49156;
./datasets/English//english_10;tarnside;0;1.49156;
./datasets/English//english_11;tarnside;0;1.49156;
./datasets/English//english_12;tarnside;0;1.49156;
./datasets/English//english_13;tarnside;0;1.49156;
./datasets/English//english_14;tarnside;0;1.49156;
./datasets/English//english_15;tarnside;0;1.49156;
./datasets/English//english_16;tarnside;0;1.49156;
./datasets/English//english_17;tarnside;0;1.49156;
./datasets/English//english_18;tarnside;0;1.49156;
./datasets/English//english_19;tarnside;0;1.49156;
./datasets/English//english_00;lampers;0;1.58204;
./datasets/English//english_01;lampers;0;1.58204;
./datasets/English//english_02;lampers;0;1.58204;
./datasets/English//english_03;lampers;0;1.58204;
./datasets/English//english_04;lampers;0;1.58204;
./datasets/English//english_05;lampers;0;1.58204;
./datasets/English//english_06;lampers;0;1.58204;
./datasets/English//english_07;lampers;0;1.58204;
./datasets/English//english_08;lampers;0;1.58204;
./datasets/English//english_09;lampers;0;1.58204;
./datasets/English//english_10;lampers;0;1.58204;
./datasets/English//english_11;lampers;0;1.58204;
./datasets/English//english_12;lampers;0;1.58204;
./datasets/English//english_13;lampers;0;1.58204;
./datasets/English//english_14;lampers;0;1.58204;
./datasets/English//english_15;lampers;0;1.58204;
./datasets/English//english_16;lampers;0;1.58204;
./datasets/English//english_17;lampers;0;1.58204;
./datasets/English//english_18;lampers;0;1.58204;
./datasets/English//english_19;lampers;0;1.58204;
./datasets/English//english_00;handcraft;0;1.441;
./datasets/English//english_01;handcraft;0;1.441;
./datasets/English//english_02;handcraft;0;1.441;
./datasets/English//english_03;handcraft;0;1.441;
./datasets/English//english_04;handcraft;0;1.441;
./datasets/English//english_05;handcraft;0;1.441;
./datasets/English//english_06;handcraft;0;1.441;
./datasets/English//english_07;handcraft;0;1.441;
./datasets/English//english_08;handcraft;0;1.441;
./datasets/English//english_09;handcraft;0;1.441;
./datasets/English//english_10;handcraft;0;1.441;
./datasets/English//english_11;handcraft;0;1.441;
./datasets/English//english_12;handcraft;0;1.441;
./datasets/English//english_13;handcraft;0;1.441;
./datasets/English//english_14;handcraft;0;1.441;
./datasets/English//english_15;handcraft;0;1.441;
./datasets/English//english_16;handcraft;0;1.441;
./datasets/English//english_17;handcraft;0;1.441;
./datasets/English//english_18;handcraft;0;1.441;
./datasets/English//english_19;handcraft;0;1.441;
./datasets/English//english_00;glossophagine;0;1.37114;
./datasets/English//english_01;glossophagine;0;1.37114;
./datasets/English//english_02;glossophagine;0;1.37114;
./datasets/English//english_03;glossophagine;0;1.37114;
./datasets/English//english_04;glossophagine;0;1.37114;
./datasets/English//english_05;glossophagine;0;1.37114;
./datasets/English//english_06;glossophagine;0;1.37114;
./datasets/English//english_07;glossophagine;0;1.37114;
./datasets/English//english_08;glossophagine;0;1.37114;
./datasets/English//english_09;glossophagine;0;1.37114;
./datasets/English//english_10;glossophagine;0;1.37114;
./datasets/English//english_11;glossophagine;0;1.37114;
./datasets/English//english_12;glossophagine;0;1.37114;
./datasets/English//english_13;glossophagine;0;1.37114;
./datasets/English//english_14;glossophagine;0;1.37114;
./datasets/English//english_15;glossophagine;0;1.37114;
./datasets/English//english_16;glossophagine;0;1.37114;
./datasets/English//english_17;glossophagine;0;1.37114;
./datasets/English//english_18;glossophagine;0;1.37114;
./datasets/English//english_19;glossophagine;0;1.37114;
./datasets/English//english_00;philophilosophos;0;1.30126;
./datasets/English//english_01;philophilosophos;0;1.30126;
./datasets/English//english_02;philophilosophos;0;1.30126;
./datasets/English//english_03;philophilosophos;0;1.30126;
./datasets/English//english_04;philophilosophos;0;1.30126;
./datasets/English//english_05;philophilosophos;0;1.30126;
./datasets/English//english_06;philophilosophos;0;1.30126;
./datasets/English//english_07;philophilosophos;0;1.30126;
./datasets/English//english_08;philophilosophos;0;1.30126;
./datasets/English//english_09;philophilosophos;0;1.30126;
./datasets/English//english_10;philophilosophos;0;1.30126;
./datasets/English//english_11;philophilosophos;0;1.30126;
./datasets/English//english_12;philophilosophos;0;1.30126;
./datasets/English//english_13;philophilosophos;0;1.30126;
./datasets/English//english_14;philophilosophos;0;1.30126;
./datasets/English//english_15;philophilosophos;0;1.30126;
./datasets/English//english_16;philophilosophos;0;1.30126;
./datasets/English//english_17;philophilosophos;0;1.30126;
./datasets/English//english_18;philophilosophos;0;1.30126;
./datasets/English//english_19;philophilosophos;0;1.30126;
./datasets/English//english_00;nonconcludent;0;1.35789;
./datasets/English//english_01;nonconcludent;0;1.35789;
./datasets/English//english_02;nonconcludent;0;1.35789;
./datasets/English//english_03;nonconcludent;0;1.35789;
./datasets/English//english_04;nonconcludent;0;1.35789;
./datasets/English//english_05;nonconcludent;0;1.35789;
./datasets/English//english_06;nonconcludent;0;1.35789;
./datasets/English//english_07;nonconcludent;0;1.35789;
./datasets/English//english_08;nonconcludent;0;1.35789;
./datasets/English//english_09;nonconcludent;0;1.35789;
./datasets/English//english_10;nonconcludent;0;1.35789;
./datasets/English//english_11;nonconcludent;0;1.35789;
./datasets/English//english_12;nonconcludent;0;1.35789;
./datasets/English//english_13;nonconcludent;0;1.35789;
./datasets/English//english_14;nonconcludent;0;1.35789;
./datasets/English//english_15;nonconcludent;0;1.35789;
./datasets/English//english_16;nonconcludent;0;1.35789;
./datasets/English//english_17;nonconcludent;0;1.35789;
./datasets/English//english_18;nonconcludent;0;1.35789;
./datasets/English//english_19;nonconcludent;0;1.35789;
./datasets/English//english_00;overaccumulate;0;1.34353;
./datasets/English//english_01;overaccumulate;0;1.34353;
./datasets/English//english_02;overaccumulate;0;1.34353;
./datasets/English//english_03;overaccumulate;0;1.34353;
./datasets/English//english_04;overaccumulate;0;1.34353;
./datasets/English//english_05;overaccumulate;0;1.34353;
./datasets/English//english_06;overaccumulate;0;1.34353;
./datasets/English//english_07;overaccumulate;0;1.34353;
./datasets/English//english_08;overaccumulate;0;1.34353;
./datasets/English//english_09;overaccumulate;0;1.34353;
./datasets/English//english_10;overaccumulate;0;1.34353;
./datasets/English//english_11;overaccumulate;0;1.34353;
./datasets/English//english_12;overaccumulate;0;1.34353;
./datasets/English//english_13;overaccumulate;0;1.34353;
./datasets/English//english_14;overaccumulate;0;1.34353;
./datasets/English//english_15;overaccumulate;0;1.34353;
./datasets/English//english_16;overaccumulate;0;1.34353;
./datasets/English//english_17;overaccumulate;0;1.34353;
./datasets/English//english_18;overaccumulate;0;1.34353;
./datasets/English//english_19;overaccumulate;0;1.34353;
./datasets/English//english_00;disbutton;0;1.42165;
./datasets/English//english_01;disbutton;0;1.42165;
./datasets/English//english_02;disbutton;0;1.42165;
./datasets/English//english_03;disbutton;0;1.42165;
./datasets/English//english_04;disbutton;0;1.42165;
./datasets/English//english_05;disbutton;0;1.42165;
./datasets/English//english_06;disbutton;0;1.42165;
./datasets/English//english_07;disbutton;0;1.42165;
./datasets/English//english_08;disbutton;0;1.42165;
./datasets/English//english_09;disbutton;0;1.42165;
./datasets/English//english_10;disbutton;0;1.42165;
./datasets/English//english_11;disbutton;0;1.42165;
./datasets/English//english_12;disbutton;0;1.42165;
./datasets/English//english_13;disbutton;0;1.42165;
./datasets/English//english_14;disbutton;0;1.42165;
./datasets/English//english_15;disbutton;0;1.42165;
./datasets/English//english_16;disbutton;0;1.42165;
./datasets/English//english_17;disbutton;0;1.42165;
./datasets/English//english_18;disbutton;0;1.42165;
./datasets/English//english_19;disbutton;0;1.42165;
./datasets/English//english_00;kinetomer;0;1.46852;
./datasets/English//english_01;kinetomer;0;1.46852;
./datasets/English//english_02;kinetomer;0;1.46852;
./datasets/English//english_03;kinetomer;0;1.46852;
./datasets/English//english_04;kinetomer;0;1.46852;
./datasets/English//english_05;kinetomer;0;1.46852;
./datasets/English//english_06;kinetomer;0;1.46852;
./datasets/English//english_07;kinetomer;0;1.46852;
./datasets/English//english_08;kinetomer;0;1.46852;
./datasets/English//english_09;kinetomer;0;1.46852;
./datasets/English//english_10;kinetomer;0;1.46852;
./datasets/English//english_11;kinetomer;0;1.46852;
./datasets/English//english_12;kinetomer;0;1.46852;
./datasets/English//english_13;kinetomer;0;1.46852;
./datasets/English//english_14;kinetomer;0;1.46852;
./datasets/English//english_15;kinetomer;0;1.46852;
./datasets/English//english_16;kinetomer;0;1.46852;
./datasets/English//english_17;kinetomer;0;1.46852;
./datasets/English//english_18;kinetomer;0;1.46852;
./datasets/English//english_19;kinetomer;0;1.46852;
./datasets/English//english_00;thermostimulation;0;1.37781;
./datasets/English//english_01;thermostimulation;0;1.37781;
./datasets/English//english_02;thermostimulation;0;1.37781;
./datasets/English//english_03;thermostimulation;0;1.37781;
./datasets/English//english_04;thermostimulation;0;1.37781;
./datasets/English//english_05;thermostimulation;0;1.37781;
./datasets/English//english_06;thermostimulation;0;1.37781;
./datasets/English//english_07;thermostimulation;0;1.37781;
./datasets/English//english_08;thermostimulation;0;1.37781;
./datasets/English//english_09;thermostimulation;0;1.37781;
./datasets/English//english_10;thermostimulation;0;1.37781;
./datasets/English//english_11;thermostimulation;0;1.37781;
./datasets/English//english_12;thermostimulation;0;1.37781;
./datasets/English//english_13;thermostimulation;0;1.37781;
./datasets/English//english_14;thermostimulation;0;1.37781;
./datasets/English//english_15;thermostimulation;0;1.37781;
./datasets/English//english_16;thermostimulation;0;1.37781;
./datasets/English//english_17;thermostimulation;0;1.37781;
./datasets/English//english_18;thermostimulation;0;1.37781;
./datasets/English//english_19;thermostimulation;0;1.37781;
./datasets/English//english_00;stenogastric;0;1.37899;
./datasets/English//english_01;stenogastric;0;1.37899;
./datasets/English//english_02;stenogastric;0;1.37899;
./datasets/English//english_03;stenogastric;0;1.37899;
./datasets/English//english_04;stenogastric;0;1.37899;
./datasets/English//english_05;stenogastric;0;1.37899;
./datasets/English//english_06;stenogastric;0;1.37899;
./datasets/English//english_07;stenogastric;0;1.37899;
./datasets/English//english_08;stenogastric;0;1.37899;
./datasets/English//english_09;stenogastric;0;1.37899;
./datasets/English//english_10;stenogastric;0;1.37899;
./datasets/English//english_11;stenogastric;0;1.37899;
./datasets/English//english_12;stenogastric;0;1.37899;
./datasets/English//english_13;stenogastric;0;1.37899;
./datasets/English//english_14;stenogastric;0;1.37899;
./datasets/English//english_15;stenogastric;0;1.37899;
./datasets/English//english_16;stenogastric;0;1.37899;
./datasets/English//english_17;stenogastric;0;1.37899;
./datasets/English//english_18;stenogastric;0;1.37899;
./datasets/English//english_19;stenogastric;0;1.37899;
./datasets/English//english_00;ovoviviparously;0;1.31383;
./datasets/English//english_01;ovoviviparously;0;1.31383;
./datasets/English//english_02;ovoviviparously;0;1.31383;
./datasets/English//english_03;ovoviviparously;0;1.31383;
./datasets/English//english_04;ovoviviparously;0;1.31383;
./datasets/English//english_05;ovoviviparously;0;1.31383;
./datasets/English//english_06;ovoviviparously;0;1.31383;
./datasets/English//english_07;ovoviviparously;0;1.31383;
./datasets/English//english_08;ovoviviparously;0;1.31383;
./datasets/English//english_09;ovoviviparously;0;1.31383;
./datasets/English//english_10;ovoviviparously;0;1.31383;
./datasets/English//english_11;ovoviviparously;0;1.31383;
./datasets/English//english_12;ovoviviparously;0;1.31383;
./datasets/English//english_13;ovoviviparously;0;1.31383;
./datasets/English//english_14;ovoviviparously;0;1.31383;
./datasets/English//english_15;ovoviviparously;0;1.31383;
./datasets/English//english_16;ovoviviparously;0;1.31383;
./datasets/English//english_17;ovoviviparously;0;1.31383;
./datasets/English//english_18;ovoviviparously;0;1.31383;
./datasets/English//english_19;ovoviviparously;0;1.31383;
./datasets/English//english_00;recept;7;1.56272;
./datasets/English//english_01;recept;24;1.56272;
./datasets/English//english_02;recept;15;1.56272;
./datasets/English//english_03;recept;27;1.56272;
./datasets/English//english_04;recept;32;1.56272;
./datasets/English//english_05;recept;30;1.56272;
./datasets/English//english_06;recept;35;1.56272;
./datasets/English//english_07;recept;19;1.56272;
./datasets/English//english_08;recept;35;1.56272;
./datasets/English//english_09;recept;23;1.56272;
./datasets/English//english_10;recept;27;1.56272;
./datasets/English//english_11;recept;37;1.56272;
./datasets/English//english_12;recept;34;1.56272;
./datasets/English//english_13;recept;22;1.56272;
./datasets/English//english_14;recept;37;1.56272;
./datasets/English//english_15;recept;23;1.56272;
./datasets/English//english_16;recept;38;1.56272;
./datasets/English//english_17;recept;35;1.56272;
./datasets/English//english_18;recept;46;1.56272;
./datasets/English//english_19;recept;84;1.56272;
./datasets/English//english_00;firetop;0;1.5214;
./datasets/English//english_01;firetop;0;1.5214;
./datasets/English//english_02;firetop;0;1.5214;
./datasets/English//english_03;firetop;0;1.5214;
./datasets/English//english_04;firetop;0;1.5214;
./datasets/English//english_05;firetop;0;1.5214;
./datasets/English//english_06;firetop;0;1.5214;
./datasets/English//english_07;firetop;0;1.5214;
./datasets/English//english_08;firetop;0;1.5214;
./datasets/English//english_09;firetop;0;1.5214;
./datasets/English//english_10;firetop;0;1.5214;
./datasets/English//english_11;firetop;0;1.5214;
./datasets/English//english_12;firetop;0;1.5214;
./datasets/English//english_13;firetop;0;1.5214;
./datasets/English//english_14;firetop;0;1.5214;
./datasets/English//english_15;firetop;0;1.5214;
./datasets/English//english_16;firetop;0;1.5214;
./datasets/English//english_17;firetop;0;1.5214;
./datasets/English//english_18;firetop;0;1.5214;
./datasets/English//english_19;firetop;0;1.5214;
./datasets/English//english_00;roughroot;0;1.42494;
./datasets/English//english_01;roughroot;0;1.42494;
./datasets/English//english_02;roughroot;0;1.42494;
./datasets/English//english_03;roughroot;0;1.42494;
./datasets/English//english_04;roughroot;0;1.42494;
./datasets/English//english_05;roughroot;0;1.42494;
./datasets/English//english_06;roughroot;0;1.42494;
./datasets/English//english_07;roughroot;0;1.42494;
./datasets/English//english_08;roughroot;0;1.42494;
./datasets/English//english_09;roughroot;0;1.42494;
./datasets/English//english_10;roughroot;0;1.42494;
./datasets/English//english_11;roughroot;0;1.42494;
./datasets/English//english_12;roughroot;0;1.42494;
./datasets/English//english_13;roughroot;0;1.42494;
./datasets/English//english_14;roughroot;0;1.42494;
./datasets/English//english_15;roughroot;0;1.42494;
./datasets/English//english_16;roughroot;0;1.42494;
./datasets/English//english_17;roughroot;0;1.42494;
./datasets/English//english_18;roughroot;0;1.42494;
./datasets/English//english_19;roughroot;0;1.42494;
./datasets/English//english_00;Muncerian;0;1.49381;
./datasets/English//english_01;Muncerian;0;1.49381;
./datasets/English//english_02;Muncerian;0;1.49381;
./datasets/English//english_03;Muncerian;0;1.49381;
./datasets/English//english_04;Muncerian;0;1.49381;
./datasets/English//english_05;Muncerian;0;1.49381;
./datasets/English//english_06;Muncerian;0;1.49381;
./datasets/English//english_07;Muncerian;0;1.49381;
./datasets/English//english_08;Muncerian;0;1.49381;
./datasets/English//english_09;Muncerian;0;1.49381;
./datasets/English//english_10;Muncerian;0;1.49381;
./datasets/English//english_11;Muncerian;0;1.49381;
./datasets/English//english_12;Muncerian;0;1.49381;
./datasets/English//english_13;Muncerian;0;1.49381;
./datasets/English//english_14;Muncerian;0;1.49381;
./datasets/English//english_15;Muncerian;0;1.49381;
./datasets/English//english_16;Muncerian;0;1.49381;
./datasets/English//english_17;Muncerian;0;1.49381;
./datasets/English//english_18;Muncerian;0;1.49381;
./datasets/English//english_19;Muncerian;0;1.49381;
./datasets/English//english_00;prefiction;0;1.47473;
./datasets/English//english_01;prefiction;0;1.47473;
./datasets/English//english_02;prefiction;0;1.47473;
./datasets/English//english_03;prefiction;0;1.47473;
./datasets/English//english_04;prefiction;0;1.47473;
./datasets/English//english_05;prefiction;0;1.47473;
./datasets/English//english_06;prefiction;0;1.47473;
./datasets/English//english_07;prefiction;0;1.47473;
./datasets/English//english_08;prefiction;0;1.47473;
./datasets/English//english_09;prefiction;0;1.47473;
./datasets/English//english_10;prefiction;0;1.47473;
./datasets/English//english_11;prefiction;0;1.47473;
./datasets/English//english_12;prefiction;0;1.47473;
./datasets/English//english_13;prefiction;0;1.47473;
./datasets/English//english_14;prefiction;0;1.47473;
./datasets/English//english_15;prefiction;0;1.47473;
./datasets/English//english_16;prefiction;0;1.47473;
./datasets/English//english_17;prefiction;0;1.47473;
./datasets/English//english_18;prefiction;0;1.47473;
./datasets/English//english_19;prefiction;0;1.47473;
./datasets/English//english_00;Ovinae;0;1.58443;
./datasets/English//english_01;Ovinae;0;1.58443;
./datasets/English//english_02;Ovinae;0;1.58443;
./datasets/English//english_03;Ovinae;0;1.58443;
./datasets/English//english_04;Ovinae;0;1.58443;
./datasets/English//english_05;Ovinae;0;1.58443;
./datasets/English//english_06;Ovinae;0;1.58443;
./datasets/English//english_07;Ovinae;0;1.58443;
./datasets/English//english_08;Ovinae;0;1.58443;
./datasets/English//english_09;Ovinae;0;1.58443;
./datasets/English//english_10;Ovinae;0;1.58443;
./datasets/English//english_11;Ovinae;0;1.58443;
./datasets/English//english_12;Ovinae;0;1.58443;
./datasets/English//english_13;Ovinae;0;1.58443;
./datasets/English//english_14;Ovinae;0;1.58443;
./datasets/English//english_15;Ovinae;0;1.58443;
./datasets/English//english_16;Ovinae;0;1.58443;
./datasets/English//english_17;Ovinae;0;1.58443;
./datasets/English//english_18;Ovinae;0;1.58443;
./datasets/English//english_19;Ovinae;0;1.58443;
./datasets/English//english_00;reactivity;0;1.4339;
./datasets/English//english_01;reactivity;0;1.4339;
./datasets/English//english_02;reactivity;0;1.4339;
./datasets/English//english_03;reactivity;0;1.4339;
./datasets/English//english_04;reactivity;0;1.4339;
./datasets/English//english_05;reactivity;0;1.4339;
./datasets/English//english_06;reactivity;0;1.4339;
./datasets/English//english_07;reactivity;0;1.4339;
./datasets/English//english_08;reactivity;0;1.4339;
./datasets/English//english_09;reactivity;0;1.4339;
./datasets/English//english_10;reactivity;0;1.4339;
./datasets/English//english_11;reactivity;0;1.4339;
./datasets/English//english_12;reactivity;0;1.4339;
./datasets/English//english_13;reactivity;0;1.4339;
./datasets/English//english_14;reactivity;0;1.4339;
./datasets/English//english_15;reactivity;0;1.4339;
./datasets/English//english_16;reactivity;0;1.4339;
./datasets/English//english_17;reactivity;0;1.4339;
./datasets/English//english_18;reactivity;0;1.4339;
./datasets/English//english_19;reactivity;0;1.4339;
./datasets/English//english_00;oncin;0;1.72299;
./datasets/English//english_01;oncin;0;1.72299;
./datasets/English//english_02;oncin;0;1.72299;
./datasets/English//english_03;oncin;0;1.72299;
./datasets/English//english_04;oncin;0;1.72299;
./datasets/English//english_05;oncin;1;1.72299;
./datasets/English//english_06;oncin;0;1.72299;
./datasets/English//english_07;oncin;0;1.72299;
./datasets/English//english_08;oncin;0;1.72299;
./datasets/English//english_09;oncin;0;1.72299;
./datasets/English//english_10;oncin;0;1.72299;
./datasets/English//english_11;oncin;0;1.72299;
./datasets/English//english_12;oncin;0;1.72299;
./datasets/English//english_13;oncin;0;1.72299;
./datasets/English//english_14;oncin;0;1.72299;
./datasets/English//english_15;oncin;0;1.72299;
./datasets/English//english_16;oncin;0;1.72299;
./datasets/English//english_17;oncin;0;1.72299;
./datasets/English//english_18;oncin;0;1.72299;
./datasets/English//english_19;oncin;0;1.72299;
./datasets/English//english_00;pointer;3;1.85733;
./datasets/English//english_01;pointer;0;1.85733;
./datasets/English//english_02;pointer;4;1.85733;
./datasets/English//english_03;pointer;2;1.85733;
./datasets/English//english_04;pointer;1;1.85733;
./datasets/English//english_05;pointer;2;1.85733;
./datasets/English//english_06;pointer;0;1.85733;
./datasets/English//english_07;pointer;1;1.85733;
./datasets/English//english_08;pointer;2;1.85733;
./datasets/English//english_09;pointer;2;1.85733;
./datasets/English//english_10;pointer;0;1.85733;
./datasets/English//english_11;pointer;0;1.85733;
./datasets/English//english_12;pointer;0;1.85733;
./datasets/English//english_13;pointer;1;1.85733;
./datasets/English//english_14;pointer;103;1.85733;
./datasets/English//english_15;pointer;0;1.85733;
./datasets/English//english_16;pointer;1;1.85733;
./datasets/English//english_17;pointer;1;1.85733;
./datasets/English//english_18;pointer;1;1.85733;
./datasets/English//english_19;pointer;0;1.85733;
./datasets/English//english_00;absolve;2;1.57967;
./datasets/English//english_01;absolve;1;1.57967;
./datasets/English//english_02;absolve;1;1.57967;
./datasets/English//english_03;absolve;2;1.57967;
./datasets/English//english_04;absolve;0;1.57967;
./datasets/English//english_05;absolve;2;1.57967;
./datasets/English//english_06;absolve;2;1.57967;
./datasets/English//english_07;absolve;4;1.57967;
./datasets/English//english_08;absolve;1;1.57967;
./datasets/English//english_09;absolve;2;1.57967;
./datasets/English//english_10;absolve;2;1.57967;
./datasets/English//english_11;absolve;5;1.57967;
./datasets/English//english_12;absolve;2;1.57967;
./datasets/English//english_13;absolve;2;1.57967;
./datasets/English//english_14;absolve;0;1.57967;
./datasets/English//english_15;absolve;3;1.57967;
./datasets/English//english_16;absolve;2;1.57967;
./datasets/English//english_17;absolve;0;1.57967;
./datasets/English//english_18;absolve;0;1.57967;
./datasets/English//english_19;absolve;2;1.57967;
./datasets/English//english_00;unaccommodatingly;0;1.35298;
./datasets/English//english_01;unaccommodatingly;0;1.35298;
./datasets/English//english_02;unaccommodatingly;0;1.35298;
./datasets/English//english_03;unaccommodatingly;0;1.35298;
./datasets/English//english_04;unaccommodatingly;0;1.35298;
./datasets/English//english_05;unaccommodatingly;0;1.35298;
./datasets/English//english_06;unaccommodatingly;0;1.35298;
./datasets/English//english_07;unaccommodatingly;0;1.35298;
./datasets/English//english_08;unaccommodatingly;0;1.35298;
./datasets/English//english_09;unaccommodatingly;0;1.35298;
./datasets/English//english_10;unaccommodatingly;0;1.35298;
./datasets/English//english_11;unaccommodatingly;0;1.35298;
./datasets/English//english_12;unaccommodatingly;0;1.35298;
./datasets/English//english_13;unaccommodatingly;0;1.35298;
./datasets/English//english_14;unaccommodatingly;0;1.35298;
./datasets/English//english_15;unaccommodatingly;0;1.35298;
./datasets/English//english_16;unaccommodatingly;0;1.35298;
./datasets/English//english_17;unaccommodatingly;0;1.35298;
./datasets/English//english_18;unaccommodatingly;0;1.35298;
./datasets/English//english_19;unaccommodatingly;0;1.35298;
./datasets/English//english_00;telson;0;1.61079;
./datasets/English//english_01;telson;0;1.61079;
./datasets/English//english_02;telson;0;1.61079;
./datasets/English//english_03;telson;0;1.61079;
./datasets/English//english_04;telson;0;1.61079;
./datasets/English//english_05;telson;0;1.61079;
./datasets/English//english_06;telson;0;1.61079;
./datasets/English//english_07;telson;0;1.61079;
./datasets/English//english_08;telson;0;1.61079;
./datasets/English//english_09;telson;0;1.61079;
./datasets/English//english_10;telson;0;1.61079;
./datasets/English//english_11;telson;0;1.61079;
./datasets/English//english_12;telson;0;1.61079;
./datasets/English//english_13;telson;0;1.61079;
./datasets/English//english_14;telson;0;1.61079;
./datasets/English//english_15;telson;0;1.61079;
./datasets/English//english_16;telson;0;1.61079;
./datasets/English//english_17;telson;0;1.61079;
./datasets/English//english_18;telson;0;1.61079;
./datasets/English//english_19;telson;0;1.61079;
./datasets/English//english_00;ayelp;0;1.8482;
./datasets/English//english_01;ayelp;0;1.8482;
./datasets/English//english_02;ayelp;0;1.8482;
./datasets/English//english_03;ayelp;0;1.8482;
./datasets/English//english_04;ayelp;0;1.8482;
./datasets/English//english_05;ayelp;0;1.8482;
./datasets/English//english_06;ayelp;0;1.8482;
./datasets/English//english_07;ayelp;0;1.8482;
./datasets/English//english_08;ayelp;0;1.8482;
./datasets/English//english_09;ayelp;0;1.8482;
./datasets/English//english_10;ayelp;0;1.8482;
./datasets/English//english_11;ayelp;0;1.8482;
./datasets/English//english_12;ayelp;0;1.8482;
./datasets/English//english_13;ayelp;0;1.8482;
./datasets/English//english_14;ayelp;0;1.8482;
./datasets/English//english_15;ayelp;0;1.8482;
./datasets/English//english_16;ayelp;0;1.8482;
./datasets/English//english_17;ayelp;0;1.8482;
./datasets/English//english_18;ayelp;0;1.8482;
./datasets/English//english_19;ayelp;0;1.8482;
./datasets/English//english_00;rebegin;0;1.52841;
./datasets/English//english_01;rebegin;0;1.52841;
./datasets/English//english_02;rebegin;0;1.52841;
./datasets/English//english_03;rebegin;0;1.52841;
./datasets/English//english_04;rebegin;0;1.52841;
./datasets/English//english_05;rebegin;0;1.52841;
./datasets/English//english_06;rebegin;0;1.52841;
./datasets/English//english_07;rebegin;0;1.52841;
./datasets/English//english_08;rebegin;0;1.52841;
./datasets/English//english_09;rebegin;0;1.52841;
./datasets/English//english_10;rebegin;0;1.52841;
./datasets/English//english_11;rebegin;0;1.52841;
./datasets/English//english_12;rebegin;0;1.52841;
./datasets/English//english_13;rebegin;0;1.52841;
./datasets/English//english_14;rebegin;0;1.52841;
./datasets/English//english_15;rebegin;0;1.52841;
./datasets/English//english_16;rebegin;0;1.52841;
./datasets/English//english_17;rebegin;0;1.52841;
./datasets/English//english_18;rebegin;0;1.52841;
./datasets/English//english_19;rebegin;0;1.52841;
./datasets/English//english_00;unhomely;0;1.481;
./datasets/English//english_01;unhomely;0;1.481;
./datasets/English//english_02;unhomely;0;1.481;
./datasets/English//english_03;unhomely;0;1.481;
./datasets/English//english_04;unhomely;0;1.481;
./datasets/English//english_05;unhomely;0;1.481;
./datasets/English//english_06;unhomely;1;1.481;
./datasets/English//english_07;unhomely;0;1.481;
./datasets/English//english_08;unhomely;0;1.481;
./datasets/English//english_09;unhomely;0;1.481;
./datasets/English//english_10;unhomely;0;1.481;
./datasets/English//english_11;unhomely;0;1.481;
./datasets/English//english_12;unhomely;0;1.481;
./datasets/English//english_13;unhomely;0;1.481;
./datasets/English//english_14;unhomely;0;1.481;
./datasets/English//english_15;unhomely;0;1.481;
./datasets/English//english_16;unhomely;0;1.481;
./datasets/English//english_17;unhomely;0;1.481;
./datasets/English//english_18;unhomely;0;1.481;
./datasets/English//english_19;unhomely;0;1.481;
./datasets/English//english_00;Octavian;0;1.49092;
./datasets/English//english_01;Octavian;0;1.49092;
./datasets/English//english_02;Octavian;0;1.49092;
./datasets/English//english_03;Octavian;0;1.49092;
./datasets/English//english_04;Octavian;0;1.49092;
./datasets/English//english_05;Octavian;0;1.49092;
./datasets/English//english_06;Octavian;2;1.49092;
./datasets/English//english_07;Octavian;0;1.49092;
./datasets/English//english_08;Octavian;0;1.49092;
./datasets/English//english_09;Octavian;0;1.49092;
./datasets/English//english_10;Octavian;0;1.49092;
./datasets/English//english_11;Octavian;0;1.49092;
./datasets/English//english_12;Octavian;0;1.49092;
./datasets/English//english_13;Octavian;0;1.49092;
./datasets/English//english_14;Octavian;0;1.49092;
./datasets/English//english_15;Octavian;0;1.49092;
./datasets/English//english_16;Octavian;0;1.49092;
./datasets/English//english_17;Octavian;1;1.49092;
./datasets/English//english_18;Octavian;0;1.49092;
./datasets/English//english_19;Octavian;0;1.49092;
./datasets/English//english_00;scope;14;1.72401;
./datasets/English//english_01;scope;12;1.72401;
./datasets/English//english_02;scope;9;1.72401;
./datasets/English//english_03;scope;4;1.72401;
./datasets/English//english_04;scope;13;1.72401;
./datasets/English//english_05;scope;10;1.72401;
./datasets/English//english_06;scope;20;1.72401;
./datasets/English//english_07;scope;23;1.72401;
./datasets/English//english_08;scope;30;1.72401;
./datasets/English//english_09;scope;6;1.72401;
./datasets/English//english_10;scope;33;1.72401;
./datasets/English//english_11;scope;16;1.72401;
./datasets/English//english_12;scope;17;1.72401;
./datasets/English//english_13;scope;10;1.72401;
./datasets/English//english_14;scope;25;1.72401;
./datasets/English//english_15;scope;7;1.72401;
./datasets/English//english_16;scope;17;1.72401;
./datasets/English//english_17;scope;13;1.72401;
./datasets/English//english_18;scope;11;1.72401;
./datasets/English//english_19;scope;6;1.72401;
./datasets/English//english_00;Pentelic;0;1.62909;
./datasets/English//english_01;Pentelic;0;1.62909;
./datasets/English//english_02;Pentelic;0;1.62909;
./datasets/English//english_03;Pentelic;0;1.62909;
./datasets/English//english_04;Pentelic;0;1.62909;
./datasets/English//english_05;Pentelic;0;1.62909;
./datasets/English//english_06;Pentelic;0;1.62909;
./datasets/English//english_07;Pentelic;0;1.62909;
./datasets/English//english_08;Pentelic;0;1.62909;
./datasets/English//english_09;Pentelic;0;1.62909;
./datasets/English//english_10;Pentelic;0;1.62909;
./datasets/English//english_11;Pentelic;0;1.62909;
./datasets/English//english_12;Pentelic;0;1.62909;
./datasets/English//english_13;Pentelic;0;1.62909;
./datasets/English//english_14;Pentelic;0;1.62909;
./datasets/English//english_15;Pentelic;0;1.62909;
./datasets/English//english_16;Pentelic;0;1.62909;
./datasets/English//english_17;Pentelic;0;1.62909;
./datasets/English//english_18;Pentelic;0;1.62909;
./datasets/English//english_19;Pentelic;0;1.62909;
./datasets/English//english_00;revocability;0;1.38792;
./datasets/English//english_01;revocability;0;1.38792;
./datasets/English//english_02;revocability;0;1.38792;
./datasets/English//english_03;revocability;0;1.38792;
./datasets/English//english_04;revocability;0;1.38792;
./datasets/English//english_05;revocability;0;1.38792;
./datasets/English//english_06;revocability;0;1.38792;
./datasets/English//english_07;revocability;0;1.38792;
./datasets/English//english_08;revocability;1;1.38792;
./datasets/English//english_09;revocability;0;1.38792;
./datasets/English//english_10;revocability;0;1.38792;
./datasets/English//english_11;revocability;0;1.38792;
./datasets/English//english_12;revocability;0;1.38792;
./datasets/English//english_13;revocability;0;1.38792;
./datasets/English//english_14;revocability;0;1.38792;
./datasets/English//english_15;revocability;0;1.38792;
./datasets/English//english_16;revocability;0;1.38792;
./datasets/English//english_17;revocability;0;1.38792;
./datasets/English//english_18;revocability;0;1.38792;
./datasets/English//english_19;revocability;2;1.38792;
./datasets/English//english_00;juvenal;0;1.55608;
./datasets/English//english_01;juvenal;0;1.55608;
./datasets/English//english_02;juvenal;0;1.55608;
./datasets/English//english_03;juvenal;0;1.55608;
./datasets/English//english_04;juvenal;0;1.55608;
./datasets/English//english_05;juvenal;0;1.55608;
./datasets/English//english_06;juvenal;0;1.55608;
./datasets/English//english_07;juvenal;0;1.55608;
./datasets/English//english_08;juvenal;0;1.55608;
./datasets/English//english_09;juvenal;0;1.55608;
./datasets/English//english_10;juvenal;0;1.55608;
./datasets/English//english_11;juvenal;0;1.55608;
./datasets/English//english_12;juvenal;0;1.55608;
./datasets/English//english_13;juvenal;0;1.55608;
./datasets/English//english_14;juvenal;0;1.55608;
./datasets/English//english_15;juvenal;0;1.55608;
./datasets/English//english_16;juvenal;0;1.55608;
./datasets/English//english_17;juvenal;0;1.55608;
./datasets/English//english_18;juvenal;0;1.55608;
./datasets/English//english_19;juvenal;0;1.55608;
./datasets/English//english_00;spinobulbar;0;1.46111;
./datasets/English//english_01;spinobulbar;0;1.46111;
./datasets/English//english_02;spinobulbar;0;1.46111;
./datasets/English//english_03;spinobulbar;0;1.46111;
./datasets/English//english_04;spinobulbar;0;1.46111;
./datasets/English//english_05;spinobulbar;0;1.46111;
./datasets/English//english_06;spinobulbar;0;1.46111;
./datasets/English//english_07;spinobulbar;0;1.46111;
./datasets/English//english_08;spinobulbar;0;1.46111;
./datasets/English//english_09;spinobulbar;0;1.46111;
./datasets/English//english_10;spinobulbar;0;1.46111;
./datasets/English//english_11;spinobulbar;0;1.46111;
./datasets/English//english_12;spinobulbar;0;1.46111;
./datasets/English//english_13;spinobulbar;0;1.46111;
./datasets/English//english_14;spinobulbar;0;1.46111;
./datasets/English//english_15;spinobulbar;0;1.46111;
./datasets/English//english_16;spinobulbar;0;1.46111;
./datasets/English//english_17;spinobulbar;0;1.46111;
./datasets/English//english_18;spinobulbar;0;1.46111;
./datasets/English//english_19;spinobulbar;0;1.46111;
./datasets/English//english_00;erinaceous;0;1.84495;
./datasets/English//english_01;erinaceous;0;1.84495;
./datasets/English//english_02;erinaceous;0;1.84495;
./datasets/English//english_03;erinaceous;0;1.84495;
./datasets/English//english_04;erinaceous;0;1.84495;
./datasets/English//english_05;erinaceous;0;1.84495;
./datasets/English//english_06;erinaceous;0;1.84495;
./datasets/English//english_07;erinaceous;0;1.84495;
./datasets/English//english_08;erinaceous;0;1.84495;
./datasets/English//english_09;erinaceous;0;1.84495;
./datasets/English//english_10;erinaceous;0;1.84495;
./datasets/English//english_11;erinaceous;0;1.84495;
./datasets/English//english_12;erinaceous;0;1.84495;
./datasets/English//english_13;erinaceous;0;1.84495;
./datasets/English//english_14;erinaceous;0;1.84495;
./datasets/English//english_15;erinaceous;0;1.84495;
./datasets/English//english_16;erinaceous;0;1.84495;
./datasets/English//english_17;erinaceous;0;1.84495;
./datasets/English//english_18;erinaceous;0;1.84495;
./datasets/English//english_19;erinaceous;0;1.84495;
./datasets/English//english_00;hield;21;1.62709;
./datasets/English//english_01;hield;7;1.62709;
./datasets/English//english_02;hield;14;1.62709;
./datasets/English//english_03;hield;7;1.62709;
./datasets/English//english_04;hield;15;1.62709;
./datasets/English//english_05;hield;46;1.62709;
./datasets/English//english_06;hield;26;1.62709;
./datasets/English//english_07;hield;21;1.62709;
./datasets/English//english_08;hield;53;1.62709;
./datasets/English//english_09;hield;22;1.62709;
./datasets/English//english_10;hield;20;1.62709;
./datasets/English//english_11;hield;23;1.62709;
./datasets/English//english_12;hield;10;1.62709;
./datasets/English//english_13;hield;156;1.62709;
./datasets/English//english_14;hield;55;1.62709;
./datasets/English//english_15;hield;19;1.62709;
./datasets/English//english_16;hield;34;1.62709;
./datasets/English//english_17;hield;39;1.62709;
./datasets/English//english_18;hield;11;1.62709;
./datasets/English//english_19;hield;5;1.62709;
./datasets/English//english_00;anaglyph;0;1.41895;
./datasets/English//english_01;anaglyph;2;1.41895;
./datasets/English//english_02;anaglyph;0;1.41895;
./datasets/English//english_03;anaglyph;0;1.41895;
./datasets/English//english_04;anaglyph;0;1.41895;
./datasets/English//english_05;anaglyph;0;1.41895;
./datasets/English//english_06;anaglyph;0;1.41895;
./datasets/English//english_07;anaglyph;0;1.41895;
./datasets/English//english_08;anaglyph;0;1.41895;
./datasets/English//english_09;anaglyph;0;1.41895;
./datasets/English//english_10;anaglyph;0;1.41895;
./datasets/English//english_11;anaglyph;0;1.41895;
./datasets/English//english_12;anaglyph;0;1.41895;
./datasets/English//english_13;anaglyph;0;1.41895;
./datasets/English//english_14;anaglyph;0;1.41895;
./datasets/English//english_15;anaglyph;0;1.41895;
./datasets/English//english_16;anaglyph;0;1.41895;
./datasets/English//english_17;anaglyph;0;1.41895;
./datasets/English//english_18;anaglyph;0;1.41895;
./datasets/English//english_19;anaglyph;0;1.41895;
./datasets/English//english_00;strongylid;0;1.38006;
./datasets/English//english_01;strongylid;0;1.38006;
./datasets/English//english_02;strongylid;0;1.38006;
./datasets/English//english_03;strongylid;0;1.38006;
./datasets/English//english_04;strongylid;0;1.38006;
./datasets/English//english_05;strongylid;0;1.38006;
./datasets/English//english_06;strongylid;0;1.38006;
./datasets/English//english_07;strongylid;0;1.38006;
./datasets/English//english_08;strongylid;0;1.38006;
./datasets/English//english_09;strongylid;0;1.38006;
./datasets/English//english_10;strongylid;0;1.38006;
./datasets/English//english_11;strongylid;0;1.38006;
./datasets/English//english_12;strongylid;0;1.38006;
./datasets/English//english_13;strongylid;0;1.38006;
./datasets/English//english_14;strongylid;0;1.38006;
./datasets/English//english_15;strongylid;0;1.38006;
./datasets/English//english_16;strongylid;0;1.38006;
./datasets/English//english_17;strongylid;0;1.38006;
./datasets/English//english_18;strongylid;0;1.38006;
./datasets/English//english_19;strongylid;0;1.38006;
./datasets/English//english_00;strangling;0;1.36402;
./datasets/English//english_01;strangling;2;1.36402;
./datasets/English//english_02;strangling;2;1.36402;
./datasets/English//english_03;strangling;2;1.36402;
./datasets/English//english_04;strangling;0;1.36402;
./datasets/English//english_05;strangling;1;1.36402;
./datasets/English//english_06;strangling;1;1.36402;
./datasets/English//english_07;strangling;1;1.36402;
./datasets/English//english_08;strangling;2;1.36402;
./datasets/English//english_09;strangling;4;1.36402;
./datasets/English//english_10;strangling;1;1.36402;
./datasets/English//english_11;strangling;0;1.36402;
./datasets/English//english_12;strangling;5;1.36402;
./datasets/English//english_13;strangling;2;1.36402;
./datasets/English//english_14;strangling;0;1.36402;
./datasets/English//english_15;strangling;2;1.36402;
./datasets/English//english_16;strangling;1;1.36402;
./datasets/English//english_17;strangling;1;1.36402;
./datasets/English//english_18;strangling;4;1.36402;
./datasets/English//english_19;strangling;0;1.36402;
./datasets/English//english_00;kala;0;1.68598;
./datasets/English//english_01;kala;3;1.68598;
./datasets/English//english_02;kala;0;1.68598;
./datasets/English//english_03;kala;1;1.68598;
./datasets/English//english_04;kala;6;1.68598;
./datasets/English//english_05;kala;0;1.68598;
./datasets/English//english_06;kala;34;1.68598;
./datasets/English//english_07;kala;2;1.68598;
./datasets/English//english_08;kala;0;1.68598;
./datasets/English//english_09;kala;2;1.68598;
./datasets/English//english_10;kala;12;1.68598;
./datasets/English//english_11;kala;0;1.68598;
./datasets/English//english_12;kala;5;1.68598;
./datasets/English//english_13;kala;5;1.68598;
./datasets/English//english_14;kala;0;1.68598;
./datasets/English//english_15;kala;0;1.68598;
./datasets/English//english_16;kala;0;1.68598;
./datasets/English//english_17;kala;0;1.68598;
./datasets/English//english_18;kala;1;1.68598;
./datasets/English//english_19;kala;0;1.68598;
./datasets/English//english_00;fibroplastic;0;1.39852;
./datasets/English//english_01;fibroplastic;0;1.39852;
./datasets/English//english_02;fibroplastic;0;1.39852;
./datasets/English//english_03;fibroplastic;0;1.39852;
./datasets/English//english_04;fibroplastic;0;1.39852;
./datasets/English//english_05;fibroplastic;0;1.39852;
./datasets/English//english_06;fibroplastic;0;1.39852;
./datasets/English//english_07;fibroplastic;0;1.39852;
./datasets/English//english_08;fibroplastic;0;1.39852;
./datasets/English//english_09;fibroplastic;0;1.39852;
./datasets/English//english_10;fibroplastic;0;1.39852;
./datasets/English//english_11;fibroplastic;0;1.39852;
./datasets/English//english_12;fibroplastic;0;1.39852;
./datasets/English//english_13;fibroplastic;0;1.39852;
./datasets/English//english_14;fibroplastic;0;1.39852;
./datasets/English//english_15;fibroplastic;0;1.39852;
./datasets/English//english_16;fibroplastic;0;1.39852;
./datasets/English//english_17;fibroplastic;0;1.39852;
./datasets/English//english_18;fibroplastic;0;1.39852;
./datasets/English//english_19;fibroplastic;0;1.39852;
./datasets/English//english_00;adactyl;0;1.69444;
./datasets/English//english_01;adactyl;0;1.69444;
./datasets/English//english_02;adactyl;0;1.69444;
./datasets/English//english_03;adactyl;0;1.69444;
./datasets/English//english_04;adactyl;2;1.69444;
./datasets/English//english_05;adactyl;0;1.69444;
./datasets/English//english_06;adactyl;0;1.69444;
./datasets/English//english_07;adactyl;0;1.69444;
./datasets/English//english_08;adactyl;0;1.69444;
./datasets/English//english_09;adactyl;0;1.69444;
./datasets/English//english_10;adactyl;0;1.69444;
./datasets/English//english_11;adactyl;0;1.69444;
./datasets/English//english_12;adactyl;0;1.69444;
./datasets/English//english_13;adactyl;0;1.69444;
./datasets/English//english_14;adactyl;0;1.69444;
./datasets/English//english_15;adactyl;0;1.69444;
./datasets/English//english_16;adactyl;0;1.69444;
./datasets/English//english_17;adactyl;0;1.69444;
./datasets/English//english_18;adactyl;0;1.69444;
./datasets/English//english_19;adactyl;0;1.69444;
./datasets/English//english_00;Pauline;0;1.50205;
./datasets/English//english_01;Pauline;1;1.50205;
./datasets/English//english_02;Pauline;2;1.50205;
./datasets/English//english_03;Pauline;0;1.50205;
./datasets/English//english_04;Pauline;0;1.50205;
./datasets/English//english_05;Pauline;1;1.50205;
./datasets/English//english_06;Pauline;2;1.50205;
./datasets/English//english_07;Pauline;0;1.50205;
./datasets/English//english_08;Pauline;0;1.50205;
./datasets/English//english_09;Pauline;0;1.50205;
./datasets/English//english_10;Pauline;0;1.50205;
./datasets/English//english_11;Pauline;0;1.50205;
./datasets/English//english_12;Pauline;0;1.50205;
./datasets/English//english_13;Pauline;0;1.50205;
./datasets/English//english_14;Pauline;0;1.50205;
./datasets/English//english_15;Pauline;3;1.50205;
./datasets/English//english_16;Pauline;0;1.50205;
./datasets/English//english_17;Pauline;0;1.50205;
./datasets/English//english_18;Pauline;0;1.50205;
./datasets/English//english_19;Pauline;27;1.50205;
./datasets/English//english_00;undispellable;0;1.31;
./datasets/English//english_01;undispellable;0;1.31;
./datasets/English//english_02;undispellable;0;1.31;
./datasets/English//english_03;undispellable;0;1.31;
./datasets/English//english_04;undispellable;0;1.31;
./datasets/English//english_05;undispellable;0;1.31;
./datasets/English//english_06;undispellable;0;1.31;
./datasets/English//english_07;undispellable;0;1.31;
./datasets/English//english_08;undispellable;0;1.31;
./datasets/English//english_09;undispellable;0;1.31;
./datasets/English//english_10;undispellable;0;1.31;
./datasets/English//english_11;undispellable;0;1.31;
./datasets/English//english_12;undispellable;0;1.31;
./datasets/English//english_13;undispellable;0;1.31;
./datasets/English//english_14;undispellable;0;1.31;
./datasets/English//english_15;undispellable;0;1.31;
./datasets/English//english_16;undispellable;0;1.31;
./datasets/English//english_17;undispellable;0;1.31;
./datasets/English//english_18;undispellable;0;1.31;
./datasets/English//english_19;undispellable;0;1.31;
./datasets/English//english_00;Frederick;13;1.37203;
./datasets/English//english_01;Frederick;0;1.37203;
./datasets/English//english_02;Frederick;5;1.37203;
./datasets/English//english_03;Frederick;9;1.37203;
./datasets/English//english_04;Frederick;19;1.37203;
./datasets/English//english_05;Frederick;6;1.37203;
./datasets/English//english_06;Frederick;9;1.37203;
./datasets/English//english_07;Frederick;5;1.37203;
./datasets/English//english_08;Frederick;4;1.37203;
./datasets/English//english_09;Frederick;0;1.37203;
./datasets/English//english_10;Frederick;2;1.37203;
./datasets/English//english_11;Frederick;483;1.37203;
./datasets/English//english_12;Frederick;8;1.37203;
./datasets/English//english_13;Frederick;4;1.37203;
./datasets/English//english_14;Frederick;2;1.37203;
./datasets/English//english_15;Frederick;1;1.37203;
./datasets/English//english_16;Frederick;1;1.37203;
./datasets/English//english_17;Frederick;3;1.37203;
./datasets/English//english_18;Frederick;9;1.37203;
./datasets/English//english_19;Frederick;41;1.37203;
./datasets/English//english_00;amylopsin;0;1.41299;
./datasets/English//english_01;amylopsin;0;1.41299;
./datasets/English//english_02;amylopsin;0;1.41299;
./datasets/English//english_03;amylopsin;0;1.41299;
./datasets/English//english_04;amylopsin;0;1.41299;
./datasets/English//english_05;amylopsin;0;1.41299;
./datasets/English//english_06;amylopsin;0;1.41299;
./datasets/English//english_07;amylopsin;0;1.41299;
./datasets/English//english_08;amylopsin;0;1.41299;
./datasets/English//english_09;amylopsin;0;1.41299;
./datasets/English//english_10;amylopsin;0;1.41299;
./datasets/English//english_11;amylopsin;0;1.41299;
./datasets/English//english_12;amylopsin;0;1.41299;
./datasets/English//english_13;amylopsin;0;1.41299;
./datasets/English//english_14;amylopsin;0;1.41299;
./datasets/English//english_15;amylopsin;0;1.41299;
./datasets/English//english_16;amylopsin;0;1.41299;
./datasets/English//english_17;amylopsin;0;1.41299;
./datasets/English//english_18;amylopsin;0;1.41299;
./datasets/English//english_19;amylopsin;0;1.41299;
./datasets/English//english_00;informative;0;1.36302;
./datasets/English//english_01;informative;0;1.36302;
./datasets/English//english_02;informative;0;1.36302;
./datasets/English//english_03;informative;0;1.36302;
./datasets/English//english_04;informative;0;1.36302;
./datasets/English//english_05;informative;0;1.36302;
./datasets/English//english_06;informative;0;1.36302;
./datasets/English//english_07;informative;0;1.36302;
./datasets/English//english_08;informative;0;1.36302;
./datasets/English//english_09;informative;0;1.36302;
./datasets/English//english_10;informative;0;1.36302;
./datasets/English//english_11;informative;0;1.36302;
./datasets/English//english_12;informative;0;1.36302;
./datasets/English//english_13;informative;0;1.36302;
./datasets/English//english_14;informative;1;1.36302;
./datasets/English//english_15;informative;0;1.36302;
./datasets/English//english_16;informative;0;1.36302;
./datasets/English//english_17;informative;0;1.36302;
./datasets/English//english_18;informative;1;1.36302;
./datasets/English//english_19;informative;0;1.36302;
./datasets/English//english_00;Sisseton;0;1.51917;
./datasets/English//english_01;Sisseton;0;1.51917;
./datasets/English//english_02;Sisseton;0;1.51917;
./datasets/English//english_03;Sisseton;0;1.51917;
./datasets/English//english_04;Sisseton;0;1.51917;
./datasets/English//english_05;Sisseton;0;1.51917;
./datasets/English//english_06;Sisseton;0;1.51917;
./datasets/English//english_07;Sisseton;0;1.51917;
./datasets/English//english_08;Sisseton;0;1.51917;
./datasets/English//english_09;Sisseton;0;1.51917;
./datasets/English//english_10;Sisseton;0;1.51917;
./datasets/English//english_11;Sisseton;0;1.51917;
./datasets/English//english_12;Sisseton;0;1.51917;
./datasets/English//english_13;Sisseton;0;1.51917;
./datasets/English//english_14;Sisseton;0;1.51917;
./datasets/English//english_15;Sisseton;0;1.51917;
./datasets/English//english_16;Sisseton;0;1.51917;
./datasets/English//english_17;Sisseton;0;1.51917;
./datasets/English//english_18;Sisseton;0;1.51917;
./datasets/English//english_19;Sisseton;0;1.51917;
./datasets/English//english_00;roominess;0;1.39381;
./datasets/English//english_01;roominess;0;1.39381;
./datasets/English//english_02;roominess;0;1.39381;
./datasets/English//english_03;roominess;0;1.39381;
./datasets/English//english_04;roominess;0;1.39381;
./datasets/English//english_05;roominess;0;1.39381;
./datasets/English//english_06;roominess;0;1.39381;
./datasets/English//english_07;roominess;0;1.39381;
./datasets/English//english_08;roominess;0;1.39381;
./datasets/English//english_09;roominess;0;1.39381;
./datasets/English//english_10;roominess;0;1.39381;
./datasets/English//english_11;roominess;0;1.39381;
./datasets/English//english_12;roominess;0;1.39381;
./datasets/English//english_13;roominess;0;1.39381;
./datasets/English//english_14;roominess;0;1.39381;
./datasets/English//english_15;roominess;1;1.39381;
./datasets/English//english_16;roominess;0;1.39381;
./datasets/English//english_17;roominess;0;1.39381;
./datasets/English//english_18;roominess;1;1.39381;
./datasets/English//english_19;roominess;1;1.39381;
./datasets/English//english_00;unsurpassableness;0;1.27703;
./datasets/English//english_01;unsurpassableness;0;1.27703;
./datasets/English//english_02;unsurpassableness;0;1.27703;
./datasets/English//english_03;unsurpassableness;0;1.27703;
./datasets/English//english_04;unsurpassableness;0;1.27703;
./datasets/English//english_05;unsurpassableness;0;1.27703;
./datasets/English//english_06;unsurpassableness;0;1.27703;
./datasets/English//english_07;unsurpassableness;0;1.27703;
./datasets/English//english_08;unsurpassableness;0;1.27703;
./datasets/English//english_09;unsurpassableness;0;1.27703;
./datasets/English//english_10;unsurpassableness;0;1.27703;
./datasets/English//english_11;unsurpassableness;0;1.27703;
./datasets/English//english_12;unsurpassableness;0;1.27703;
./datasets/English//english_13;unsurpassableness;0;1.27703;
./datasets/English//english_14;unsurpassableness;0;1.27703;
./datasets/English//english_15;unsurpassableness;0;1.27703;
./datasets/English//english_16;unsurpassableness;0;1.27703;
./datasets/English//english_17;unsurpassableness;0;1.27703;
./datasets/English//english_18;unsurpassableness;0;1.27703;
./datasets/English//english_19;unsurpassableness;0;1.27703;
./datasets/English//english_00;painstaker;0;1.38801;
./datasets/English//english_01;painstaker;0;1.38801;
./datasets/English//english_02;painstaker;0;1.38801;
./datasets/English//english_03;painstaker;0;1.38801;
./datasets/English//english_04;painstaker;0;1.38801;
./datasets/English//english_05;painstaker;0;1.38801;
./datasets/English//english_06;painstaker;0;1.38801;
./datasets/English//english_07;painstaker;0;1.38801;
./datasets/English//english_08;painstaker;0;1.38801;
./datasets/English//english_09;painstaker;0;1.38801;
./datasets/English//english_10;painstaker;0;1.38801;
./datasets/English//english_11;painstaker;0;1.38801;
./datasets/English//english_12;painstaker;0;1.38801;
./datasets/English//english_13;painstaker;0;1.38801;
./datasets/English//english_14;painstaker;0;1.38801;
./datasets/English//english_15;painstaker;0;1.38801;
./datasets/English//english_16;painstaker;0;1.38801;
./datasets/English//english_17;painstaker;0;1.38801;
./datasets/English//english_18;painstaker;0;1.38801;
./datasets/English//english_19;painstaker;0;1.38801;
./datasets/English//english_00;saturator;0;1.39198;
./datasets/English//english_01;saturator;0;1.39198;
./datasets/English//english_02;saturator;0;1.39198;
./datasets/English//english_03;saturator;0;1.39198;
./datasets/English//english_04;saturator;0;1.39198;
./datasets/English//english_05;saturator;0;1.39198;
./datasets/English//english_06;saturator;0;1.39198;
./datasets/English//english_07;saturator;0;1.39198;
./datasets/English//english_08;saturator;0;1.39198;
./datasets/English//english_09;saturator;0;1.39198;
./datasets/English//english_10;saturator;0;1.39198;
./datasets/English//english_11;saturator;0;1.39198;
./datasets/English//english_12;saturator;0;1.39198;
./datasets/English//english_13;saturator;0;1.39198;
./datasets/English//english_14;saturator;0;1.39198;
./datasets/English//english_15;saturator;0;1.39198;
./datasets/English//english_16;saturator;0;1.39198;
./datasets/English//english_17;saturator;0;1.39198;
./datasets/English//english_18;saturator;0;1.39198;
./datasets/English//english_19;saturator;0;1.39198;
./datasets/English//english_00;laryngoscopical;0;1.28803;
./datasets/English//english_01;laryngoscopical;0;1.28803;
./datasets/English//english_02;laryngoscopical;0;1.28803;
./datasets/English//english_03;laryngoscopical;0;1.28803;
./datasets/English//english_04;laryngoscopical;0;1.28803;
./datasets/English//english_05;laryngoscopical;0;1.28803;
./datasets/English//english_06;laryngoscopical;0;1.28803;
./datasets/English//english_07;laryngoscopical;0;1.28803;
./datasets/English//english_08;laryngoscopical;0;1.28803;
./datasets/English//english_09;laryngoscopical;0;1.28803;
./datasets/English//english_10;laryngoscopical;0;1.28803;
./datasets/English//english_11;laryngoscopical;0;1.28803;
./datasets/English//english_12;laryngoscopical;0;1.28803;
./datasets/English//english_13;laryngoscopical;0;1.28803;
./datasets/English//english_14;laryngoscopical;0;1.28803;
./datasets/English//english_15;laryngoscopical;0;1.28803;
./datasets/English//english_16;laryngoscopical;0;1.28803;
./datasets/English//english_17;laryngoscopical;0;1.28803;
./datasets/English//english_18;laryngoscopical;0;1.28803;
./datasets/English//english_19;laryngoscopical;0;1.28803;
./datasets/English//english_00;stereophotographic;0;1.29398;
./datasets/English//english_01;stereophotographic;0;1.29398;
./datasets/English//english_02;stereophotographic;0;1.29398;
./datasets/English//english_03;stereophotographic;0;1.29398;
./datasets/English//english_04;stereophotographic;0;1.29398;
./datasets/English//english_05;stereophotographic;0;1.29398;
./datasets/English//english_06;stereophotographic;0;1.29398;
./datasets/English//english_07;stereophotographic;0;1.29398;
./datasets/English//english_08;stereophotographic;0;1.29398;
./datasets/English//english_09;stereophotographic;0;1.29398;
./datasets/English//english_10;stereophotographic;0;1.29398;
./datasets/English//english_11;stereophotographic;0;1.29398;
./datasets/English//english_12;stereophotographic;0;1.29398;
./datasets/English//english_13;stereophotographic;0;1.29398;
./datasets/English//english_14;stereophotographic;0;1.29398;
./datasets/English//english_15;stereophotographic;0;1.29398;
./datasets/English//english_16;stereophotographic;0;1.29398;
./datasets/English//english_17;stereophotographic;0;1.29398;
./datasets/English//english_18;stereophotographic;0;1.29398;
./datasets/English//english_19;stereophotographic;0;1.29398;
./datasets/English//english_00;washbasin;0;1.47103;
./datasets/English//english_01;washbasin;0;1.47103;
./datasets/English//english_02;washbasin;0;1.47103;
./datasets/English//english_03;washbasin;0;1.47103;
./datasets/English//english_04;washbasin;0;1.47103;
./datasets/English//english_05;washbasin;0;1.47103;
./datasets/English//english_06;washbasin;0;1.47103;
./datasets/English//english_07;washbasin;0;1.47103;
./datasets/English//english_08;washbasin;0;1.47103;
./datasets/English//english_09;washbasin;0;1.47103;
./datasets/English//english_10;washbasin;0;1.47103;
./datasets/English//english_11;washbasin;0;1.47103;
./datasets/English//english_12;washbasin;0;1.47103;
./datasets/English//english_13;washbasin;0;1.47103;
./datasets/English//english_14;washbasin;0;1.47103;
./datasets/English//english_15;washbasin;0;1.47103;
./datasets/English//english_16;washbasin;0;1.47103;
./datasets/English//english_17;washbasin;0;1.47103;
./datasets/English//english_18;washbasin;1;1.47103;
./datasets/English//english_19;washbasin;0;1.47103;
./datasets/English//english_00;functionarism;0;1.31499;
./datasets/English//english_01;functionarism;0;1.31499;
./datasets/English//english_02;functionarism;0;1.31499;
./datasets/English//english_03;functionarism;0;1.31499;
./datasets/English//english_04;functionarism;0;1.31499;
./datasets/English//english_05;functionarism;0;1.31499;
./datasets/English//english_06;functionarism;0;1.31499;
./datasets/English//english_07;functionarism;0;1.31499;
./datasets/English//english_08;functionarism;0;1.31499;
./datasets/English//english_09;functionarism;0;1.31499;
./datasets/English//english_10;functionarism;0;1.31499;
./datasets/English//english_11;functionarism;0;1.31499;
./datasets/English//english_12;functionarism;0;1.31499;
./datasets/English//english_13;functionarism;0;1.31499;
./datasets/English//english_14;functionarism;0;1.31499;
./datasets/English//english_15;functionarism;0;1.31499;
./datasets/English//english_16;functionarism;0;1.31499;
./datasets/English//english_17;functionarism;0;1.31499;
./datasets/English//english_18;functionarism;0;1.31499;
./datasets/English//english_19;functionarism;0;1.31499;
./datasets/English//english_00;absorbability;0;1.30703;
./datasets/English//english_01;absorbability;0;1.30703;
./datasets/English//english_02;absorbability;0;1.30703;
./datasets/English//english_03;absorbability;0;1.30703;
./datasets/English//english_04;absorbability;0;1.30703;
./datasets/English//english_05;absorbability;0;1.30703;
./datasets/English//english_06;absorbability;0;1.30703;
./datasets/English//english_07;absorbability;0;1.30703;
./datasets/English//english_08;absorbability;0;1.30703;
./datasets/English//english_09;absorbability;0;1.30703;
./datasets/English//english_10;absorbability;0;1.30703;
./datasets/English//english_11;absorbability;0;1.30703;
./datasets/English//english_12;absorbability;0;1.30703;
./datasets/English//english_13;absorbability;0;1.30703;
./datasets/English//english_14;absorbability;0;1.30703;
./datasets/English//english_15;absorbability;0;1.30703;
./datasets/English//english_16;absorbability;0;1.30703;
./datasets/English//english_17;absorbability;0;1.30703;
./datasets/English//english_18;absorbability;0;1.30703;
./datasets/English//english_19;absorbability;0;1.30703;
./datasets/English//english_00;enscroll;0;1.40101;
./datasets/English//english_01;enscroll;0;1.40101;
./datasets/English//english_02;enscroll;0;1.40101;
./datasets/English//english_03;enscroll;0;1.40101;
./datasets/English//english_04;enscroll;0;1.40101;
./datasets/English//english_05;enscroll;1;1.40101;
./datasets/English//english_06;enscroll;0;1.40101;
./datasets/English//english_07;enscroll;0;1.40101;
./datasets/English//english_08;enscroll;0;1.40101;
./datasets/English//english_09;enscroll;0;1.40101;
./datasets/English//english_10;enscroll;0;1.40101;
./datasets/English//english_11;enscroll;0;1.40101;
./datasets/English//english_12;enscroll;0;1.40101;
./datasets/English//english_13;enscroll;0;1.40101;
./datasets/English//english_14;enscroll;0;1.40101;
./datasets/English//english_15;enscroll;0;1.40101;
./datasets/English//english_16;enscroll;0;1.40101;
./datasets/English//english_17;enscroll;0;1.40101;
./datasets/English//english_18;enscroll;0;1.40101;
./datasets/English//english_19;enscroll;0;1.40101;
./datasets/English//english_00;scunner;0;1.48;
./datasets/English//english_01;scunner;0;1.48;
./datasets/English//english_02;scunner;0;1.48;
./datasets/English//english_03;scunner;0;1.48;
./datasets/English//english_04;scunner;0;1.48;
./datasets/English//english_05;scunner;0;1.48;
./datasets/English//english_06;scunner;0;1.48;
./datasets/English//english_07;scunner;0;1.48;
./datasets/English//english_08;scunner;0;1.48;
./datasets/English//english_09;scunner;0;1.48;
./datasets/English//english_10;scunner;0;1.48;
./datasets/English//english_11;scunner;0;1.48;
./datasets/English//english_12;scunner;0;1.48;
./datasets/English//english_13;scunner;0;1.48;
./datasets/English//english_14;scunner;0;1.48;
./datasets/English//english_15;scunner;0;1.48;
./datasets/English//english_16;scunner;0;1.48;
./datasets/English//english_17;scunner;0;1.48;
./datasets/English//english_18;scunner;0;1.48;
./datasets/English//english_19;scunner;0;1.48;
./datasets/English//english_00;masting;0;1.47602;
./datasets/English//english_01;masting;0;1.47602;
./datasets/English//english_02;masting;0;1.47602;
./datasets/English//english_03;masting;0;1.47602;
./datasets/English//english_04;masting;0;1.47602;
./datasets/English//english_05;masting;0;1.47602;
./datasets/English//english_06;masting;0;1.47602;
./datasets/English//english_07;masting;0;1.47602;
./datasets/English//english_08;masting;0;1.47602;
./datasets/English//english_09;masting;0;1.47602;
./datasets/English//english_10;masting;0;1.47602;
./datasets/English//english_11;masting;0;1.47602;
./datasets/English//english_12;masting;0;1.47602;
./datasets/English//english_13;masting;0;1.47602;
./datasets/English//english_14;masting;0;1.47602;
./datasets/English//english_15;masting;0;1.47602;
./datasets/English//english_16;masting;0;1.47602;
./datasets/English//english_17;masting;0;1.47602;
./datasets/English//english_18;masting;0;1.47602;
./datasets/English//english_19;masting;0;1.47602;
./datasets/English//english_00;lionet;0;1.57297;
./datasets/English//english_01;lionet;0;1.57297;
./datasets/English//english_02;lionet;0;1.57297;
./datasets/English//english_03;lionet;0;1.57297;
./datasets/English//english_04;lionet;0;1.57297;
./datasets/English//english_05;lionet;0;1.57297;
./datasets/English//english_06;lionet;0;1.57297;
./datasets/English//english_07;lionet;0;1.57297;
./datasets/English//english_08;lionet;0;1.57297;
./datasets/English//english_09;lionet;0;1.57297;
./datasets/English//english_10;lionet;0;1.57297;
./datasets/English//english_11;lionet;0;1.57297;
./datasets/English//english_12;lionet;0;1.57297;
./datasets/English//english_13;lionet;0;1.57297;
./datasets/English//english_14;lionet;0;1.57297;
./datasets/English//english_15;lionet;0;1.57297;
./datasets/English//english_16;lionet;0;1.57297;
./datasets/English//english_17;lionet;0;1.57297;
./datasets/English//english_18;lionet;0;1.57297;
./datasets/English//english_19;lionet;0;1.57297;
./datasets/English//english_00;unbumptious;0;1.35703;
./datasets/English//english_01;unbumptious;0;1.35703;
./datasets/English//english_02;unbumptious;0;1.35703;
./datasets/English//english_03;unbumptious;0;1.35703;
./datasets/English//english_04;unbumptious;0;1.35703;
./datasets/English//english_05;unbumptious;0;1.35703;
./datasets/English//english_06;unbumptious;0;1.35703;
./datasets/English//english_07;unbumptious;0;1.35703;
./datasets/English//english_08;unbumptious;0;1.35703;
./datasets/English//english_09;unbumptious;0;1.35703;
./datasets/English//english_10;unbumptious;0;1.35703;
./datasets/English//english_11;unbumptious;0;1.35703;
./datasets/English//english_12;unbumptious;0;1.35703;
./datasets/English//english_13;unbumptious;0;1.35703;
./datasets/English//english_14;unbumptious;0;1.35703;
./datasets/English//english_15;unbumptious;0;1.35703;
./datasets/English//english_16;unbumptious;0;1.35703;
./datasets/English//english_17;unbumptious;0;1.35703;
./datasets/English//english_18;unbumptious;0;1.35703;
./datasets/English//english_19;unbumptious;0;1.35703;
./datasets/English//english_00;stockishness;0;1.34303;
./datasets/English//english_01;stockishness;0;1.34303;
./datasets/English//english_02;stockishness;0;1.34303;
./datasets/English//english_03;stockishness;0;1.34303;
./datasets/English//english_04;stockishness;0;1.34303;
./datasets/English//english_05;stockishness;0;1.34303;
./datasets/English//english_06;stockishness;0;1.34303;
./datasets/English//english_07;stockishness;0;1.34303;
./datasets/English//english_08;stockishness;0;1.34303;
./datasets/English//english_09;stockishness;0;1.34303;
./datasets/English//english_10;stockishness;0;1.34303;
./datasets/English//english_11;stockishness;0;1.34303;
./datasets/English//english_12;stockishness;0;1.34303;
./datasets/English//english_13;stockishness;0;1.34303;
./datasets/English//english_14;stockishness;0;1.34303;
./datasets/English//english_15;stockishness;0;1.34303;
./datasets/English//english_16;stockishness;0;1.34303;
./datasets/English//english_17;stockishness;0;1.34303;
./datasets/English//english_18;stockishness;0;1.34303;
./datasets/English//english_19;stockishness;0;1.34303;
./datasets/English//english_00;prechemical;0;1.34698;
./datasets/English//english_01;prechemical;0;1.34698;
./datasets/English//english_02;prechemical;0;1.34698;
./datasets/English//english_03;prechemical;0;1.34698;
./datasets/English//english_04;prechemical;0;1.34698;
./datasets/English//english_05;prechemical;0;1.34698;
./datasets/English//english_06;prechemical;0;1.34698;
./datasets/English//english_07;prechemical;0;1.34698;
./datasets/English//english_08;prechemical;0;1.34698;
./datasets/English//english_09;prechemical;0;1.34698;
./datasets/English//english_10;prechemical;0;1.34698;
./datasets/English//english_11;prechemical;0;1.34698;
./datasets/English//english_12;prechemical;0;1.34698;
./datasets/English//english_13;prechemical;0;1.34698;
./datasets/English//english_14;prechemical;0;1.34698;
./datasets/English//english_15;prechemical;0;1.34698;
./datasets/English//english_16;prechemical;0;1.34698;
./datasets/English//english_17;prechemical;0;1.34698;
./datasets/English//english_18;prechemical;0;1.34698;
./datasets/English//english_19;prechemical;0;1.34698;
./datasets/English//english_00;nonmythical;0;1.36204;
./datasets/English//english_01;nonmythical;0;1.36204;
./datasets/English//english_02;nonmythical;0;1.36204;
./datasets/English//english_03;nonmythical;0;1.36204;
./datasets/English//english_04;nonmythical;0;1.36204;
./datasets/English//english_05;nonmythical;0;1.36204;
./datasets/English//english_06;nonmythical;0;1.36204;
./datasets/English//english_07;nonmythical;0;1.36204;
./datasets/English//english_08;nonmythical;0;1.36204;
./datasets/English//english_09;nonmythical;0;1.36204;
./datasets/English//english_10;nonmythical;0;1.36204;
./datasets/English//english_11;nonmythical;0;1.36204;
./datasets/English//english_12;nonmythical;0;1.36204;
./datasets/English//english_13;nonmythical;0;1.36204;
./datasets/English//english_14;nonmythical;0;1.36204;
./datasets/English//english_15;nonmythical;0;1.36204;
./datasets/English//english_16;nonmythical;0;1.36204;
./datasets/English//english_17;nonmythical;0;1.36204;
./datasets/English//english_18;nonmythical;0;1.36204;
./datasets/English//english_19;nonmythical;0;1.36204;
./datasets/English//english_00;apache;0;1.54697;
./datasets/English//english_01;apache;0;1.54697;
./datasets/English//english_02;apache;1;1.54697;
./datasets/English//english_03;apache;1;1.54697;
./datasets/English//english_04;apache;0;1.54697;
./datasets/English//english_05;apache;0;1.54697;
./datasets/English//english_06;apache;0;1.54697;
./datasets/English//english_07;apache;0;1.54697;
./datasets/English//english_08;apache;0;1.54697;
./datasets/English//english_09;apache;0;1.54697;
./datasets/English//english_10;apache;0;1.54697;
./datasets/English//english_11;apache;0;1.54697;
./datasets/English//english_12;apache;0;1.54697;
./datasets/English//english_13;apache;0;1.54697;
./datasets/English//english_14;apache;0;1.54697;
./datasets/English//english_15;apache;0;1.54697;
./datasets/English//english_16;apache;0;1.54697;
./datasets/English//english_17;apache;0;1.54697;
./datasets/English//english_18;apache;0;1.54697;
./datasets/English//english_19;apache;0;1.54697;
./datasets/English//english_00;force;292;1.59321;
./datasets/English//english_01;force;130;1.59321;
./datasets/English//english_02;force;171;1.59321;
./datasets/English//english_03;force;188;1.59321;
./datasets/English//english_04;force;205;1.59321;
./datasets/English//english_05;force;284;1.59321;
./datasets/English//english_06;force;455;1.59321;
./datasets/English//english_07;force;213;1.59321;
./datasets/English//english_08;force;273;1.59321;
./datasets/English//english_09;force;194;1.59321;
./datasets/English//english_10;force;336;1.59321;
./datasets/English//english_11;force;409;1.59321;
./datasets/English//english_12;force;1065;1.59321;
./datasets/English//english_13;force;294;1.59321;
./datasets/English//english_14;force;346;1.59321;
./datasets/English//english_15;force;203;1.59321;
./datasets/English//english_16;force;252;1.59321;
./datasets/English//english_17;force;289;1.59321;
./datasets/English//english_18;force;277;1.59321;
./datasets/English//english_19;force;399;1.59321;
./datasets/English//english_00;isomastigate;0;1.34981;
./datasets/English//english_01;isomastigate;0;1.34981;
./datasets/English//english_02;isomastigate;0;1.34981;
./datasets/English//english_03;isomastigate;0;1.34981;
./datasets/English//english_04;isomastigate;0;1.34981;
./datasets/English//english_05;isomastigate;0;1.34981;
./datasets/English//english_06;isomastigate;0;1.34981;
./datasets/English//english_07;isomastigate;0;1.34981;
./datasets/English//english_08;isomastigate;0;1.34981;
./datasets/English//english_09;isomastigate;0;1.34981;
./datasets/English//english_10;isomastigate;0;1.34981;
./datasets/English//english_11;isomastigate;0;1.34981;
./datasets/English//english_12;isomastigate;0;1.34981;
./datasets/English//english_13;isomastigate;0;1.34981;
./datasets/English//english_14;isomastigate;0;1.34981;
./datasets/English//english_15;isomastigate;0;1.34981;
./datasets/English//english_16;isomastigate;0;1.34981;
./datasets/English//english_17;isomastigate;0;1.34981;
./datasets/English//english_18;isomastigate;0;1.34981;
./datasets/English//english_19;isomastigate;0;1.34981;
./datasets/English//english_00;orthophosphate;0;1.32598;
./datasets/English//english_01;orthophosphate;0;1.32598;
./datasets/English//english_02;orthophosphate;0;1.32598;
./datasets/English//english_03;orthophosphate;0;1.32598;
./datasets/English//english_04;orthophosphate;0;1.32598;
./datasets/English//english_05;orthophosphate;0;1.32598;
./datasets/English//english_06;orthophosphate;0;1.32598;
./datasets/English//english_07;orthophosphate;0;1.32598;
./datasets/English//english_08;orthophosphate;0;1.32598;
./datasets/English//english_09;orthophosphate;0;1.32598;
./datasets/English//english_10;orthophosphate;0;1.32598;
./datasets/English//english_11;orthophosphate;0;1.32598;
./datasets/English//english_12;orthophosphate;0;1.32598;
./datasets/English//english_13;orthophosphate;0;1.32598;
./datasets/English//english_14;orthophosphate;0;1.32598;
./datasets/English//english_15;orthophosphate;0;1.32598;
./datasets/English//english_16;orthophosphate;0;1.32598;
./datasets/English//english_17;orthophosphate;0;1.32598;
./datasets/English//english_18;orthophosphate;0;1.32598;
./datasets/English//english_19;orthophosphate;0;1.32598;
./datasets/English//english_00;Palaeomastodon;0;1.30901;
./datasets/English//english_01;Palaeomastodon;0;1.30901;
./datasets/English//english_02;Palaeomastodon;0;1.30901;
./datasets/English//english_03;Palaeomastodon;0;1.30901;
./datasets/English//english_04;Palaeomastodon;0;1.30901;
./datasets/English//english_05;Palaeomastodon;0;1.30901;
./datasets/English//english_06;Palaeomastodon;0;1.30901;
./datasets/English//english_07;Palaeomastodon;0;1.30901;
./datasets/English//english_08;Palaeomastodon;0;1.30901;
./datasets/English//english_09;Palaeomastodon;0;1.30901;
./datasets/English//english_10;Palaeomastodon;0;1.30901;
./datasets/English//english_11;Palaeomastodon;0;1.30901;
./datasets/English//english_12;Palaeomastodon;0;1.30901;
./datasets/English//english_13;Palaeomastodon;0;1.30901;
./datasets/English//english_14;Palaeomastodon;0;1.30901;
./datasets/English//english_15;Palaeomastodon;0;1.30901;
./datasets/English//english_16;Palaeomastodon;0;1.30901;
./datasets/English//english_17;Palaeomastodon;0;1.30901;
./datasets/English//english_18;Palaeomastodon;0;1.30901;
./datasets/English//english_19;Palaeomastodon;0;1.30901;
./datasets/English//english_00;brachypyramid;0;1.30402;
./datasets/English//english_01;brachypyramid;0;1.30402;
./datasets/English//english_02;brachypyramid;0;1.30402;
./datasets/English//english_03;brachypyramid;0;1.30402;
./datasets/English//english_04;brachypyramid;0;1.30402;
./datasets/English//english_05;brachypyramid;0;1.30402;
./datasets/English//english_06;brachypyramid;0;1.30402;
./datasets/English//english_07;brachypyramid;0;1.30402;
./datasets/English//english_08;brachypyramid;0;1.30402;
./datasets/English//english_09;brachypyramid;0;1.30402;
./datasets/English//english_10;brachypyramid;0;1.30402;
./datasets/English//english_11;brachypyramid;0;1.30402;
./datasets/English//english_12;brachypyramid;0;1.30402;
./datasets/English//english_13;brachypyramid;0;1.30402;
./datasets/English//english_14;brachypyramid;0;1.30402;
./datasets/English//english_15;brachypyramid;0;1.30402;
./datasets/English//english_16;brachypyramid;0;1.30402;
./datasets/English//english_17;brachypyramid;0;1.30402;
./datasets/English//english_18;brachypyramid;0;1.30402;
./datasets/English//english_19;brachypyramid;0;1.30402;
./datasets/English//english_00;abscession;0;1.381;
./datasets/English//english_01;abscession;0;1.381;
./datasets/English//english_02;abscession;0;1.381;
./datasets/English//english_03;abscession;0;1.381;
./datasets/English//english_04;abscession;0;1.381;
./datasets/English//english_05;abscession;0;1.381;
./datasets/English//english_06;abscession;0;1.381;
./datasets/English//english_07;abscession;0;1.381;
./datasets/English//english_08;abscession;0;1.381;
./datasets/English//english_09;abscession;0;1.381;
./datasets/English//english_10;abscession;0;1.381;
./datasets/English//english_11;abscession;0;1.381;
./datasets/English//english_12;abscession;0;1.381;
./datasets/English//english_13;abscession;0;1.381;
./datasets/English//english_14;abscession;0;1.381;
./datasets/English//english_15;abscession;0;1.381;
./datasets/English//english_16;abscession;0;1.381;
./datasets/English//english_17;abscession;0;1.381;
./datasets/English//english_18;abscession;0;1.381;
./datasets/English//english_19;abscession;0;1.381;
./datasets/English//english_00;acquisitum;0;1.34301;
./datasets/English//english_01;acquisitum;0;1.34301;
./datasets/English//english_02;acquisitum;0;1.34301;
./datasets/English//english_03;acquisitum;0;1.34301;
./datasets/English//english_04;acquisitum;0;1.34301;
./datasets/English//english_05;acquisitum;0;1.34301;
./datasets/English//english_06;acquisitum;0;1.34301;
./datasets/English//english_07;acquisitum;0;1.34301;
./datasets/English//english_08;acquisitum;0;1.34301;
./datasets/English//english_09;acquisitum;0;1.34301;
./datasets/English//english_10;acquisitum;0;1.34301;
./datasets/English//english_11;acquisitum;0;1.34301;
./datasets/English//english_12;acquisitum;0;1.34301;
./datasets/English//english_13;acquisitum;0;1.34301;
./datasets/English//english_14;acquisitum;0;1.34301;
./datasets/English//english_15;acquisitum;0;1.34301;
./datasets/English//english_16;acquisitum;0;1.34301;
./datasets/English//english_17;acquisitum;0;1.34301;
./datasets/English//english_18;acquisitum;0;1.34301;
./datasets/English//english_19;acquisitum;0;1.34301;
./datasets/English//english_00;reputationless;0;1.318;
./datasets/English//english_01;reputationless;0;1.318;
./datasets/English//english_02;reputationless;0;1.318;
./datasets/English//english_03;reputationless;0;1.318;
./datasets/English//english_04;reputationless;0;1.318;
./datasets/English//english_05;reputationless;0;1.318;
./datasets/English//english_06;reputationless;0;1.318;
./datasets/English//english_07;reputationless;0;1.318;
./datasets/English//english_08;reputationless;0;1.318;
./datasets/English//english_09;reputationless;0;1.318;
./datasets/English//english_10;reputationless;0;1.318;
./datasets/English//english_11;reputationless;0;1.318;
./datasets/English//english_12;reputationless;0;1.318;
./datasets/English//english_13;reputationless;0;1.318;
./datasets/English//english_14;reputationless;0;1.318;
./datasets/English//english_15;reputationless;0;1.318;
./datasets/English//english_16;reputationless;0;1.318;
./datasets/English//english_17;reputationless;0;1.318;
./datasets/English//english_18;reputationless;0;1.318;
./datasets/English//english_19;reputationless;0;1.318;
./datasets/English//english_00;praisefully;0;1.33799;
./datasets/English//english_01;praisefully;0;1.33799;
./datasets/English//english_02;praisefully;0;1.33799;
./datasets/English//english_03;praisefully;0;1.33799;
./datasets/English//english_04;praisefully;0;1.33799;
./datasets/English//english_05;praisefully;0;1.33799;
./datasets/English//english_06;praisefully;0;1.33799;
./datasets/English//english_07;praisefully;0;1.33799;
./datasets/English//english_08;praisefully;0;1.33799;
./datasets/English//english_09;praisefully;0;1.33799;
./datasets/English//english_10;praisefully;0;1.33799;
./datasets/English//english_11;praisefully;0;1.33799;
./datasets/English//english_12;praisefully;0;1.33799;
./datasets/English//english_13;praisefully;0;1.33799;
./datasets/English//english_14;praisefully;0;1.33799;
./datasets/English//english_15;praisefully;0;1.33799;
./datasets/English//english_16;praisefully;0;1.33799;
./datasets/English//english_17;praisefully;0;1.33799;
./datasets/English//english_18;praisefully;0;1.33799;
./datasets/English//english_19;praisefully;0;1.33799;
./datasets/English//english_00;grama;3;1.57202;
./datasets/English//english_01;grama;7;1.57202;
./datasets/English//english_02;grama;9;1.57202;
./datasets/English//english_03;grama;1;1.57202;
./datasets/English//english_04;grama;1;1.57202;
./datasets/English//english_05;grama;0;1.57202;
./datasets/English//english_06;grama;1;1.57202;
./datasets/English//english_07;grama;5;1.57202;
./datasets/English//english_08;grama;1;1.57202;
./datasets/English//english_09;grama;0;1.57202;
./datasets/English//english_10;grama;0;1.57202;
./datasets/English//english_11;grama;0;1.57202;
./datasets/English//english_12;grama;2;1.57202;
./datasets/English//english_13;grama;0;1.57202;
./datasets/English//english_14;grama;0;1.57202;
./datasets/English//english_15;grama;0;1.57202;
./datasets/English//english_16;grama;0;1.57202;
./datasets/English//english_17;grama;0;1.57202;
./datasets/English//english_18;grama;0;1.57202;
./datasets/English//english_19;grama;0;1.57202;
./datasets/English//english_00;trapped;12;1.478;
./datasets/English//english_01;trapped;4;1.478;
./datasets/English//english_02;trapped;4;1.478;
./datasets/English//english_03;trapped;5;1.478;
./datasets/English//english_04;trapped;3;1.478;
./datasets/English//english_05;trapped;7;1.478;
./datasets/English//english_06;trapped;7;1.478;
./datasets/English//english_07;trapped;7;1.478;
./datasets/English//english_08;trapped;6;1.478;
./datasets/English//english_09;trapped;4;1.478;
./datasets/English//english_10;trapped;5;1.478;
./datasets/English//english_11;trapped;8;1.478;
./datasets/English//english_12;trapped;16;1.478;
./datasets/English//english_13;trapped;21;1.478;
./datasets/English//english_14;trapped;8;1.478;
./datasets/English//english_15;trapped;10;1.478;
./datasets/English//english_16;trapped;5;1.478;
./datasets/English//english_17;trapped;5;1.478;
./datasets/English//english_18;trapped;4;1.478;
./datasets/English//english_19;trapped;3;1.478;
./datasets/English//english_00;Somal;4;1.59198;
./datasets/English//english_01;Somal;4;1.59198;
./datasets/English//english_02;Somal;8;1.59198;
./datasets/English//english_03;Somal;5;1.59198;
./datasets/English//english_04;Somal;5;1.59198;
./datasets/English//english_05;Somal;0;1.59198;
./datasets/English//english_06;Somal;4;1.59198;
./datasets/English//english_07;Somal;0;1.59198;
./datasets/English//english_08;Somal;11;1.59198;
./datasets/English//english_09;Somal;0;1.59198;
./datasets/English//english_10;Somal;0;1.59198;
./datasets/English//english_11;Somal;0;1.59198;
./datasets/English//english_12;Somal;7;1.59198;
./datasets/English//english_13;Somal;0;1.59198;
./datasets/English//english_14;Somal;0;1.59198;
./datasets/English//english_15;Somal;0;1.59198;
./datasets/English//english_16;Somal;0;1.59198;
./datasets/English//english_17;Somal;1;1.59198;
./datasets/English//english_18;Somal;0;1.59198;
./datasets/English//english_19;Somal;0;1.59198;
