./datasets/80Archivos/dna_00;resink;0;0.797545;
./datasets/80Archivos/dna_02;resink;0;0.797545;
./datasets/80Archivos/dna_05;resink;0;0.797545;
./datasets/80Archivos/dna_08;resink;0;0.797545;
./datasets/80Archivos/dna_12;resink;0;0.797545;
./datasets/80Archivos/dna_16;resink;0;0.797545;
./datasets/80Archivos/dna_18;resink;0;0.797545;
./datasets/80Archivos/dna_20;resink;0;0.797545;
./datasets/80Archivos/dna_22;resink;0;0.797545;
./datasets/80Archivos/dna_23;resink;0;0.797545;
./datasets/80Archivos/dna_00;transversomedial;0;0.633246;
./datasets/80Archivos/dna_02;transversomedial;0;0.633246;
./datasets/80Archivos/dna_05;transversomedial;0;0.633246;
./datasets/80Archivos/dna_08;transversomedial;0;0.633246;
./datasets/80Archivos/dna_12;transversomedial;0;0.633246;
./datasets/80Archivos/dna_16;transversomedial;0;0.633246;
./datasets/80Archivos/dna_18;transversomedial;0;0.633246;
./datasets/80Archivos/dna_20;transversomedial;0;0.633246;
./datasets/80Archivos/dna_22;transversomedial;0;0.633246;
./datasets/80Archivos/dna_23;transversomedial;0;0.633246;
./datasets/80Archivos/dna_00;pharyngopathy;0;0.637356;
./datasets/80Archivos/dna_02;pharyngopathy;0;0.637356;
./datasets/80Archivos/dna_05;pharyngopathy;0;0.637356;
./datasets/80Archivos/dna_08;pharyngopathy;0;0.637356;
./datasets/80Archivos/dna_12;pharyngopathy;0;0.637356;
./datasets/80Archivos/dna_16;pharyngopathy;0;0.637356;
./datasets/80Archivos/dna_18;pharyngopathy;0;0.637356;
./datasets/80Archivos/dna_20;pharyngopathy;0;0.637356;
./datasets/80Archivos/dna_22;pharyngopathy;0;0.637356;
./datasets/80Archivos/dna_23;pharyngopathy;0;0.637356;
./datasets/80Archivos/dna_00;postmineral;0;0.657878;
./datasets/80Archivos/dna_02;postmineral;0;0.657878;
./datasets/80Archivos/dna_05;postmineral;0;0.657878;
./datasets/80Archivos/dna_08;postmineral;0;0.657878;
./datasets/80Archivos/dna_12;postmineral;0;0.657878;
./datasets/80Archivos/dna_16;postmineral;0;0.657878;
./datasets/80Archivos/dna_18;postmineral;0;0.657878;
./datasets/80Archivos/dna_20;postmineral;0;0.657878;
./datasets/80Archivos/dna_22;postmineral;0;0.657878;
./datasets/80Archivos/dna_23;postmineral;0;0.657878;
./datasets/80Archivos/dna_00;myelosyphilis;0;0.658148;
./datasets/80Archivos/dna_02;myelosyphilis;0;0.658148;
./datasets/80Archivos/dna_05;myelosyphilis;0;0.658148;
./datasets/80Archivos/dna_08;myelosyphilis;0;0.658148;
./datasets/80Archivos/dna_12;myelosyphilis;0;0.658148;
./datasets/80Archivos/dna_16;myelosyphilis;0;0.658148;
./datasets/80Archivos/dna_18;myelosyphilis;0;0.658148;
./datasets/80Archivos/dna_20;myelosyphilis;0;0.658148;
./datasets/80Archivos/dna_22;myelosyphilis;0;0.658148;
./datasets/80Archivos/dna_23;myelosyphilis;0;0.658148;
./datasets/80Archivos/dna_00;silverer;0;0.706582;
./datasets/80Archivos/dna_02;silverer;0;0.706582;
./datasets/80Archivos/dna_05;silverer;0;0.706582;
./datasets/80Archivos/dna_08;silverer;0;0.706582;
./datasets/80Archivos/dna_12;silverer;0;0.706582;
./datasets/80Archivos/dna_16;silverer;0;0.706582;
./datasets/80Archivos/dna_18;silverer;0;0.706582;
./datasets/80Archivos/dna_20;silverer;0;0.706582;
./datasets/80Archivos/dna_22;silverer;0;0.706582;
./datasets/80Archivos/dna_23;silverer;0;0.706582;
./datasets/80Archivos/dna_00;evincement;0;0.696204;
./datasets/80Archivos/dna_02;evincement;0;0.696204;
./datasets/80Archivos/dna_05;evincement;0;0.696204;
./datasets/80Archivos/dna_08;evincement;0;0.696204;
./datasets/80Archivos/dna_12;evincement;0;0.696204;
./datasets/80Archivos/dna_16;evincement;0;0.696204;
./datasets/80Archivos/dna_18;evincement;0;0.696204;
./datasets/80Archivos/dna_20;evincement;0;0.696204;
./datasets/80Archivos/dna_22;evincement;0;0.696204;
./datasets/80Archivos/dna_23;evincement;0;0.696204;
./datasets/80Archivos/dna_00;phrygium;0;0.703119;
./datasets/80Archivos/dna_02;phrygium;0;0.703119;
./datasets/80Archivos/dna_05;phrygium;0;0.703119;
./datasets/80Archivos/dna_08;phrygium;0;0.703119;
./datasets/80Archivos/dna_12;phrygium;0;0.703119;
./datasets/80Archivos/dna_16;phrygium;0;0.703119;
./datasets/80Archivos/dna_18;phrygium;0;0.703119;
./datasets/80Archivos/dna_20;phrygium;0;0.703119;
./datasets/80Archivos/dna_22;phrygium;0;0.703119;
./datasets/80Archivos/dna_23;phrygium;0;0.703119;
./datasets/80Archivos/dna_00;punnigram;0;0.684126;
./datasets/80Archivos/dna_02;punnigram;0;0.684126;
./datasets/80Archivos/dna_05;punnigram;0;0.684126;
./datasets/80Archivos/dna_08;punnigram;0;0.684126;
./datasets/80Archivos/dna_12;punnigram;0;0.684126;
./datasets/80Archivos/dna_16;punnigram;0;0.684126;
./datasets/80Archivos/dna_18;punnigram;0;0.684126;
./datasets/80Archivos/dna_20;punnigram;0;0.684126;
./datasets/80Archivos/dna_22;punnigram;0;0.684126;
./datasets/80Archivos/dna_23;punnigram;0;0.684126;
./datasets/80Archivos/dna_00;imminution;0;0.664634;
./datasets/80Archivos/dna_02;imminution;0;0.664634;
./datasets/80Archivos/dna_05;imminution;0;0.664634;
./datasets/80Archivos/dna_08;imminution;0;0.664634;
./datasets/80Archivos/dna_12;imminution;0;0.664634;
./datasets/80Archivos/dna_16;imminution;0;0.664634;
./datasets/80Archivos/dna_18;imminution;0;0.664634;
./datasets/80Archivos/dna_20;imminution;0;0.664634;
./datasets/80Archivos/dna_22;imminution;0;0.664634;
./datasets/80Archivos/dna_23;imminution;0;0.664634;
./datasets/80Archivos/dna_00;environmental;0;0.653625;
./datasets/80Archivos/dna_02;environmental;0;0.653625;
./datasets/80Archivos/dna_05;environmental;0;0.653625;
./datasets/80Archivos/dna_08;environmental;0;0.653625;
./datasets/80Archivos/dna_12;environmental;0;0.653625;
./datasets/80Archivos/dna_16;environmental;0;0.653625;
./datasets/80Archivos/dna_18;environmental;0;0.653625;
./datasets/80Archivos/dna_20;environmental;0;0.653625;
./datasets/80Archivos/dna_22;environmental;0;0.653625;
./datasets/80Archivos/dna_23;environmental;0;0.653625;
./datasets/80Archivos/dna_00;sleepify;0;0.690354;
./datasets/80Archivos/dna_02;sleepify;0;0.690354;
./datasets/80Archivos/dna_05;sleepify;0;0.690354;
./datasets/80Archivos/dna_08;sleepify;0;0.690354;
./datasets/80Archivos/dna_12;sleepify;0;0.690354;
./datasets/80Archivos/dna_16;sleepify;0;0.690354;
./datasets/80Archivos/dna_18;sleepify;0;0.690354;
./datasets/80Archivos/dna_20;sleepify;0;0.690354;
./datasets/80Archivos/dna_22;sleepify;0;0.690354;
./datasets/80Archivos/dna_23;sleepify;0;0.690354;
./datasets/80Archivos/dna_00;nope;0;0.828083;
./datasets/80Archivos/dna_02;nope;0;0.828083;
./datasets/80Archivos/dna_05;nope;0;0.828083;
./datasets/80Archivos/dna_08;nope;0;0.828083;
./datasets/80Archivos/dna_12;nope;0;0.828083;
./datasets/80Archivos/dna_16;nope;0;0.828083;
./datasets/80Archivos/dna_18;nope;0;0.828083;
./datasets/80Archivos/dna_20;nope;0;0.828083;
./datasets/80Archivos/dna_22;nope;0;0.828083;
./datasets/80Archivos/dna_23;nope;0;0.828083;
./datasets/80Archivos/dna_00;wauken;0;0.733241;
./datasets/80Archivos/dna_02;wauken;0;0.733241;
./datasets/80Archivos/dna_05;wauken;0;0.733241;
./datasets/80Archivos/dna_08;wauken;0;0.733241;
./datasets/80Archivos/dna_12;wauken;0;0.733241;
./datasets/80Archivos/dna_16;wauken;0;0.733241;
./datasets/80Archivos/dna_18;wauken;0;0.733241;
./datasets/80Archivos/dna_20;wauken;0;0.733241;
./datasets/80Archivos/dna_22;wauken;0;0.733241;
./datasets/80Archivos/dna_23;wauken;0;0.733241;
./datasets/80Archivos/dna_00;indignance;0;0.663894;
./datasets/80Archivos/dna_02;indignance;0;0.663894;
./datasets/80Archivos/dna_05;indignance;0;0.663894;
./datasets/80Archivos/dna_08;indignance;0;0.663894;
./datasets/80Archivos/dna_12;indignance;0;0.663894;
./datasets/80Archivos/dna_16;indignance;0;0.663894;
./datasets/80Archivos/dna_18;indignance;0;0.663894;
./datasets/80Archivos/dna_20;indignance;0;0.663894;
./datasets/80Archivos/dna_22;indignance;0;0.663894;
./datasets/80Archivos/dna_23;indignance;0;0.663894;
./datasets/80Archivos/dna_00;knotwort;0;0.688606;
./datasets/80Archivos/dna_02;knotwort;0;0.688606;
./datasets/80Archivos/dna_05;knotwort;0;0.688606;
./datasets/80Archivos/dna_08;knotwort;0;0.688606;
./datasets/80Archivos/dna_12;knotwort;0;0.688606;
./datasets/80Archivos/dna_16;knotwort;0;0.688606;
./datasets/80Archivos/dna_18;knotwort;0;0.688606;
./datasets/80Archivos/dna_20;knotwort;0;0.688606;
./datasets/80Archivos/dna_22;knotwort;0;0.688606;
./datasets/80Archivos/dna_23;knotwort;0;0.688606;
./datasets/80Archivos/dna_00;apocodeine;0;0.680142;
./datasets/80Archivos/dna_02;apocodeine;0;0.680142;
./datasets/80Archivos/dna_05;apocodeine;0;0.680142;
./datasets/80Archivos/dna_08;apocodeine;0;0.680142;
./datasets/80Archivos/dna_12;apocodeine;0;0.680142;
./datasets/80Archivos/dna_16;apocodeine;0;0.680142;
./datasets/80Archivos/dna_18;apocodeine;0;0.680142;
./datasets/80Archivos/dna_20;apocodeine;0;0.680142;
./datasets/80Archivos/dna_22;apocodeine;0;0.680142;
./datasets/80Archivos/dna_23;apocodeine;0;0.680142;
./datasets/80Archivos/dna_00;escortee;0;0.691314;
./datasets/80Archivos/dna_02;escortee;0;0.691314;
./datasets/80Archivos/dna_05;escortee;0;0.691314;
./datasets/80Archivos/dna_08;escortee;0;0.691314;
./datasets/80Archivos/dna_12;escortee;0;0.691314;
./datasets/80Archivos/dna_16;escortee;0;0.691314;
./datasets/80Archivos/dna_18;escortee;0;0.691314;
./datasets/80Archivos/dna_20;escortee;0;0.691314;
./datasets/80Archivos/dna_22;escortee;0;0.691314;
./datasets/80Archivos/dna_23;escortee;0;0.691314;
./datasets/80Archivos/dna_00;dogwatch;0;0.711088;
./datasets/80Archivos/dna_02;dogwatch;0;0.711088;
./datasets/80Archivos/dna_05;dogwatch;0;0.711088;
./datasets/80Archivos/dna_08;dogwatch;0;0.711088;
./datasets/80Archivos/dna_12;dogwatch;0;0.711088;
./datasets/80Archivos/dna_16;dogwatch;0;0.711088;
./datasets/80Archivos/dna_18;dogwatch;0;0.711088;
./datasets/80Archivos/dna_20;dogwatch;0;0.711088;
./datasets/80Archivos/dna_22;dogwatch;0;0.711088;
./datasets/80Archivos/dna_23;dogwatch;0;0.711088;
./datasets/80Archivos/dna_00;eaglewood;0;0.677644;
./datasets/80Archivos/dna_02;eaglewood;0;0.677644;
./datasets/80Archivos/dna_05;eaglewood;0;0.677644;
./datasets/80Archivos/dna_08;eaglewood;0;0.677644;
./datasets/80Archivos/dna_12;eaglewood;0;0.677644;
./datasets/80Archivos/dna_16;eaglewood;0;0.677644;
./datasets/80Archivos/dna_18;eaglewood;0;0.677644;
./datasets/80Archivos/dna_20;eaglewood;0;0.677644;
./datasets/80Archivos/dna_22;eaglewood;0;0.677644;
./datasets/80Archivos/dna_23;eaglewood;0;0.677644;
./datasets/80Archivos/dna_00;unbrotherliness;0;0.629174;
./datasets/80Archivos/dna_02;unbrotherliness;0;0.629174;
./datasets/80Archivos/dna_05;unbrotherliness;0;0.629174;
./datasets/80Archivos/dna_08;unbrotherliness;0;0.629174;
./datasets/80Archivos/dna_12;unbrotherliness;0;0.629174;
./datasets/80Archivos/dna_16;unbrotherliness;0;0.629174;
./datasets/80Archivos/dna_18;unbrotherliness;0;0.629174;
./datasets/80Archivos/dna_20;unbrotherliness;0;0.629174;
./datasets/80Archivos/dna_22;unbrotherliness;0;0.629174;
./datasets/80Archivos/dna_23;unbrotherliness;0;0.629174;
./datasets/80Archivos/dna_00;mulse;0;0.780558;
./datasets/80Archivos/dna_02;mulse;0;0.780558;
./datasets/80Archivos/dna_05;mulse;0;0.780558;
./datasets/80Archivos/dna_08;mulse;0;0.780558;
./datasets/80Archivos/dna_12;mulse;0;0.780558;
./datasets/80Archivos/dna_16;mulse;0;0.780558;
./datasets/80Archivos/dna_18;mulse;0;0.780558;
./datasets/80Archivos/dna_20;mulse;0;0.780558;
./datasets/80Archivos/dna_22;mulse;0;0.780558;
./datasets/80Archivos/dna_23;mulse;0;0.780558;
./datasets/80Archivos/dna_00;dermobranchiata;0;0.629353;
./datasets/80Archivos/dna_02;dermobranchiata;0;0.629353;
./datasets/80Archivos/dna_05;dermobranchiata;0;0.629353;
./datasets/80Archivos/dna_08;dermobranchiata;0;0.629353;
./datasets/80Archivos/dna_12;dermobranchiata;0;0.629353;
./datasets/80Archivos/dna_16;dermobranchiata;0;0.629353;
./datasets/80Archivos/dna_18;dermobranchiata;0;0.629353;
./datasets/80Archivos/dna_20;dermobranchiata;0;0.629353;
./datasets/80Archivos/dna_22;dermobranchiata;0;0.629353;
./datasets/80Archivos/dna_23;dermobranchiata;0;0.629353;
./datasets/80Archivos/dna_00;typhic;0;0.749577;
./datasets/80Archivos/dna_02;typhic;0;0.749577;
./datasets/80Archivos/dna_05;typhic;0;0.749577;
./datasets/80Archivos/dna_08;typhic;0;0.749577;
./datasets/80Archivos/dna_12;typhic;0;0.749577;
./datasets/80Archivos/dna_16;typhic;0;0.749577;
./datasets/80Archivos/dna_18;typhic;0;0.749577;
./datasets/80Archivos/dna_20;typhic;0;0.749577;
./datasets/80Archivos/dna_22;typhic;0;0.749577;
./datasets/80Archivos/dna_23;typhic;0;0.749577;
./datasets/80Archivos/dna_00;poststertorous;0;0.639333;
./datasets/80Archivos/dna_02;poststertorous;0;0.639333;
./datasets/80Archivos/dna_05;poststertorous;0;0.639333;
./datasets/80Archivos/dna_08;poststertorous;0;0.639333;
./datasets/80Archivos/dna_12;poststertorous;0;0.639333;
./datasets/80Archivos/dna_16;poststertorous;0;0.639333;
./datasets/80Archivos/dna_18;poststertorous;0;0.639333;
./datasets/80Archivos/dna_20;poststertorous;0;0.639333;
./datasets/80Archivos/dna_22;poststertorous;0;0.639333;
./datasets/80Archivos/dna_23;poststertorous;0;0.639333;
./datasets/80Archivos/dna_00;indevout;0;0.702616;
./datasets/80Archivos/dna_02;indevout;0;0.702616;
./datasets/80Archivos/dna_05;indevout;0;0.702616;
./datasets/80Archivos/dna_08;indevout;0;0.702616;
./datasets/80Archivos/dna_12;indevout;0;0.702616;
./datasets/80Archivos/dna_16;indevout;0;0.702616;
./datasets/80Archivos/dna_18;indevout;0;0.702616;
./datasets/80Archivos/dna_20;indevout;0;0.702616;
./datasets/80Archivos/dna_22;indevout;0;0.702616;
./datasets/80Archivos/dna_23;indevout;0;0.702616;
./datasets/80Archivos/dna_00;anatomicopathologic;0;0.623169;
./datasets/80Archivos/dna_02;anatomicopathologic;0;0.623169;
./datasets/80Archivos/dna_05;anatomicopathologic;0;0.623169;
./datasets/80Archivos/dna_08;anatomicopathologic;0;0.623169;
./datasets/80Archivos/dna_12;anatomicopathologic;0;0.623169;
./datasets/80Archivos/dna_16;anatomicopathologic;0;0.623169;
./datasets/80Archivos/dna_18;anatomicopathologic;0;0.623169;
./datasets/80Archivos/dna_20;anatomicopathologic;0;0.623169;
./datasets/80Archivos/dna_22;anatomicopathologic;0;0.623169;
./datasets/80Archivos/dna_23;anatomicopathologic;0;0.623169;
./datasets/80Archivos/dna_00;unimpenetrable;0;0.671355;
./datasets/80Archivos/dna_02;unimpenetrable;0;0.671355;
./datasets/80Archivos/dna_05;unimpenetrable;0;0.671355;
./datasets/80Archivos/dna_08;unimpenetrable;0;0.671355;
./datasets/80Archivos/dna_12;unimpenetrable;0;0.671355;
./datasets/80Archivos/dna_16;unimpenetrable;0;0.671355;
./datasets/80Archivos/dna_18;unimpenetrable;0;0.671355;
./datasets/80Archivos/dna_20;unimpenetrable;0;0.671355;
./datasets/80Archivos/dna_22;unimpenetrable;0;0.671355;
./datasets/80Archivos/dna_23;unimpenetrable;0;0.671355;
./datasets/80Archivos/dna_00;hoggy;0;0.792111;
./datasets/80Archivos/dna_02;hoggy;0;0.792111;
./datasets/80Archivos/dna_05;hoggy;0;0.792111;
./datasets/80Archivos/dna_08;hoggy;0;0.792111;
./datasets/80Archivos/dna_12;hoggy;0;0.792111;
./datasets/80Archivos/dna_16;hoggy;0;0.792111;
./datasets/80Archivos/dna_18;hoggy;0;0.792111;
./datasets/80Archivos/dna_20;hoggy;0;0.792111;
./datasets/80Archivos/dna_22;hoggy;0;0.792111;
./datasets/80Archivos/dna_23;hoggy;0;0.792111;
./datasets/80Archivos/dna_00;urrhodin;0;0.69137;
./datasets/80Archivos/dna_02;urrhodin;0;0.69137;
./datasets/80Archivos/dna_05;urrhodin;0;0.69137;
./datasets/80Archivos/dna_08;urrhodin;0;0.69137;
./datasets/80Archivos/dna_12;urrhodin;0;0.69137;
./datasets/80Archivos/dna_16;urrhodin;0;0.69137;
./datasets/80Archivos/dna_18;urrhodin;0;0.69137;
./datasets/80Archivos/dna_20;urrhodin;0;0.69137;
./datasets/80Archivos/dna_22;urrhodin;0;0.69137;
./datasets/80Archivos/dna_23;urrhodin;0;0.69137;
./datasets/80Archivos/dna_00;Dioecia;0;0.7196;
./datasets/80Archivos/dna_02;Dioecia;0;0.7196;
./datasets/80Archivos/dna_05;Dioecia;0;0.7196;
./datasets/80Archivos/dna_08;Dioecia;0;0.7196;
./datasets/80Archivos/dna_12;Dioecia;0;0.7196;
./datasets/80Archivos/dna_16;Dioecia;0;0.7196;
./datasets/80Archivos/dna_18;Dioecia;0;0.7196;
./datasets/80Archivos/dna_20;Dioecia;0;0.7196;
./datasets/80Archivos/dna_22;Dioecia;0;0.7196;
./datasets/80Archivos/dna_23;Dioecia;0;0.7196;
./datasets/80Archivos/dna_00;unchapter;0;0.6806;
./datasets/80Archivos/dna_02;unchapter;0;0.6806;
./datasets/80Archivos/dna_05;unchapter;0;0.6806;
./datasets/80Archivos/dna_08;unchapter;0;0.6806;
./datasets/80Archivos/dna_12;unchapter;0;0.6806;
./datasets/80Archivos/dna_16;unchapter;0;0.6806;
./datasets/80Archivos/dna_18;unchapter;0;0.6806;
./datasets/80Archivos/dna_20;unchapter;0;0.6806;
./datasets/80Archivos/dna_22;unchapter;0;0.6806;
./datasets/80Archivos/dna_23;unchapter;0;0.6806;
./datasets/80Archivos/dna_00;nonumbilicate;0;0.647365;
./datasets/80Archivos/dna_02;nonumbilicate;0;0.647365;
./datasets/80Archivos/dna_05;nonumbilicate;0;0.647365;
./datasets/80Archivos/dna_08;nonumbilicate;0;0.647365;
./datasets/80Archivos/dna_12;nonumbilicate;0;0.647365;
./datasets/80Archivos/dna_16;nonumbilicate;0;0.647365;
./datasets/80Archivos/dna_18;nonumbilicate;0;0.647365;
./datasets/80Archivos/dna_20;nonumbilicate;0;0.647365;
./datasets/80Archivos/dna_22;nonumbilicate;0;0.647365;
./datasets/80Archivos/dna_23;nonumbilicate;0;0.647365;
./datasets/80Archivos/dna_00;zwitterionic;0;0.648643;
./datasets/80Archivos/dna_02;zwitterionic;0;0.648643;
./datasets/80Archivos/dna_05;zwitterionic;0;0.648643;
./datasets/80Archivos/dna_08;zwitterionic;0;0.648643;
./datasets/80Archivos/dna_12;zwitterionic;0;0.648643;
./datasets/80Archivos/dna_16;zwitterionic;0;0.648643;
./datasets/80Archivos/dna_18;zwitterionic;0;0.648643;
./datasets/80Archivos/dna_20;zwitterionic;0;0.648643;
./datasets/80Archivos/dna_22;zwitterionic;0;0.648643;
./datasets/80Archivos/dna_23;zwitterionic;0;0.648643;
./datasets/80Archivos/dna_00;apportionable;0;0.636283;
./datasets/80Archivos/dna_02;apportionable;0;0.636283;
./datasets/80Archivos/dna_05;apportionable;0;0.636283;
./datasets/80Archivos/dna_08;apportionable;0;0.636283;
./datasets/80Archivos/dna_12;apportionable;0;0.636283;
./datasets/80Archivos/dna_16;apportionable;0;0.636283;
./datasets/80Archivos/dna_18;apportionable;0;0.636283;
./datasets/80Archivos/dna_20;apportionable;0;0.636283;
./datasets/80Archivos/dna_22;apportionable;0;0.636283;
./datasets/80Archivos/dna_23;apportionable;0;0.636283;
./datasets/80Archivos/dna_00;ferulic;0;0.707608;
./datasets/80Archivos/dna_02;ferulic;0;0.707608;
./datasets/80Archivos/dna_05;ferulic;0;0.707608;
./datasets/80Archivos/dna_08;ferulic;0;0.707608;
./datasets/80Archivos/dna_12;ferulic;0;0.707608;
./datasets/80Archivos/dna_16;ferulic;0;0.707608;
./datasets/80Archivos/dna_18;ferulic;0;0.707608;
./datasets/80Archivos/dna_20;ferulic;0;0.707608;
./datasets/80Archivos/dna_22;ferulic;0;0.707608;
./datasets/80Archivos/dna_23;ferulic;0;0.707608;
./datasets/80Archivos/dna_00;statefulness;0;0.65725;
./datasets/80Archivos/dna_02;statefulness;0;0.65725;
./datasets/80Archivos/dna_05;statefulness;0;0.65725;
./datasets/80Archivos/dna_08;statefulness;0;0.65725;
./datasets/80Archivos/dna_12;statefulness;0;0.65725;
./datasets/80Archivos/dna_16;statefulness;0;0.65725;
./datasets/80Archivos/dna_18;statefulness;0;0.65725;
./datasets/80Archivos/dna_20;statefulness;0;0.65725;
./datasets/80Archivos/dna_22;statefulness;0;0.65725;
./datasets/80Archivos/dna_23;statefulness;0;0.65725;
./datasets/80Archivos/dna_00;pharyngotonsillitis;0;0.617447;
./datasets/80Archivos/dna_02;pharyngotonsillitis;0;0.617447;
./datasets/80Archivos/dna_05;pharyngotonsillitis;0;0.617447;
./datasets/80Archivos/dna_08;pharyngotonsillitis;0;0.617447;
./datasets/80Archivos/dna_12;pharyngotonsillitis;0;0.617447;
./datasets/80Archivos/dna_16;pharyngotonsillitis;0;0.617447;
./datasets/80Archivos/dna_18;pharyngotonsillitis;0;0.617447;
./datasets/80Archivos/dna_20;pharyngotonsillitis;0;0.617447;
./datasets/80Archivos/dna_22;pharyngotonsillitis;0;0.617447;
./datasets/80Archivos/dna_23;pharyngotonsillitis;0;0.617447;
./datasets/80Archivos/dna_00;Mimulus;0;0.710608;
./datasets/80Archivos/dna_02;Mimulus;0;0.710608;
./datasets/80Archivos/dna_05;Mimulus;0;0.710608;
./datasets/80Archivos/dna_08;Mimulus;0;0.710608;
./datasets/80Archivos/dna_12;Mimulus;0;0.710608;
./datasets/80Archivos/dna_16;Mimulus;0;0.710608;
./datasets/80Archivos/dna_18;Mimulus;0;0.710608;
./datasets/80Archivos/dna_20;Mimulus;0;0.710608;
./datasets/80Archivos/dna_22;Mimulus;0;0.710608;
./datasets/80Archivos/dna_23;Mimulus;0;0.710608;
./datasets/80Archivos/dna_00;recce;0;0.78023;
./datasets/80Archivos/dna_02;recce;0;0.78023;
./datasets/80Archivos/dna_05;recce;0;0.78023;
./datasets/80Archivos/dna_08;recce;0;0.78023;
./datasets/80Archivos/dna_12;recce;0;0.78023;
./datasets/80Archivos/dna_16;recce;0;0.78023;
./datasets/80Archivos/dna_18;recce;0;0.78023;
./datasets/80Archivos/dna_20;recce;0;0.78023;
./datasets/80Archivos/dna_22;recce;0;0.78023;
./datasets/80Archivos/dna_23;recce;0;0.78023;
./datasets/80Archivos/dna_00;mutinously;0;0.681625;
./datasets/80Archivos/dna_02;mutinously;0;0.681625;
./datasets/80Archivos/dna_05;mutinously;0;0.681625;
./datasets/80Archivos/dna_08;mutinously;0;0.681625;
./datasets/80Archivos/dna_12;mutinously;0;0.681625;
./datasets/80Archivos/dna_16;mutinously;0;0.681625;
./datasets/80Archivos/dna_18;mutinously;0;0.681625;
./datasets/80Archivos/dna_20;mutinously;0;0.681625;
./datasets/80Archivos/dna_22;mutinously;0;0.681625;
./datasets/80Archivos/dna_23;mutinously;0;0.681625;
./datasets/80Archivos/dna_00;reboant;0;0.738382;
./datasets/80Archivos/dna_02;reboant;0;0.738382;
./datasets/80Archivos/dna_05;reboant;0;0.738382;
./datasets/80Archivos/dna_08;reboant;0;0.738382;
./datasets/80Archivos/dna_12;reboant;0;0.738382;
./datasets/80Archivos/dna_16;reboant;0;0.738382;
./datasets/80Archivos/dna_18;reboant;0;0.738382;
./datasets/80Archivos/dna_20;reboant;0;0.738382;
./datasets/80Archivos/dna_22;reboant;0;0.738382;
./datasets/80Archivos/dna_23;reboant;0;0.738382;
./datasets/80Archivos/dna_00;marshwort;0;0.719682;
./datasets/80Archivos/dna_02;marshwort;0;0.719682;
./datasets/80Archivos/dna_05;marshwort;0;0.719682;
./datasets/80Archivos/dna_08;marshwort;0;0.719682;
./datasets/80Archivos/dna_12;marshwort;0;0.719682;
./datasets/80Archivos/dna_16;marshwort;0;0.719682;
./datasets/80Archivos/dna_18;marshwort;0;0.719682;
./datasets/80Archivos/dna_20;marshwort;0;0.719682;
./datasets/80Archivos/dna_22;marshwort;0;0.719682;
./datasets/80Archivos/dna_23;marshwort;0;0.719682;
./datasets/80Archivos/dna_00;lupoid;0;0.754246;
./datasets/80Archivos/dna_02;lupoid;0;0.754246;
./datasets/80Archivos/dna_05;lupoid;0;0.754246;
./datasets/80Archivos/dna_08;lupoid;0;0.754246;
./datasets/80Archivos/dna_12;lupoid;0;0.754246;
./datasets/80Archivos/dna_16;lupoid;0;0.754246;
./datasets/80Archivos/dna_18;lupoid;0;0.754246;
./datasets/80Archivos/dna_20;lupoid;0;0.754246;
./datasets/80Archivos/dna_22;lupoid;0;0.754246;
./datasets/80Archivos/dna_23;lupoid;0;0.754246;
./datasets/80Archivos/dna_00;chromatophilic;0;0.642635;
./datasets/80Archivos/dna_02;chromatophilic;0;0.642635;
./datasets/80Archivos/dna_05;chromatophilic;0;0.642635;
./datasets/80Archivos/dna_08;chromatophilic;0;0.642635;
./datasets/80Archivos/dna_12;chromatophilic;0;0.642635;
./datasets/80Archivos/dna_16;chromatophilic;0;0.642635;
./datasets/80Archivos/dna_18;chromatophilic;0;0.642635;
./datasets/80Archivos/dna_20;chromatophilic;0;0.642635;
./datasets/80Archivos/dna_22;chromatophilic;0;0.642635;
./datasets/80Archivos/dna_23;chromatophilic;0;0.642635;
./datasets/80Archivos/dna_00;lauder;0;0.737369;
./datasets/80Archivos/dna_02;lauder;0;0.737369;
./datasets/80Archivos/dna_05;lauder;0;0.737369;
./datasets/80Archivos/dna_08;lauder;0;0.737369;
./datasets/80Archivos/dna_12;lauder;0;0.737369;
./datasets/80Archivos/dna_16;lauder;0;0.737369;
./datasets/80Archivos/dna_18;lauder;0;0.737369;
./datasets/80Archivos/dna_20;lauder;0;0.737369;
./datasets/80Archivos/dna_22;lauder;0;0.737369;
./datasets/80Archivos/dna_23;lauder;0;0.737369;
./datasets/80Archivos/dna_00;nirles;0;0.73558;
./datasets/80Archivos/dna_02;nirles;0;0.73558;
./datasets/80Archivos/dna_05;nirles;0;0.73558;
./datasets/80Archivos/dna_08;nirles;0;0.73558;
./datasets/80Archivos/dna_12;nirles;0;0.73558;
./datasets/80Archivos/dna_16;nirles;0;0.73558;
./datasets/80Archivos/dna_18;nirles;0;0.73558;
./datasets/80Archivos/dna_20;nirles;0;0.73558;
./datasets/80Archivos/dna_22;nirles;0;0.73558;
./datasets/80Archivos/dna_23;nirles;0;0.73558;
./datasets/80Archivos/dna_00;esthesiometer;0;0.646362;
./datasets/80Archivos/dna_02;esthesiometer;0;0.646362;
./datasets/80Archivos/dna_05;esthesiometer;0;0.646362;
./datasets/80Archivos/dna_08;esthesiometer;0;0.646362;
./datasets/80Archivos/dna_12;esthesiometer;0;0.646362;
./datasets/80Archivos/dna_16;esthesiometer;0;0.646362;
./datasets/80Archivos/dna_18;esthesiometer;0;0.646362;
./datasets/80Archivos/dna_20;esthesiometer;0;0.646362;
./datasets/80Archivos/dna_22;esthesiometer;0;0.646362;
./datasets/80Archivos/dna_23;esthesiometer;0;0.646362;
./datasets/80Archivos/dna_00;semisocial;0;0.671616;
./datasets/80Archivos/dna_02;semisocial;0;0.671616;
./datasets/80Archivos/dna_05;semisocial;0;0.671616;
./datasets/80Archivos/dna_08;semisocial;0;0.671616;
./datasets/80Archivos/dna_12;semisocial;0;0.671616;
./datasets/80Archivos/dna_16;semisocial;0;0.671616;
./datasets/80Archivos/dna_18;semisocial;0;0.671616;
./datasets/80Archivos/dna_20;semisocial;0;0.671616;
./datasets/80Archivos/dna_22;semisocial;0;0.671616;
./datasets/80Archivos/dna_23;semisocial;0;0.671616;
./datasets/80Archivos/dna_00;unbeing;0;0.744239;
./datasets/80Archivos/dna_02;unbeing;0;0.744239;
./datasets/80Archivos/dna_05;unbeing;0;0.744239;
./datasets/80Archivos/dna_08;unbeing;0;0.744239;
./datasets/80Archivos/dna_12;unbeing;0;0.744239;
./datasets/80Archivos/dna_16;unbeing;0;0.744239;
./datasets/80Archivos/dna_18;unbeing;0;0.744239;
./datasets/80Archivos/dna_20;unbeing;0;0.744239;
./datasets/80Archivos/dna_22;unbeing;0;0.744239;
./datasets/80Archivos/dna_23;unbeing;0;0.744239;
./datasets/80Archivos/dna_00;kangaroo;0;0.694134;
./datasets/80Archivos/dna_02;kangaroo;0;0.694134;
./datasets/80Archivos/dna_05;kangaroo;0;0.694134;
./datasets/80Archivos/dna_08;kangaroo;0;0.694134;
./datasets/80Archivos/dna_12;kangaroo;0;0.694134;
./datasets/80Archivos/dna_16;kangaroo;0;0.694134;
./datasets/80Archivos/dna_18;kangaroo;0;0.694134;
./datasets/80Archivos/dna_20;kangaroo;0;0.694134;
./datasets/80Archivos/dna_22;kangaroo;0;0.694134;
./datasets/80Archivos/dna_23;kangaroo;0;0.694134;
./datasets/80Archivos/dna_00;takosis;0;0.714609;
./datasets/80Archivos/dna_02;takosis;0;0.714609;
./datasets/80Archivos/dna_05;takosis;0;0.714609;
./datasets/80Archivos/dna_08;takosis;0;0.714609;
./datasets/80Archivos/dna_12;takosis;0;0.714609;
./datasets/80Archivos/dna_16;takosis;0;0.714609;
./datasets/80Archivos/dna_18;takosis;0;0.714609;
./datasets/80Archivos/dna_20;takosis;0;0.714609;
./datasets/80Archivos/dna_22;takosis;0;0.714609;
./datasets/80Archivos/dna_23;takosis;0;0.714609;
./datasets/80Archivos/dna_00;inconvertibility;0;0.622735;
./datasets/80Archivos/dna_02;inconvertibility;0;0.622735;
./datasets/80Archivos/dna_05;inconvertibility;0;0.622735;
./datasets/80Archivos/dna_08;inconvertibility;0;0.622735;
./datasets/80Archivos/dna_12;inconvertibility;0;0.622735;
./datasets/80Archivos/dna_16;inconvertibility;0;0.622735;
./datasets/80Archivos/dna_18;inconvertibility;0;0.622735;
./datasets/80Archivos/dna_20;inconvertibility;0;0.622735;
./datasets/80Archivos/dna_22;inconvertibility;0;0.622735;
./datasets/80Archivos/dna_23;inconvertibility;0;0.622735;
./datasets/80Archivos/dna_00;anesthetist;0;0.652324;
./datasets/80Archivos/dna_02;anesthetist;0;0.652324;
./datasets/80Archivos/dna_05;anesthetist;0;0.652324;
./datasets/80Archivos/dna_08;anesthetist;0;0.652324;
./datasets/80Archivos/dna_12;anesthetist;0;0.652324;
./datasets/80Archivos/dna_16;anesthetist;0;0.652324;
./datasets/80Archivos/dna_18;anesthetist;0;0.652324;
./datasets/80Archivos/dna_20;anesthetist;0;0.652324;
./datasets/80Archivos/dna_22;anesthetist;0;0.652324;
./datasets/80Archivos/dna_23;anesthetist;0;0.652324;
./datasets/80Archivos/dna_00;rumorproof;0;0.671508;
./datasets/80Archivos/dna_02;rumorproof;0;0.671508;
./datasets/80Archivos/dna_05;rumorproof;0;0.671508;
./datasets/80Archivos/dna_08;rumorproof;0;0.671508;
./datasets/80Archivos/dna_12;rumorproof;0;0.671508;
./datasets/80Archivos/dna_16;rumorproof;0;0.671508;
./datasets/80Archivos/dna_18;rumorproof;0;0.671508;
./datasets/80Archivos/dna_20;rumorproof;0;0.671508;
./datasets/80Archivos/dna_22;rumorproof;0;0.671508;
./datasets/80Archivos/dna_23;rumorproof;0;0.671508;
./datasets/80Archivos/dna_00;thoracoscopy;0;0.646139;
./datasets/80Archivos/dna_02;thoracoscopy;0;0.646139;
./datasets/80Archivos/dna_05;thoracoscopy;0;0.646139;
./datasets/80Archivos/dna_08;thoracoscopy;0;0.646139;
./datasets/80Archivos/dna_12;thoracoscopy;0;0.646139;
./datasets/80Archivos/dna_16;thoracoscopy;0;0.646139;
./datasets/80Archivos/dna_18;thoracoscopy;0;0.646139;
./datasets/80Archivos/dna_20;thoracoscopy;0;0.646139;
./datasets/80Archivos/dna_22;thoracoscopy;0;0.646139;
./datasets/80Archivos/dna_23;thoracoscopy;0;0.646139;
./datasets/80Archivos/dna_00;euphorbium;0;0.667002;
./datasets/80Archivos/dna_02;euphorbium;0;0.667002;
./datasets/80Archivos/dna_05;euphorbium;0;0.667002;
./datasets/80Archivos/dna_08;euphorbium;0;0.667002;
./datasets/80Archivos/dna_12;euphorbium;0;0.667002;
./datasets/80Archivos/dna_16;euphorbium;0;0.667002;
./datasets/80Archivos/dna_18;euphorbium;0;0.667002;
./datasets/80Archivos/dna_20;euphorbium;0;0.667002;
./datasets/80Archivos/dna_22;euphorbium;0;0.667002;
./datasets/80Archivos/dna_23;euphorbium;0;0.667002;
./datasets/80Archivos/dna_00;bizet;0;0.875041;
./datasets/80Archivos/dna_02;bizet;0;0.875041;
./datasets/80Archivos/dna_05;bizet;0;0.875041;
./datasets/80Archivos/dna_08;bizet;0;0.875041;
./datasets/80Archivos/dna_12;bizet;0;0.875041;
./datasets/80Archivos/dna_16;bizet;0;0.875041;
./datasets/80Archivos/dna_18;bizet;0;0.875041;
./datasets/80Archivos/dna_20;bizet;0;0.875041;
./datasets/80Archivos/dna_22;bizet;0;0.875041;
./datasets/80Archivos/dna_23;bizet;0;0.875041;
./datasets/80Archivos/dna_00;song;0;0.837763;
./datasets/80Archivos/dna_02;song;0;0.837763;
./datasets/80Archivos/dna_05;song;0;0.837763;
./datasets/80Archivos/dna_08;song;0;0.837763;
./datasets/80Archivos/dna_12;song;0;0.837763;
./datasets/80Archivos/dna_16;song;0;0.837763;
./datasets/80Archivos/dna_18;song;0;0.837763;
./datasets/80Archivos/dna_20;song;0;0.837763;
./datasets/80Archivos/dna_22;song;0;0.837763;
./datasets/80Archivos/dna_23;song;0;0.837763;
./datasets/80Archivos/dna_00;dolichocephali;0;0.694653;
./datasets/80Archivos/dna_02;dolichocephali;0;0.694653;
./datasets/80Archivos/dna_05;dolichocephali;0;0.694653;
./datasets/80Archivos/dna_08;dolichocephali;0;0.694653;
./datasets/80Archivos/dna_12;dolichocephali;0;0.694653;
./datasets/80Archivos/dna_16;dolichocephali;0;0.694653;
./datasets/80Archivos/dna_18;dolichocephali;0;0.694653;
./datasets/80Archivos/dna_20;dolichocephali;0;0.694653;
./datasets/80Archivos/dna_22;dolichocephali;0;0.694653;
./datasets/80Archivos/dna_23;dolichocephali;0;0.694653;
./datasets/80Archivos/dna_00;platemaker;0;0.823012;
./datasets/80Archivos/dna_02;platemaker;0;0.823012;
./datasets/80Archivos/dna_05;platemaker;0;0.823012;
./datasets/80Archivos/dna_08;platemaker;0;0.823012;
./datasets/80Archivos/dna_12;platemaker;0;0.823012;
./datasets/80Archivos/dna_16;platemaker;0;0.823012;
./datasets/80Archivos/dna_18;platemaker;0;0.823012;
./datasets/80Archivos/dna_20;platemaker;0;0.823012;
./datasets/80Archivos/dna_22;platemaker;0;0.823012;
./datasets/80Archivos/dna_23;platemaker;0;0.823012;
./datasets/80Archivos/dna_00;vesicupapular;0;0.648072;
./datasets/80Archivos/dna_02;vesicupapular;0;0.648072;
./datasets/80Archivos/dna_05;vesicupapular;0;0.648072;
./datasets/80Archivos/dna_08;vesicupapular;0;0.648072;
./datasets/80Archivos/dna_12;vesicupapular;0;0.648072;
./datasets/80Archivos/dna_16;vesicupapular;0;0.648072;
./datasets/80Archivos/dna_18;vesicupapular;0;0.648072;
./datasets/80Archivos/dna_20;vesicupapular;0;0.648072;
./datasets/80Archivos/dna_22;vesicupapular;0;0.648072;
./datasets/80Archivos/dna_23;vesicupapular;0;0.648072;
./datasets/80Archivos/dna_00;electroforming;0;0.63692;
./datasets/80Archivos/dna_02;electroforming;0;0.63692;
./datasets/80Archivos/dna_05;electroforming;0;0.63692;
./datasets/80Archivos/dna_08;electroforming;0;0.63692;
./datasets/80Archivos/dna_12;electroforming;0;0.63692;
./datasets/80Archivos/dna_16;electroforming;0;0.63692;
./datasets/80Archivos/dna_18;electroforming;0;0.63692;
./datasets/80Archivos/dna_20;electroforming;0;0.63692;
./datasets/80Archivos/dna_22;electroforming;0;0.63692;
./datasets/80Archivos/dna_23;electroforming;0;0.63692;
./datasets/80Archivos/dna_00;dilatingly;0;0.671084;
./datasets/80Archivos/dna_02;dilatingly;0;0.671084;
./datasets/80Archivos/dna_05;dilatingly;0;0.671084;
./datasets/80Archivos/dna_08;dilatingly;0;0.671084;
./datasets/80Archivos/dna_12;dilatingly;0;0.671084;
./datasets/80Archivos/dna_16;dilatingly;0;0.671084;
./datasets/80Archivos/dna_18;dilatingly;0;0.671084;
./datasets/80Archivos/dna_20;dilatingly;0;0.671084;
./datasets/80Archivos/dna_22;dilatingly;0;0.671084;
./datasets/80Archivos/dna_23;dilatingly;0;0.671084;
./datasets/80Archivos/dna_00;meethelp;0;0.698416;
./datasets/80Archivos/dna_02;meethelp;0;0.698416;
./datasets/80Archivos/dna_05;meethelp;0;0.698416;
./datasets/80Archivos/dna_08;meethelp;0;0.698416;
./datasets/80Archivos/dna_12;meethelp;0;0.698416;
./datasets/80Archivos/dna_16;meethelp;0;0.698416;
./datasets/80Archivos/dna_18;meethelp;0;0.698416;
./datasets/80Archivos/dna_20;meethelp;0;0.698416;
./datasets/80Archivos/dna_22;meethelp;0;0.698416;
./datasets/80Archivos/dna_23;meethelp;0;0.698416;
./datasets/80Archivos/dna_00;loincloth;0;0.689956;
./datasets/80Archivos/dna_02;loincloth;0;0.689956;
./datasets/80Archivos/dna_05;loincloth;0;0.689956;
./datasets/80Archivos/dna_08;loincloth;0;0.689956;
./datasets/80Archivos/dna_12;loincloth;0;0.689956;
./datasets/80Archivos/dna_16;loincloth;0;0.689956;
./datasets/80Archivos/dna_18;loincloth;0;0.689956;
./datasets/80Archivos/dna_20;loincloth;0;0.689956;
./datasets/80Archivos/dna_22;loincloth;0;0.689956;
./datasets/80Archivos/dna_23;loincloth;0;0.689956;
./datasets/80Archivos/dna_00;avowably;0;0.697085;
./datasets/80Archivos/dna_02;avowably;0;0.697085;
./datasets/80Archivos/dna_05;avowably;0;0.697085;
./datasets/80Archivos/dna_08;avowably;0;0.697085;
./datasets/80Archivos/dna_12;avowably;0;0.697085;
./datasets/80Archivos/dna_16;avowably;0;0.697085;
./datasets/80Archivos/dna_18;avowably;0;0.697085;
./datasets/80Archivos/dna_20;avowably;0;0.697085;
./datasets/80Archivos/dna_22;avowably;0;0.697085;
./datasets/80Archivos/dna_23;avowably;0;0.697085;
./datasets/80Archivos/dna_00;counterindicate;0;0.640024;
./datasets/80Archivos/dna_02;counterindicate;0;0.640024;
./datasets/80Archivos/dna_05;counterindicate;0;0.640024;
./datasets/80Archivos/dna_08;counterindicate;0;0.640024;
./datasets/80Archivos/dna_12;counterindicate;0;0.640024;
./datasets/80Archivos/dna_16;counterindicate;0;0.640024;
./datasets/80Archivos/dna_18;counterindicate;0;0.640024;
./datasets/80Archivos/dna_20;counterindicate;0;0.640024;
./datasets/80Archivos/dna_22;counterindicate;0;0.640024;
./datasets/80Archivos/dna_23;counterindicate;0;0.640024;
./datasets/80Archivos/dna_00;treacliness;0;0.667105;
./datasets/80Archivos/dna_02;treacliness;0;0.667105;
./datasets/80Archivos/dna_05;treacliness;0;0.667105;
./datasets/80Archivos/dna_08;treacliness;0;0.667105;
./datasets/80Archivos/dna_12;treacliness;0;0.667105;
./datasets/80Archivos/dna_16;treacliness;0;0.667105;
./datasets/80Archivos/dna_18;treacliness;0;0.667105;
./datasets/80Archivos/dna_20;treacliness;0;0.667105;
./datasets/80Archivos/dna_22;treacliness;0;0.667105;
./datasets/80Archivos/dna_23;treacliness;0;0.667105;
./datasets/80Archivos/dna_00;Epigonus;0;0.703945;
./datasets/80Archivos/dna_02;Epigonus;0;0.703945;
./datasets/80Archivos/dna_05;Epigonus;0;0.703945;
./datasets/80Archivos/dna_08;Epigonus;0;0.703945;
./datasets/80Archivos/dna_12;Epigonus;0;0.703945;
./datasets/80Archivos/dna_16;Epigonus;0;0.703945;
./datasets/80Archivos/dna_18;Epigonus;0;0.703945;
./datasets/80Archivos/dna_20;Epigonus;0;0.703945;
./datasets/80Archivos/dna_22;Epigonus;0;0.703945;
./datasets/80Archivos/dna_23;Epigonus;0;0.703945;
./datasets/80Archivos/dna_00;airmark;0;0.916942;
./datasets/80Archivos/dna_02;airmark;0;0.916942;
./datasets/80Archivos/dna_05;airmark;0;0.916942;
./datasets/80Archivos/dna_08;airmark;0;0.916942;
./datasets/80Archivos/dna_12;airmark;0;0.916942;
./datasets/80Archivos/dna_16;airmark;0;0.916942;
./datasets/80Archivos/dna_18;airmark;0;0.916942;
./datasets/80Archivos/dna_20;airmark;0;0.916942;
./datasets/80Archivos/dna_22;airmark;0;0.916942;
./datasets/80Archivos/dna_23;airmark;0;0.916942;
./datasets/80Archivos/dna_00;polarography;0;0.658074;
./datasets/80Archivos/dna_02;polarography;0;0.658074;
./datasets/80Archivos/dna_05;polarography;0;0.658074;
./datasets/80Archivos/dna_08;polarography;0;0.658074;
./datasets/80Archivos/dna_12;polarography;0;0.658074;
./datasets/80Archivos/dna_16;polarography;0;0.658074;
./datasets/80Archivos/dna_18;polarography;0;0.658074;
./datasets/80Archivos/dna_20;polarography;0;0.658074;
./datasets/80Archivos/dna_22;polarography;0;0.658074;
./datasets/80Archivos/dna_23;polarography;0;0.658074;
./datasets/80Archivos/dna_00;precomposition;0;0.65401;
./datasets/80Archivos/dna_02;precomposition;0;0.65401;
./datasets/80Archivos/dna_05;precomposition;0;0.65401;
./datasets/80Archivos/dna_08;precomposition;0;0.65401;
./datasets/80Archivos/dna_12;precomposition;0;0.65401;
./datasets/80Archivos/dna_16;precomposition;0;0.65401;
./datasets/80Archivos/dna_18;precomposition;0;0.65401;
./datasets/80Archivos/dna_20;precomposition;0;0.65401;
./datasets/80Archivos/dna_22;precomposition;0;0.65401;
./datasets/80Archivos/dna_23;precomposition;0;0.65401;
./datasets/80Archivos/dna_00;lemography;0;0.705003;
./datasets/80Archivos/dna_02;lemography;0;0.705003;
./datasets/80Archivos/dna_05;lemography;0;0.705003;
./datasets/80Archivos/dna_08;lemography;0;0.705003;
./datasets/80Archivos/dna_12;lemography;0;0.705003;
./datasets/80Archivos/dna_16;lemography;0;0.705003;
./datasets/80Archivos/dna_18;lemography;0;0.705003;
./datasets/80Archivos/dna_20;lemography;0;0.705003;
./datasets/80Archivos/dna_22;lemography;0;0.705003;
./datasets/80Archivos/dna_23;lemography;0;0.705003;
./datasets/80Archivos/dna_00;Apinage;0;0.740015;
./datasets/80Archivos/dna_02;Apinage;0;0.740015;
./datasets/80Archivos/dna_05;Apinage;0;0.740015;
./datasets/80Archivos/dna_08;Apinage;0;0.740015;
./datasets/80Archivos/dna_12;Apinage;0;0.740015;
./datasets/80Archivos/dna_16;Apinage;0;0.740015;
./datasets/80Archivos/dna_18;Apinage;0;0.740015;
./datasets/80Archivos/dna_20;Apinage;0;0.740015;
./datasets/80Archivos/dna_22;Apinage;0;0.740015;
./datasets/80Archivos/dna_23;Apinage;0;0.740015;
./datasets/80Archivos/dna_00;Taal;0;0.892856;
./datasets/80Archivos/dna_02;Taal;0;0.892856;
./datasets/80Archivos/dna_05;Taal;0;0.892856;
./datasets/80Archivos/dna_08;Taal;0;0.892856;
./datasets/80Archivos/dna_12;Taal;0;0.892856;
./datasets/80Archivos/dna_16;Taal;0;0.892856;
./datasets/80Archivos/dna_18;Taal;0;0.892856;
./datasets/80Archivos/dna_20;Taal;0;0.892856;
./datasets/80Archivos/dna_22;Taal;0;0.892856;
./datasets/80Archivos/dna_23;Taal;0;0.892856;
./datasets/80Archivos/dna_00;logology;0;0.699098;
./datasets/80Archivos/dna_02;logology;0;0.699098;
./datasets/80Archivos/dna_05;logology;0;0.699098;
./datasets/80Archivos/dna_08;logology;0;0.699098;
./datasets/80Archivos/dna_12;logology;0;0.699098;
./datasets/80Archivos/dna_16;logology;0;0.699098;
./datasets/80Archivos/dna_18;logology;0;0.699098;
./datasets/80Archivos/dna_20;logology;0;0.699098;
./datasets/80Archivos/dna_22;logology;0;0.699098;
./datasets/80Archivos/dna_23;logology;0;0.699098;
./datasets/80Archivos/dna_00;probeer;0;0.722001;
./datasets/80Archivos/dna_02;probeer;0;0.722001;
./datasets/80Archivos/dna_05;probeer;0;0.722001;
./datasets/80Archivos/dna_08;probeer;0;0.722001;
./datasets/80Archivos/dna_12;probeer;0;0.722001;
./datasets/80Archivos/dna_16;probeer;0;0.722001;
./datasets/80Archivos/dna_18;probeer;0;0.722001;
./datasets/80Archivos/dna_20;probeer;0;0.722001;
./datasets/80Archivos/dna_22;probeer;0;0.722001;
./datasets/80Archivos/dna_23;probeer;0;0.722001;
./datasets/80Archivos/dna_00;randomization;0;0.638932;
./datasets/80Archivos/dna_02;randomization;0;0.638932;
./datasets/80Archivos/dna_05;randomization;0;0.638932;
./datasets/80Archivos/dna_08;randomization;0;0.638932;
./datasets/80Archivos/dna_12;randomization;0;0.638932;
./datasets/80Archivos/dna_16;randomization;0;0.638932;
./datasets/80Archivos/dna_18;randomization;0;0.638932;
./datasets/80Archivos/dna_20;randomization;0;0.638932;
./datasets/80Archivos/dna_22;randomization;0;0.638932;
./datasets/80Archivos/dna_23;randomization;0;0.638932;
./datasets/80Archivos/dna_00;poditic;0;0.711941;
./datasets/80Archivos/dna_02;poditic;0;0.711941;
./datasets/80Archivos/dna_05;poditic;0;0.711941;
./datasets/80Archivos/dna_08;poditic;0;0.711941;
./datasets/80Archivos/dna_12;poditic;0;0.711941;
./datasets/80Archivos/dna_16;poditic;0;0.711941;
./datasets/80Archivos/dna_18;poditic;0;0.711941;
./datasets/80Archivos/dna_20;poditic;0;0.711941;
./datasets/80Archivos/dna_22;poditic;0;0.711941;
./datasets/80Archivos/dna_23;poditic;0;0.711941;
./datasets/80Archivos/dna_00;individualize;0;0.63823;
./datasets/80Archivos/dna_02;individualize;0;0.63823;
./datasets/80Archivos/dna_05;individualize;0;0.63823;
./datasets/80Archivos/dna_08;individualize;0;0.63823;
./datasets/80Archivos/dna_12;individualize;0;0.63823;
./datasets/80Archivos/dna_16;individualize;0;0.63823;
./datasets/80Archivos/dna_18;individualize;0;0.63823;
./datasets/80Archivos/dna_20;individualize;0;0.63823;
./datasets/80Archivos/dna_22;individualize;0;0.63823;
./datasets/80Archivos/dna_23;individualize;0;0.63823;
./datasets/80Archivos/dna_00;castigate;0;0.67831;
./datasets/80Archivos/dna_02;castigate;0;0.67831;
./datasets/80Archivos/dna_05;castigate;0;0.67831;
./datasets/80Archivos/dna_08;castigate;0;0.67831;
./datasets/80Archivos/dna_12;castigate;0;0.67831;
./datasets/80Archivos/dna_16;castigate;0;0.67831;
./datasets/80Archivos/dna_18;castigate;0;0.67831;
./datasets/80Archivos/dna_20;castigate;0;0.67831;
./datasets/80Archivos/dna_22;castigate;0;0.67831;
./datasets/80Archivos/dna_23;castigate;0;0.67831;
./datasets/80Archivos/dna_00;Biloculina;0;0.66804;
./datasets/80Archivos/dna_02;Biloculina;0;0.66804;
./datasets/80Archivos/dna_05;Biloculina;0;0.66804;
./datasets/80Archivos/dna_08;Biloculina;0;0.66804;
./datasets/80Archivos/dna_12;Biloculina;0;0.66804;
./datasets/80Archivos/dna_16;Biloculina;0;0.66804;
./datasets/80Archivos/dna_18;Biloculina;0;0.66804;
./datasets/80Archivos/dna_20;Biloculina;0;0.66804;
./datasets/80Archivos/dna_22;Biloculina;0;0.66804;
./datasets/80Archivos/dna_23;Biloculina;0;0.66804;
./datasets/80Archivos/dna_00;overscrub;0;0.672135;
./datasets/80Archivos/dna_02;overscrub;0;0.672135;
./datasets/80Archivos/dna_05;overscrub;0;0.672135;
./datasets/80Archivos/dna_08;overscrub;0;0.672135;
./datasets/80Archivos/dna_12;overscrub;0;0.672135;
./datasets/80Archivos/dna_16;overscrub;0;0.672135;
./datasets/80Archivos/dna_18;overscrub;0;0.672135;
./datasets/80Archivos/dna_20;overscrub;0;0.672135;
./datasets/80Archivos/dna_22;overscrub;0;0.672135;
./datasets/80Archivos/dna_23;overscrub;0;0.672135;
./datasets/80Archivos/dna_00;koolah;0;0.733583;
./datasets/80Archivos/dna_02;koolah;0;0.733583;
./datasets/80Archivos/dna_05;koolah;0;0.733583;
./datasets/80Archivos/dna_08;koolah;0;0.733583;
./datasets/80Archivos/dna_12;koolah;0;0.733583;
./datasets/80Archivos/dna_16;koolah;0;0.733583;
./datasets/80Archivos/dna_18;koolah;0;0.733583;
./datasets/80Archivos/dna_20;koolah;0;0.733583;
./datasets/80Archivos/dna_22;koolah;0;0.733583;
./datasets/80Archivos/dna_23;koolah;0;0.733583;
./datasets/80Archivos/dna_00;weetless;0;0.698808;
./datasets/80Archivos/dna_02;weetless;0;0.698808;
./datasets/80Archivos/dna_05;weetless;0;0.698808;
./datasets/80Archivos/dna_08;weetless;0;0.698808;
./datasets/80Archivos/dna_12;weetless;0;0.698808;
./datasets/80Archivos/dna_16;weetless;0;0.698808;
./datasets/80Archivos/dna_18;weetless;0;0.698808;
./datasets/80Archivos/dna_20;weetless;0;0.698808;
./datasets/80Archivos/dna_22;weetless;0;0.698808;
./datasets/80Archivos/dna_23;weetless;0;0.698808;
./datasets/80Archivos/dna_00;erased;0;0.752387;
./datasets/80Archivos/dna_02;erased;0;0.752387;
./datasets/80Archivos/dna_05;erased;0;0.752387;
./datasets/80Archivos/dna_08;erased;0;0.752387;
./datasets/80Archivos/dna_12;erased;0;0.752387;
./datasets/80Archivos/dna_16;erased;0;0.752387;
./datasets/80Archivos/dna_18;erased;0;0.752387;
./datasets/80Archivos/dna_20;erased;0;0.752387;
./datasets/80Archivos/dna_22;erased;0;0.752387;
./datasets/80Archivos/dna_23;erased;0;0.752387;
./datasets/80Archivos/dna_00;layery;0;0.779579;
./datasets/80Archivos/dna_02;layery;0;0.779579;
./datasets/80Archivos/dna_05;layery;0;0.779579;
./datasets/80Archivos/dna_08;layery;0;0.779579;
./datasets/80Archivos/dna_12;layery;0;0.779579;
./datasets/80Archivos/dna_16;layery;0;0.779579;
./datasets/80Archivos/dna_18;layery;0;0.779579;
./datasets/80Archivos/dna_20;layery;0;0.779579;
./datasets/80Archivos/dna_22;layery;0;0.779579;
./datasets/80Archivos/dna_23;layery;0;0.779579;
./datasets/80Archivos/dna_00;discontinuee;0;0.657069;
./datasets/80Archivos/dna_02;discontinuee;0;0.657069;
./datasets/80Archivos/dna_05;discontinuee;0;0.657069;
./datasets/80Archivos/dna_08;discontinuee;0;0.657069;
./datasets/80Archivos/dna_12;discontinuee;0;0.657069;
./datasets/80Archivos/dna_16;discontinuee;0;0.657069;
./datasets/80Archivos/dna_18;discontinuee;0;0.657069;
./datasets/80Archivos/dna_20;discontinuee;0;0.657069;
./datasets/80Archivos/dna_22;discontinuee;0;0.657069;
./datasets/80Archivos/dna_23;discontinuee;0;0.657069;
./datasets/80Archivos/dna_00;anaphylatoxin;0;0.656021;
./datasets/80Archivos/dna_02;anaphylatoxin;0;0.656021;
./datasets/80Archivos/dna_05;anaphylatoxin;0;0.656021;
./datasets/80Archivos/dna_08;anaphylatoxin;0;0.656021;
./datasets/80Archivos/dna_12;anaphylatoxin;0;0.656021;
./datasets/80Archivos/dna_16;anaphylatoxin;0;0.656021;
./datasets/80Archivos/dna_18;anaphylatoxin;0;0.656021;
./datasets/80Archivos/dna_20;anaphylatoxin;0;0.656021;
./datasets/80Archivos/dna_22;anaphylatoxin;0;0.656021;
./datasets/80Archivos/dna_23;anaphylatoxin;0;0.656021;
./datasets/80Archivos/dna_00;unwounded;0;0.697958;
./datasets/80Archivos/dna_02;unwounded;0;0.697958;
./datasets/80Archivos/dna_05;unwounded;0;0.697958;
./datasets/80Archivos/dna_08;unwounded;0;0.697958;
./datasets/80Archivos/dna_12;unwounded;0;0.697958;
./datasets/80Archivos/dna_16;unwounded;0;0.697958;
./datasets/80Archivos/dna_18;unwounded;0;0.697958;
./datasets/80Archivos/dna_20;unwounded;0;0.697958;
./datasets/80Archivos/dna_22;unwounded;0;0.697958;
./datasets/80Archivos/dna_23;unwounded;0;0.697958;
./datasets/80Archivos/dna_00;personalism;0;0.715631;
./datasets/80Archivos/dna_02;personalism;0;0.715631;
./datasets/80Archivos/dna_05;personalism;0;0.715631;
./datasets/80Archivos/dna_08;personalism;0;0.715631;
./datasets/80Archivos/dna_12;personalism;0;0.715631;
./datasets/80Archivos/dna_16;personalism;0;0.715631;
./datasets/80Archivos/dna_18;personalism;0;0.715631;
./datasets/80Archivos/dna_20;personalism;0;0.715631;
./datasets/80Archivos/dna_22;personalism;0;0.715631;
./datasets/80Archivos/dna_23;personalism;0;0.715631;
./datasets/80Archivos/dna_00;howitzer;0;0.700362;
./datasets/80Archivos/dna_02;howitzer;0;0.700362;
./datasets/80Archivos/dna_05;howitzer;0;0.700362;
./datasets/80Archivos/dna_08;howitzer;0;0.700362;
./datasets/80Archivos/dna_12;howitzer;0;0.700362;
./datasets/80Archivos/dna_16;howitzer;0;0.700362;
./datasets/80Archivos/dna_18;howitzer;0;0.700362;
./datasets/80Archivos/dna_20;howitzer;0;0.700362;
./datasets/80Archivos/dna_22;howitzer;0;0.700362;
./datasets/80Archivos/dna_23;howitzer;0;0.700362;
./datasets/80Archivos/dna_00;hexahydroxy;0;0.793934;
./datasets/80Archivos/dna_02;hexahydroxy;0;0.793934;
./datasets/80Archivos/dna_05;hexahydroxy;0;0.793934;
./datasets/80Archivos/dna_08;hexahydroxy;0;0.793934;
./datasets/80Archivos/dna_12;hexahydroxy;0;0.793934;
./datasets/80Archivos/dna_16;hexahydroxy;0;0.793934;
./datasets/80Archivos/dna_18;hexahydroxy;0;0.793934;
./datasets/80Archivos/dna_20;hexahydroxy;0;0.793934;
./datasets/80Archivos/dna_22;hexahydroxy;0;0.793934;
./datasets/80Archivos/dna_23;hexahydroxy;0;0.793934;
./datasets/80Archivos/dna_00;koku;0;0.827989;
./datasets/80Archivos/dna_02;koku;0;0.827989;
./datasets/80Archivos/dna_05;koku;0;0.827989;
./datasets/80Archivos/dna_08;koku;0;0.827989;
./datasets/80Archivos/dna_12;koku;0;0.827989;
./datasets/80Archivos/dna_16;koku;0;0.827989;
./datasets/80Archivos/dna_18;koku;0;0.827989;
./datasets/80Archivos/dna_20;koku;0;0.827989;
./datasets/80Archivos/dna_22;koku;0;0.827989;
./datasets/80Archivos/dna_23;koku;0;0.827989;
./datasets/80Archivos/dna_00;reamer;0;0.735983;
./datasets/80Archivos/dna_02;reamer;0;0.735983;
./datasets/80Archivos/dna_05;reamer;0;0.735983;
./datasets/80Archivos/dna_08;reamer;0;0.735983;
./datasets/80Archivos/dna_12;reamer;0;0.735983;
./datasets/80Archivos/dna_16;reamer;0;0.735983;
./datasets/80Archivos/dna_18;reamer;0;0.735983;
./datasets/80Archivos/dna_20;reamer;0;0.735983;
./datasets/80Archivos/dna_22;reamer;0;0.735983;
./datasets/80Archivos/dna_23;reamer;0;0.735983;
./datasets/80Archivos/dna_00;tonguiness;0;0.667026;
./datasets/80Archivos/dna_02;tonguiness;0;0.667026;
./datasets/80Archivos/dna_05;tonguiness;0;0.667026;
./datasets/80Archivos/dna_08;tonguiness;0;0.667026;
./datasets/80Archivos/dna_12;tonguiness;0;0.667026;
./datasets/80Archivos/dna_16;tonguiness;0;0.667026;
./datasets/80Archivos/dna_18;tonguiness;0;0.667026;
./datasets/80Archivos/dna_20;tonguiness;0;0.667026;
./datasets/80Archivos/dna_22;tonguiness;0;0.667026;
./datasets/80Archivos/dna_23;tonguiness;0;0.667026;
./datasets/80Archivos/dna_00;microgametocyte;0;0.628382;
./datasets/80Archivos/dna_02;microgametocyte;0;0.628382;
./datasets/80Archivos/dna_05;microgametocyte;0;0.628382;
./datasets/80Archivos/dna_08;microgametocyte;0;0.628382;
./datasets/80Archivos/dna_12;microgametocyte;0;0.628382;
./datasets/80Archivos/dna_16;microgametocyte;0;0.628382;
./datasets/80Archivos/dna_18;microgametocyte;0;0.628382;
./datasets/80Archivos/dna_20;microgametocyte;0;0.628382;
./datasets/80Archivos/dna_22;microgametocyte;0;0.628382;
./datasets/80Archivos/dna_23;microgametocyte;0;0.628382;
./datasets/80Archivos/dna_00;baba;0;0.832505;
./datasets/80Archivos/dna_02;baba;0;0.832505;
./datasets/80Archivos/dna_05;baba;0;0.832505;
./datasets/80Archivos/dna_08;baba;0;0.832505;
./datasets/80Archivos/dna_12;baba;0;0.832505;
./datasets/80Archivos/dna_16;baba;0;0.832505;
./datasets/80Archivos/dna_18;baba;0;0.832505;
./datasets/80Archivos/dna_20;baba;0;0.832505;
./datasets/80Archivos/dna_22;baba;0;0.832505;
./datasets/80Archivos/dna_23;baba;0;0.832505;
./datasets/80Archivos/dna_00;ludefisk;0;0.692285;
./datasets/80Archivos/dna_02;ludefisk;0;0.692285;
./datasets/80Archivos/dna_05;ludefisk;0;0.692285;
./datasets/80Archivos/dna_08;ludefisk;0;0.692285;
./datasets/80Archivos/dna_12;ludefisk;0;0.692285;
./datasets/80Archivos/dna_16;ludefisk;0;0.692285;
./datasets/80Archivos/dna_18;ludefisk;0;0.692285;
./datasets/80Archivos/dna_20;ludefisk;0;0.692285;
./datasets/80Archivos/dna_22;ludefisk;0;0.692285;
./datasets/80Archivos/dna_23;ludefisk;0;0.692285;
./datasets/80Archivos/dna_00;novelwright;0;0.653958;
./datasets/80Archivos/dna_02;novelwright;0;0.653958;
./datasets/80Archivos/dna_05;novelwright;0;0.653958;
./datasets/80Archivos/dna_08;novelwright;0;0.653958;
./datasets/80Archivos/dna_12;novelwright;0;0.653958;
./datasets/80Archivos/dna_16;novelwright;0;0.653958;
./datasets/80Archivos/dna_18;novelwright;0;0.653958;
./datasets/80Archivos/dna_20;novelwright;0;0.653958;
./datasets/80Archivos/dna_22;novelwright;0;0.653958;
./datasets/80Archivos/dna_23;novelwright;0;0.653958;
./datasets/80Archivos/dna_00;swinehull;0;0.685653;
./datasets/80Archivos/dna_02;swinehull;0;0.685653;
./datasets/80Archivos/dna_05;swinehull;0;0.685653;
./datasets/80Archivos/dna_08;swinehull;0;0.685653;
./datasets/80Archivos/dna_12;swinehull;0;0.685653;
./datasets/80Archivos/dna_16;swinehull;0;0.685653;
./datasets/80Archivos/dna_18;swinehull;0;0.685653;
./datasets/80Archivos/dna_20;swinehull;0;0.685653;
./datasets/80Archivos/dna_22;swinehull;0;0.685653;
./datasets/80Archivos/dna_23;swinehull;0;0.685653;
./datasets/80Archivos/dna_00;Odonata;0;0.721339;
./datasets/80Archivos/dna_02;Odonata;0;0.721339;
./datasets/80Archivos/dna_05;Odonata;0;0.721339;
./datasets/80Archivos/dna_08;Odonata;0;0.721339;
./datasets/80Archivos/dna_12;Odonata;0;0.721339;
./datasets/80Archivos/dna_16;Odonata;0;0.721339;
./datasets/80Archivos/dna_18;Odonata;0;0.721339;
./datasets/80Archivos/dna_20;Odonata;0;0.721339;
./datasets/80Archivos/dna_22;Odonata;0;0.721339;
./datasets/80Archivos/dna_23;Odonata;0;0.721339;
./datasets/80Archivos/dna_00;indefinable;0;0.701834;
./datasets/80Archivos/dna_02;indefinable;0;0.701834;
./datasets/80Archivos/dna_05;indefinable;0;0.701834;
./datasets/80Archivos/dna_08;indefinable;0;0.701834;
./datasets/80Archivos/dna_12;indefinable;0;0.701834;
./datasets/80Archivos/dna_16;indefinable;0;0.701834;
./datasets/80Archivos/dna_18;indefinable;0;0.701834;
./datasets/80Archivos/dna_20;indefinable;0;0.701834;
./datasets/80Archivos/dna_22;indefinable;0;0.701834;
./datasets/80Archivos/dna_23;indefinable;0;0.701834;
./datasets/80Archivos/dna_00;faineance;0;0.745138;
./datasets/80Archivos/dna_02;faineance;0;0.745138;
./datasets/80Archivos/dna_05;faineance;0;0.745138;
./datasets/80Archivos/dna_08;faineance;0;0.745138;
./datasets/80Archivos/dna_12;faineance;0;0.745138;
./datasets/80Archivos/dna_16;faineance;0;0.745138;
./datasets/80Archivos/dna_18;faineance;0;0.745138;
./datasets/80Archivos/dna_20;faineance;0;0.745138;
./datasets/80Archivos/dna_22;faineance;0;0.745138;
./datasets/80Archivos/dna_23;faineance;0;0.745138;
./datasets/80Archivos/dna_00;nidologist;0;0.666221;
./datasets/80Archivos/dna_02;nidologist;0;0.666221;
./datasets/80Archivos/dna_05;nidologist;0;0.666221;
./datasets/80Archivos/dna_08;nidologist;0;0.666221;
./datasets/80Archivos/dna_12;nidologist;0;0.666221;
./datasets/80Archivos/dna_16;nidologist;0;0.666221;
./datasets/80Archivos/dna_18;nidologist;0;0.666221;
./datasets/80Archivos/dna_20;nidologist;0;0.666221;
./datasets/80Archivos/dna_22;nidologist;0;0.666221;
./datasets/80Archivos/dna_23;nidologist;0;0.666221;
./datasets/80Archivos/dna_00;supracargo;0;0.695407;
./datasets/80Archivos/dna_02;supracargo;0;0.695407;
./datasets/80Archivos/dna_05;supracargo;0;0.695407;
./datasets/80Archivos/dna_08;supracargo;0;0.695407;
./datasets/80Archivos/dna_12;supracargo;0;0.695407;
./datasets/80Archivos/dna_16;supracargo;0;0.695407;
./datasets/80Archivos/dna_18;supracargo;0;0.695407;
./datasets/80Archivos/dna_20;supracargo;0;0.695407;
./datasets/80Archivos/dna_22;supracargo;0;0.695407;
./datasets/80Archivos/dna_23;supracargo;0;0.695407;
./datasets/80Archivos/dna_00;beriberic;0;0.688071;
./datasets/80Archivos/dna_02;beriberic;0;0.688071;
./datasets/80Archivos/dna_05;beriberic;0;0.688071;
./datasets/80Archivos/dna_08;beriberic;0;0.688071;
./datasets/80Archivos/dna_12;beriberic;0;0.688071;
./datasets/80Archivos/dna_16;beriberic;0;0.688071;
./datasets/80Archivos/dna_18;beriberic;0;0.688071;
./datasets/80Archivos/dna_20;beriberic;0;0.688071;
./datasets/80Archivos/dna_22;beriberic;0;0.688071;
./datasets/80Archivos/dna_23;beriberic;0;0.688071;
./datasets/80Archivos/dna_00;betso;0;0.774576;
./datasets/80Archivos/dna_02;betso;0;0.774576;
./datasets/80Archivos/dna_05;betso;0;0.774576;
./datasets/80Archivos/dna_08;betso;0;0.774576;
./datasets/80Archivos/dna_12;betso;0;0.774576;
./datasets/80Archivos/dna_16;betso;0;0.774576;
./datasets/80Archivos/dna_18;betso;0;0.774576;
./datasets/80Archivos/dna_20;betso;0;0.774576;
./datasets/80Archivos/dna_22;betso;0;0.774576;
./datasets/80Archivos/dna_23;betso;0;0.774576;
./datasets/80Archivos/dna_00;archheart;0;0.680645;
./datasets/80Archivos/dna_02;archheart;0;0.680645;
./datasets/80Archivos/dna_05;archheart;0;0.680645;
./datasets/80Archivos/dna_08;archheart;0;0.680645;
./datasets/80Archivos/dna_12;archheart;0;0.680645;
./datasets/80Archivos/dna_16;archheart;0;0.680645;
./datasets/80Archivos/dna_18;archheart;0;0.680645;
./datasets/80Archivos/dna_20;archheart;0;0.680645;
./datasets/80Archivos/dna_22;archheart;0;0.680645;
./datasets/80Archivos/dna_23;archheart;0;0.680645;
./datasets/80Archivos/dna_00;snary;0;0.776388;
./datasets/80Archivos/dna_02;snary;0;0.776388;
./datasets/80Archivos/dna_05;snary;0;0.776388;
./datasets/80Archivos/dna_08;snary;0;0.776388;
./datasets/80Archivos/dna_12;snary;0;0.776388;
./datasets/80Archivos/dna_16;snary;0;0.776388;
./datasets/80Archivos/dna_18;snary;0;0.776388;
./datasets/80Archivos/dna_20;snary;0;0.776388;
./datasets/80Archivos/dna_22;snary;0;0.776388;
./datasets/80Archivos/dna_23;snary;0;0.776388;
./datasets/80Archivos/dna_00;Viminal;0;0.723966;
./datasets/80Archivos/dna_02;Viminal;0;0.723966;
./datasets/80Archivos/dna_05;Viminal;0;0.723966;
./datasets/80Archivos/dna_08;Viminal;0;0.723966;
./datasets/80Archivos/dna_12;Viminal;0;0.723966;
./datasets/80Archivos/dna_16;Viminal;0;0.723966;
./datasets/80Archivos/dna_18;Viminal;0;0.723966;
./datasets/80Archivos/dna_20;Viminal;0;0.723966;
./datasets/80Archivos/dna_22;Viminal;0;0.723966;
./datasets/80Archivos/dna_23;Viminal;0;0.723966;
./datasets/80Archivos/dna_00;Pygopodidae;0;0.736044;
./datasets/80Archivos/dna_02;Pygopodidae;0;0.736044;
./datasets/80Archivos/dna_05;Pygopodidae;0;0.736044;
./datasets/80Archivos/dna_08;Pygopodidae;0;0.736044;
./datasets/80Archivos/dna_12;Pygopodidae;0;0.736044;
./datasets/80Archivos/dna_16;Pygopodidae;0;0.736044;
./datasets/80Archivos/dna_18;Pygopodidae;0;0.736044;
./datasets/80Archivos/dna_20;Pygopodidae;0;0.736044;
./datasets/80Archivos/dna_22;Pygopodidae;0;0.736044;
./datasets/80Archivos/dna_23;Pygopodidae;0;0.736044;
./datasets/80Archivos/dna_00;acetylenediurein;0;0.639653;
./datasets/80Archivos/dna_02;acetylenediurein;0;0.639653;
./datasets/80Archivos/dna_05;acetylenediurein;0;0.639653;
./datasets/80Archivos/dna_08;acetylenediurein;0;0.639653;
./datasets/80Archivos/dna_12;acetylenediurein;0;0.639653;
./datasets/80Archivos/dna_16;acetylenediurein;0;0.639653;
./datasets/80Archivos/dna_18;acetylenediurein;0;0.639653;
./datasets/80Archivos/dna_20;acetylenediurein;0;0.639653;
./datasets/80Archivos/dna_22;acetylenediurein;0;0.639653;
./datasets/80Archivos/dna_23;acetylenediurein;0;0.639653;
./datasets/80Archivos/dna_00;asphalt;0;0.707596;
./datasets/80Archivos/dna_02;asphalt;0;0.707596;
./datasets/80Archivos/dna_05;asphalt;0;0.707596;
./datasets/80Archivos/dna_08;asphalt;0;0.707596;
./datasets/80Archivos/dna_12;asphalt;0;0.707596;
./datasets/80Archivos/dna_16;asphalt;0;0.707596;
./datasets/80Archivos/dna_18;asphalt;0;0.707596;
./datasets/80Archivos/dna_20;asphalt;0;0.707596;
./datasets/80Archivos/dna_22;asphalt;0;0.707596;
./datasets/80Archivos/dna_23;asphalt;0;0.707596;
./datasets/80Archivos/dna_00;preimpress;0;0.669718;
./datasets/80Archivos/dna_02;preimpress;0;0.669718;
./datasets/80Archivos/dna_05;preimpress;0;0.669718;
./datasets/80Archivos/dna_08;preimpress;0;0.669718;
./datasets/80Archivos/dna_12;preimpress;0;0.669718;
./datasets/80Archivos/dna_16;preimpress;0;0.669718;
./datasets/80Archivos/dna_18;preimpress;0;0.669718;
./datasets/80Archivos/dna_20;preimpress;0;0.669718;
./datasets/80Archivos/dna_22;preimpress;0;0.669718;
./datasets/80Archivos/dna_23;preimpress;0;0.669718;
./datasets/80Archivos/dna_00;fountainlet;0;0.65464;
./datasets/80Archivos/dna_02;fountainlet;0;0.65464;
./datasets/80Archivos/dna_05;fountainlet;0;0.65464;
./datasets/80Archivos/dna_08;fountainlet;0;0.65464;
./datasets/80Archivos/dna_12;fountainlet;0;0.65464;
./datasets/80Archivos/dna_16;fountainlet;0;0.65464;
./datasets/80Archivos/dna_18;fountainlet;0;0.65464;
./datasets/80Archivos/dna_20;fountainlet;0;0.65464;
./datasets/80Archivos/dna_22;fountainlet;0;0.65464;
./datasets/80Archivos/dna_23;fountainlet;0;0.65464;
./datasets/80Archivos/dna_00;bejel;0;0.777492;
./datasets/80Archivos/dna_02;bejel;0;0.777492;
./datasets/80Archivos/dna_05;bejel;0;0.777492;
./datasets/80Archivos/dna_08;bejel;0;0.777492;
./datasets/80Archivos/dna_12;bejel;0;0.777492;
./datasets/80Archivos/dna_16;bejel;0;0.777492;
./datasets/80Archivos/dna_18;bejel;0;0.777492;
./datasets/80Archivos/dna_20;bejel;0;0.777492;
./datasets/80Archivos/dna_22;bejel;0;0.777492;
./datasets/80Archivos/dna_23;bejel;0;0.777492;
./datasets/80Archivos/dna_00;unpictorially;0;0.666524;
./datasets/80Archivos/dna_02;unpictorially;0;0.666524;
./datasets/80Archivos/dna_05;unpictorially;0;0.666524;
./datasets/80Archivos/dna_08;unpictorially;0;0.666524;
./datasets/80Archivos/dna_12;unpictorially;0;0.666524;
./datasets/80Archivos/dna_16;unpictorially;0;0.666524;
./datasets/80Archivos/dna_18;unpictorially;0;0.666524;
./datasets/80Archivos/dna_20;unpictorially;0;0.666524;
./datasets/80Archivos/dna_22;unpictorially;0;0.666524;
./datasets/80Archivos/dna_23;unpictorially;0;0.666524;
./datasets/80Archivos/dna_00;heliophyte;0;0.666056;
./datasets/80Archivos/dna_02;heliophyte;0;0.666056;
./datasets/80Archivos/dna_05;heliophyte;0;0.666056;
./datasets/80Archivos/dna_08;heliophyte;0;0.666056;
./datasets/80Archivos/dna_12;heliophyte;0;0.666056;
./datasets/80Archivos/dna_16;heliophyte;0;0.666056;
./datasets/80Archivos/dna_18;heliophyte;0;0.666056;
./datasets/80Archivos/dna_20;heliophyte;0;0.666056;
./datasets/80Archivos/dna_22;heliophyte;0;0.666056;
./datasets/80Archivos/dna_23;heliophyte;0;0.666056;
./datasets/80Archivos/dna_00;chimopeelagic;0;0.64189;
./datasets/80Archivos/dna_02;chimopeelagic;0;0.64189;
./datasets/80Archivos/dna_05;chimopeelagic;0;0.64189;
./datasets/80Archivos/dna_08;chimopeelagic;0;0.64189;
./datasets/80Archivos/dna_12;chimopeelagic;0;0.64189;
./datasets/80Archivos/dna_16;chimopeelagic;0;0.64189;
./datasets/80Archivos/dna_18;chimopeelagic;0;0.64189;
./datasets/80Archivos/dna_20;chimopeelagic;0;0.64189;
./datasets/80Archivos/dna_22;chimopeelagic;0;0.64189;
./datasets/80Archivos/dna_23;chimopeelagic;0;0.64189;
./datasets/80Archivos/dna_00;warison;0;0.71431;
./datasets/80Archivos/dna_02;warison;0;0.71431;
./datasets/80Archivos/dna_05;warison;0;0.71431;
./datasets/80Archivos/dna_08;warison;0;0.71431;
./datasets/80Archivos/dna_12;warison;0;0.71431;
./datasets/80Archivos/dna_16;warison;0;0.71431;
./datasets/80Archivos/dna_18;warison;0;0.71431;
./datasets/80Archivos/dna_20;warison;0;0.71431;
./datasets/80Archivos/dna_22;warison;0;0.71431;
./datasets/80Archivos/dna_23;warison;0;0.71431;
./datasets/80Archivos/dna_00;antivaccinist;0;0.644806;
./datasets/80Archivos/dna_02;antivaccinist;0;0.644806;
./datasets/80Archivos/dna_05;antivaccinist;0;0.644806;
./datasets/80Archivos/dna_08;antivaccinist;0;0.644806;
./datasets/80Archivos/dna_12;antivaccinist;0;0.644806;
./datasets/80Archivos/dna_16;antivaccinist;0;0.644806;
./datasets/80Archivos/dna_18;antivaccinist;0;0.644806;
./datasets/80Archivos/dna_20;antivaccinist;0;0.644806;
./datasets/80Archivos/dna_22;antivaccinist;0;0.644806;
./datasets/80Archivos/dna_23;antivaccinist;0;0.644806;
./datasets/80Archivos/dna_00;overtwine;0;0.679931;
./datasets/80Archivos/dna_02;overtwine;0;0.679931;
./datasets/80Archivos/dna_05;overtwine;0;0.679931;
./datasets/80Archivos/dna_08;overtwine;0;0.679931;
./datasets/80Archivos/dna_12;overtwine;0;0.679931;
./datasets/80Archivos/dna_16;overtwine;0;0.679931;
./datasets/80Archivos/dna_18;overtwine;0;0.679931;
./datasets/80Archivos/dna_20;overtwine;0;0.679931;
./datasets/80Archivos/dna_22;overtwine;0;0.679931;
./datasets/80Archivos/dna_23;overtwine;0;0.679931;
./datasets/80Archivos/dna_00;preremove;0;0.730355;
./datasets/80Archivos/dna_02;preremove;0;0.730355;
./datasets/80Archivos/dna_05;preremove;0;0.730355;
./datasets/80Archivos/dna_08;preremove;0;0.730355;
./datasets/80Archivos/dna_12;preremove;0;0.730355;
./datasets/80Archivos/dna_16;preremove;0;0.730355;
./datasets/80Archivos/dna_18;preremove;0;0.730355;
./datasets/80Archivos/dna_20;preremove;0;0.730355;
./datasets/80Archivos/dna_22;preremove;0;0.730355;
./datasets/80Archivos/dna_23;preremove;0;0.730355;
./datasets/80Archivos/dna_00;nerval;0;0.776969;
./datasets/80Archivos/dna_02;nerval;0;0.776969;
./datasets/80Archivos/dna_05;nerval;0;0.776969;
./datasets/80Archivos/dna_08;nerval;0;0.776969;
./datasets/80Archivos/dna_12;nerval;0;0.776969;
./datasets/80Archivos/dna_16;nerval;0;0.776969;
./datasets/80Archivos/dna_18;nerval;0;0.776969;
./datasets/80Archivos/dna_20;nerval;0;0.776969;
./datasets/80Archivos/dna_22;nerval;0;0.776969;
./datasets/80Archivos/dna_23;nerval;0;0.776969;
./datasets/80Archivos/dna_00;bufonite;0;0.718107;
./datasets/80Archivos/dna_02;bufonite;0;0.718107;
./datasets/80Archivos/dna_05;bufonite;0;0.718107;
./datasets/80Archivos/dna_08;bufonite;0;0.718107;
./datasets/80Archivos/dna_12;bufonite;0;0.718107;
./datasets/80Archivos/dna_16;bufonite;0;0.718107;
./datasets/80Archivos/dna_18;bufonite;0;0.718107;
./datasets/80Archivos/dna_20;bufonite;0;0.718107;
./datasets/80Archivos/dna_22;bufonite;0;0.718107;
./datasets/80Archivos/dna_23;bufonite;0;0.718107;
./datasets/80Archivos/dna_00;eradicator;0;0.686053;
./datasets/80Archivos/dna_02;eradicator;0;0.686053;
./datasets/80Archivos/dna_05;eradicator;0;0.686053;
./datasets/80Archivos/dna_08;eradicator;0;0.686053;
./datasets/80Archivos/dna_12;eradicator;0;0.686053;
./datasets/80Archivos/dna_16;eradicator;0;0.686053;
./datasets/80Archivos/dna_18;eradicator;0;0.686053;
./datasets/80Archivos/dna_20;eradicator;0;0.686053;
./datasets/80Archivos/dna_22;eradicator;0;0.686053;
./datasets/80Archivos/dna_23;eradicator;0;0.686053;
./datasets/80Archivos/dna_00;turtling;0;0.696613;
./datasets/80Archivos/dna_02;turtling;0;0.696613;
./datasets/80Archivos/dna_05;turtling;0;0.696613;
./datasets/80Archivos/dna_08;turtling;0;0.696613;
./datasets/80Archivos/dna_12;turtling;0;0.696613;
./datasets/80Archivos/dna_16;turtling;0;0.696613;
./datasets/80Archivos/dna_18;turtling;0;0.696613;
./datasets/80Archivos/dna_20;turtling;0;0.696613;
./datasets/80Archivos/dna_22;turtling;0;0.696613;
./datasets/80Archivos/dna_23;turtling;0;0.696613;
./datasets/80Archivos/dna_00;winrace;0;0.713476;
./datasets/80Archivos/dna_02;winrace;0;0.713476;
./datasets/80Archivos/dna_05;winrace;0;0.713476;
./datasets/80Archivos/dna_08;winrace;0;0.713476;
./datasets/80Archivos/dna_12;winrace;0;0.713476;
./datasets/80Archivos/dna_16;winrace;0;0.713476;
./datasets/80Archivos/dna_18;winrace;0;0.713476;
./datasets/80Archivos/dna_20;winrace;0;0.713476;
./datasets/80Archivos/dna_22;winrace;0;0.713476;
./datasets/80Archivos/dna_23;winrace;0;0.713476;
./datasets/80Archivos/dna_00;psychographic;0;0.644115;
./datasets/80Archivos/dna_02;psychographic;0;0.644115;
./datasets/80Archivos/dna_05;psychographic;0;0.644115;
./datasets/80Archivos/dna_08;psychographic;0;0.644115;
./datasets/80Archivos/dna_12;psychographic;0;0.644115;
./datasets/80Archivos/dna_16;psychographic;0;0.644115;
./datasets/80Archivos/dna_18;psychographic;0;0.644115;
./datasets/80Archivos/dna_20;psychographic;0;0.644115;
./datasets/80Archivos/dna_22;psychographic;0;0.644115;
./datasets/80Archivos/dna_23;psychographic;0;0.644115;
./datasets/80Archivos/dna_00;impalpably;0;0.664675;
./datasets/80Archivos/dna_02;impalpably;0;0.664675;
./datasets/80Archivos/dna_05;impalpably;0;0.664675;
./datasets/80Archivos/dna_08;impalpably;0;0.664675;
./datasets/80Archivos/dna_12;impalpably;0;0.664675;
./datasets/80Archivos/dna_16;impalpably;0;0.664675;
./datasets/80Archivos/dna_18;impalpably;0;0.664675;
./datasets/80Archivos/dna_20;impalpably;0;0.664675;
./datasets/80Archivos/dna_22;impalpably;0;0.664675;
./datasets/80Archivos/dna_23;impalpably;0;0.664675;
./datasets/80Archivos/dna_00;amygdalase;0;0.668729;
./datasets/80Archivos/dna_02;amygdalase;0;0.668729;
./datasets/80Archivos/dna_05;amygdalase;0;0.668729;
./datasets/80Archivos/dna_08;amygdalase;0;0.668729;
./datasets/80Archivos/dna_12;amygdalase;0;0.668729;
./datasets/80Archivos/dna_16;amygdalase;0;0.668729;
./datasets/80Archivos/dna_18;amygdalase;0;0.668729;
./datasets/80Archivos/dna_20;amygdalase;0;0.668729;
./datasets/80Archivos/dna_22;amygdalase;0;0.668729;
./datasets/80Archivos/dna_23;amygdalase;0;0.668729;
./datasets/80Archivos/dna_00;Octogynia;0;0.684033;
./datasets/80Archivos/dna_02;Octogynia;0;0.684033;
./datasets/80Archivos/dna_05;Octogynia;0;0.684033;
./datasets/80Archivos/dna_08;Octogynia;0;0.684033;
./datasets/80Archivos/dna_12;Octogynia;0;0.684033;
./datasets/80Archivos/dna_16;Octogynia;0;0.684033;
./datasets/80Archivos/dna_18;Octogynia;0;0.684033;
./datasets/80Archivos/dna_20;Octogynia;0;0.684033;
./datasets/80Archivos/dna_22;Octogynia;0;0.684033;
./datasets/80Archivos/dna_23;Octogynia;0;0.684033;
./datasets/80Archivos/dna_00;brimming;0;0.708107;
./datasets/80Archivos/dna_02;brimming;0;0.708107;
./datasets/80Archivos/dna_05;brimming;0;0.708107;
./datasets/80Archivos/dna_08;brimming;0;0.708107;
./datasets/80Archivos/dna_12;brimming;0;0.708107;
./datasets/80Archivos/dna_16;brimming;0;0.708107;
./datasets/80Archivos/dna_18;brimming;0;0.708107;
./datasets/80Archivos/dna_20;brimming;0;0.708107;
./datasets/80Archivos/dna_22;brimming;0;0.708107;
./datasets/80Archivos/dna_23;brimming;0;0.708107;
./datasets/80Archivos/dna_00;grist;0;0.783556;
./datasets/80Archivos/dna_02;grist;0;0.783556;
./datasets/80Archivos/dna_05;grist;0;0.783556;
./datasets/80Archivos/dna_08;grist;0;0.783556;
./datasets/80Archivos/dna_12;grist;0;0.783556;
./datasets/80Archivos/dna_16;grist;0;0.783556;
./datasets/80Archivos/dna_18;grist;0;0.783556;
./datasets/80Archivos/dna_20;grist;0;0.783556;
./datasets/80Archivos/dna_22;grist;0;0.783556;
./datasets/80Archivos/dna_23;grist;0;0.783556;
./datasets/80Archivos/dna_00;casave;0;0.753444;
./datasets/80Archivos/dna_02;casave;0;0.753444;
./datasets/80Archivos/dna_05;casave;0;0.753444;
./datasets/80Archivos/dna_08;casave;0;0.753444;
./datasets/80Archivos/dna_12;casave;0;0.753444;
./datasets/80Archivos/dna_16;casave;0;0.753444;
./datasets/80Archivos/dna_18;casave;0;0.753444;
./datasets/80Archivos/dna_20;casave;0;0.753444;
./datasets/80Archivos/dna_22;casave;0;0.753444;
./datasets/80Archivos/dna_23;casave;0;0.753444;
./datasets/80Archivos/dna_00;brazilein;0;0.686609;
./datasets/80Archivos/dna_02;brazilein;0;0.686609;
./datasets/80Archivos/dna_05;brazilein;0;0.686609;
./datasets/80Archivos/dna_08;brazilein;0;0.686609;
./datasets/80Archivos/dna_12;brazilein;0;0.686609;
./datasets/80Archivos/dna_16;brazilein;0;0.686609;
./datasets/80Archivos/dna_18;brazilein;0;0.686609;
./datasets/80Archivos/dna_20;brazilein;0;0.686609;
./datasets/80Archivos/dna_22;brazilein;0;0.686609;
./datasets/80Archivos/dna_23;brazilein;0;0.686609;
./datasets/80Archivos/dna_00;afluking;0;0.693594;
./datasets/80Archivos/dna_02;afluking;0;0.693594;
./datasets/80Archivos/dna_05;afluking;0;0.693594;
./datasets/80Archivos/dna_08;afluking;0;0.693594;
./datasets/80Archivos/dna_12;afluking;0;0.693594;
./datasets/80Archivos/dna_16;afluking;0;0.693594;
./datasets/80Archivos/dna_18;afluking;0;0.693594;
./datasets/80Archivos/dna_20;afluking;0;0.693594;
./datasets/80Archivos/dna_22;afluking;0;0.693594;
./datasets/80Archivos/dna_23;afluking;0;0.693594;
./datasets/80Archivos/dna_00;meliceris;0;0.676458;
./datasets/80Archivos/dna_02;meliceris;0;0.676458;
./datasets/80Archivos/dna_05;meliceris;0;0.676458;
./datasets/80Archivos/dna_08;meliceris;0;0.676458;
./datasets/80Archivos/dna_12;meliceris;0;0.676458;
./datasets/80Archivos/dna_16;meliceris;0;0.676458;
./datasets/80Archivos/dna_18;meliceris;0;0.676458;
./datasets/80Archivos/dna_20;meliceris;0;0.676458;
./datasets/80Archivos/dna_22;meliceris;0;0.676458;
./datasets/80Archivos/dna_23;meliceris;0;0.676458;
./datasets/80Archivos/dna_00;portative;0;0.686629;
./datasets/80Archivos/dna_02;portative;0;0.686629;
./datasets/80Archivos/dna_05;portative;0;0.686629;
./datasets/80Archivos/dna_08;portative;0;0.686629;
./datasets/80Archivos/dna_12;portative;0;0.686629;
./datasets/80Archivos/dna_16;portative;0;0.686629;
./datasets/80Archivos/dna_18;portative;0;0.686629;
./datasets/80Archivos/dna_20;portative;0;0.686629;
./datasets/80Archivos/dna_22;portative;0;0.686629;
./datasets/80Archivos/dna_23;portative;0;0.686629;
./datasets/80Archivos/dna_00;unsteck;0;0.722545;
./datasets/80Archivos/dna_02;unsteck;0;0.722545;
./datasets/80Archivos/dna_05;unsteck;0;0.722545;
./datasets/80Archivos/dna_08;unsteck;0;0.722545;
./datasets/80Archivos/dna_12;unsteck;0;0.722545;
./datasets/80Archivos/dna_16;unsteck;0;0.722545;
./datasets/80Archivos/dna_18;unsteck;0;0.722545;
./datasets/80Archivos/dna_20;unsteck;0;0.722545;
./datasets/80Archivos/dna_22;unsteck;0;0.722545;
./datasets/80Archivos/dna_23;unsteck;0;0.722545;
./datasets/80Archivos/dna_00;Madelon;0;0.729833;
./datasets/80Archivos/dna_02;Madelon;0;0.729833;
./datasets/80Archivos/dna_05;Madelon;0;0.729833;
./datasets/80Archivos/dna_08;Madelon;0;0.729833;
./datasets/80Archivos/dna_12;Madelon;0;0.729833;
./datasets/80Archivos/dna_16;Madelon;0;0.729833;
./datasets/80Archivos/dna_18;Madelon;0;0.729833;
./datasets/80Archivos/dna_20;Madelon;0;0.729833;
./datasets/80Archivos/dna_22;Madelon;0;0.729833;
./datasets/80Archivos/dna_23;Madelon;0;0.729833;
./datasets/80Archivos/dna_00;barramunda;0;0.727586;
./datasets/80Archivos/dna_02;barramunda;0;0.727586;
./datasets/80Archivos/dna_05;barramunda;0;0.727586;
./datasets/80Archivos/dna_08;barramunda;0;0.727586;
./datasets/80Archivos/dna_12;barramunda;0;0.727586;
./datasets/80Archivos/dna_16;barramunda;0;0.727586;
./datasets/80Archivos/dna_18;barramunda;0;0.727586;
./datasets/80Archivos/dna_20;barramunda;0;0.727586;
./datasets/80Archivos/dna_22;barramunda;0;0.727586;
./datasets/80Archivos/dna_23;barramunda;0;0.727586;
./datasets/80Archivos/dna_00;optotechnics;0;0.669394;
./datasets/80Archivos/dna_02;optotechnics;0;0.669394;
./datasets/80Archivos/dna_05;optotechnics;0;0.669394;
./datasets/80Archivos/dna_08;optotechnics;0;0.669394;
./datasets/80Archivos/dna_12;optotechnics;0;0.669394;
./datasets/80Archivos/dna_16;optotechnics;0;0.669394;
./datasets/80Archivos/dna_18;optotechnics;0;0.669394;
./datasets/80Archivos/dna_20;optotechnics;0;0.669394;
./datasets/80Archivos/dna_22;optotechnics;0;0.669394;
./datasets/80Archivos/dna_23;optotechnics;0;0.669394;
./datasets/80Archivos/dna_00;metapterygium;0;0.65264;
./datasets/80Archivos/dna_02;metapterygium;0;0.65264;
./datasets/80Archivos/dna_05;metapterygium;0;0.65264;
./datasets/80Archivos/dna_08;metapterygium;0;0.65264;
./datasets/80Archivos/dna_12;metapterygium;0;0.65264;
./datasets/80Archivos/dna_16;metapterygium;0;0.65264;
./datasets/80Archivos/dna_18;metapterygium;0;0.65264;
./datasets/80Archivos/dna_20;metapterygium;0;0.65264;
./datasets/80Archivos/dna_22;metapterygium;0;0.65264;
./datasets/80Archivos/dna_23;metapterygium;0;0.65264;
./datasets/80Archivos/dna_00;unromanticalness;0;0.631231;
./datasets/80Archivos/dna_02;unromanticalness;0;0.631231;
./datasets/80Archivos/dna_05;unromanticalness;0;0.631231;
./datasets/80Archivos/dna_08;unromanticalness;0;0.631231;
./datasets/80Archivos/dna_12;unromanticalness;0;0.631231;
./datasets/80Archivos/dna_16;unromanticalness;0;0.631231;
./datasets/80Archivos/dna_18;unromanticalness;0;0.631231;
./datasets/80Archivos/dna_20;unromanticalness;0;0.631231;
./datasets/80Archivos/dna_22;unromanticalness;0;0.631231;
./datasets/80Archivos/dna_23;unromanticalness;0;0.631231;
./datasets/80Archivos/dna_00;Jacobinism;0;0.669194;
./datasets/80Archivos/dna_02;Jacobinism;0;0.669194;
./datasets/80Archivos/dna_05;Jacobinism;0;0.669194;
./datasets/80Archivos/dna_08;Jacobinism;0;0.669194;
./datasets/80Archivos/dna_12;Jacobinism;0;0.669194;
./datasets/80Archivos/dna_16;Jacobinism;0;0.669194;
./datasets/80Archivos/dna_18;Jacobinism;0;0.669194;
./datasets/80Archivos/dna_20;Jacobinism;0;0.669194;
./datasets/80Archivos/dna_22;Jacobinism;0;0.669194;
./datasets/80Archivos/dna_23;Jacobinism;0;0.669194;
./datasets/80Archivos/dna_00;pricklingly;0;0.654637;
./datasets/80Archivos/dna_02;pricklingly;0;0.654637;
./datasets/80Archivos/dna_05;pricklingly;0;0.654637;
./datasets/80Archivos/dna_08;pricklingly;0;0.654637;
./datasets/80Archivos/dna_12;pricklingly;0;0.654637;
./datasets/80Archivos/dna_16;pricklingly;0;0.654637;
./datasets/80Archivos/dna_18;pricklingly;0;0.654637;
./datasets/80Archivos/dna_20;pricklingly;0;0.654637;
./datasets/80Archivos/dna_22;pricklingly;0;0.654637;
./datasets/80Archivos/dna_23;pricklingly;0;0.654637;
./datasets/80Archivos/dna_00;blameless;0;0.688179;
./datasets/80Archivos/dna_02;blameless;0;0.688179;
./datasets/80Archivos/dna_05;blameless;0;0.688179;
./datasets/80Archivos/dna_08;blameless;0;0.688179;
./datasets/80Archivos/dna_12;blameless;0;0.688179;
./datasets/80Archivos/dna_16;blameless;0;0.688179;
./datasets/80Archivos/dna_18;blameless;0;0.688179;
./datasets/80Archivos/dna_20;blameless;0;0.688179;
./datasets/80Archivos/dna_22;blameless;0;0.688179;
./datasets/80Archivos/dna_23;blameless;0;0.688179;
./datasets/80Archivos/dna_00;elderhood;0;0.676207;
./datasets/80Archivos/dna_02;elderhood;0;0.676207;
./datasets/80Archivos/dna_05;elderhood;0;0.676207;
./datasets/80Archivos/dna_08;elderhood;0;0.676207;
./datasets/80Archivos/dna_12;elderhood;0;0.676207;
./datasets/80Archivos/dna_16;elderhood;0;0.676207;
./datasets/80Archivos/dna_18;elderhood;0;0.676207;
./datasets/80Archivos/dna_20;elderhood;0;0.676207;
./datasets/80Archivos/dna_22;elderhood;0;0.676207;
./datasets/80Archivos/dna_23;elderhood;0;0.676207;
./datasets/80Archivos/dna_00;committeewoman;0;0.631641;
./datasets/80Archivos/dna_02;committeewoman;0;0.631641;
./datasets/80Archivos/dna_05;committeewoman;0;0.631641;
./datasets/80Archivos/dna_08;committeewoman;0;0.631641;
./datasets/80Archivos/dna_12;committeewoman;0;0.631641;
./datasets/80Archivos/dna_16;committeewoman;0;0.631641;
./datasets/80Archivos/dna_18;committeewoman;0;0.631641;
./datasets/80Archivos/dna_20;committeewoman;0;0.631641;
./datasets/80Archivos/dna_22;committeewoman;0;0.631641;
./datasets/80Archivos/dna_23;committeewoman;0;0.631641;
./datasets/80Archivos/dna_00;comicocynical;0;0.641359;
./datasets/80Archivos/dna_02;comicocynical;0;0.641359;
./datasets/80Archivos/dna_05;comicocynical;0;0.641359;
./datasets/80Archivos/dna_08;comicocynical;0;0.641359;
./datasets/80Archivos/dna_12;comicocynical;0;0.641359;
./datasets/80Archivos/dna_16;comicocynical;0;0.641359;
./datasets/80Archivos/dna_18;comicocynical;0;0.641359;
./datasets/80Archivos/dna_20;comicocynical;0;0.641359;
./datasets/80Archivos/dna_22;comicocynical;0;0.641359;
./datasets/80Archivos/dna_23;comicocynical;0;0.641359;
./datasets/80Archivos/dna_00;aggrate;0;0.725881;
./datasets/80Archivos/dna_02;aggrate;0;0.725881;
./datasets/80Archivos/dna_05;aggrate;0;0.725881;
./datasets/80Archivos/dna_08;aggrate;0;0.725881;
./datasets/80Archivos/dna_12;aggrate;0;0.725881;
./datasets/80Archivos/dna_16;aggrate;0;0.725881;
./datasets/80Archivos/dna_18;aggrate;0;0.725881;
./datasets/80Archivos/dna_20;aggrate;0;0.725881;
./datasets/80Archivos/dna_22;aggrate;0;0.725881;
./datasets/80Archivos/dna_23;aggrate;0;0.725881;
./datasets/80Archivos/dna_00;stentoronic;0;0.654625;
./datasets/80Archivos/dna_02;stentoronic;0;0.654625;
./datasets/80Archivos/dna_05;stentoronic;0;0.654625;
./datasets/80Archivos/dna_08;stentoronic;0;0.654625;
./datasets/80Archivos/dna_12;stentoronic;0;0.654625;
./datasets/80Archivos/dna_16;stentoronic;0;0.654625;
./datasets/80Archivos/dna_18;stentoronic;0;0.654625;
./datasets/80Archivos/dna_20;stentoronic;0;0.654625;
./datasets/80Archivos/dna_22;stentoronic;0;0.654625;
./datasets/80Archivos/dna_23;stentoronic;0;0.654625;
./datasets/80Archivos/dna_00;flatwise;0;0.729018;
./datasets/80Archivos/dna_02;flatwise;0;0.729018;
./datasets/80Archivos/dna_05;flatwise;0;0.729018;
./datasets/80Archivos/dna_08;flatwise;0;0.729018;
./datasets/80Archivos/dna_12;flatwise;0;0.729018;
./datasets/80Archivos/dna_16;flatwise;0;0.729018;
./datasets/80Archivos/dna_18;flatwise;0;0.729018;
./datasets/80Archivos/dna_20;flatwise;0;0.729018;
./datasets/80Archivos/dna_22;flatwise;0;0.729018;
./datasets/80Archivos/dna_23;flatwise;0;0.729018;
./datasets/80Archivos/dna_00;bipyridyl;0;0.699214;
./datasets/80Archivos/dna_02;bipyridyl;0;0.699214;
./datasets/80Archivos/dna_05;bipyridyl;0;0.699214;
./datasets/80Archivos/dna_08;bipyridyl;0;0.699214;
./datasets/80Archivos/dna_12;bipyridyl;0;0.699214;
./datasets/80Archivos/dna_16;bipyridyl;0;0.699214;
./datasets/80Archivos/dna_18;bipyridyl;0;0.699214;
./datasets/80Archivos/dna_20;bipyridyl;0;0.699214;
./datasets/80Archivos/dna_22;bipyridyl;0;0.699214;
./datasets/80Archivos/dna_23;bipyridyl;0;0.699214;
./datasets/80Archivos/dna_00;untastable;0;0.666282;
./datasets/80Archivos/dna_02;untastable;0;0.666282;
./datasets/80Archivos/dna_05;untastable;0;0.666282;
./datasets/80Archivos/dna_08;untastable;0;0.666282;
./datasets/80Archivos/dna_12;untastable;0;0.666282;
./datasets/80Archivos/dna_16;untastable;0;0.666282;
./datasets/80Archivos/dna_18;untastable;0;0.666282;
./datasets/80Archivos/dna_20;untastable;0;0.666282;
./datasets/80Archivos/dna_22;untastable;0;0.666282;
./datasets/80Archivos/dna_23;untastable;0;0.666282;
./datasets/80Archivos/dna_00;aegerian;0;0.696619;
./datasets/80Archivos/dna_02;aegerian;0;0.696619;
./datasets/80Archivos/dna_05;aegerian;0;0.696619;
./datasets/80Archivos/dna_08;aegerian;0;0.696619;
./datasets/80Archivos/dna_12;aegerian;0;0.696619;
./datasets/80Archivos/dna_16;aegerian;0;0.696619;
./datasets/80Archivos/dna_18;aegerian;0;0.696619;
./datasets/80Archivos/dna_20;aegerian;0;0.696619;
./datasets/80Archivos/dna_22;aegerian;0;0.696619;
./datasets/80Archivos/dna_23;aegerian;0;0.696619;
./datasets/80Archivos/dna_00;unmistrusted;0;0.657922;
./datasets/80Archivos/dna_02;unmistrusted;0;0.657922;
./datasets/80Archivos/dna_05;unmistrusted;0;0.657922;
./datasets/80Archivos/dna_08;unmistrusted;0;0.657922;
./datasets/80Archivos/dna_12;unmistrusted;0;0.657922;
./datasets/80Archivos/dna_16;unmistrusted;0;0.657922;
./datasets/80Archivos/dna_18;unmistrusted;0;0.657922;
./datasets/80Archivos/dna_20;unmistrusted;0;0.657922;
./datasets/80Archivos/dna_22;unmistrusted;0;0.657922;
./datasets/80Archivos/dna_23;unmistrusted;0;0.657922;
./datasets/80Archivos/dna_00;quadrigamist;0;0.646567;
./datasets/80Archivos/dna_02;quadrigamist;0;0.646567;
./datasets/80Archivos/dna_05;quadrigamist;0;0.646567;
./datasets/80Archivos/dna_08;quadrigamist;0;0.646567;
./datasets/80Archivos/dna_12;quadrigamist;0;0.646567;
./datasets/80Archivos/dna_16;quadrigamist;0;0.646567;
./datasets/80Archivos/dna_18;quadrigamist;0;0.646567;
./datasets/80Archivos/dna_20;quadrigamist;0;0.646567;
./datasets/80Archivos/dna_22;quadrigamist;0;0.646567;
./datasets/80Archivos/dna_23;quadrigamist;0;0.646567;
./datasets/80Archivos/dna_00;Meleagrinae;0;0.654612;
./datasets/80Archivos/dna_02;Meleagrinae;0;0.654612;
./datasets/80Archivos/dna_05;Meleagrinae;0;0.654612;
./datasets/80Archivos/dna_08;Meleagrinae;0;0.654612;
./datasets/80Archivos/dna_12;Meleagrinae;0;0.654612;
./datasets/80Archivos/dna_16;Meleagrinae;0;0.654612;
./datasets/80Archivos/dna_18;Meleagrinae;0;0.654612;
./datasets/80Archivos/dna_20;Meleagrinae;0;0.654612;
./datasets/80Archivos/dna_22;Meleagrinae;0;0.654612;
./datasets/80Archivos/dna_23;Meleagrinae;0;0.654612;
./datasets/80Archivos/dna_00;helvite;0;0.77954;
./datasets/80Archivos/dna_02;helvite;0;0.77954;
./datasets/80Archivos/dna_05;helvite;0;0.77954;
./datasets/80Archivos/dna_08;helvite;0;0.77954;
./datasets/80Archivos/dna_12;helvite;0;0.77954;
./datasets/80Archivos/dna_16;helvite;0;0.77954;
./datasets/80Archivos/dna_18;helvite;0;0.77954;
./datasets/80Archivos/dna_20;helvite;0;0.77954;
./datasets/80Archivos/dna_22;helvite;0;0.77954;
./datasets/80Archivos/dna_23;helvite;0;0.77954;
./datasets/80Archivos/dna_00;neuralist;0;0.68216;
./datasets/80Archivos/dna_02;neuralist;0;0.68216;
./datasets/80Archivos/dna_05;neuralist;0;0.68216;
./datasets/80Archivos/dna_08;neuralist;0;0.68216;
./datasets/80Archivos/dna_12;neuralist;0;0.68216;
./datasets/80Archivos/dna_16;neuralist;0;0.68216;
./datasets/80Archivos/dna_18;neuralist;0;0.68216;
./datasets/80Archivos/dna_20;neuralist;0;0.68216;
./datasets/80Archivos/dna_22;neuralist;0;0.68216;
./datasets/80Archivos/dna_23;neuralist;0;0.68216;
./datasets/80Archivos/dna_00;Swietenia;0;0.683135;
./datasets/80Archivos/dna_02;Swietenia;0;0.683135;
./datasets/80Archivos/dna_05;Swietenia;0;0.683135;
./datasets/80Archivos/dna_08;Swietenia;0;0.683135;
./datasets/80Archivos/dna_12;Swietenia;0;0.683135;
./datasets/80Archivos/dna_16;Swietenia;0;0.683135;
./datasets/80Archivos/dna_18;Swietenia;0;0.683135;
./datasets/80Archivos/dna_20;Swietenia;0;0.683135;
./datasets/80Archivos/dna_22;Swietenia;0;0.683135;
./datasets/80Archivos/dna_23;Swietenia;0;0.683135;
./datasets/80Archivos/dna_00;unpleadable;0;0.65312;
./datasets/80Archivos/dna_02;unpleadable;0;0.65312;
./datasets/80Archivos/dna_05;unpleadable;0;0.65312;
./datasets/80Archivos/dna_08;unpleadable;0;0.65312;
./datasets/80Archivos/dna_12;unpleadable;0;0.65312;
./datasets/80Archivos/dna_16;unpleadable;0;0.65312;
./datasets/80Archivos/dna_18;unpleadable;0;0.65312;
./datasets/80Archivos/dna_20;unpleadable;0;0.65312;
./datasets/80Archivos/dna_22;unpleadable;0;0.65312;
./datasets/80Archivos/dna_23;unpleadable;0;0.65312;
./datasets/80Archivos/dna_00;colorably;0;0.696611;
./datasets/80Archivos/dna_02;colorably;0;0.696611;
./datasets/80Archivos/dna_05;colorably;0;0.696611;
./datasets/80Archivos/dna_08;colorably;0;0.696611;
./datasets/80Archivos/dna_12;colorably;0;0.696611;
./datasets/80Archivos/dna_16;colorably;0;0.696611;
./datasets/80Archivos/dna_18;colorably;0;0.696611;
./datasets/80Archivos/dna_20;colorably;0;0.696611;
./datasets/80Archivos/dna_22;colorably;0;0.696611;
./datasets/80Archivos/dna_23;colorably;0;0.696611;
./datasets/80Archivos/dna_00;mogilalism;0;0.680324;
./datasets/80Archivos/dna_02;mogilalism;0;0.680324;
./datasets/80Archivos/dna_05;mogilalism;0;0.680324;
./datasets/80Archivos/dna_08;mogilalism;0;0.680324;
./datasets/80Archivos/dna_12;mogilalism;0;0.680324;
./datasets/80Archivos/dna_16;mogilalism;0;0.680324;
./datasets/80Archivos/dna_18;mogilalism;0;0.680324;
./datasets/80Archivos/dna_20;mogilalism;0;0.680324;
./datasets/80Archivos/dna_22;mogilalism;0;0.680324;
./datasets/80Archivos/dna_23;mogilalism;0;0.680324;
./datasets/80Archivos/dna_00;consequently;0;0.646095;
./datasets/80Archivos/dna_02;consequently;0;0.646095;
./datasets/80Archivos/dna_05;consequently;0;0.646095;
./datasets/80Archivos/dna_08;consequently;0;0.646095;
./datasets/80Archivos/dna_12;consequently;0;0.646095;
./datasets/80Archivos/dna_16;consequently;0;0.646095;
./datasets/80Archivos/dna_18;consequently;0;0.646095;
./datasets/80Archivos/dna_20;consequently;0;0.646095;
./datasets/80Archivos/dna_22;consequently;0;0.646095;
./datasets/80Archivos/dna_23;consequently;0;0.646095;
./datasets/80Archivos/dna_00;atamasco;0;0.713299;
./datasets/80Archivos/dna_02;atamasco;0;0.713299;
./datasets/80Archivos/dna_05;atamasco;0;0.713299;
./datasets/80Archivos/dna_08;atamasco;0;0.713299;
./datasets/80Archivos/dna_12;atamasco;0;0.713299;
./datasets/80Archivos/dna_16;atamasco;0;0.713299;
./datasets/80Archivos/dna_18;atamasco;0;0.713299;
./datasets/80Archivos/dna_20;atamasco;0;0.713299;
./datasets/80Archivos/dna_22;atamasco;0;0.713299;
./datasets/80Archivos/dna_23;atamasco;0;0.713299;
./datasets/80Archivos/dna_00;inhospitality;0;0.647635;
./datasets/80Archivos/dna_02;inhospitality;0;0.647635;
./datasets/80Archivos/dna_05;inhospitality;0;0.647635;
./datasets/80Archivos/dna_08;inhospitality;0;0.647635;
./datasets/80Archivos/dna_12;inhospitality;0;0.647635;
./datasets/80Archivos/dna_16;inhospitality;0;0.647635;
./datasets/80Archivos/dna_18;inhospitality;0;0.647635;
./datasets/80Archivos/dna_20;inhospitality;0;0.647635;
./datasets/80Archivos/dna_22;inhospitality;0;0.647635;
./datasets/80Archivos/dna_23;inhospitality;0;0.647635;
./datasets/80Archivos/dna_00;noncarnivorous;0;0.634344;
./datasets/80Archivos/dna_02;noncarnivorous;0;0.634344;
./datasets/80Archivos/dna_05;noncarnivorous;0;0.634344;
./datasets/80Archivos/dna_08;noncarnivorous;0;0.634344;
./datasets/80Archivos/dna_12;noncarnivorous;0;0.634344;
./datasets/80Archivos/dna_16;noncarnivorous;0;0.634344;
./datasets/80Archivos/dna_18;noncarnivorous;0;0.634344;
./datasets/80Archivos/dna_20;noncarnivorous;0;0.634344;
./datasets/80Archivos/dna_22;noncarnivorous;0;0.634344;
./datasets/80Archivos/dna_23;noncarnivorous;0;0.634344;
./datasets/80Archivos/dna_00;counterruin;0;0.681622;
./datasets/80Archivos/dna_02;counterruin;0;0.681622;
./datasets/80Archivos/dna_05;counterruin;0;0.681622;
./datasets/80Archivos/dna_08;counterruin;0;0.681622;
./datasets/80Archivos/dna_12;counterruin;0;0.681622;
./datasets/80Archivos/dna_16;counterruin;0;0.681622;
./datasets/80Archivos/dna_18;counterruin;0;0.681622;
./datasets/80Archivos/dna_20;counterruin;0;0.681622;
./datasets/80Archivos/dna_22;counterruin;0;0.681622;
./datasets/80Archivos/dna_23;counterruin;0;0.681622;
./datasets/80Archivos/dna_00;gryposis;0;0.692206;
./datasets/80Archivos/dna_02;gryposis;0;0.692206;
./datasets/80Archivos/dna_05;gryposis;0;0.692206;
./datasets/80Archivos/dna_08;gryposis;0;0.692206;
./datasets/80Archivos/dna_12;gryposis;0;0.692206;
./datasets/80Archivos/dna_16;gryposis;0;0.692206;
./datasets/80Archivos/dna_18;gryposis;0;0.692206;
./datasets/80Archivos/dna_20;gryposis;0;0.692206;
./datasets/80Archivos/dna_22;gryposis;0;0.692206;
./datasets/80Archivos/dna_23;gryposis;0;0.692206;
./datasets/80Archivos/dna_00;ringe;0;0.776566;
./datasets/80Archivos/dna_02;ringe;0;0.776566;
./datasets/80Archivos/dna_05;ringe;0;0.776566;
./datasets/80Archivos/dna_08;ringe;0;0.776566;
./datasets/80Archivos/dna_12;ringe;0;0.776566;
./datasets/80Archivos/dna_16;ringe;0;0.776566;
./datasets/80Archivos/dna_18;ringe;0;0.776566;
./datasets/80Archivos/dna_20;ringe;0;0.776566;
./datasets/80Archivos/dna_22;ringe;0;0.776566;
./datasets/80Archivos/dna_23;ringe;0;0.776566;
./datasets/80Archivos/dna_00;displeasedly;0;0.694177;
./datasets/80Archivos/dna_02;displeasedly;0;0.694177;
./datasets/80Archivos/dna_05;displeasedly;0;0.694177;
./datasets/80Archivos/dna_08;displeasedly;0;0.694177;
./datasets/80Archivos/dna_12;displeasedly;0;0.694177;
./datasets/80Archivos/dna_16;displeasedly;0;0.694177;
./datasets/80Archivos/dna_18;displeasedly;0;0.694177;
./datasets/80Archivos/dna_20;displeasedly;0;0.694177;
./datasets/80Archivos/dna_22;displeasedly;0;0.694177;
./datasets/80Archivos/dna_23;displeasedly;0;0.694177;
./datasets/80Archivos/dna_00;incenter;0;0.699006;
./datasets/80Archivos/dna_02;incenter;0;0.699006;
./datasets/80Archivos/dna_05;incenter;0;0.699006;
./datasets/80Archivos/dna_08;incenter;0;0.699006;
./datasets/80Archivos/dna_12;incenter;0;0.699006;
./datasets/80Archivos/dna_16;incenter;0;0.699006;
./datasets/80Archivos/dna_18;incenter;0;0.699006;
./datasets/80Archivos/dna_20;incenter;0;0.699006;
./datasets/80Archivos/dna_22;incenter;0;0.699006;
./datasets/80Archivos/dna_23;incenter;0;0.699006;
./datasets/80Archivos/dna_00;gallycrow;0;0.690334;
./datasets/80Archivos/dna_02;gallycrow;0;0.690334;
./datasets/80Archivos/dna_05;gallycrow;0;0.690334;
./datasets/80Archivos/dna_08;gallycrow;0;0.690334;
./datasets/80Archivos/dna_12;gallycrow;0;0.690334;
./datasets/80Archivos/dna_16;gallycrow;0;0.690334;
./datasets/80Archivos/dna_18;gallycrow;0;0.690334;
./datasets/80Archivos/dna_20;gallycrow;0;0.690334;
./datasets/80Archivos/dna_22;gallycrow;0;0.690334;
./datasets/80Archivos/dna_23;gallycrow;0;0.690334;
./datasets/80Archivos/dna_00;whincow;0;0.793548;
./datasets/80Archivos/dna_02;whincow;0;0.793548;
./datasets/80Archivos/dna_05;whincow;0;0.793548;
./datasets/80Archivos/dna_08;whincow;0;0.793548;
./datasets/80Archivos/dna_12;whincow;0;0.793548;
./datasets/80Archivos/dna_16;whincow;0;0.793548;
./datasets/80Archivos/dna_18;whincow;0;0.793548;
./datasets/80Archivos/dna_20;whincow;0;0.793548;
./datasets/80Archivos/dna_22;whincow;0;0.793548;
./datasets/80Archivos/dna_23;whincow;0;0.793548;
./datasets/80Archivos/dna_00;repudiationist;0;0.68652;
./datasets/80Archivos/dna_02;repudiationist;0;0.68652;
./datasets/80Archivos/dna_05;repudiationist;0;0.68652;
./datasets/80Archivos/dna_08;repudiationist;0;0.68652;
./datasets/80Archivos/dna_12;repudiationist;0;0.68652;
./datasets/80Archivos/dna_16;repudiationist;0;0.68652;
./datasets/80Archivos/dna_18;repudiationist;0;0.68652;
./datasets/80Archivos/dna_20;repudiationist;0;0.68652;
./datasets/80Archivos/dna_22;repudiationist;0;0.68652;
./datasets/80Archivos/dna_23;repudiationist;0;0.68652;
./datasets/80Archivos/dna_00;unagile;0;0.859231;
./datasets/80Archivos/dna_02;unagile;0;0.859231;
./datasets/80Archivos/dna_05;unagile;0;0.859231;
./datasets/80Archivos/dna_08;unagile;0;0.859231;
./datasets/80Archivos/dna_12;unagile;0;0.859231;
./datasets/80Archivos/dna_16;unagile;0;0.859231;
./datasets/80Archivos/dna_18;unagile;0;0.859231;
./datasets/80Archivos/dna_20;unagile;0;0.859231;
./datasets/80Archivos/dna_22;unagile;0;0.859231;
./datasets/80Archivos/dna_23;unagile;0;0.859231;
./datasets/80Archivos/dna_00;chaplain;0;0.712798;
./datasets/80Archivos/dna_02;chaplain;0;0.712798;
./datasets/80Archivos/dna_05;chaplain;0;0.712798;
./datasets/80Archivos/dna_08;chaplain;0;0.712798;
./datasets/80Archivos/dna_12;chaplain;0;0.712798;
./datasets/80Archivos/dna_16;chaplain;0;0.712798;
./datasets/80Archivos/dna_18;chaplain;0;0.712798;
./datasets/80Archivos/dna_20;chaplain;0;0.712798;
./datasets/80Archivos/dna_22;chaplain;0;0.712798;
./datasets/80Archivos/dna_23;chaplain;0;0.712798;
./datasets/80Archivos/dna_00;bekerchief;0;0.665634;
./datasets/80Archivos/dna_02;bekerchief;0;0.665634;
./datasets/80Archivos/dna_05;bekerchief;0;0.665634;
./datasets/80Archivos/dna_08;bekerchief;0;0.665634;
./datasets/80Archivos/dna_12;bekerchief;0;0.665634;
./datasets/80Archivos/dna_16;bekerchief;0;0.665634;
./datasets/80Archivos/dna_18;bekerchief;0;0.665634;
./datasets/80Archivos/dna_20;bekerchief;0;0.665634;
./datasets/80Archivos/dna_22;bekerchief;0;0.665634;
./datasets/80Archivos/dna_23;bekerchief;0;0.665634;
./datasets/80Archivos/dna_00;subproduct;0;0.669187;
./datasets/80Archivos/dna_02;subproduct;0;0.669187;
./datasets/80Archivos/dna_05;subproduct;0;0.669187;
./datasets/80Archivos/dna_08;subproduct;0;0.669187;
./datasets/80Archivos/dna_12;subproduct;0;0.669187;
./datasets/80Archivos/dna_16;subproduct;0;0.669187;
./datasets/80Archivos/dna_18;subproduct;0;0.669187;
./datasets/80Archivos/dna_20;subproduct;0;0.669187;
./datasets/80Archivos/dna_22;subproduct;0;0.669187;
./datasets/80Archivos/dna_23;subproduct;0;0.669187;
./datasets/80Archivos/dna_00;pointingly;0;0.706338;
./datasets/80Archivos/dna_02;pointingly;0;0.706338;
./datasets/80Archivos/dna_05;pointingly;0;0.706338;
./datasets/80Archivos/dna_08;pointingly;0;0.706338;
./datasets/80Archivos/dna_12;pointingly;0;0.706338;
./datasets/80Archivos/dna_16;pointingly;0;0.706338;
./datasets/80Archivos/dna_18;pointingly;0;0.706338;
./datasets/80Archivos/dna_20;pointingly;0;0.706338;
./datasets/80Archivos/dna_22;pointingly;0;0.706338;
./datasets/80Archivos/dna_23;pointingly;0;0.706338;
./datasets/80Archivos/dna_00;Physonectae;0;0.694605;
./datasets/80Archivos/dna_02;Physonectae;0;0.694605;
./datasets/80Archivos/dna_05;Physonectae;0;0.694605;
./datasets/80Archivos/dna_08;Physonectae;0;0.694605;
./datasets/80Archivos/dna_12;Physonectae;0;0.694605;
./datasets/80Archivos/dna_16;Physonectae;0;0.694605;
./datasets/80Archivos/dna_18;Physonectae;0;0.694605;
./datasets/80Archivos/dna_20;Physonectae;0;0.694605;
./datasets/80Archivos/dna_22;Physonectae;0;0.694605;
./datasets/80Archivos/dna_23;Physonectae;0;0.694605;
./datasets/80Archivos/dna_00;bumpingly;0;0.723214;
./datasets/80Archivos/dna_02;bumpingly;0;0.723214;
./datasets/80Archivos/dna_05;bumpingly;0;0.723214;
./datasets/80Archivos/dna_08;bumpingly;0;0.723214;
./datasets/80Archivos/dna_12;bumpingly;0;0.723214;
./datasets/80Archivos/dna_16;bumpingly;0;0.723214;
./datasets/80Archivos/dna_18;bumpingly;0;0.723214;
./datasets/80Archivos/dna_20;bumpingly;0;0.723214;
./datasets/80Archivos/dna_22;bumpingly;0;0.723214;
./datasets/80Archivos/dna_23;bumpingly;0;0.723214;
./datasets/80Archivos/dna_00;hateful;0;0.762144;
./datasets/80Archivos/dna_02;hateful;0;0.762144;
./datasets/80Archivos/dna_05;hateful;0;0.762144;
./datasets/80Archivos/dna_08;hateful;0;0.762144;
./datasets/80Archivos/dna_12;hateful;0;0.762144;
./datasets/80Archivos/dna_16;hateful;0;0.762144;
./datasets/80Archivos/dna_18;hateful;0;0.762144;
./datasets/80Archivos/dna_20;hateful;0;0.762144;
./datasets/80Archivos/dna_22;hateful;0;0.762144;
./datasets/80Archivos/dna_23;hateful;0;0.762144;
./datasets/80Archivos/dna_00;endogenous;0;0.709614;
./datasets/80Archivos/dna_02;endogenous;0;0.709614;
./datasets/80Archivos/dna_05;endogenous;0;0.709614;
./datasets/80Archivos/dna_08;endogenous;0;0.709614;
./datasets/80Archivos/dna_12;endogenous;0;0.709614;
./datasets/80Archivos/dna_16;endogenous;0;0.709614;
./datasets/80Archivos/dna_18;endogenous;0;0.709614;
./datasets/80Archivos/dna_20;endogenous;0;0.709614;
./datasets/80Archivos/dna_22;endogenous;0;0.709614;
./datasets/80Archivos/dna_23;endogenous;0;0.709614;
./datasets/80Archivos/dna_00;facticide;0;0.729298;
./datasets/80Archivos/dna_02;facticide;0;0.729298;
./datasets/80Archivos/dna_05;facticide;0;0.729298;
./datasets/80Archivos/dna_08;facticide;0;0.729298;
./datasets/80Archivos/dna_12;facticide;0;0.729298;
./datasets/80Archivos/dna_16;facticide;0;0.729298;
./datasets/80Archivos/dna_18;facticide;0;0.729298;
./datasets/80Archivos/dna_20;facticide;0;0.729298;
./datasets/80Archivos/dna_22;facticide;0;0.729298;
./datasets/80Archivos/dna_23;facticide;0;0.729298;
./datasets/80Archivos/dna_00;velours;0;0.732614;
./datasets/80Archivos/dna_02;velours;0;0.732614;
./datasets/80Archivos/dna_05;velours;0;0.732614;
./datasets/80Archivos/dna_08;velours;0;0.732614;
./datasets/80Archivos/dna_12;velours;0;0.732614;
./datasets/80Archivos/dna_16;velours;0;0.732614;
./datasets/80Archivos/dna_18;velours;0;0.732614;
./datasets/80Archivos/dna_20;velours;0;0.732614;
./datasets/80Archivos/dna_22;velours;0;0.732614;
./datasets/80Archivos/dna_23;velours;0;0.732614;
./datasets/80Archivos/dna_00;carmoisin;0;0.677208;
./datasets/80Archivos/dna_02;carmoisin;0;0.677208;
./datasets/80Archivos/dna_05;carmoisin;0;0.677208;
./datasets/80Archivos/dna_08;carmoisin;0;0.677208;
./datasets/80Archivos/dna_12;carmoisin;0;0.677208;
./datasets/80Archivos/dna_16;carmoisin;0;0.677208;
./datasets/80Archivos/dna_18;carmoisin;0;0.677208;
./datasets/80Archivos/dna_20;carmoisin;0;0.677208;
./datasets/80Archivos/dna_22;carmoisin;0;0.677208;
./datasets/80Archivos/dna_23;carmoisin;0;0.677208;
./datasets/80Archivos/dna_00;reaccomplish;0;0.644728;
./datasets/80Archivos/dna_02;reaccomplish;0;0.644728;
./datasets/80Archivos/dna_05;reaccomplish;0;0.644728;
./datasets/80Archivos/dna_08;reaccomplish;0;0.644728;
./datasets/80Archivos/dna_12;reaccomplish;0;0.644728;
./datasets/80Archivos/dna_16;reaccomplish;0;0.644728;
./datasets/80Archivos/dna_18;reaccomplish;0;0.644728;
./datasets/80Archivos/dna_20;reaccomplish;0;0.644728;
./datasets/80Archivos/dna_22;reaccomplish;0;0.644728;
./datasets/80Archivos/dna_23;reaccomplish;0;0.644728;
./datasets/80Archivos/dna_00;protistic;0;0.690782;
./datasets/80Archivos/dna_02;protistic;0;0.690782;
./datasets/80Archivos/dna_05;protistic;0;0.690782;
./datasets/80Archivos/dna_08;protistic;0;0.690782;
./datasets/80Archivos/dna_12;protistic;0;0.690782;
./datasets/80Archivos/dna_16;protistic;0;0.690782;
./datasets/80Archivos/dna_18;protistic;0;0.690782;
./datasets/80Archivos/dna_20;protistic;0;0.690782;
./datasets/80Archivos/dna_22;protistic;0;0.690782;
./datasets/80Archivos/dna_23;protistic;0;0.690782;
./datasets/80Archivos/dna_00;recuperance;0;0.664768;
./datasets/80Archivos/dna_02;recuperance;0;0.664768;
./datasets/80Archivos/dna_05;recuperance;0;0.664768;
./datasets/80Archivos/dna_08;recuperance;0;0.664768;
./datasets/80Archivos/dna_12;recuperance;0;0.664768;
./datasets/80Archivos/dna_16;recuperance;0;0.664768;
./datasets/80Archivos/dna_18;recuperance;0;0.664768;
./datasets/80Archivos/dna_20;recuperance;0;0.664768;
./datasets/80Archivos/dna_22;recuperance;0;0.664768;
./datasets/80Archivos/dna_23;recuperance;0;0.664768;
./datasets/80Archivos/dna_00;tech;0;0.826156;
./datasets/80Archivos/dna_02;tech;0;0.826156;
./datasets/80Archivos/dna_05;tech;0;0.826156;
./datasets/80Archivos/dna_08;tech;0;0.826156;
./datasets/80Archivos/dna_12;tech;0;0.826156;
./datasets/80Archivos/dna_16;tech;0;0.826156;
./datasets/80Archivos/dna_18;tech;0;0.826156;
./datasets/80Archivos/dna_20;tech;0;0.826156;
./datasets/80Archivos/dna_22;tech;0;0.826156;
./datasets/80Archivos/dna_23;tech;0;0.826156;
./datasets/80Archivos/dna_00;withywind;0;0.67902;
./datasets/80Archivos/dna_02;withywind;0;0.67902;
./datasets/80Archivos/dna_05;withywind;0;0.67902;
./datasets/80Archivos/dna_08;withywind;0;0.67902;
./datasets/80Archivos/dna_12;withywind;0;0.67902;
./datasets/80Archivos/dna_16;withywind;0;0.67902;
./datasets/80Archivos/dna_18;withywind;0;0.67902;
./datasets/80Archivos/dna_20;withywind;0;0.67902;
./datasets/80Archivos/dna_22;withywind;0;0.67902;
./datasets/80Archivos/dna_23;withywind;0;0.67902;
./datasets/80Archivos/dna_00;Galen;0;0.781978;
./datasets/80Archivos/dna_02;Galen;0;0.781978;
./datasets/80Archivos/dna_05;Galen;0;0.781978;
./datasets/80Archivos/dna_08;Galen;0;0.781978;
./datasets/80Archivos/dna_12;Galen;0;0.781978;
./datasets/80Archivos/dna_16;Galen;0;0.781978;
./datasets/80Archivos/dna_18;Galen;0;0.781978;
./datasets/80Archivos/dna_20;Galen;0;0.781978;
./datasets/80Archivos/dna_22;Galen;0;0.781978;
./datasets/80Archivos/dna_23;Galen;0;0.781978;
./datasets/80Archivos/dna_00;Slavistic;0;0.716;
./datasets/80Archivos/dna_02;Slavistic;0;0.716;
./datasets/80Archivos/dna_05;Slavistic;0;0.716;
./datasets/80Archivos/dna_08;Slavistic;0;0.716;
./datasets/80Archivos/dna_12;Slavistic;0;0.716;
./datasets/80Archivos/dna_16;Slavistic;0;0.716;
./datasets/80Archivos/dna_18;Slavistic;0;0.716;
./datasets/80Archivos/dna_20;Slavistic;0;0.716;
./datasets/80Archivos/dna_22;Slavistic;0;0.716;
./datasets/80Archivos/dna_23;Slavistic;0;0.716;
./datasets/80Archivos/dna_00;escropulo;0;0.686033;
./datasets/80Archivos/dna_02;escropulo;0;0.686033;
./datasets/80Archivos/dna_05;escropulo;0;0.686033;
./datasets/80Archivos/dna_08;escropulo;0;0.686033;
./datasets/80Archivos/dna_12;escropulo;0;0.686033;
./datasets/80Archivos/dna_16;escropulo;0;0.686033;
./datasets/80Archivos/dna_18;escropulo;0;0.686033;
./datasets/80Archivos/dna_20;escropulo;0;0.686033;
./datasets/80Archivos/dna_22;escropulo;0;0.686033;
./datasets/80Archivos/dna_23;escropulo;0;0.686033;
