./datasets/80Archivos/dna_00;resink;0;3.09712;
./datasets/80Archivos/dna_02;resink;0;3.09712;
./datasets/80Archivos/dna_05;resink;0;3.09712;
./datasets/80Archivos/dna_08;resink;0;3.09712;
./datasets/80Archivos/dna_12;resink;0;3.09712;
./datasets/80Archivos/dna_16;resink;0;3.09712;
./datasets/80Archivos/dna_18;resink;0;3.09712;
./datasets/80Archivos/dna_20;resink;0;3.09712;
./datasets/80Archivos/dna_22;resink;0;3.09712;
./datasets/80Archivos/dna_23;resink;0;3.09712;
./datasets/80Archivos/dna_24;resink;0;3.09712;
./datasets/80Archivos/dna_26;resink;0;3.09712;
./datasets/80Archivos/dna_28;resink;0;3.09712;
./datasets/80Archivos/dna_29;resink;0;3.09712;
./datasets/80Archivos/dna_31;resink;0;3.09712;
./datasets/80Archivos/dna_34;resink;0;3.09712;
./datasets/80Archivos/dna_36;resink;0;3.09712;
./datasets/80Archivos/dna_37;resink;0;3.09712;
./datasets/80Archivos/dna_38;resink;0;3.09712;
./datasets/80Archivos/dna_39;resink;0;3.09712;
./datasets/80Archivos/english_01;resink;1;3.09712;
./datasets/80Archivos/english_03;resink;0;3.09712;
./datasets/80Archivos/english_06;resink;0;3.09712;
./datasets/80Archivos/english_08;resink;0;3.09712;
./datasets/80Archivos/english_09;resink;0;3.09712;
./datasets/80Archivos/english_12;resink;0;3.09712;
./datasets/80Archivos/english_14;resink;0;3.09712;
./datasets/80Archivos/english_18;resink;0;3.09712;
./datasets/80Archivos/english_19;resink;0;3.09712;
./datasets/80Archivos/english_20;resink;0;3.09712;
./datasets/80Archivos/english_22;resink;0;3.09712;
./datasets/80Archivos/english_23;resink;0;3.09712;
./datasets/80Archivos/english_26;resink;0;3.09712;
./datasets/80Archivos/english_27;resink;0;3.09712;
./datasets/80Archivos/english_29;resink;0;3.09712;
./datasets/80Archivos/english_30;resink;0;3.09712;
./datasets/80Archivos/english_31;resink;0;3.09712;
./datasets/80Archivos/english_34;resink;0;3.09712;
./datasets/80Archivos/english_36;resink;0;3.09712;
./datasets/80Archivos/english_39;resink;0;3.09712;
./datasets/80Archivos/dna_00;transversomedial;0;2.64862;
./datasets/80Archivos/dna_02;transversomedial;0;2.64862;
./datasets/80Archivos/dna_05;transversomedial;0;2.64862;
./datasets/80Archivos/dna_08;transversomedial;0;2.64862;
./datasets/80Archivos/dna_12;transversomedial;0;2.64862;
./datasets/80Archivos/dna_16;transversomedial;0;2.64862;
./datasets/80Archivos/dna_18;transversomedial;0;2.64862;
./datasets/80Archivos/dna_20;transversomedial;0;2.64862;
./datasets/80Archivos/dna_22;transversomedial;0;2.64862;
./datasets/80Archivos/dna_23;transversomedial;0;2.64862;
./datasets/80Archivos/dna_24;transversomedial;0;2.64862;
./datasets/80Archivos/dna_26;transversomedial;0;2.64862;
./datasets/80Archivos/dna_28;transversomedial;0;2.64862;
./datasets/80Archivos/dna_29;transversomedial;0;2.64862;
./datasets/80Archivos/dna_31;transversomedial;0;2.64862;
./datasets/80Archivos/dna_34;transversomedial;0;2.64862;
./datasets/80Archivos/dna_36;transversomedial;0;2.64862;
./datasets/80Archivos/dna_37;transversomedial;0;2.64862;
./datasets/80Archivos/dna_38;transversomedial;0;2.64862;
./datasets/80Archivos/dna_39;transversomedial;0;2.64862;
./datasets/80Archivos/english_01;transversomedial;0;2.64862;
./datasets/80Archivos/english_03;transversomedial;0;2.64862;
./datasets/80Archivos/english_06;transversomedial;0;2.64862;
./datasets/80Archivos/english_08;transversomedial;0;2.64862;
./datasets/80Archivos/english_09;transversomedial;0;2.64862;
./datasets/80Archivos/english_12;transversomedial;0;2.64862;
./datasets/80Archivos/english_14;transversomedial;0;2.64862;
./datasets/80Archivos/english_18;transversomedial;0;2.64862;
./datasets/80Archivos/english_19;transversomedial;0;2.64862;
./datasets/80Archivos/english_20;transversomedial;0;2.64862;
./datasets/80Archivos/english_22;transversomedial;0;2.64862;
./datasets/80Archivos/english_23;transversomedial;0;2.64862;
./datasets/80Archivos/english_26;transversomedial;0;2.64862;
./datasets/80Archivos/english_27;transversomedial;0;2.64862;
./datasets/80Archivos/english_29;transversomedial;0;2.64862;
./datasets/80Archivos/english_30;transversomedial;0;2.64862;
./datasets/80Archivos/english_31;transversomedial;0;2.64862;
./datasets/80Archivos/english_34;transversomedial;0;2.64862;
./datasets/80Archivos/english_36;transversomedial;0;2.64862;
./datasets/80Archivos/english_39;transversomedial;0;2.64862;
./datasets/80Archivos/dna_00;pharyngopathy;0;2.66396;
./datasets/80Archivos/dna_02;pharyngopathy;0;2.66396;
./datasets/80Archivos/dna_05;pharyngopathy;0;2.66396;
./datasets/80Archivos/dna_08;pharyngopathy;0;2.66396;
./datasets/80Archivos/dna_12;pharyngopathy;0;2.66396;
./datasets/80Archivos/dna_16;pharyngopathy;0;2.66396;
./datasets/80Archivos/dna_18;pharyngopathy;0;2.66396;
./datasets/80Archivos/dna_20;pharyngopathy;0;2.66396;
./datasets/80Archivos/dna_22;pharyngopathy;0;2.66396;
./datasets/80Archivos/dna_23;pharyngopathy;0;2.66396;
./datasets/80Archivos/dna_24;pharyngopathy;0;2.66396;
./datasets/80Archivos/dna_26;pharyngopathy;0;2.66396;
./datasets/80Archivos/dna_28;pharyngopathy;0;2.66396;
./datasets/80Archivos/dna_29;pharyngopathy;0;2.66396;
./datasets/80Archivos/dna_31;pharyngopathy;0;2.66396;
./datasets/80Archivos/dna_34;pharyngopathy;0;2.66396;
./datasets/80Archivos/dna_36;pharyngopathy;0;2.66396;
./datasets/80Archivos/dna_37;pharyngopathy;0;2.66396;
./datasets/80Archivos/dna_38;pharyngopathy;0;2.66396;
./datasets/80Archivos/dna_39;pharyngopathy;0;2.66396;
./datasets/80Archivos/english_01;pharyngopathy;0;2.66396;
./datasets/80Archivos/english_03;pharyngopathy;0;2.66396;
./datasets/80Archivos/english_06;pharyngopathy;0;2.66396;
./datasets/80Archivos/english_08;pharyngopathy;0;2.66396;
./datasets/80Archivos/english_09;pharyngopathy;0;2.66396;
./datasets/80Archivos/english_12;pharyngopathy;0;2.66396;
./datasets/80Archivos/english_14;pharyngopathy;0;2.66396;
./datasets/80Archivos/english_18;pharyngopathy;0;2.66396;
./datasets/80Archivos/english_19;pharyngopathy;0;2.66396;
./datasets/80Archivos/english_20;pharyngopathy;0;2.66396;
./datasets/80Archivos/english_22;pharyngopathy;0;2.66396;
./datasets/80Archivos/english_23;pharyngopathy;0;2.66396;
./datasets/80Archivos/english_26;pharyngopathy;0;2.66396;
./datasets/80Archivos/english_27;pharyngopathy;0;2.66396;
./datasets/80Archivos/english_29;pharyngopathy;0;2.66396;
./datasets/80Archivos/english_30;pharyngopathy;0;2.66396;
./datasets/80Archivos/english_31;pharyngopathy;0;2.66396;
./datasets/80Archivos/english_34;pharyngopathy;0;2.66396;
./datasets/80Archivos/english_36;pharyngopathy;0;2.66396;
./datasets/80Archivos/english_39;pharyngopathy;0;2.66396;
./datasets/80Archivos/dna_00;postmineral;0;2.78351;
./datasets/80Archivos/dna_02;postmineral;0;2.78351;
./datasets/80Archivos/dna_05;postmineral;0;2.78351;
./datasets/80Archivos/dna_08;postmineral;0;2.78351;
./datasets/80Archivos/dna_12;postmineral;0;2.78351;
./datasets/80Archivos/dna_16;postmineral;0;2.78351;
./datasets/80Archivos/dna_18;postmineral;0;2.78351;
./datasets/80Archivos/dna_20;postmineral;0;2.78351;
./datasets/80Archivos/dna_22;postmineral;0;2.78351;
./datasets/80Archivos/dna_23;postmineral;0;2.78351;
./datasets/80Archivos/dna_24;postmineral;0;2.78351;
./datasets/80Archivos/dna_26;postmineral;0;2.78351;
./datasets/80Archivos/dna_28;postmineral;0;2.78351;
./datasets/80Archivos/dna_29;postmineral;0;2.78351;
./datasets/80Archivos/dna_31;postmineral;0;2.78351;
./datasets/80Archivos/dna_34;postmineral;0;2.78351;
./datasets/80Archivos/dna_36;postmineral;0;2.78351;
./datasets/80Archivos/dna_37;postmineral;0;2.78351;
./datasets/80Archivos/dna_38;postmineral;0;2.78351;
./datasets/80Archivos/dna_39;postmineral;0;2.78351;
./datasets/80Archivos/english_01;postmineral;0;2.78351;
./datasets/80Archivos/english_03;postmineral;0;2.78351;
./datasets/80Archivos/english_06;postmineral;0;2.78351;
./datasets/80Archivos/english_08;postmineral;0;2.78351;
./datasets/80Archivos/english_09;postmineral;0;2.78351;
./datasets/80Archivos/english_12;postmineral;0;2.78351;
./datasets/80Archivos/english_14;postmineral;0;2.78351;
./datasets/80Archivos/english_18;postmineral;0;2.78351;
./datasets/80Archivos/english_19;postmineral;0;2.78351;
./datasets/80Archivos/english_20;postmineral;0;2.78351;
./datasets/80Archivos/english_22;postmineral;0;2.78351;
./datasets/80Archivos/english_23;postmineral;0;2.78351;
./datasets/80Archivos/english_26;postmineral;0;2.78351;
./datasets/80Archivos/english_27;postmineral;0;2.78351;
./datasets/80Archivos/english_29;postmineral;0;2.78351;
./datasets/80Archivos/english_30;postmineral;0;2.78351;
./datasets/80Archivos/english_31;postmineral;0;2.78351;
./datasets/80Archivos/english_34;postmineral;0;2.78351;
./datasets/80Archivos/english_36;postmineral;0;2.78351;
./datasets/80Archivos/english_39;postmineral;0;2.78351;
./datasets/80Archivos/dna_00;myelosyphilis;0;2.70848;
./datasets/80Archivos/dna_02;myelosyphilis;0;2.70848;
./datasets/80Archivos/dna_05;myelosyphilis;0;2.70848;
./datasets/80Archivos/dna_08;myelosyphilis;0;2.70848;
./datasets/80Archivos/dna_12;myelosyphilis;0;2.70848;
./datasets/80Archivos/dna_16;myelosyphilis;0;2.70848;
./datasets/80Archivos/dna_18;myelosyphilis;0;2.70848;
./datasets/80Archivos/dna_20;myelosyphilis;0;2.70848;
./datasets/80Archivos/dna_22;myelosyphilis;0;2.70848;
./datasets/80Archivos/dna_23;myelosyphilis;0;2.70848;
./datasets/80Archivos/dna_24;myelosyphilis;0;2.70848;
./datasets/80Archivos/dna_26;myelosyphilis;0;2.70848;
./datasets/80Archivos/dna_28;myelosyphilis;0;2.70848;
./datasets/80Archivos/dna_29;myelosyphilis;0;2.70848;
./datasets/80Archivos/dna_31;myelosyphilis;0;2.70848;
./datasets/80Archivos/dna_34;myelosyphilis;0;2.70848;
./datasets/80Archivos/dna_36;myelosyphilis;0;2.70848;
./datasets/80Archivos/dna_37;myelosyphilis;0;2.70848;
./datasets/80Archivos/dna_38;myelosyphilis;0;2.70848;
./datasets/80Archivos/dna_39;myelosyphilis;0;2.70848;
./datasets/80Archivos/english_01;myelosyphilis;0;2.70848;
./datasets/80Archivos/english_03;myelosyphilis;0;2.70848;
./datasets/80Archivos/english_06;myelosyphilis;0;2.70848;
./datasets/80Archivos/english_08;myelosyphilis;0;2.70848;
./datasets/80Archivos/english_09;myelosyphilis;0;2.70848;
./datasets/80Archivos/english_12;myelosyphilis;0;2.70848;
./datasets/80Archivos/english_14;myelosyphilis;0;2.70848;
./datasets/80Archivos/english_18;myelosyphilis;0;2.70848;
./datasets/80Archivos/english_19;myelosyphilis;0;2.70848;
./datasets/80Archivos/english_20;myelosyphilis;0;2.70848;
./datasets/80Archivos/english_22;myelosyphilis;0;2.70848;
./datasets/80Archivos/english_23;myelosyphilis;0;2.70848;
./datasets/80Archivos/english_26;myelosyphilis;0;2.70848;
./datasets/80Archivos/english_27;myelosyphilis;0;2.70848;
./datasets/80Archivos/english_29;myelosyphilis;0;2.70848;
./datasets/80Archivos/english_30;myelosyphilis;0;2.70848;
./datasets/80Archivos/english_31;myelosyphilis;0;2.70848;
./datasets/80Archivos/english_34;myelosyphilis;0;2.70848;
./datasets/80Archivos/english_36;myelosyphilis;0;2.70848;
./datasets/80Archivos/english_39;myelosyphilis;0;2.70848;
./datasets/80Archivos/dna_00;silverer;0;2.87904;
./datasets/80Archivos/dna_02;silverer;0;2.87904;
./datasets/80Archivos/dna_05;silverer;0;2.87904;
./datasets/80Archivos/dna_08;silverer;0;2.87904;
./datasets/80Archivos/dna_12;silverer;0;2.87904;
./datasets/80Archivos/dna_16;silverer;0;2.87904;
./datasets/80Archivos/dna_18;silverer;0;2.87904;
./datasets/80Archivos/dna_20;silverer;0;2.87904;
./datasets/80Archivos/dna_22;silverer;0;2.87904;
./datasets/80Archivos/dna_23;silverer;0;2.87904;
./datasets/80Archivos/dna_24;silverer;0;2.87904;
./datasets/80Archivos/dna_26;silverer;0;2.87904;
./datasets/80Archivos/dna_28;silverer;0;2.87904;
./datasets/80Archivos/dna_29;silverer;0;2.87904;
./datasets/80Archivos/dna_31;silverer;0;2.87904;
./datasets/80Archivos/dna_34;silverer;0;2.87904;
./datasets/80Archivos/dna_36;silverer;0;2.87904;
./datasets/80Archivos/dna_37;silverer;0;2.87904;
./datasets/80Archivos/dna_38;silverer;0;2.87904;
./datasets/80Archivos/dna_39;silverer;0;2.87904;
./datasets/80Archivos/english_01;silverer;0;2.87904;
./datasets/80Archivos/english_03;silverer;0;2.87904;
./datasets/80Archivos/english_06;silverer;0;2.87904;
./datasets/80Archivos/english_08;silverer;0;2.87904;
./datasets/80Archivos/english_09;silverer;0;2.87904;
./datasets/80Archivos/english_12;silverer;0;2.87904;
./datasets/80Archivos/english_14;silverer;0;2.87904;
./datasets/80Archivos/english_18;silverer;0;2.87904;
./datasets/80Archivos/english_19;silverer;0;2.87904;
./datasets/80Archivos/english_20;silverer;0;2.87904;
./datasets/80Archivos/english_22;silverer;0;2.87904;
./datasets/80Archivos/english_23;silverer;0;2.87904;
./datasets/80Archivos/english_26;silverer;0;2.87904;
./datasets/80Archivos/english_27;silverer;0;2.87904;
./datasets/80Archivos/english_29;silverer;0;2.87904;
./datasets/80Archivos/english_30;silverer;0;2.87904;
./datasets/80Archivos/english_31;silverer;0;2.87904;
./datasets/80Archivos/english_34;silverer;0;2.87904;
./datasets/80Archivos/english_36;silverer;0;2.87904;
./datasets/80Archivos/english_39;silverer;0;2.87904;
./datasets/80Archivos/dna_00;evincement;0;2.84805;
./datasets/80Archivos/dna_02;evincement;0;2.84805;
./datasets/80Archivos/dna_05;evincement;0;2.84805;
./datasets/80Archivos/dna_08;evincement;0;2.84805;
./datasets/80Archivos/dna_12;evincement;0;2.84805;
./datasets/80Archivos/dna_16;evincement;0;2.84805;
./datasets/80Archivos/dna_18;evincement;0;2.84805;
./datasets/80Archivos/dna_20;evincement;0;2.84805;
./datasets/80Archivos/dna_22;evincement;0;2.84805;
./datasets/80Archivos/dna_23;evincement;0;2.84805;
./datasets/80Archivos/dna_24;evincement;0;2.84805;
./datasets/80Archivos/dna_26;evincement;0;2.84805;
./datasets/80Archivos/dna_28;evincement;0;2.84805;
./datasets/80Archivos/dna_29;evincement;0;2.84805;
./datasets/80Archivos/dna_31;evincement;0;2.84805;
./datasets/80Archivos/dna_34;evincement;0;2.84805;
./datasets/80Archivos/dna_36;evincement;0;2.84805;
./datasets/80Archivos/dna_37;evincement;0;2.84805;
./datasets/80Archivos/dna_38;evincement;0;2.84805;
./datasets/80Archivos/dna_39;evincement;0;2.84805;
./datasets/80Archivos/english_01;evincement;0;2.84805;
./datasets/80Archivos/english_03;evincement;0;2.84805;
./datasets/80Archivos/english_06;evincement;0;2.84805;
./datasets/80Archivos/english_08;evincement;0;2.84805;
./datasets/80Archivos/english_09;evincement;0;2.84805;
./datasets/80Archivos/english_12;evincement;0;2.84805;
./datasets/80Archivos/english_14;evincement;0;2.84805;
./datasets/80Archivos/english_18;evincement;0;2.84805;
./datasets/80Archivos/english_19;evincement;0;2.84805;
./datasets/80Archivos/english_20;evincement;0;2.84805;
./datasets/80Archivos/english_22;evincement;0;2.84805;
./datasets/80Archivos/english_23;evincement;0;2.84805;
./datasets/80Archivos/english_26;evincement;0;2.84805;
./datasets/80Archivos/english_27;evincement;0;2.84805;
./datasets/80Archivos/english_29;evincement;0;2.84805;
./datasets/80Archivos/english_30;evincement;0;2.84805;
./datasets/80Archivos/english_31;evincement;0;2.84805;
./datasets/80Archivos/english_34;evincement;0;2.84805;
./datasets/80Archivos/english_36;evincement;0;2.84805;
./datasets/80Archivos/english_39;evincement;0;2.84805;
./datasets/80Archivos/dna_00;phrygium;0;2.92193;
./datasets/80Archivos/dna_02;phrygium;0;2.92193;
./datasets/80Archivos/dna_05;phrygium;0;2.92193;
./datasets/80Archivos/dna_08;phrygium;0;2.92193;
./datasets/80Archivos/dna_12;phrygium;0;2.92193;
./datasets/80Archivos/dna_16;phrygium;0;2.92193;
./datasets/80Archivos/dna_18;phrygium;0;2.92193;
./datasets/80Archivos/dna_20;phrygium;0;2.92193;
./datasets/80Archivos/dna_22;phrygium;0;2.92193;
./datasets/80Archivos/dna_23;phrygium;0;2.92193;
./datasets/80Archivos/dna_24;phrygium;0;2.92193;
./datasets/80Archivos/dna_26;phrygium;0;2.92193;
./datasets/80Archivos/dna_28;phrygium;0;2.92193;
./datasets/80Archivos/dna_29;phrygium;0;2.92193;
./datasets/80Archivos/dna_31;phrygium;0;2.92193;
./datasets/80Archivos/dna_34;phrygium;0;2.92193;
./datasets/80Archivos/dna_36;phrygium;0;2.92193;
./datasets/80Archivos/dna_37;phrygium;0;2.92193;
./datasets/80Archivos/dna_38;phrygium;0;2.92193;
./datasets/80Archivos/dna_39;phrygium;0;2.92193;
./datasets/80Archivos/english_01;phrygium;0;2.92193;
./datasets/80Archivos/english_03;phrygium;0;2.92193;
./datasets/80Archivos/english_06;phrygium;0;2.92193;
./datasets/80Archivos/english_08;phrygium;0;2.92193;
./datasets/80Archivos/english_09;phrygium;0;2.92193;
./datasets/80Archivos/english_12;phrygium;0;2.92193;
./datasets/80Archivos/english_14;phrygium;0;2.92193;
./datasets/80Archivos/english_18;phrygium;0;2.92193;
./datasets/80Archivos/english_19;phrygium;0;2.92193;
./datasets/80Archivos/english_20;phrygium;0;2.92193;
./datasets/80Archivos/english_22;phrygium;0;2.92193;
./datasets/80Archivos/english_23;phrygium;0;2.92193;
./datasets/80Archivos/english_26;phrygium;0;2.92193;
./datasets/80Archivos/english_27;phrygium;0;2.92193;
./datasets/80Archivos/english_29;phrygium;0;2.92193;
./datasets/80Archivos/english_30;phrygium;0;2.92193;
./datasets/80Archivos/english_31;phrygium;0;2.92193;
./datasets/80Archivos/english_34;phrygium;0;2.92193;
./datasets/80Archivos/english_36;phrygium;0;2.92193;
./datasets/80Archivos/english_39;phrygium;0;2.92193;
./datasets/80Archivos/dna_00;punnigram;0;2.84167;
./datasets/80Archivos/dna_02;punnigram;0;2.84167;
./datasets/80Archivos/dna_05;punnigram;0;2.84167;
./datasets/80Archivos/dna_08;punnigram;0;2.84167;
./datasets/80Archivos/dna_12;punnigram;0;2.84167;
./datasets/80Archivos/dna_16;punnigram;0;2.84167;
./datasets/80Archivos/dna_18;punnigram;0;2.84167;
./datasets/80Archivos/dna_20;punnigram;0;2.84167;
./datasets/80Archivos/dna_22;punnigram;0;2.84167;
./datasets/80Archivos/dna_23;punnigram;0;2.84167;
./datasets/80Archivos/dna_24;punnigram;0;2.84167;
./datasets/80Archivos/dna_26;punnigram;0;2.84167;
./datasets/80Archivos/dna_28;punnigram;0;2.84167;
./datasets/80Archivos/dna_29;punnigram;0;2.84167;
./datasets/80Archivos/dna_31;punnigram;0;2.84167;
./datasets/80Archivos/dna_34;punnigram;0;2.84167;
./datasets/80Archivos/dna_36;punnigram;0;2.84167;
./datasets/80Archivos/dna_37;punnigram;0;2.84167;
./datasets/80Archivos/dna_38;punnigram;0;2.84167;
./datasets/80Archivos/dna_39;punnigram;0;2.84167;
./datasets/80Archivos/english_01;punnigram;0;2.84167;
./datasets/80Archivos/english_03;punnigram;0;2.84167;
./datasets/80Archivos/english_06;punnigram;0;2.84167;
./datasets/80Archivos/english_08;punnigram;0;2.84167;
./datasets/80Archivos/english_09;punnigram;0;2.84167;
./datasets/80Archivos/english_12;punnigram;0;2.84167;
./datasets/80Archivos/english_14;punnigram;0;2.84167;
./datasets/80Archivos/english_18;punnigram;0;2.84167;
./datasets/80Archivos/english_19;punnigram;0;2.84167;
./datasets/80Archivos/english_20;punnigram;0;2.84167;
./datasets/80Archivos/english_22;punnigram;0;2.84167;
./datasets/80Archivos/english_23;punnigram;0;2.84167;
./datasets/80Archivos/english_26;punnigram;0;2.84167;
./datasets/80Archivos/english_27;punnigram;0;2.84167;
./datasets/80Archivos/english_29;punnigram;0;2.84167;
./datasets/80Archivos/english_30;punnigram;0;2.84167;
./datasets/80Archivos/english_31;punnigram;0;2.84167;
./datasets/80Archivos/english_34;punnigram;0;2.84167;
./datasets/80Archivos/english_36;punnigram;0;2.84167;
./datasets/80Archivos/english_39;punnigram;0;2.84167;
./datasets/80Archivos/dna_00;imminution;0;2.81393;
./datasets/80Archivos/dna_02;imminution;0;2.81393;
./datasets/80Archivos/dna_05;imminution;0;2.81393;
./datasets/80Archivos/dna_08;imminution;0;2.81393;
./datasets/80Archivos/dna_12;imminution;0;2.81393;
./datasets/80Archivos/dna_16;imminution;0;2.81393;
./datasets/80Archivos/dna_18;imminution;0;2.81393;
./datasets/80Archivos/dna_20;imminution;0;2.81393;
./datasets/80Archivos/dna_22;imminution;0;2.81393;
./datasets/80Archivos/dna_23;imminution;0;2.81393;
./datasets/80Archivos/dna_24;imminution;0;2.81393;
./datasets/80Archivos/dna_26;imminution;0;2.81393;
./datasets/80Archivos/dna_28;imminution;0;2.81393;
./datasets/80Archivos/dna_29;imminution;0;2.81393;
./datasets/80Archivos/dna_31;imminution;0;2.81393;
./datasets/80Archivos/dna_34;imminution;0;2.81393;
./datasets/80Archivos/dna_36;imminution;0;2.81393;
./datasets/80Archivos/dna_37;imminution;0;2.81393;
./datasets/80Archivos/dna_38;imminution;0;2.81393;
./datasets/80Archivos/dna_39;imminution;0;2.81393;
./datasets/80Archivos/english_01;imminution;0;2.81393;
./datasets/80Archivos/english_03;imminution;0;2.81393;
./datasets/80Archivos/english_06;imminution;0;2.81393;
./datasets/80Archivos/english_08;imminution;0;2.81393;
./datasets/80Archivos/english_09;imminution;0;2.81393;
./datasets/80Archivos/english_12;imminution;0;2.81393;
./datasets/80Archivos/english_14;imminution;0;2.81393;
./datasets/80Archivos/english_18;imminution;0;2.81393;
./datasets/80Archivos/english_19;imminution;0;2.81393;
./datasets/80Archivos/english_20;imminution;0;2.81393;
./datasets/80Archivos/english_22;imminution;0;2.81393;
./datasets/80Archivos/english_23;imminution;0;2.81393;
./datasets/80Archivos/english_26;imminution;0;2.81393;
./datasets/80Archivos/english_27;imminution;0;2.81393;
./datasets/80Archivos/english_29;imminution;0;2.81393;
./datasets/80Archivos/english_30;imminution;0;2.81393;
./datasets/80Archivos/english_31;imminution;0;2.81393;
./datasets/80Archivos/english_34;imminution;0;2.81393;
./datasets/80Archivos/english_36;imminution;0;2.81393;
./datasets/80Archivos/english_39;imminution;0;2.81393;
./datasets/80Archivos/dna_00;environmental;0;2.66906;
./datasets/80Archivos/dna_02;environmental;0;2.66906;
./datasets/80Archivos/dna_05;environmental;0;2.66906;
./datasets/80Archivos/dna_08;environmental;0;2.66906;
./datasets/80Archivos/dna_12;environmental;0;2.66906;
./datasets/80Archivos/dna_16;environmental;0;2.66906;
./datasets/80Archivos/dna_18;environmental;0;2.66906;
./datasets/80Archivos/dna_20;environmental;0;2.66906;
./datasets/80Archivos/dna_22;environmental;0;2.66906;
./datasets/80Archivos/dna_23;environmental;0;2.66906;
./datasets/80Archivos/dna_24;environmental;0;2.66906;
./datasets/80Archivos/dna_26;environmental;0;2.66906;
./datasets/80Archivos/dna_28;environmental;0;2.66906;
./datasets/80Archivos/dna_29;environmental;0;2.66906;
./datasets/80Archivos/dna_31;environmental;0;2.66906;
./datasets/80Archivos/dna_34;environmental;0;2.66906;
./datasets/80Archivos/dna_36;environmental;0;2.66906;
./datasets/80Archivos/dna_37;environmental;0;2.66906;
./datasets/80Archivos/dna_38;environmental;0;2.66906;
./datasets/80Archivos/dna_39;environmental;0;2.66906;
./datasets/80Archivos/english_01;environmental;0;2.66906;
./datasets/80Archivos/english_03;environmental;0;2.66906;
./datasets/80Archivos/english_06;environmental;0;2.66906;
./datasets/80Archivos/english_08;environmental;0;2.66906;
./datasets/80Archivos/english_09;environmental;0;2.66906;
./datasets/80Archivos/english_12;environmental;0;2.66906;
./datasets/80Archivos/english_14;environmental;0;2.66906;
./datasets/80Archivos/english_18;environmental;0;2.66906;
./datasets/80Archivos/english_19;environmental;0;2.66906;
./datasets/80Archivos/english_20;environmental;0;2.66906;
./datasets/80Archivos/english_22;environmental;0;2.66906;
./datasets/80Archivos/english_23;environmental;0;2.66906;
./datasets/80Archivos/english_26;environmental;0;2.66906;
./datasets/80Archivos/english_27;environmental;0;2.66906;
./datasets/80Archivos/english_29;environmental;0;2.66906;
./datasets/80Archivos/english_30;environmental;0;2.66906;
./datasets/80Archivos/english_31;environmental;0;2.66906;
./datasets/80Archivos/english_34;environmental;0;2.66906;
./datasets/80Archivos/english_36;environmental;0;2.66906;
./datasets/80Archivos/english_39;environmental;0;2.66906;
./datasets/80Archivos/dna_00;sleepify;0;2.92795;
./datasets/80Archivos/dna_02;sleepify;0;2.92795;
./datasets/80Archivos/dna_05;sleepify;0;2.92795;
./datasets/80Archivos/dna_08;sleepify;0;2.92795;
./datasets/80Archivos/dna_12;sleepify;0;2.92795;
./datasets/80Archivos/dna_16;sleepify;0;2.92795;
./datasets/80Archivos/dna_18;sleepify;0;2.92795;
./datasets/80Archivos/dna_20;sleepify;0;2.92795;
./datasets/80Archivos/dna_22;sleepify;0;2.92795;
./datasets/80Archivos/dna_23;sleepify;0;2.92795;
./datasets/80Archivos/dna_24;sleepify;0;2.92795;
./datasets/80Archivos/dna_26;sleepify;0;2.92795;
./datasets/80Archivos/dna_28;sleepify;0;2.92795;
./datasets/80Archivos/dna_29;sleepify;0;2.92795;
./datasets/80Archivos/dna_31;sleepify;0;2.92795;
./datasets/80Archivos/dna_34;sleepify;0;2.92795;
./datasets/80Archivos/dna_36;sleepify;0;2.92795;
./datasets/80Archivos/dna_37;sleepify;0;2.92795;
./datasets/80Archivos/dna_38;sleepify;0;2.92795;
./datasets/80Archivos/dna_39;sleepify;0;2.92795;
./datasets/80Archivos/english_01;sleepify;0;2.92795;
./datasets/80Archivos/english_03;sleepify;0;2.92795;
./datasets/80Archivos/english_06;sleepify;0;2.92795;
./datasets/80Archivos/english_08;sleepify;0;2.92795;
./datasets/80Archivos/english_09;sleepify;0;2.92795;
./datasets/80Archivos/english_12;sleepify;0;2.92795;
./datasets/80Archivos/english_14;sleepify;0;2.92795;
./datasets/80Archivos/english_18;sleepify;0;2.92795;
./datasets/80Archivos/english_19;sleepify;0;2.92795;
./datasets/80Archivos/english_20;sleepify;0;2.92795;
./datasets/80Archivos/english_22;sleepify;0;2.92795;
./datasets/80Archivos/english_23;sleepify;0;2.92795;
./datasets/80Archivos/english_26;sleepify;0;2.92795;
./datasets/80Archivos/english_27;sleepify;0;2.92795;
./datasets/80Archivos/english_29;sleepify;0;2.92795;
./datasets/80Archivos/english_30;sleepify;0;2.92795;
./datasets/80Archivos/english_31;sleepify;0;2.92795;
./datasets/80Archivos/english_34;sleepify;0;2.92795;
./datasets/80Archivos/english_36;sleepify;0;2.92795;
./datasets/80Archivos/english_39;sleepify;0;2.92795;
./datasets/80Archivos/dna_00;nope;0;3.5201;
./datasets/80Archivos/dna_02;nope;0;3.5201;
./datasets/80Archivos/dna_05;nope;0;3.5201;
./datasets/80Archivos/dna_08;nope;0;3.5201;
./datasets/80Archivos/dna_12;nope;0;3.5201;
./datasets/80Archivos/dna_16;nope;0;3.5201;
./datasets/80Archivos/dna_18;nope;0;3.5201;
./datasets/80Archivos/dna_20;nope;0;3.5201;
./datasets/80Archivos/dna_22;nope;0;3.5201;
./datasets/80Archivos/dna_23;nope;0;3.5201;
./datasets/80Archivos/dna_24;nope;0;3.5201;
./datasets/80Archivos/dna_26;nope;0;3.5201;
./datasets/80Archivos/dna_28;nope;0;3.5201;
./datasets/80Archivos/dna_29;nope;0;3.5201;
./datasets/80Archivos/dna_31;nope;0;3.5201;
./datasets/80Archivos/dna_34;nope;0;3.5201;
./datasets/80Archivos/dna_36;nope;0;3.5201;
./datasets/80Archivos/dna_37;nope;0;3.5201;
./datasets/80Archivos/dna_38;nope;0;3.5201;
./datasets/80Archivos/dna_39;nope;0;3.5201;
./datasets/80Archivos/english_01;nope;2;3.5201;
./datasets/80Archivos/english_03;nope;3;3.5201;
./datasets/80Archivos/english_06;nope;3;3.5201;
./datasets/80Archivos/english_08;nope;1;3.5201;
./datasets/80Archivos/english_09;nope;2;3.5201;
./datasets/80Archivos/english_12;nope;1;3.5201;
./datasets/80Archivos/english_14;nope;7;3.5201;
./datasets/80Archivos/english_18;nope;0;3.5201;
./datasets/80Archivos/english_19;nope;0;3.5201;
./datasets/80Archivos/english_20;nope;0;3.5201;
./datasets/80Archivos/english_22;nope;1;3.5201;
./datasets/80Archivos/english_23;nope;0;3.5201;
./datasets/80Archivos/english_26;nope;0;3.5201;
./datasets/80Archivos/english_27;nope;0;3.5201;
./datasets/80Archivos/english_29;nope;1;3.5201;
./datasets/80Archivos/english_30;nope;3;3.5201;
./datasets/80Archivos/english_31;nope;0;3.5201;
./datasets/80Archivos/english_34;nope;2;3.5201;
./datasets/80Archivos/english_36;nope;1;3.5201;
./datasets/80Archivos/english_39;nope;2;3.5201;
./datasets/80Archivos/dna_00;wauken;0;3.1078;
./datasets/80Archivos/dna_02;wauken;0;3.1078;
./datasets/80Archivos/dna_05;wauken;0;3.1078;
./datasets/80Archivos/dna_08;wauken;0;3.1078;
./datasets/80Archivos/dna_12;wauken;0;3.1078;
./datasets/80Archivos/dna_16;wauken;0;3.1078;
./datasets/80Archivos/dna_18;wauken;0;3.1078;
./datasets/80Archivos/dna_20;wauken;0;3.1078;
./datasets/80Archivos/dna_22;wauken;0;3.1078;
./datasets/80Archivos/dna_23;wauken;0;3.1078;
./datasets/80Archivos/dna_24;wauken;0;3.1078;
./datasets/80Archivos/dna_26;wauken;0;3.1078;
./datasets/80Archivos/dna_28;wauken;0;3.1078;
./datasets/80Archivos/dna_29;wauken;0;3.1078;
./datasets/80Archivos/dna_31;wauken;0;3.1078;
./datasets/80Archivos/dna_34;wauken;0;3.1078;
./datasets/80Archivos/dna_36;wauken;0;3.1078;
./datasets/80Archivos/dna_37;wauken;0;3.1078;
./datasets/80Archivos/dna_38;wauken;0;3.1078;
./datasets/80Archivos/dna_39;wauken;0;3.1078;
./datasets/80Archivos/english_01;wauken;0;3.1078;
./datasets/80Archivos/english_03;wauken;0;3.1078;
./datasets/80Archivos/english_06;wauken;0;3.1078;
./datasets/80Archivos/english_08;wauken;0;3.1078;
./datasets/80Archivos/english_09;wauken;0;3.1078;
./datasets/80Archivos/english_12;wauken;0;3.1078;
./datasets/80Archivos/english_14;wauken;0;3.1078;
./datasets/80Archivos/english_18;wauken;0;3.1078;
./datasets/80Archivos/english_19;wauken;0;3.1078;
./datasets/80Archivos/english_20;wauken;0;3.1078;
./datasets/80Archivos/english_22;wauken;0;3.1078;
./datasets/80Archivos/english_23;wauken;0;3.1078;
./datasets/80Archivos/english_26;wauken;0;3.1078;
./datasets/80Archivos/english_27;wauken;0;3.1078;
./datasets/80Archivos/english_29;wauken;0;3.1078;
./datasets/80Archivos/english_30;wauken;0;3.1078;
./datasets/80Archivos/english_31;wauken;0;3.1078;
./datasets/80Archivos/english_34;wauken;0;3.1078;
./datasets/80Archivos/english_36;wauken;0;3.1078;
./datasets/80Archivos/english_39;wauken;0;3.1078;
./datasets/80Archivos/dna_00;indignance;0;2.78521;
./datasets/80Archivos/dna_02;indignance;0;2.78521;
./datasets/80Archivos/dna_05;indignance;0;2.78521;
./datasets/80Archivos/dna_08;indignance;0;2.78521;
./datasets/80Archivos/dna_12;indignance;0;2.78521;
./datasets/80Archivos/dna_16;indignance;0;2.78521;
./datasets/80Archivos/dna_18;indignance;0;2.78521;
./datasets/80Archivos/dna_20;indignance;0;2.78521;
./datasets/80Archivos/dna_22;indignance;0;2.78521;
./datasets/80Archivos/dna_23;indignance;0;2.78521;
./datasets/80Archivos/dna_24;indignance;0;2.78521;
./datasets/80Archivos/dna_26;indignance;0;2.78521;
./datasets/80Archivos/dna_28;indignance;0;2.78521;
./datasets/80Archivos/dna_29;indignance;0;2.78521;
./datasets/80Archivos/dna_31;indignance;0;2.78521;
./datasets/80Archivos/dna_34;indignance;0;2.78521;
./datasets/80Archivos/dna_36;indignance;0;2.78521;
./datasets/80Archivos/dna_37;indignance;0;2.78521;
./datasets/80Archivos/dna_38;indignance;0;2.78521;
./datasets/80Archivos/dna_39;indignance;0;2.78521;
./datasets/80Archivos/english_01;indignance;0;2.78521;
./datasets/80Archivos/english_03;indignance;0;2.78521;
./datasets/80Archivos/english_06;indignance;0;2.78521;
./datasets/80Archivos/english_08;indignance;0;2.78521;
./datasets/80Archivos/english_09;indignance;0;2.78521;
./datasets/80Archivos/english_12;indignance;0;2.78521;
./datasets/80Archivos/english_14;indignance;0;2.78521;
./datasets/80Archivos/english_18;indignance;0;2.78521;
./datasets/80Archivos/english_19;indignance;0;2.78521;
./datasets/80Archivos/english_20;indignance;0;2.78521;
./datasets/80Archivos/english_22;indignance;0;2.78521;
./datasets/80Archivos/english_23;indignance;0;2.78521;
./datasets/80Archivos/english_26;indignance;0;2.78521;
./datasets/80Archivos/english_27;indignance;0;2.78521;
./datasets/80Archivos/english_29;indignance;0;2.78521;
./datasets/80Archivos/english_30;indignance;0;2.78521;
./datasets/80Archivos/english_31;indignance;0;2.78521;
./datasets/80Archivos/english_34;indignance;0;2.78521;
./datasets/80Archivos/english_36;indignance;0;2.78521;
./datasets/80Archivos/english_39;indignance;0;2.78521;
./datasets/80Archivos/dna_00;knotwort;0;3.00705;
./datasets/80Archivos/dna_02;knotwort;0;3.00705;
./datasets/80Archivos/dna_05;knotwort;0;3.00705;
./datasets/80Archivos/dna_08;knotwort;0;3.00705;
./datasets/80Archivos/dna_12;knotwort;0;3.00705;
./datasets/80Archivos/dna_16;knotwort;0;3.00705;
./datasets/80Archivos/dna_18;knotwort;0;3.00705;
./datasets/80Archivos/dna_20;knotwort;0;3.00705;
./datasets/80Archivos/dna_22;knotwort;0;3.00705;
./datasets/80Archivos/dna_23;knotwort;0;3.00705;
./datasets/80Archivos/dna_24;knotwort;0;3.00705;
./datasets/80Archivos/dna_26;knotwort;0;3.00705;
./datasets/80Archivos/dna_28;knotwort;0;3.00705;
./datasets/80Archivos/dna_29;knotwort;0;3.00705;
./datasets/80Archivos/dna_31;knotwort;0;3.00705;
./datasets/80Archivos/dna_34;knotwort;0;3.00705;
./datasets/80Archivos/dna_36;knotwort;0;3.00705;
./datasets/80Archivos/dna_37;knotwort;0;3.00705;
./datasets/80Archivos/dna_38;knotwort;0;3.00705;
./datasets/80Archivos/dna_39;knotwort;0;3.00705;
./datasets/80Archivos/english_01;knotwort;0;3.00705;
./datasets/80Archivos/english_03;knotwort;0;3.00705;
./datasets/80Archivos/english_06;knotwort;0;3.00705;
./datasets/80Archivos/english_08;knotwort;0;3.00705;
./datasets/80Archivos/english_09;knotwort;0;3.00705;
./datasets/80Archivos/english_12;knotwort;0;3.00705;
./datasets/80Archivos/english_14;knotwort;0;3.00705;
./datasets/80Archivos/english_18;knotwort;0;3.00705;
./datasets/80Archivos/english_19;knotwort;0;3.00705;
./datasets/80Archivos/english_20;knotwort;0;3.00705;
./datasets/80Archivos/english_22;knotwort;0;3.00705;
./datasets/80Archivos/english_23;knotwort;0;3.00705;
./datasets/80Archivos/english_26;knotwort;0;3.00705;
./datasets/80Archivos/english_27;knotwort;0;3.00705;
./datasets/80Archivos/english_29;knotwort;0;3.00705;
./datasets/80Archivos/english_30;knotwort;0;3.00705;
./datasets/80Archivos/english_31;knotwort;0;3.00705;
./datasets/80Archivos/english_34;knotwort;0;3.00705;
./datasets/80Archivos/english_36;knotwort;0;3.00705;
./datasets/80Archivos/english_39;knotwort;0;3.00705;
./datasets/80Archivos/dna_00;apocodeine;0;2.77168;
./datasets/80Archivos/dna_02;apocodeine;0;2.77168;
./datasets/80Archivos/dna_05;apocodeine;0;2.77168;
./datasets/80Archivos/dna_08;apocodeine;0;2.77168;
./datasets/80Archivos/dna_12;apocodeine;0;2.77168;
./datasets/80Archivos/dna_16;apocodeine;0;2.77168;
./datasets/80Archivos/dna_18;apocodeine;0;2.77168;
./datasets/80Archivos/dna_20;apocodeine;0;2.77168;
./datasets/80Archivos/dna_22;apocodeine;0;2.77168;
./datasets/80Archivos/dna_23;apocodeine;0;2.77168;
./datasets/80Archivos/dna_24;apocodeine;0;2.77168;
./datasets/80Archivos/dna_26;apocodeine;0;2.77168;
./datasets/80Archivos/dna_28;apocodeine;0;2.77168;
./datasets/80Archivos/dna_29;apocodeine;0;2.77168;
./datasets/80Archivos/dna_31;apocodeine;0;2.77168;
./datasets/80Archivos/dna_34;apocodeine;0;2.77168;
./datasets/80Archivos/dna_36;apocodeine;0;2.77168;
./datasets/80Archivos/dna_37;apocodeine;0;2.77168;
./datasets/80Archivos/dna_38;apocodeine;0;2.77168;
./datasets/80Archivos/dna_39;apocodeine;0;2.77168;
./datasets/80Archivos/english_01;apocodeine;0;2.77168;
./datasets/80Archivos/english_03;apocodeine;0;2.77168;
./datasets/80Archivos/english_06;apocodeine;0;2.77168;
./datasets/80Archivos/english_08;apocodeine;0;2.77168;
./datasets/80Archivos/english_09;apocodeine;0;2.77168;
./datasets/80Archivos/english_12;apocodeine;0;2.77168;
./datasets/80Archivos/english_14;apocodeine;0;2.77168;
./datasets/80Archivos/english_18;apocodeine;0;2.77168;
./datasets/80Archivos/english_19;apocodeine;0;2.77168;
./datasets/80Archivos/english_20;apocodeine;0;2.77168;
./datasets/80Archivos/english_22;apocodeine;0;2.77168;
./datasets/80Archivos/english_23;apocodeine;0;2.77168;
./datasets/80Archivos/english_26;apocodeine;0;2.77168;
./datasets/80Archivos/english_27;apocodeine;0;2.77168;
./datasets/80Archivos/english_29;apocodeine;0;2.77168;
./datasets/80Archivos/english_30;apocodeine;0;2.77168;
./datasets/80Archivos/english_31;apocodeine;0;2.77168;
./datasets/80Archivos/english_34;apocodeine;0;2.77168;
./datasets/80Archivos/english_36;apocodeine;0;2.77168;
./datasets/80Archivos/english_39;apocodeine;0;2.77168;
./datasets/80Archivos/dna_00;escortee;0;2.97794;
./datasets/80Archivos/dna_02;escortee;0;2.97794;
./datasets/80Archivos/dna_05;escortee;0;2.97794;
./datasets/80Archivos/dna_08;escortee;0;2.97794;
./datasets/80Archivos/dna_12;escortee;0;2.97794;
./datasets/80Archivos/dna_16;escortee;0;2.97794;
./datasets/80Archivos/dna_18;escortee;0;2.97794;
./datasets/80Archivos/dna_20;escortee;0;2.97794;
./datasets/80Archivos/dna_22;escortee;0;2.97794;
./datasets/80Archivos/dna_23;escortee;0;2.97794;
./datasets/80Archivos/dna_24;escortee;0;2.97794;
./datasets/80Archivos/dna_26;escortee;0;2.97794;
./datasets/80Archivos/dna_28;escortee;0;2.97794;
./datasets/80Archivos/dna_29;escortee;0;2.97794;
./datasets/80Archivos/dna_31;escortee;0;2.97794;
./datasets/80Archivos/dna_34;escortee;0;2.97794;
./datasets/80Archivos/dna_36;escortee;0;2.97794;
./datasets/80Archivos/dna_37;escortee;0;2.97794;
./datasets/80Archivos/dna_38;escortee;0;2.97794;
./datasets/80Archivos/dna_39;escortee;0;2.97794;
./datasets/80Archivos/english_01;escortee;0;2.97794;
./datasets/80Archivos/english_03;escortee;0;2.97794;
./datasets/80Archivos/english_06;escortee;0;2.97794;
./datasets/80Archivos/english_08;escortee;0;2.97794;
./datasets/80Archivos/english_09;escortee;0;2.97794;
./datasets/80Archivos/english_12;escortee;0;2.97794;
./datasets/80Archivos/english_14;escortee;0;2.97794;
./datasets/80Archivos/english_18;escortee;0;2.97794;
./datasets/80Archivos/english_19;escortee;0;2.97794;
./datasets/80Archivos/english_20;escortee;0;2.97794;
./datasets/80Archivos/english_22;escortee;0;2.97794;
./datasets/80Archivos/english_23;escortee;0;2.97794;
./datasets/80Archivos/english_26;escortee;0;2.97794;
./datasets/80Archivos/english_27;escortee;0;2.97794;
./datasets/80Archivos/english_29;escortee;0;2.97794;
./datasets/80Archivos/english_30;escortee;0;2.97794;
./datasets/80Archivos/english_31;escortee;0;2.97794;
./datasets/80Archivos/english_34;escortee;0;2.97794;
./datasets/80Archivos/english_36;escortee;0;2.97794;
./datasets/80Archivos/english_39;escortee;0;2.97794;
./datasets/80Archivos/dna_00;dogwatch;0;2.87932;
./datasets/80Archivos/dna_02;dogwatch;0;2.87932;
./datasets/80Archivos/dna_05;dogwatch;0;2.87932;
./datasets/80Archivos/dna_08;dogwatch;0;2.87932;
./datasets/80Archivos/dna_12;dogwatch;0;2.87932;
./datasets/80Archivos/dna_16;dogwatch;0;2.87932;
./datasets/80Archivos/dna_18;dogwatch;0;2.87932;
./datasets/80Archivos/dna_20;dogwatch;0;2.87932;
./datasets/80Archivos/dna_22;dogwatch;0;2.87932;
./datasets/80Archivos/dna_23;dogwatch;0;2.87932;
./datasets/80Archivos/dna_24;dogwatch;0;2.87932;
./datasets/80Archivos/dna_26;dogwatch;0;2.87932;
./datasets/80Archivos/dna_28;dogwatch;0;2.87932;
./datasets/80Archivos/dna_29;dogwatch;0;2.87932;
./datasets/80Archivos/dna_31;dogwatch;0;2.87932;
./datasets/80Archivos/dna_34;dogwatch;0;2.87932;
./datasets/80Archivos/dna_36;dogwatch;0;2.87932;
./datasets/80Archivos/dna_37;dogwatch;0;2.87932;
./datasets/80Archivos/dna_38;dogwatch;0;2.87932;
./datasets/80Archivos/dna_39;dogwatch;0;2.87932;
./datasets/80Archivos/english_01;dogwatch;0;2.87932;
./datasets/80Archivos/english_03;dogwatch;0;2.87932;
./datasets/80Archivos/english_06;dogwatch;0;2.87932;
./datasets/80Archivos/english_08;dogwatch;0;2.87932;
./datasets/80Archivos/english_09;dogwatch;0;2.87932;
./datasets/80Archivos/english_12;dogwatch;0;2.87932;
./datasets/80Archivos/english_14;dogwatch;0;2.87932;
./datasets/80Archivos/english_18;dogwatch;0;2.87932;
./datasets/80Archivos/english_19;dogwatch;0;2.87932;
./datasets/80Archivos/english_20;dogwatch;0;2.87932;
./datasets/80Archivos/english_22;dogwatch;0;2.87932;
./datasets/80Archivos/english_23;dogwatch;0;2.87932;
./datasets/80Archivos/english_26;dogwatch;0;2.87932;
./datasets/80Archivos/english_27;dogwatch;0;2.87932;
./datasets/80Archivos/english_29;dogwatch;0;2.87932;
./datasets/80Archivos/english_30;dogwatch;0;2.87932;
./datasets/80Archivos/english_31;dogwatch;0;2.87932;
./datasets/80Archivos/english_34;dogwatch;0;2.87932;
./datasets/80Archivos/english_36;dogwatch;0;2.87932;
./datasets/80Archivos/english_39;dogwatch;0;2.87932;
./datasets/80Archivos/dna_00;eaglewood;0;2.81704;
./datasets/80Archivos/dna_02;eaglewood;0;2.81704;
./datasets/80Archivos/dna_05;eaglewood;0;2.81704;
./datasets/80Archivos/dna_08;eaglewood;0;2.81704;
./datasets/80Archivos/dna_12;eaglewood;0;2.81704;
./datasets/80Archivos/dna_16;eaglewood;0;2.81704;
./datasets/80Archivos/dna_18;eaglewood;0;2.81704;
./datasets/80Archivos/dna_20;eaglewood;0;2.81704;
./datasets/80Archivos/dna_22;eaglewood;0;2.81704;
./datasets/80Archivos/dna_23;eaglewood;0;2.81704;
./datasets/80Archivos/dna_24;eaglewood;0;2.81704;
./datasets/80Archivos/dna_26;eaglewood;0;2.81704;
./datasets/80Archivos/dna_28;eaglewood;0;2.81704;
./datasets/80Archivos/dna_29;eaglewood;0;2.81704;
./datasets/80Archivos/dna_31;eaglewood;0;2.81704;
./datasets/80Archivos/dna_34;eaglewood;0;2.81704;
./datasets/80Archivos/dna_36;eaglewood;0;2.81704;
./datasets/80Archivos/dna_37;eaglewood;0;2.81704;
./datasets/80Archivos/dna_38;eaglewood;0;2.81704;
./datasets/80Archivos/dna_39;eaglewood;0;2.81704;
./datasets/80Archivos/english_01;eaglewood;0;2.81704;
./datasets/80Archivos/english_03;eaglewood;0;2.81704;
./datasets/80Archivos/english_06;eaglewood;0;2.81704;
./datasets/80Archivos/english_08;eaglewood;0;2.81704;
./datasets/80Archivos/english_09;eaglewood;0;2.81704;
./datasets/80Archivos/english_12;eaglewood;0;2.81704;
./datasets/80Archivos/english_14;eaglewood;0;2.81704;
./datasets/80Archivos/english_18;eaglewood;0;2.81704;
./datasets/80Archivos/english_19;eaglewood;0;2.81704;
./datasets/80Archivos/english_20;eaglewood;0;2.81704;
./datasets/80Archivos/english_22;eaglewood;0;2.81704;
./datasets/80Archivos/english_23;eaglewood;0;2.81704;
./datasets/80Archivos/english_26;eaglewood;0;2.81704;
./datasets/80Archivos/english_27;eaglewood;0;2.81704;
./datasets/80Archivos/english_29;eaglewood;0;2.81704;
./datasets/80Archivos/english_30;eaglewood;0;2.81704;
./datasets/80Archivos/english_31;eaglewood;0;2.81704;
./datasets/80Archivos/english_34;eaglewood;0;2.81704;
./datasets/80Archivos/english_36;eaglewood;0;2.81704;
./datasets/80Archivos/english_39;eaglewood;0;2.81704;
./datasets/80Archivos/dna_00;unbrotherliness;0;2.72271;
./datasets/80Archivos/dna_02;unbrotherliness;0;2.72271;
./datasets/80Archivos/dna_05;unbrotherliness;0;2.72271;
./datasets/80Archivos/dna_08;unbrotherliness;0;2.72271;
./datasets/80Archivos/dna_12;unbrotherliness;0;2.72271;
./datasets/80Archivos/dna_16;unbrotherliness;0;2.72271;
./datasets/80Archivos/dna_18;unbrotherliness;0;2.72271;
./datasets/80Archivos/dna_20;unbrotherliness;0;2.72271;
./datasets/80Archivos/dna_22;unbrotherliness;0;2.72271;
./datasets/80Archivos/dna_23;unbrotherliness;0;2.72271;
./datasets/80Archivos/dna_24;unbrotherliness;0;2.72271;
./datasets/80Archivos/dna_26;unbrotherliness;0;2.72271;
./datasets/80Archivos/dna_28;unbrotherliness;0;2.72271;
./datasets/80Archivos/dna_29;unbrotherliness;0;2.72271;
./datasets/80Archivos/dna_31;unbrotherliness;0;2.72271;
./datasets/80Archivos/dna_34;unbrotherliness;0;2.72271;
./datasets/80Archivos/dna_36;unbrotherliness;0;2.72271;
./datasets/80Archivos/dna_37;unbrotherliness;0;2.72271;
./datasets/80Archivos/dna_38;unbrotherliness;0;2.72271;
./datasets/80Archivos/dna_39;unbrotherliness;0;2.72271;
./datasets/80Archivos/english_01;unbrotherliness;0;2.72271;
./datasets/80Archivos/english_03;unbrotherliness;0;2.72271;
./datasets/80Archivos/english_06;unbrotherliness;0;2.72271;
./datasets/80Archivos/english_08;unbrotherliness;0;2.72271;
./datasets/80Archivos/english_09;unbrotherliness;0;2.72271;
./datasets/80Archivos/english_12;unbrotherliness;0;2.72271;
./datasets/80Archivos/english_14;unbrotherliness;0;2.72271;
./datasets/80Archivos/english_18;unbrotherliness;0;2.72271;
./datasets/80Archivos/english_19;unbrotherliness;0;2.72271;
./datasets/80Archivos/english_20;unbrotherliness;0;2.72271;
./datasets/80Archivos/english_22;unbrotherliness;0;2.72271;
./datasets/80Archivos/english_23;unbrotherliness;0;2.72271;
./datasets/80Archivos/english_26;unbrotherliness;0;2.72271;
./datasets/80Archivos/english_27;unbrotherliness;0;2.72271;
./datasets/80Archivos/english_29;unbrotherliness;0;2.72271;
./datasets/80Archivos/english_30;unbrotherliness;0;2.72271;
./datasets/80Archivos/english_31;unbrotherliness;0;2.72271;
./datasets/80Archivos/english_34;unbrotherliness;0;2.72271;
./datasets/80Archivos/english_36;unbrotherliness;0;2.72271;
./datasets/80Archivos/english_39;unbrotherliness;0;2.72271;
./datasets/80Archivos/dna_00;mulse;0;3.28334;
./datasets/80Archivos/dna_02;mulse;0;3.28334;
./datasets/80Archivos/dna_05;mulse;0;3.28334;
./datasets/80Archivos/dna_08;mulse;0;3.28334;
./datasets/80Archivos/dna_12;mulse;0;3.28334;
./datasets/80Archivos/dna_16;mulse;0;3.28334;
./datasets/80Archivos/dna_18;mulse;0;3.28334;
./datasets/80Archivos/dna_20;mulse;0;3.28334;
./datasets/80Archivos/dna_22;mulse;0;3.28334;
./datasets/80Archivos/dna_23;mulse;0;3.28334;
./datasets/80Archivos/dna_24;mulse;0;3.28334;
./datasets/80Archivos/dna_26;mulse;0;3.28334;
./datasets/80Archivos/dna_28;mulse;0;3.28334;
./datasets/80Archivos/dna_29;mulse;0;3.28334;
./datasets/80Archivos/dna_31;mulse;0;3.28334;
./datasets/80Archivos/dna_34;mulse;0;3.28334;
./datasets/80Archivos/dna_36;mulse;0;3.28334;
./datasets/80Archivos/dna_37;mulse;0;3.28334;
./datasets/80Archivos/dna_38;mulse;0;3.28334;
./datasets/80Archivos/dna_39;mulse;0;3.28334;
./datasets/80Archivos/english_01;mulse;0;3.28334;
./datasets/80Archivos/english_03;mulse;0;3.28334;
./datasets/80Archivos/english_06;mulse;0;3.28334;
./datasets/80Archivos/english_08;mulse;0;3.28334;
./datasets/80Archivos/english_09;mulse;0;3.28334;
./datasets/80Archivos/english_12;mulse;0;3.28334;
./datasets/80Archivos/english_14;mulse;0;3.28334;
./datasets/80Archivos/english_18;mulse;0;3.28334;
./datasets/80Archivos/english_19;mulse;0;3.28334;
./datasets/80Archivos/english_20;mulse;0;3.28334;
./datasets/80Archivos/english_22;mulse;0;3.28334;
./datasets/80Archivos/english_23;mulse;0;3.28334;
./datasets/80Archivos/english_26;mulse;0;3.28334;
./datasets/80Archivos/english_27;mulse;0;3.28334;
./datasets/80Archivos/english_29;mulse;0;3.28334;
./datasets/80Archivos/english_30;mulse;0;3.28334;
./datasets/80Archivos/english_31;mulse;0;3.28334;
./datasets/80Archivos/english_34;mulse;0;3.28334;
./datasets/80Archivos/english_36;mulse;0;3.28334;
./datasets/80Archivos/english_39;mulse;0;3.28334;
./datasets/80Archivos/dna_00;dermobranchiata;0;2.72504;
./datasets/80Archivos/dna_02;dermobranchiata;0;2.72504;
./datasets/80Archivos/dna_05;dermobranchiata;0;2.72504;
./datasets/80Archivos/dna_08;dermobranchiata;0;2.72504;
./datasets/80Archivos/dna_12;dermobranchiata;0;2.72504;
./datasets/80Archivos/dna_16;dermobranchiata;0;2.72504;
./datasets/80Archivos/dna_18;dermobranchiata;0;2.72504;
./datasets/80Archivos/dna_20;dermobranchiata;0;2.72504;
./datasets/80Archivos/dna_22;dermobranchiata;0;2.72504;
./datasets/80Archivos/dna_23;dermobranchiata;0;2.72504;
./datasets/80Archivos/dna_24;dermobranchiata;0;2.72504;
./datasets/80Archivos/dna_26;dermobranchiata;0;2.72504;
./datasets/80Archivos/dna_28;dermobranchiata;0;2.72504;
./datasets/80Archivos/dna_29;dermobranchiata;0;2.72504;
./datasets/80Archivos/dna_31;dermobranchiata;0;2.72504;
./datasets/80Archivos/dna_34;dermobranchiata;0;2.72504;
./datasets/80Archivos/dna_36;dermobranchiata;0;2.72504;
./datasets/80Archivos/dna_37;dermobranchiata;0;2.72504;
./datasets/80Archivos/dna_38;dermobranchiata;0;2.72504;
./datasets/80Archivos/dna_39;dermobranchiata;0;2.72504;
./datasets/80Archivos/english_01;dermobranchiata;0;2.72504;
./datasets/80Archivos/english_03;dermobranchiata;0;2.72504;
./datasets/80Archivos/english_06;dermobranchiata;0;2.72504;
./datasets/80Archivos/english_08;dermobranchiata;0;2.72504;
./datasets/80Archivos/english_09;dermobranchiata;0;2.72504;
./datasets/80Archivos/english_12;dermobranchiata;0;2.72504;
./datasets/80Archivos/english_14;dermobranchiata;0;2.72504;
./datasets/80Archivos/english_18;dermobranchiata;0;2.72504;
./datasets/80Archivos/english_19;dermobranchiata;0;2.72504;
./datasets/80Archivos/english_20;dermobranchiata;0;2.72504;
./datasets/80Archivos/english_22;dermobranchiata;0;2.72504;
./datasets/80Archivos/english_23;dermobranchiata;0;2.72504;
./datasets/80Archivos/english_26;dermobranchiata;0;2.72504;
./datasets/80Archivos/english_27;dermobranchiata;0;2.72504;
./datasets/80Archivos/english_29;dermobranchiata;0;2.72504;
./datasets/80Archivos/english_30;dermobranchiata;0;2.72504;
./datasets/80Archivos/english_31;dermobranchiata;0;2.72504;
./datasets/80Archivos/english_34;dermobranchiata;0;2.72504;
./datasets/80Archivos/english_36;dermobranchiata;0;2.72504;
./datasets/80Archivos/english_39;dermobranchiata;0;2.72504;
./datasets/80Archivos/dna_00;typhic;0;3.10141;
./datasets/80Archivos/dna_02;typhic;0;3.10141;
./datasets/80Archivos/dna_05;typhic;0;3.10141;
./datasets/80Archivos/dna_08;typhic;0;3.10141;
./datasets/80Archivos/dna_12;typhic;0;3.10141;
./datasets/80Archivos/dna_16;typhic;0;3.10141;
./datasets/80Archivos/dna_18;typhic;0;3.10141;
./datasets/80Archivos/dna_20;typhic;0;3.10141;
./datasets/80Archivos/dna_22;typhic;0;3.10141;
./datasets/80Archivos/dna_23;typhic;0;3.10141;
./datasets/80Archivos/dna_24;typhic;0;3.10141;
./datasets/80Archivos/dna_26;typhic;0;3.10141;
./datasets/80Archivos/dna_28;typhic;0;3.10141;
./datasets/80Archivos/dna_29;typhic;0;3.10141;
./datasets/80Archivos/dna_31;typhic;0;3.10141;
./datasets/80Archivos/dna_34;typhic;0;3.10141;
./datasets/80Archivos/dna_36;typhic;0;3.10141;
./datasets/80Archivos/dna_37;typhic;0;3.10141;
./datasets/80Archivos/dna_38;typhic;0;3.10141;
./datasets/80Archivos/dna_39;typhic;0;3.10141;
./datasets/80Archivos/english_01;typhic;0;3.10141;
./datasets/80Archivos/english_03;typhic;0;3.10141;
./datasets/80Archivos/english_06;typhic;0;3.10141;
./datasets/80Archivos/english_08;typhic;0;3.10141;
./datasets/80Archivos/english_09;typhic;0;3.10141;
./datasets/80Archivos/english_12;typhic;0;3.10141;
./datasets/80Archivos/english_14;typhic;0;3.10141;
./datasets/80Archivos/english_18;typhic;0;3.10141;
./datasets/80Archivos/english_19;typhic;0;3.10141;
./datasets/80Archivos/english_20;typhic;0;3.10141;
./datasets/80Archivos/english_22;typhic;0;3.10141;
./datasets/80Archivos/english_23;typhic;0;3.10141;
./datasets/80Archivos/english_26;typhic;0;3.10141;
./datasets/80Archivos/english_27;typhic;0;3.10141;
./datasets/80Archivos/english_29;typhic;0;3.10141;
./datasets/80Archivos/english_30;typhic;0;3.10141;
./datasets/80Archivos/english_31;typhic;0;3.10141;
./datasets/80Archivos/english_34;typhic;0;3.10141;
./datasets/80Archivos/english_36;typhic;0;3.10141;
./datasets/80Archivos/english_39;typhic;0;3.10141;
./datasets/80Archivos/dna_00;poststertorous;0;2.65683;
./datasets/80Archivos/dna_02;poststertorous;0;2.65683;
./datasets/80Archivos/dna_05;poststertorous;0;2.65683;
./datasets/80Archivos/dna_08;poststertorous;0;2.65683;
./datasets/80Archivos/dna_12;poststertorous;0;2.65683;
./datasets/80Archivos/dna_16;poststertorous;0;2.65683;
./datasets/80Archivos/dna_18;poststertorous;0;2.65683;
./datasets/80Archivos/dna_20;poststertorous;0;2.65683;
./datasets/80Archivos/dna_22;poststertorous;0;2.65683;
./datasets/80Archivos/dna_23;poststertorous;0;2.65683;
./datasets/80Archivos/dna_24;poststertorous;0;2.65683;
./datasets/80Archivos/dna_26;poststertorous;0;2.65683;
./datasets/80Archivos/dna_28;poststertorous;0;2.65683;
./datasets/80Archivos/dna_29;poststertorous;0;2.65683;
./datasets/80Archivos/dna_31;poststertorous;0;2.65683;
./datasets/80Archivos/dna_34;poststertorous;0;2.65683;
./datasets/80Archivos/dna_36;poststertorous;0;2.65683;
./datasets/80Archivos/dna_37;poststertorous;0;2.65683;
./datasets/80Archivos/dna_38;poststertorous;0;2.65683;
./datasets/80Archivos/dna_39;poststertorous;0;2.65683;
./datasets/80Archivos/english_01;poststertorous;0;2.65683;
./datasets/80Archivos/english_03;poststertorous;0;2.65683;
./datasets/80Archivos/english_06;poststertorous;0;2.65683;
./datasets/80Archivos/english_08;poststertorous;0;2.65683;
./datasets/80Archivos/english_09;poststertorous;0;2.65683;
./datasets/80Archivos/english_12;poststertorous;0;2.65683;
./datasets/80Archivos/english_14;poststertorous;0;2.65683;
./datasets/80Archivos/english_18;poststertorous;0;2.65683;
./datasets/80Archivos/english_19;poststertorous;0;2.65683;
./datasets/80Archivos/english_20;poststertorous;0;2.65683;
./datasets/80Archivos/english_22;poststertorous;0;2.65683;
./datasets/80Archivos/english_23;poststertorous;0;2.65683;
./datasets/80Archivos/english_26;poststertorous;0;2.65683;
./datasets/80Archivos/english_27;poststertorous;0;2.65683;
./datasets/80Archivos/english_29;poststertorous;0;2.65683;
./datasets/80Archivos/english_30;poststertorous;0;2.65683;
./datasets/80Archivos/english_31;poststertorous;0;2.65683;
./datasets/80Archivos/english_34;poststertorous;0;2.65683;
./datasets/80Archivos/english_36;poststertorous;0;2.65683;
./datasets/80Archivos/english_39;poststertorous;0;2.65683;
./datasets/80Archivos/dna_00;indevout;0;2.86806;
./datasets/80Archivos/dna_02;indevout;0;2.86806;
./datasets/80Archivos/dna_05;indevout;0;2.86806;
./datasets/80Archivos/dna_08;indevout;0;2.86806;
./datasets/80Archivos/dna_12;indevout;0;2.86806;
./datasets/80Archivos/dna_16;indevout;0;2.86806;
./datasets/80Archivos/dna_18;indevout;0;2.86806;
./datasets/80Archivos/dna_20;indevout;0;2.86806;
./datasets/80Archivos/dna_22;indevout;0;2.86806;
./datasets/80Archivos/dna_23;indevout;0;2.86806;
./datasets/80Archivos/dna_24;indevout;0;2.86806;
./datasets/80Archivos/dna_26;indevout;0;2.86806;
./datasets/80Archivos/dna_28;indevout;0;2.86806;
./datasets/80Archivos/dna_29;indevout;0;2.86806;
./datasets/80Archivos/dna_31;indevout;0;2.86806;
./datasets/80Archivos/dna_34;indevout;0;2.86806;
./datasets/80Archivos/dna_36;indevout;0;2.86806;
./datasets/80Archivos/dna_37;indevout;0;2.86806;
./datasets/80Archivos/dna_38;indevout;0;2.86806;
./datasets/80Archivos/dna_39;indevout;0;2.86806;
./datasets/80Archivos/english_01;indevout;0;2.86806;
./datasets/80Archivos/english_03;indevout;0;2.86806;
./datasets/80Archivos/english_06;indevout;0;2.86806;
./datasets/80Archivos/english_08;indevout;0;2.86806;
./datasets/80Archivos/english_09;indevout;0;2.86806;
./datasets/80Archivos/english_12;indevout;0;2.86806;
./datasets/80Archivos/english_14;indevout;0;2.86806;
./datasets/80Archivos/english_18;indevout;0;2.86806;
./datasets/80Archivos/english_19;indevout;0;2.86806;
./datasets/80Archivos/english_20;indevout;0;2.86806;
./datasets/80Archivos/english_22;indevout;0;2.86806;
./datasets/80Archivos/english_23;indevout;0;2.86806;
./datasets/80Archivos/english_26;indevout;0;2.86806;
./datasets/80Archivos/english_27;indevout;0;2.86806;
./datasets/80Archivos/english_29;indevout;0;2.86806;
./datasets/80Archivos/english_30;indevout;0;2.86806;
./datasets/80Archivos/english_31;indevout;0;2.86806;
./datasets/80Archivos/english_34;indevout;0;2.86806;
./datasets/80Archivos/english_36;indevout;0;2.86806;
./datasets/80Archivos/english_39;indevout;0;2.86806;
./datasets/80Archivos/dna_00;anatomicopathologic;0;2.53369;
./datasets/80Archivos/dna_02;anatomicopathologic;0;2.53369;
./datasets/80Archivos/dna_05;anatomicopathologic;0;2.53369;
./datasets/80Archivos/dna_08;anatomicopathologic;0;2.53369;
./datasets/80Archivos/dna_12;anatomicopathologic;0;2.53369;
./datasets/80Archivos/dna_16;anatomicopathologic;0;2.53369;
./datasets/80Archivos/dna_18;anatomicopathologic;0;2.53369;
./datasets/80Archivos/dna_20;anatomicopathologic;0;2.53369;
./datasets/80Archivos/dna_22;anatomicopathologic;0;2.53369;
./datasets/80Archivos/dna_23;anatomicopathologic;0;2.53369;
./datasets/80Archivos/dna_24;anatomicopathologic;0;2.53369;
./datasets/80Archivos/dna_26;anatomicopathologic;0;2.53369;
./datasets/80Archivos/dna_28;anatomicopathologic;0;2.53369;
./datasets/80Archivos/dna_29;anatomicopathologic;0;2.53369;
./datasets/80Archivos/dna_31;anatomicopathologic;0;2.53369;
./datasets/80Archivos/dna_34;anatomicopathologic;0;2.53369;
./datasets/80Archivos/dna_36;anatomicopathologic;0;2.53369;
./datasets/80Archivos/dna_37;anatomicopathologic;0;2.53369;
./datasets/80Archivos/dna_38;anatomicopathologic;0;2.53369;
./datasets/80Archivos/dna_39;anatomicopathologic;0;2.53369;
./datasets/80Archivos/english_01;anatomicopathologic;0;2.53369;
./datasets/80Archivos/english_03;anatomicopathologic;0;2.53369;
./datasets/80Archivos/english_06;anatomicopathologic;0;2.53369;
./datasets/80Archivos/english_08;anatomicopathologic;0;2.53369;
./datasets/80Archivos/english_09;anatomicopathologic;0;2.53369;
./datasets/80Archivos/english_12;anatomicopathologic;0;2.53369;
./datasets/80Archivos/english_14;anatomicopathologic;0;2.53369;
./datasets/80Archivos/english_18;anatomicopathologic;0;2.53369;
./datasets/80Archivos/english_19;anatomicopathologic;0;2.53369;
./datasets/80Archivos/english_20;anatomicopathologic;0;2.53369;
./datasets/80Archivos/english_22;anatomicopathologic;0;2.53369;
./datasets/80Archivos/english_23;anatomicopathologic;0;2.53369;
./datasets/80Archivos/english_26;anatomicopathologic;0;2.53369;
./datasets/80Archivos/english_27;anatomicopathologic;0;2.53369;
./datasets/80Archivos/english_29;anatomicopathologic;0;2.53369;
./datasets/80Archivos/english_30;anatomicopathologic;0;2.53369;
./datasets/80Archivos/english_31;anatomicopathologic;0;2.53369;
./datasets/80Archivos/english_34;anatomicopathologic;0;2.53369;
./datasets/80Archivos/english_36;anatomicopathologic;0;2.53369;
./datasets/80Archivos/english_39;anatomicopathologic;0;2.53369;
./datasets/80Archivos/dna_00;unimpenetrable;0;2.81686;
./datasets/80Archivos/dna_02;unimpenetrable;0;2.81686;
./datasets/80Archivos/dna_05;unimpenetrable;0;2.81686;
./datasets/80Archivos/dna_08;unimpenetrable;0;2.81686;
./datasets/80Archivos/dna_12;unimpenetrable;0;2.81686;
./datasets/80Archivos/dna_16;unimpenetrable;0;2.81686;
./datasets/80Archivos/dna_18;unimpenetrable;0;2.81686;
./datasets/80Archivos/dna_20;unimpenetrable;0;2.81686;
./datasets/80Archivos/dna_22;unimpenetrable;0;2.81686;
./datasets/80Archivos/dna_23;unimpenetrable;0;2.81686;
./datasets/80Archivos/dna_24;unimpenetrable;0;2.81686;
./datasets/80Archivos/dna_26;unimpenetrable;0;2.81686;
./datasets/80Archivos/dna_28;unimpenetrable;0;2.81686;
./datasets/80Archivos/dna_29;unimpenetrable;0;2.81686;
./datasets/80Archivos/dna_31;unimpenetrable;0;2.81686;
./datasets/80Archivos/dna_34;unimpenetrable;0;2.81686;
./datasets/80Archivos/dna_36;unimpenetrable;0;2.81686;
./datasets/80Archivos/dna_37;unimpenetrable;0;2.81686;
./datasets/80Archivos/dna_38;unimpenetrable;0;2.81686;
./datasets/80Archivos/dna_39;unimpenetrable;0;2.81686;
./datasets/80Archivos/english_01;unimpenetrable;0;2.81686;
./datasets/80Archivos/english_03;unimpenetrable;0;2.81686;
./datasets/80Archivos/english_06;unimpenetrable;0;2.81686;
./datasets/80Archivos/english_08;unimpenetrable;0;2.81686;
./datasets/80Archivos/english_09;unimpenetrable;0;2.81686;
./datasets/80Archivos/english_12;unimpenetrable;0;2.81686;
./datasets/80Archivos/english_14;unimpenetrable;0;2.81686;
./datasets/80Archivos/english_18;unimpenetrable;0;2.81686;
./datasets/80Archivos/english_19;unimpenetrable;0;2.81686;
./datasets/80Archivos/english_20;unimpenetrable;0;2.81686;
./datasets/80Archivos/english_22;unimpenetrable;0;2.81686;
./datasets/80Archivos/english_23;unimpenetrable;0;2.81686;
./datasets/80Archivos/english_26;unimpenetrable;0;2.81686;
./datasets/80Archivos/english_27;unimpenetrable;0;2.81686;
./datasets/80Archivos/english_29;unimpenetrable;0;2.81686;
./datasets/80Archivos/english_30;unimpenetrable;0;2.81686;
./datasets/80Archivos/english_31;unimpenetrable;0;2.81686;
./datasets/80Archivos/english_34;unimpenetrable;0;2.81686;
./datasets/80Archivos/english_36;unimpenetrable;0;2.81686;
./datasets/80Archivos/english_39;unimpenetrable;0;2.81686;
./datasets/80Archivos/dna_00;hoggy;0;3.21675;
./datasets/80Archivos/dna_02;hoggy;0;3.21675;
./datasets/80Archivos/dna_05;hoggy;0;3.21675;
./datasets/80Archivos/dna_08;hoggy;0;3.21675;
./datasets/80Archivos/dna_12;hoggy;0;3.21675;
./datasets/80Archivos/dna_16;hoggy;0;3.21675;
./datasets/80Archivos/dna_18;hoggy;0;3.21675;
./datasets/80Archivos/dna_20;hoggy;0;3.21675;
./datasets/80Archivos/dna_22;hoggy;0;3.21675;
./datasets/80Archivos/dna_23;hoggy;0;3.21675;
./datasets/80Archivos/dna_24;hoggy;0;3.21675;
./datasets/80Archivos/dna_26;hoggy;0;3.21675;
./datasets/80Archivos/dna_28;hoggy;0;3.21675;
./datasets/80Archivos/dna_29;hoggy;0;3.21675;
./datasets/80Archivos/dna_31;hoggy;0;3.21675;
./datasets/80Archivos/dna_34;hoggy;0;3.21675;
./datasets/80Archivos/dna_36;hoggy;0;3.21675;
./datasets/80Archivos/dna_37;hoggy;0;3.21675;
./datasets/80Archivos/dna_38;hoggy;0;3.21675;
./datasets/80Archivos/dna_39;hoggy;0;3.21675;
./datasets/80Archivos/english_01;hoggy;0;3.21675;
./datasets/80Archivos/english_03;hoggy;0;3.21675;
./datasets/80Archivos/english_06;hoggy;0;3.21675;
./datasets/80Archivos/english_08;hoggy;0;3.21675;
./datasets/80Archivos/english_09;hoggy;0;3.21675;
./datasets/80Archivos/english_12;hoggy;0;3.21675;
./datasets/80Archivos/english_14;hoggy;0;3.21675;
./datasets/80Archivos/english_18;hoggy;0;3.21675;
./datasets/80Archivos/english_19;hoggy;0;3.21675;
./datasets/80Archivos/english_20;hoggy;0;3.21675;
./datasets/80Archivos/english_22;hoggy;0;3.21675;
./datasets/80Archivos/english_23;hoggy;0;3.21675;
./datasets/80Archivos/english_26;hoggy;0;3.21675;
./datasets/80Archivos/english_27;hoggy;0;3.21675;
./datasets/80Archivos/english_29;hoggy;0;3.21675;
./datasets/80Archivos/english_30;hoggy;0;3.21675;
./datasets/80Archivos/english_31;hoggy;0;3.21675;
./datasets/80Archivos/english_34;hoggy;0;3.21675;
./datasets/80Archivos/english_36;hoggy;0;3.21675;
./datasets/80Archivos/english_39;hoggy;0;3.21675;
./datasets/80Archivos/dna_00;urrhodin;0;2.92441;
./datasets/80Archivos/dna_02;urrhodin;0;2.92441;
./datasets/80Archivos/dna_05;urrhodin;0;2.92441;
./datasets/80Archivos/dna_08;urrhodin;0;2.92441;
./datasets/80Archivos/dna_12;urrhodin;0;2.92441;
./datasets/80Archivos/dna_16;urrhodin;0;2.92441;
./datasets/80Archivos/dna_18;urrhodin;0;2.92441;
./datasets/80Archivos/dna_20;urrhodin;0;2.92441;
./datasets/80Archivos/dna_22;urrhodin;0;2.92441;
./datasets/80Archivos/dna_23;urrhodin;0;2.92441;
./datasets/80Archivos/dna_24;urrhodin;0;2.92441;
./datasets/80Archivos/dna_26;urrhodin;0;2.92441;
./datasets/80Archivos/dna_28;urrhodin;0;2.92441;
./datasets/80Archivos/dna_29;urrhodin;0;2.92441;
./datasets/80Archivos/dna_31;urrhodin;0;2.92441;
./datasets/80Archivos/dna_34;urrhodin;0;2.92441;
./datasets/80Archivos/dna_36;urrhodin;0;2.92441;
./datasets/80Archivos/dna_37;urrhodin;0;2.92441;
./datasets/80Archivos/dna_38;urrhodin;0;2.92441;
./datasets/80Archivos/dna_39;urrhodin;0;2.92441;
./datasets/80Archivos/english_01;urrhodin;0;2.92441;
./datasets/80Archivos/english_03;urrhodin;0;2.92441;
./datasets/80Archivos/english_06;urrhodin;0;2.92441;
./datasets/80Archivos/english_08;urrhodin;0;2.92441;
./datasets/80Archivos/english_09;urrhodin;0;2.92441;
./datasets/80Archivos/english_12;urrhodin;0;2.92441;
./datasets/80Archivos/english_14;urrhodin;0;2.92441;
./datasets/80Archivos/english_18;urrhodin;0;2.92441;
./datasets/80Archivos/english_19;urrhodin;0;2.92441;
./datasets/80Archivos/english_20;urrhodin;0;2.92441;
./datasets/80Archivos/english_22;urrhodin;0;2.92441;
./datasets/80Archivos/english_23;urrhodin;0;2.92441;
./datasets/80Archivos/english_26;urrhodin;0;2.92441;
./datasets/80Archivos/english_27;urrhodin;0;2.92441;
./datasets/80Archivos/english_29;urrhodin;0;2.92441;
./datasets/80Archivos/english_30;urrhodin;0;2.92441;
./datasets/80Archivos/english_31;urrhodin;0;2.92441;
./datasets/80Archivos/english_34;urrhodin;0;2.92441;
./datasets/80Archivos/english_36;urrhodin;0;2.92441;
./datasets/80Archivos/english_39;urrhodin;0;2.92441;
./datasets/80Archivos/dna_00;Dioecia;0;3.00771;
./datasets/80Archivos/dna_02;Dioecia;0;3.00771;
./datasets/80Archivos/dna_05;Dioecia;0;3.00771;
./datasets/80Archivos/dna_08;Dioecia;0;3.00771;
./datasets/80Archivos/dna_12;Dioecia;0;3.00771;
./datasets/80Archivos/dna_16;Dioecia;0;3.00771;
./datasets/80Archivos/dna_18;Dioecia;0;3.00771;
./datasets/80Archivos/dna_20;Dioecia;0;3.00771;
./datasets/80Archivos/dna_22;Dioecia;0;3.00771;
./datasets/80Archivos/dna_23;Dioecia;0;3.00771;
./datasets/80Archivos/dna_24;Dioecia;0;3.00771;
./datasets/80Archivos/dna_26;Dioecia;0;3.00771;
./datasets/80Archivos/dna_28;Dioecia;0;3.00771;
./datasets/80Archivos/dna_29;Dioecia;0;3.00771;
./datasets/80Archivos/dna_31;Dioecia;0;3.00771;
./datasets/80Archivos/dna_34;Dioecia;0;3.00771;
./datasets/80Archivos/dna_36;Dioecia;0;3.00771;
./datasets/80Archivos/dna_37;Dioecia;0;3.00771;
./datasets/80Archivos/dna_38;Dioecia;0;3.00771;
./datasets/80Archivos/dna_39;Dioecia;0;3.00771;
./datasets/80Archivos/english_01;Dioecia;0;3.00771;
./datasets/80Archivos/english_03;Dioecia;0;3.00771;
./datasets/80Archivos/english_06;Dioecia;0;3.00771;
./datasets/80Archivos/english_08;Dioecia;0;3.00771;
./datasets/80Archivos/english_09;Dioecia;0;3.00771;
./datasets/80Archivos/english_12;Dioecia;0;3.00771;
./datasets/80Archivos/english_14;Dioecia;0;3.00771;
./datasets/80Archivos/english_18;Dioecia;0;3.00771;
./datasets/80Archivos/english_19;Dioecia;0;3.00771;
./datasets/80Archivos/english_20;Dioecia;0;3.00771;
./datasets/80Archivos/english_22;Dioecia;0;3.00771;
./datasets/80Archivos/english_23;Dioecia;0;3.00771;
./datasets/80Archivos/english_26;Dioecia;0;3.00771;
./datasets/80Archivos/english_27;Dioecia;0;3.00771;
./datasets/80Archivos/english_29;Dioecia;0;3.00771;
./datasets/80Archivos/english_30;Dioecia;0;3.00771;
./datasets/80Archivos/english_31;Dioecia;0;3.00771;
./datasets/80Archivos/english_34;Dioecia;0;3.00771;
./datasets/80Archivos/english_36;Dioecia;0;3.00771;
./datasets/80Archivos/english_39;Dioecia;0;3.00771;
./datasets/80Archivos/dna_00;unchapter;0;2.91555;
./datasets/80Archivos/dna_02;unchapter;0;2.91555;
./datasets/80Archivos/dna_05;unchapter;0;2.91555;
./datasets/80Archivos/dna_08;unchapter;0;2.91555;
./datasets/80Archivos/dna_12;unchapter;0;2.91555;
./datasets/80Archivos/dna_16;unchapter;0;2.91555;
./datasets/80Archivos/dna_18;unchapter;0;2.91555;
./datasets/80Archivos/dna_20;unchapter;0;2.91555;
./datasets/80Archivos/dna_22;unchapter;0;2.91555;
./datasets/80Archivos/dna_23;unchapter;0;2.91555;
./datasets/80Archivos/dna_24;unchapter;0;2.91555;
./datasets/80Archivos/dna_26;unchapter;0;2.91555;
./datasets/80Archivos/dna_28;unchapter;0;2.91555;
./datasets/80Archivos/dna_29;unchapter;0;2.91555;
./datasets/80Archivos/dna_31;unchapter;0;2.91555;
./datasets/80Archivos/dna_34;unchapter;0;2.91555;
./datasets/80Archivos/dna_36;unchapter;0;2.91555;
./datasets/80Archivos/dna_37;unchapter;0;2.91555;
./datasets/80Archivos/dna_38;unchapter;0;2.91555;
./datasets/80Archivos/dna_39;unchapter;0;2.91555;
./datasets/80Archivos/english_01;unchapter;0;2.91555;
./datasets/80Archivos/english_03;unchapter;0;2.91555;
./datasets/80Archivos/english_06;unchapter;0;2.91555;
./datasets/80Archivos/english_08;unchapter;0;2.91555;
./datasets/80Archivos/english_09;unchapter;0;2.91555;
./datasets/80Archivos/english_12;unchapter;0;2.91555;
./datasets/80Archivos/english_14;unchapter;0;2.91555;
./datasets/80Archivos/english_18;unchapter;0;2.91555;
./datasets/80Archivos/english_19;unchapter;0;2.91555;
./datasets/80Archivos/english_20;unchapter;0;2.91555;
./datasets/80Archivos/english_22;unchapter;0;2.91555;
./datasets/80Archivos/english_23;unchapter;0;2.91555;
./datasets/80Archivos/english_26;unchapter;0;2.91555;
./datasets/80Archivos/english_27;unchapter;0;2.91555;
./datasets/80Archivos/english_29;unchapter;0;2.91555;
./datasets/80Archivos/english_30;unchapter;0;2.91555;
./datasets/80Archivos/english_31;unchapter;0;2.91555;
./datasets/80Archivos/english_34;unchapter;0;2.91555;
./datasets/80Archivos/english_36;unchapter;0;2.91555;
./datasets/80Archivos/english_39;unchapter;0;2.91555;
./datasets/80Archivos/dna_00;nonumbilicate;0;2.78169;
./datasets/80Archivos/dna_02;nonumbilicate;0;2.78169;
./datasets/80Archivos/dna_05;nonumbilicate;0;2.78169;
./datasets/80Archivos/dna_08;nonumbilicate;0;2.78169;
./datasets/80Archivos/dna_12;nonumbilicate;0;2.78169;
./datasets/80Archivos/dna_16;nonumbilicate;0;2.78169;
./datasets/80Archivos/dna_18;nonumbilicate;0;2.78169;
./datasets/80Archivos/dna_20;nonumbilicate;0;2.78169;
./datasets/80Archivos/dna_22;nonumbilicate;0;2.78169;
./datasets/80Archivos/dna_23;nonumbilicate;0;2.78169;
./datasets/80Archivos/dna_24;nonumbilicate;0;2.78169;
./datasets/80Archivos/dna_26;nonumbilicate;0;2.78169;
./datasets/80Archivos/dna_28;nonumbilicate;0;2.78169;
./datasets/80Archivos/dna_29;nonumbilicate;0;2.78169;
./datasets/80Archivos/dna_31;nonumbilicate;0;2.78169;
./datasets/80Archivos/dna_34;nonumbilicate;0;2.78169;
./datasets/80Archivos/dna_36;nonumbilicate;0;2.78169;
./datasets/80Archivos/dna_37;nonumbilicate;0;2.78169;
./datasets/80Archivos/dna_38;nonumbilicate;0;2.78169;
./datasets/80Archivos/dna_39;nonumbilicate;0;2.78169;
./datasets/80Archivos/english_01;nonumbilicate;0;2.78169;
./datasets/80Archivos/english_03;nonumbilicate;0;2.78169;
./datasets/80Archivos/english_06;nonumbilicate;0;2.78169;
./datasets/80Archivos/english_08;nonumbilicate;0;2.78169;
./datasets/80Archivos/english_09;nonumbilicate;0;2.78169;
./datasets/80Archivos/english_12;nonumbilicate;0;2.78169;
./datasets/80Archivos/english_14;nonumbilicate;0;2.78169;
./datasets/80Archivos/english_18;nonumbilicate;0;2.78169;
./datasets/80Archivos/english_19;nonumbilicate;0;2.78169;
./datasets/80Archivos/english_20;nonumbilicate;0;2.78169;
./datasets/80Archivos/english_22;nonumbilicate;0;2.78169;
./datasets/80Archivos/english_23;nonumbilicate;0;2.78169;
./datasets/80Archivos/english_26;nonumbilicate;0;2.78169;
./datasets/80Archivos/english_27;nonumbilicate;0;2.78169;
./datasets/80Archivos/english_29;nonumbilicate;0;2.78169;
./datasets/80Archivos/english_30;nonumbilicate;0;2.78169;
./datasets/80Archivos/english_31;nonumbilicate;0;2.78169;
./datasets/80Archivos/english_34;nonumbilicate;0;2.78169;
./datasets/80Archivos/english_36;nonumbilicate;0;2.78169;
./datasets/80Archivos/english_39;nonumbilicate;0;2.78169;
./datasets/80Archivos/dna_00;zwitterionic;0;2.71104;
./datasets/80Archivos/dna_02;zwitterionic;0;2.71104;
./datasets/80Archivos/dna_05;zwitterionic;0;2.71104;
./datasets/80Archivos/dna_08;zwitterionic;0;2.71104;
./datasets/80Archivos/dna_12;zwitterionic;0;2.71104;
./datasets/80Archivos/dna_16;zwitterionic;0;2.71104;
./datasets/80Archivos/dna_18;zwitterionic;0;2.71104;
./datasets/80Archivos/dna_20;zwitterionic;0;2.71104;
./datasets/80Archivos/dna_22;zwitterionic;0;2.71104;
./datasets/80Archivos/dna_23;zwitterionic;0;2.71104;
./datasets/80Archivos/dna_24;zwitterionic;0;2.71104;
./datasets/80Archivos/dna_26;zwitterionic;0;2.71104;
./datasets/80Archivos/dna_28;zwitterionic;0;2.71104;
./datasets/80Archivos/dna_29;zwitterionic;0;2.71104;
./datasets/80Archivos/dna_31;zwitterionic;0;2.71104;
./datasets/80Archivos/dna_34;zwitterionic;0;2.71104;
./datasets/80Archivos/dna_36;zwitterionic;0;2.71104;
./datasets/80Archivos/dna_37;zwitterionic;0;2.71104;
./datasets/80Archivos/dna_38;zwitterionic;0;2.71104;
./datasets/80Archivos/dna_39;zwitterionic;0;2.71104;
./datasets/80Archivos/english_01;zwitterionic;0;2.71104;
./datasets/80Archivos/english_03;zwitterionic;0;2.71104;
./datasets/80Archivos/english_06;zwitterionic;0;2.71104;
./datasets/80Archivos/english_08;zwitterionic;0;2.71104;
./datasets/80Archivos/english_09;zwitterionic;0;2.71104;
./datasets/80Archivos/english_12;zwitterionic;0;2.71104;
./datasets/80Archivos/english_14;zwitterionic;0;2.71104;
./datasets/80Archivos/english_18;zwitterionic;0;2.71104;
./datasets/80Archivos/english_19;zwitterionic;0;2.71104;
./datasets/80Archivos/english_20;zwitterionic;0;2.71104;
./datasets/80Archivos/english_22;zwitterionic;0;2.71104;
./datasets/80Archivos/english_23;zwitterionic;0;2.71104;
./datasets/80Archivos/english_26;zwitterionic;0;2.71104;
./datasets/80Archivos/english_27;zwitterionic;0;2.71104;
./datasets/80Archivos/english_29;zwitterionic;0;2.71104;
./datasets/80Archivos/english_30;zwitterionic;0;2.71104;
./datasets/80Archivos/english_31;zwitterionic;0;2.71104;
./datasets/80Archivos/english_34;zwitterionic;0;2.71104;
./datasets/80Archivos/english_36;zwitterionic;0;2.71104;
./datasets/80Archivos/english_39;zwitterionic;0;2.71104;
./datasets/80Archivos/dna_00;apportionable;0;2.689;
./datasets/80Archivos/dna_02;apportionable;0;2.689;
./datasets/80Archivos/dna_05;apportionable;0;2.689;
./datasets/80Archivos/dna_08;apportionable;0;2.689;
./datasets/80Archivos/dna_12;apportionable;0;2.689;
./datasets/80Archivos/dna_16;apportionable;0;2.689;
./datasets/80Archivos/dna_18;apportionable;0;2.689;
./datasets/80Archivos/dna_20;apportionable;0;2.689;
./datasets/80Archivos/dna_22;apportionable;0;2.689;
./datasets/80Archivos/dna_23;apportionable;0;2.689;
./datasets/80Archivos/dna_24;apportionable;0;2.689;
./datasets/80Archivos/dna_26;apportionable;0;2.689;
./datasets/80Archivos/dna_28;apportionable;0;2.689;
./datasets/80Archivos/dna_29;apportionable;0;2.689;
./datasets/80Archivos/dna_31;apportionable;0;2.689;
./datasets/80Archivos/dna_34;apportionable;0;2.689;
./datasets/80Archivos/dna_36;apportionable;0;2.689;
./datasets/80Archivos/dna_37;apportionable;0;2.689;
./datasets/80Archivos/dna_38;apportionable;0;2.689;
./datasets/80Archivos/dna_39;apportionable;0;2.689;
./datasets/80Archivos/english_01;apportionable;0;2.689;
./datasets/80Archivos/english_03;apportionable;0;2.689;
./datasets/80Archivos/english_06;apportionable;0;2.689;
./datasets/80Archivos/english_08;apportionable;0;2.689;
./datasets/80Archivos/english_09;apportionable;0;2.689;
./datasets/80Archivos/english_12;apportionable;0;2.689;
./datasets/80Archivos/english_14;apportionable;0;2.689;
./datasets/80Archivos/english_18;apportionable;0;2.689;
./datasets/80Archivos/english_19;apportionable;0;2.689;
./datasets/80Archivos/english_20;apportionable;0;2.689;
./datasets/80Archivos/english_22;apportionable;0;2.689;
./datasets/80Archivos/english_23;apportionable;0;2.689;
./datasets/80Archivos/english_26;apportionable;0;2.689;
./datasets/80Archivos/english_27;apportionable;0;2.689;
./datasets/80Archivos/english_29;apportionable;0;2.689;
./datasets/80Archivos/english_30;apportionable;0;2.689;
./datasets/80Archivos/english_31;apportionable;0;2.689;
./datasets/80Archivos/english_34;apportionable;0;2.689;
./datasets/80Archivos/english_36;apportionable;0;2.689;
./datasets/80Archivos/english_39;apportionable;0;2.689;
./datasets/80Archivos/dna_00;ferulic;0;2.991;
./datasets/80Archivos/dna_02;ferulic;0;2.991;
./datasets/80Archivos/dna_05;ferulic;0;2.991;
./datasets/80Archivos/dna_08;ferulic;0;2.991;
./datasets/80Archivos/dna_12;ferulic;0;2.991;
./datasets/80Archivos/dna_16;ferulic;0;2.991;
./datasets/80Archivos/dna_18;ferulic;0;2.991;
./datasets/80Archivos/dna_20;ferulic;0;2.991;
./datasets/80Archivos/dna_22;ferulic;0;2.991;
./datasets/80Archivos/dna_23;ferulic;0;2.991;
./datasets/80Archivos/dna_24;ferulic;0;2.991;
./datasets/80Archivos/dna_26;ferulic;0;2.991;
./datasets/80Archivos/dna_28;ferulic;0;2.991;
./datasets/80Archivos/dna_29;ferulic;0;2.991;
./datasets/80Archivos/dna_31;ferulic;0;2.991;
./datasets/80Archivos/dna_34;ferulic;0;2.991;
./datasets/80Archivos/dna_36;ferulic;0;2.991;
./datasets/80Archivos/dna_37;ferulic;0;2.991;
./datasets/80Archivos/dna_38;ferulic;0;2.991;
./datasets/80Archivos/dna_39;ferulic;0;2.991;
./datasets/80Archivos/english_01;ferulic;0;2.991;
./datasets/80Archivos/english_03;ferulic;0;2.991;
./datasets/80Archivos/english_06;ferulic;0;2.991;
./datasets/80Archivos/english_08;ferulic;0;2.991;
./datasets/80Archivos/english_09;ferulic;0;2.991;
./datasets/80Archivos/english_12;ferulic;0;2.991;
./datasets/80Archivos/english_14;ferulic;0;2.991;
./datasets/80Archivos/english_18;ferulic;0;2.991;
./datasets/80Archivos/english_19;ferulic;0;2.991;
./datasets/80Archivos/english_20;ferulic;0;2.991;
./datasets/80Archivos/english_22;ferulic;0;2.991;
./datasets/80Archivos/english_23;ferulic;0;2.991;
./datasets/80Archivos/english_26;ferulic;0;2.991;
./datasets/80Archivos/english_27;ferulic;0;2.991;
./datasets/80Archivos/english_29;ferulic;0;2.991;
./datasets/80Archivos/english_30;ferulic;0;2.991;
./datasets/80Archivos/english_31;ferulic;0;2.991;
./datasets/80Archivos/english_34;ferulic;0;2.991;
./datasets/80Archivos/english_36;ferulic;0;2.991;
./datasets/80Archivos/english_39;ferulic;0;2.991;
./datasets/80Archivos/dna_00;statefulness;0;2.72703;
./datasets/80Archivos/dna_02;statefulness;0;2.72703;
./datasets/80Archivos/dna_05;statefulness;0;2.72703;
./datasets/80Archivos/dna_08;statefulness;0;2.72703;
./datasets/80Archivos/dna_12;statefulness;0;2.72703;
./datasets/80Archivos/dna_16;statefulness;0;2.72703;
./datasets/80Archivos/dna_18;statefulness;0;2.72703;
./datasets/80Archivos/dna_20;statefulness;0;2.72703;
./datasets/80Archivos/dna_22;statefulness;0;2.72703;
./datasets/80Archivos/dna_23;statefulness;0;2.72703;
./datasets/80Archivos/dna_24;statefulness;0;2.72703;
./datasets/80Archivos/dna_26;statefulness;0;2.72703;
./datasets/80Archivos/dna_28;statefulness;0;2.72703;
./datasets/80Archivos/dna_29;statefulness;0;2.72703;
./datasets/80Archivos/dna_31;statefulness;0;2.72703;
./datasets/80Archivos/dna_34;statefulness;0;2.72703;
./datasets/80Archivos/dna_36;statefulness;0;2.72703;
./datasets/80Archivos/dna_37;statefulness;0;2.72703;
./datasets/80Archivos/dna_38;statefulness;0;2.72703;
./datasets/80Archivos/dna_39;statefulness;0;2.72703;
./datasets/80Archivos/english_01;statefulness;0;2.72703;
./datasets/80Archivos/english_03;statefulness;0;2.72703;
./datasets/80Archivos/english_06;statefulness;0;2.72703;
./datasets/80Archivos/english_08;statefulness;0;2.72703;
./datasets/80Archivos/english_09;statefulness;0;2.72703;
./datasets/80Archivos/english_12;statefulness;0;2.72703;
./datasets/80Archivos/english_14;statefulness;0;2.72703;
./datasets/80Archivos/english_18;statefulness;0;2.72703;
./datasets/80Archivos/english_19;statefulness;0;2.72703;
./datasets/80Archivos/english_20;statefulness;0;2.72703;
./datasets/80Archivos/english_22;statefulness;0;2.72703;
./datasets/80Archivos/english_23;statefulness;0;2.72703;
./datasets/80Archivos/english_26;statefulness;0;2.72703;
./datasets/80Archivos/english_27;statefulness;0;2.72703;
./datasets/80Archivos/english_29;statefulness;0;2.72703;
./datasets/80Archivos/english_30;statefulness;0;2.72703;
./datasets/80Archivos/english_31;statefulness;0;2.72703;
./datasets/80Archivos/english_34;statefulness;0;2.72703;
./datasets/80Archivos/english_36;statefulness;0;2.72703;
./datasets/80Archivos/english_39;statefulness;0;2.72703;
./datasets/80Archivos/dna_00;pharyngotonsillitis;0;2.56566;
./datasets/80Archivos/dna_02;pharyngotonsillitis;0;2.56566;
./datasets/80Archivos/dna_05;pharyngotonsillitis;0;2.56566;
./datasets/80Archivos/dna_08;pharyngotonsillitis;0;2.56566;
./datasets/80Archivos/dna_12;pharyngotonsillitis;0;2.56566;
./datasets/80Archivos/dna_16;pharyngotonsillitis;0;2.56566;
./datasets/80Archivos/dna_18;pharyngotonsillitis;0;2.56566;
./datasets/80Archivos/dna_20;pharyngotonsillitis;0;2.56566;
./datasets/80Archivos/dna_22;pharyngotonsillitis;0;2.56566;
./datasets/80Archivos/dna_23;pharyngotonsillitis;0;2.56566;
./datasets/80Archivos/dna_24;pharyngotonsillitis;0;2.56566;
./datasets/80Archivos/dna_26;pharyngotonsillitis;0;2.56566;
./datasets/80Archivos/dna_28;pharyngotonsillitis;0;2.56566;
./datasets/80Archivos/dna_29;pharyngotonsillitis;0;2.56566;
./datasets/80Archivos/dna_31;pharyngotonsillitis;0;2.56566;
./datasets/80Archivos/dna_34;pharyngotonsillitis;0;2.56566;
./datasets/80Archivos/dna_36;pharyngotonsillitis;0;2.56566;
./datasets/80Archivos/dna_37;pharyngotonsillitis;0;2.56566;
./datasets/80Archivos/dna_38;pharyngotonsillitis;0;2.56566;
./datasets/80Archivos/dna_39;pharyngotonsillitis;0;2.56566;
./datasets/80Archivos/english_01;pharyngotonsillitis;0;2.56566;
./datasets/80Archivos/english_03;pharyngotonsillitis;0;2.56566;
./datasets/80Archivos/english_06;pharyngotonsillitis;0;2.56566;
./datasets/80Archivos/english_08;pharyngotonsillitis;0;2.56566;
./datasets/80Archivos/english_09;pharyngotonsillitis;0;2.56566;
./datasets/80Archivos/english_12;pharyngotonsillitis;0;2.56566;
./datasets/80Archivos/english_14;pharyngotonsillitis;0;2.56566;
./datasets/80Archivos/english_18;pharyngotonsillitis;0;2.56566;
./datasets/80Archivos/english_19;pharyngotonsillitis;0;2.56566;
./datasets/80Archivos/english_20;pharyngotonsillitis;0;2.56566;
./datasets/80Archivos/english_22;pharyngotonsillitis;0;2.56566;
./datasets/80Archivos/english_23;pharyngotonsillitis;0;2.56566;
./datasets/80Archivos/english_26;pharyngotonsillitis;0;2.56566;
./datasets/80Archivos/english_27;pharyngotonsillitis;0;2.56566;
./datasets/80Archivos/english_29;pharyngotonsillitis;0;2.56566;
./datasets/80Archivos/english_30;pharyngotonsillitis;0;2.56566;
./datasets/80Archivos/english_31;pharyngotonsillitis;0;2.56566;
./datasets/80Archivos/english_34;pharyngotonsillitis;0;2.56566;
./datasets/80Archivos/english_36;pharyngotonsillitis;0;2.56566;
./datasets/80Archivos/english_39;pharyngotonsillitis;0;2.56566;
./datasets/80Archivos/dna_00;Mimulus;0;3.01439;
./datasets/80Archivos/dna_02;Mimulus;0;3.01439;
./datasets/80Archivos/dna_05;Mimulus;0;3.01439;
./datasets/80Archivos/dna_08;Mimulus;0;3.01439;
./datasets/80Archivos/dna_12;Mimulus;0;3.01439;
./datasets/80Archivos/dna_16;Mimulus;0;3.01439;
./datasets/80Archivos/dna_18;Mimulus;0;3.01439;
./datasets/80Archivos/dna_20;Mimulus;0;3.01439;
./datasets/80Archivos/dna_22;Mimulus;0;3.01439;
./datasets/80Archivos/dna_23;Mimulus;0;3.01439;
./datasets/80Archivos/dna_24;Mimulus;0;3.01439;
./datasets/80Archivos/dna_26;Mimulus;0;3.01439;
./datasets/80Archivos/dna_28;Mimulus;0;3.01439;
./datasets/80Archivos/dna_29;Mimulus;0;3.01439;
./datasets/80Archivos/dna_31;Mimulus;0;3.01439;
./datasets/80Archivos/dna_34;Mimulus;0;3.01439;
./datasets/80Archivos/dna_36;Mimulus;0;3.01439;
./datasets/80Archivos/dna_37;Mimulus;0;3.01439;
./datasets/80Archivos/dna_38;Mimulus;0;3.01439;
./datasets/80Archivos/dna_39;Mimulus;0;3.01439;
./datasets/80Archivos/english_01;Mimulus;0;3.01439;
./datasets/80Archivos/english_03;Mimulus;0;3.01439;
./datasets/80Archivos/english_06;Mimulus;0;3.01439;
./datasets/80Archivos/english_08;Mimulus;0;3.01439;
./datasets/80Archivos/english_09;Mimulus;0;3.01439;
./datasets/80Archivos/english_12;Mimulus;0;3.01439;
./datasets/80Archivos/english_14;Mimulus;0;3.01439;
./datasets/80Archivos/english_18;Mimulus;0;3.01439;
./datasets/80Archivos/english_19;Mimulus;0;3.01439;
./datasets/80Archivos/english_20;Mimulus;0;3.01439;
./datasets/80Archivos/english_22;Mimulus;0;3.01439;
./datasets/80Archivos/english_23;Mimulus;0;3.01439;
./datasets/80Archivos/english_26;Mimulus;0;3.01439;
./datasets/80Archivos/english_27;Mimulus;0;3.01439;
./datasets/80Archivos/english_29;Mimulus;0;3.01439;
./datasets/80Archivos/english_30;Mimulus;0;3.01439;
./datasets/80Archivos/english_31;Mimulus;0;3.01439;
./datasets/80Archivos/english_34;Mimulus;0;3.01439;
./datasets/80Archivos/english_36;Mimulus;0;3.01439;
./datasets/80Archivos/english_39;Mimulus;0;3.01439;
./datasets/80Archivos/dna_00;recce;0;3.17743;
./datasets/80Archivos/dna_02;recce;0;3.17743;
./datasets/80Archivos/dna_05;recce;0;3.17743;
./datasets/80Archivos/dna_08;recce;0;3.17743;
./datasets/80Archivos/dna_12;recce;0;3.17743;
./datasets/80Archivos/dna_16;recce;0;3.17743;
./datasets/80Archivos/dna_18;recce;0;3.17743;
./datasets/80Archivos/dna_20;recce;0;3.17743;
./datasets/80Archivos/dna_22;recce;0;3.17743;
./datasets/80Archivos/dna_23;recce;0;3.17743;
./datasets/80Archivos/dna_24;recce;0;3.17743;
./datasets/80Archivos/dna_26;recce;0;3.17743;
./datasets/80Archivos/dna_28;recce;0;3.17743;
./datasets/80Archivos/dna_29;recce;0;3.17743;
./datasets/80Archivos/dna_31;recce;0;3.17743;
./datasets/80Archivos/dna_34;recce;0;3.17743;
./datasets/80Archivos/dna_36;recce;0;3.17743;
./datasets/80Archivos/dna_37;recce;0;3.17743;
./datasets/80Archivos/dna_38;recce;0;3.17743;
./datasets/80Archivos/dna_39;recce;0;3.17743;
./datasets/80Archivos/english_01;recce;0;3.17743;
./datasets/80Archivos/english_03;recce;0;3.17743;
./datasets/80Archivos/english_06;recce;0;3.17743;
./datasets/80Archivos/english_08;recce;0;3.17743;
./datasets/80Archivos/english_09;recce;0;3.17743;
./datasets/80Archivos/english_12;recce;0;3.17743;
./datasets/80Archivos/english_14;recce;0;3.17743;
./datasets/80Archivos/english_18;recce;0;3.17743;
./datasets/80Archivos/english_19;recce;0;3.17743;
./datasets/80Archivos/english_20;recce;0;3.17743;
./datasets/80Archivos/english_22;recce;0;3.17743;
./datasets/80Archivos/english_23;recce;0;3.17743;
./datasets/80Archivos/english_26;recce;0;3.17743;
./datasets/80Archivos/english_27;recce;0;3.17743;
./datasets/80Archivos/english_29;recce;0;3.17743;
./datasets/80Archivos/english_30;recce;0;3.17743;
./datasets/80Archivos/english_31;recce;0;3.17743;
./datasets/80Archivos/english_34;recce;0;3.17743;
./datasets/80Archivos/english_36;recce;0;3.17743;
./datasets/80Archivos/english_39;recce;0;3.17743;
./datasets/80Archivos/dna_00;mutinously;0;2.78996;
./datasets/80Archivos/dna_02;mutinously;0;2.78996;
./datasets/80Archivos/dna_05;mutinously;0;2.78996;
./datasets/80Archivos/dna_08;mutinously;0;2.78996;
./datasets/80Archivos/dna_12;mutinously;0;2.78996;
./datasets/80Archivos/dna_16;mutinously;0;2.78996;
./datasets/80Archivos/dna_18;mutinously;0;2.78996;
./datasets/80Archivos/dna_20;mutinously;0;2.78996;
./datasets/80Archivos/dna_22;mutinously;0;2.78996;
./datasets/80Archivos/dna_23;mutinously;0;2.78996;
./datasets/80Archivos/dna_24;mutinously;0;2.78996;
./datasets/80Archivos/dna_26;mutinously;0;2.78996;
./datasets/80Archivos/dna_28;mutinously;0;2.78996;
./datasets/80Archivos/dna_29;mutinously;0;2.78996;
./datasets/80Archivos/dna_31;mutinously;0;2.78996;
./datasets/80Archivos/dna_34;mutinously;0;2.78996;
./datasets/80Archivos/dna_36;mutinously;0;2.78996;
./datasets/80Archivos/dna_37;mutinously;0;2.78996;
./datasets/80Archivos/dna_38;mutinously;0;2.78996;
./datasets/80Archivos/dna_39;mutinously;0;2.78996;
./datasets/80Archivos/english_01;mutinously;0;2.78996;
./datasets/80Archivos/english_03;mutinously;0;2.78996;
./datasets/80Archivos/english_06;mutinously;1;2.78996;
./datasets/80Archivos/english_08;mutinously;0;2.78996;
./datasets/80Archivos/english_09;mutinously;0;2.78996;
./datasets/80Archivos/english_12;mutinously;0;2.78996;
./datasets/80Archivos/english_14;mutinously;1;2.78996;
./datasets/80Archivos/english_18;mutinously;0;2.78996;
./datasets/80Archivos/english_19;mutinously;0;2.78996;
./datasets/80Archivos/english_20;mutinously;0;2.78996;
./datasets/80Archivos/english_22;mutinously;0;2.78996;
./datasets/80Archivos/english_23;mutinously;0;2.78996;
./datasets/80Archivos/english_26;mutinously;0;2.78996;
./datasets/80Archivos/english_27;mutinously;0;2.78996;
./datasets/80Archivos/english_29;mutinously;0;2.78996;
./datasets/80Archivos/english_30;mutinously;0;2.78996;
./datasets/80Archivos/english_31;mutinously;0;2.78996;
./datasets/80Archivos/english_34;mutinously;0;2.78996;
./datasets/80Archivos/english_36;mutinously;0;2.78996;
./datasets/80Archivos/english_39;mutinously;0;2.78996;
./datasets/80Archivos/dna_00;reboant;0;3.09141;
./datasets/80Archivos/dna_02;reboant;0;3.09141;
./datasets/80Archivos/dna_05;reboant;0;3.09141;
./datasets/80Archivos/dna_08;reboant;0;3.09141;
./datasets/80Archivos/dna_12;reboant;0;3.09141;
./datasets/80Archivos/dna_16;reboant;0;3.09141;
./datasets/80Archivos/dna_18;reboant;0;3.09141;
./datasets/80Archivos/dna_20;reboant;0;3.09141;
./datasets/80Archivos/dna_22;reboant;0;3.09141;
./datasets/80Archivos/dna_23;reboant;0;3.09141;
./datasets/80Archivos/dna_24;reboant;0;3.09141;
./datasets/80Archivos/dna_26;reboant;0;3.09141;
./datasets/80Archivos/dna_28;reboant;0;3.09141;
./datasets/80Archivos/dna_29;reboant;0;3.09141;
./datasets/80Archivos/dna_31;reboant;0;3.09141;
./datasets/80Archivos/dna_34;reboant;0;3.09141;
./datasets/80Archivos/dna_36;reboant;0;3.09141;
./datasets/80Archivos/dna_37;reboant;0;3.09141;
./datasets/80Archivos/dna_38;reboant;0;3.09141;
./datasets/80Archivos/dna_39;reboant;0;3.09141;
./datasets/80Archivos/english_01;reboant;0;3.09141;
./datasets/80Archivos/english_03;reboant;0;3.09141;
./datasets/80Archivos/english_06;reboant;0;3.09141;
./datasets/80Archivos/english_08;reboant;0;3.09141;
./datasets/80Archivos/english_09;reboant;0;3.09141;
./datasets/80Archivos/english_12;reboant;0;3.09141;
./datasets/80Archivos/english_14;reboant;0;3.09141;
./datasets/80Archivos/english_18;reboant;0;3.09141;
./datasets/80Archivos/english_19;reboant;0;3.09141;
./datasets/80Archivos/english_20;reboant;0;3.09141;
./datasets/80Archivos/english_22;reboant;0;3.09141;
./datasets/80Archivos/english_23;reboant;0;3.09141;
./datasets/80Archivos/english_26;reboant;0;3.09141;
./datasets/80Archivos/english_27;reboant;0;3.09141;
./datasets/80Archivos/english_29;reboant;0;3.09141;
./datasets/80Archivos/english_30;reboant;0;3.09141;
./datasets/80Archivos/english_31;reboant;0;3.09141;
./datasets/80Archivos/english_34;reboant;0;3.09141;
./datasets/80Archivos/english_36;reboant;0;3.09141;
./datasets/80Archivos/english_39;reboant;0;3.09141;
./datasets/80Archivos/dna_00;marshwort;0;3.09095;
./datasets/80Archivos/dna_02;marshwort;0;3.09095;
./datasets/80Archivos/dna_05;marshwort;0;3.09095;
./datasets/80Archivos/dna_08;marshwort;0;3.09095;
./datasets/80Archivos/dna_12;marshwort;0;3.09095;
./datasets/80Archivos/dna_16;marshwort;0;3.09095;
./datasets/80Archivos/dna_18;marshwort;0;3.09095;
./datasets/80Archivos/dna_20;marshwort;0;3.09095;
./datasets/80Archivos/dna_22;marshwort;0;3.09095;
./datasets/80Archivos/dna_23;marshwort;0;3.09095;
./datasets/80Archivos/dna_24;marshwort;0;3.09095;
./datasets/80Archivos/dna_26;marshwort;0;3.09095;
./datasets/80Archivos/dna_28;marshwort;0;3.09095;
./datasets/80Archivos/dna_29;marshwort;0;3.09095;
./datasets/80Archivos/dna_31;marshwort;0;3.09095;
./datasets/80Archivos/dna_34;marshwort;0;3.09095;
./datasets/80Archivos/dna_36;marshwort;0;3.09095;
./datasets/80Archivos/dna_37;marshwort;0;3.09095;
./datasets/80Archivos/dna_38;marshwort;0;3.09095;
./datasets/80Archivos/dna_39;marshwort;0;3.09095;
./datasets/80Archivos/english_01;marshwort;0;3.09095;
./datasets/80Archivos/english_03;marshwort;0;3.09095;
./datasets/80Archivos/english_06;marshwort;0;3.09095;
./datasets/80Archivos/english_08;marshwort;0;3.09095;
./datasets/80Archivos/english_09;marshwort;0;3.09095;
./datasets/80Archivos/english_12;marshwort;0;3.09095;
./datasets/80Archivos/english_14;marshwort;0;3.09095;
./datasets/80Archivos/english_18;marshwort;0;3.09095;
./datasets/80Archivos/english_19;marshwort;0;3.09095;
./datasets/80Archivos/english_20;marshwort;0;3.09095;
./datasets/80Archivos/english_22;marshwort;0;3.09095;
./datasets/80Archivos/english_23;marshwort;0;3.09095;
./datasets/80Archivos/english_26;marshwort;0;3.09095;
./datasets/80Archivos/english_27;marshwort;0;3.09095;
./datasets/80Archivos/english_29;marshwort;0;3.09095;
./datasets/80Archivos/english_30;marshwort;0;3.09095;
./datasets/80Archivos/english_31;marshwort;0;3.09095;
./datasets/80Archivos/english_34;marshwort;0;3.09095;
./datasets/80Archivos/english_36;marshwort;0;3.09095;
./datasets/80Archivos/english_39;marshwort;0;3.09095;
./datasets/80Archivos/dna_00;lupoid;0;3.20703;
./datasets/80Archivos/dna_02;lupoid;0;3.20703;
./datasets/80Archivos/dna_05;lupoid;0;3.20703;
./datasets/80Archivos/dna_08;lupoid;0;3.20703;
./datasets/80Archivos/dna_12;lupoid;0;3.20703;
./datasets/80Archivos/dna_16;lupoid;0;3.20703;
./datasets/80Archivos/dna_18;lupoid;0;3.20703;
./datasets/80Archivos/dna_20;lupoid;0;3.20703;
./datasets/80Archivos/dna_22;lupoid;0;3.20703;
./datasets/80Archivos/dna_23;lupoid;0;3.20703;
./datasets/80Archivos/dna_24;lupoid;0;3.20703;
./datasets/80Archivos/dna_26;lupoid;0;3.20703;
./datasets/80Archivos/dna_28;lupoid;0;3.20703;
./datasets/80Archivos/dna_29;lupoid;0;3.20703;
./datasets/80Archivos/dna_31;lupoid;0;3.20703;
./datasets/80Archivos/dna_34;lupoid;0;3.20703;
./datasets/80Archivos/dna_36;lupoid;0;3.20703;
./datasets/80Archivos/dna_37;lupoid;0;3.20703;
./datasets/80Archivos/dna_38;lupoid;0;3.20703;
./datasets/80Archivos/dna_39;lupoid;0;3.20703;
./datasets/80Archivos/english_01;lupoid;0;3.20703;
./datasets/80Archivos/english_03;lupoid;0;3.20703;
./datasets/80Archivos/english_06;lupoid;0;3.20703;
./datasets/80Archivos/english_08;lupoid;0;3.20703;
./datasets/80Archivos/english_09;lupoid;0;3.20703;
./datasets/80Archivos/english_12;lupoid;0;3.20703;
./datasets/80Archivos/english_14;lupoid;0;3.20703;
./datasets/80Archivos/english_18;lupoid;0;3.20703;
./datasets/80Archivos/english_19;lupoid;0;3.20703;
./datasets/80Archivos/english_20;lupoid;0;3.20703;
./datasets/80Archivos/english_22;lupoid;0;3.20703;
./datasets/80Archivos/english_23;lupoid;0;3.20703;
./datasets/80Archivos/english_26;lupoid;0;3.20703;
./datasets/80Archivos/english_27;lupoid;0;3.20703;
./datasets/80Archivos/english_29;lupoid;0;3.20703;
./datasets/80Archivos/english_30;lupoid;0;3.20703;
./datasets/80Archivos/english_31;lupoid;0;3.20703;
./datasets/80Archivos/english_34;lupoid;0;3.20703;
./datasets/80Archivos/english_36;lupoid;0;3.20703;
./datasets/80Archivos/english_39;lupoid;0;3.20703;
./datasets/80Archivos/dna_00;chromatophilic;0;2.75187;
./datasets/80Archivos/dna_02;chromatophilic;0;2.75187;
./datasets/80Archivos/dna_05;chromatophilic;0;2.75187;
./datasets/80Archivos/dna_08;chromatophilic;0;2.75187;
./datasets/80Archivos/dna_12;chromatophilic;0;2.75187;
./datasets/80Archivos/dna_16;chromatophilic;0;2.75187;
./datasets/80Archivos/dna_18;chromatophilic;0;2.75187;
./datasets/80Archivos/dna_20;chromatophilic;0;2.75187;
./datasets/80Archivos/dna_22;chromatophilic;0;2.75187;
./datasets/80Archivos/dna_23;chromatophilic;0;2.75187;
./datasets/80Archivos/dna_24;chromatophilic;0;2.75187;
./datasets/80Archivos/dna_26;chromatophilic;0;2.75187;
./datasets/80Archivos/dna_28;chromatophilic;0;2.75187;
./datasets/80Archivos/dna_29;chromatophilic;0;2.75187;
./datasets/80Archivos/dna_31;chromatophilic;0;2.75187;
./datasets/80Archivos/dna_34;chromatophilic;0;2.75187;
./datasets/80Archivos/dna_36;chromatophilic;0;2.75187;
./datasets/80Archivos/dna_37;chromatophilic;0;2.75187;
./datasets/80Archivos/dna_38;chromatophilic;0;2.75187;
./datasets/80Archivos/dna_39;chromatophilic;0;2.75187;
./datasets/80Archivos/english_01;chromatophilic;0;2.75187;
./datasets/80Archivos/english_03;chromatophilic;0;2.75187;
./datasets/80Archivos/english_06;chromatophilic;0;2.75187;
./datasets/80Archivos/english_08;chromatophilic;0;2.75187;
./datasets/80Archivos/english_09;chromatophilic;0;2.75187;
./datasets/80Archivos/english_12;chromatophilic;0;2.75187;
./datasets/80Archivos/english_14;chromatophilic;0;2.75187;
./datasets/80Archivos/english_18;chromatophilic;0;2.75187;
./datasets/80Archivos/english_19;chromatophilic;0;2.75187;
./datasets/80Archivos/english_20;chromatophilic;0;2.75187;
./datasets/80Archivos/english_22;chromatophilic;0;2.75187;
./datasets/80Archivos/english_23;chromatophilic;0;2.75187;
./datasets/80Archivos/english_26;chromatophilic;0;2.75187;
./datasets/80Archivos/english_27;chromatophilic;0;2.75187;
./datasets/80Archivos/english_29;chromatophilic;0;2.75187;
./datasets/80Archivos/english_30;chromatophilic;0;2.75187;
./datasets/80Archivos/english_31;chromatophilic;0;2.75187;
./datasets/80Archivos/english_34;chromatophilic;0;2.75187;
./datasets/80Archivos/english_36;chromatophilic;0;2.75187;
./datasets/80Archivos/english_39;chromatophilic;0;2.75187;
./datasets/80Archivos/dna_00;lauder;0;3.28876;
./datasets/80Archivos/dna_02;lauder;0;3.28876;
./datasets/80Archivos/dna_05;lauder;0;3.28876;
./datasets/80Archivos/dna_08;lauder;0;3.28876;
./datasets/80Archivos/dna_12;lauder;0;3.28876;
./datasets/80Archivos/dna_16;lauder;0;3.28876;
./datasets/80Archivos/dna_18;lauder;0;3.28876;
./datasets/80Archivos/dna_20;lauder;0;3.28876;
./datasets/80Archivos/dna_22;lauder;0;3.28876;
./datasets/80Archivos/dna_23;lauder;0;3.28876;
./datasets/80Archivos/dna_24;lauder;0;3.28876;
./datasets/80Archivos/dna_26;lauder;0;3.28876;
./datasets/80Archivos/dna_28;lauder;0;3.28876;
./datasets/80Archivos/dna_29;lauder;0;3.28876;
./datasets/80Archivos/dna_31;lauder;0;3.28876;
./datasets/80Archivos/dna_34;lauder;0;3.28876;
./datasets/80Archivos/dna_36;lauder;0;3.28876;
./datasets/80Archivos/dna_37;lauder;0;3.28876;
./datasets/80Archivos/dna_38;lauder;0;3.28876;
./datasets/80Archivos/dna_39;lauder;0;3.28876;
./datasets/80Archivos/english_01;lauder;0;3.28876;
./datasets/80Archivos/english_03;lauder;0;3.28876;
./datasets/80Archivos/english_06;lauder;0;3.28876;
./datasets/80Archivos/english_08;lauder;0;3.28876;
./datasets/80Archivos/english_09;lauder;0;3.28876;
./datasets/80Archivos/english_12;lauder;0;3.28876;
./datasets/80Archivos/english_14;lauder;0;3.28876;
./datasets/80Archivos/english_18;lauder;0;3.28876;
./datasets/80Archivos/english_19;lauder;0;3.28876;
./datasets/80Archivos/english_20;lauder;0;3.28876;
./datasets/80Archivos/english_22;lauder;0;3.28876;
./datasets/80Archivos/english_23;lauder;0;3.28876;
./datasets/80Archivos/english_26;lauder;0;3.28876;
./datasets/80Archivos/english_27;lauder;0;3.28876;
./datasets/80Archivos/english_29;lauder;0;3.28876;
./datasets/80Archivos/english_30;lauder;0;3.28876;
./datasets/80Archivos/english_31;lauder;0;3.28876;
./datasets/80Archivos/english_34;lauder;0;3.28876;
./datasets/80Archivos/english_36;lauder;0;3.28876;
./datasets/80Archivos/english_39;lauder;0;3.28876;
./datasets/80Archivos/dna_00;nirles;0;3.16966;
./datasets/80Archivos/dna_02;nirles;0;3.16966;
./datasets/80Archivos/dna_05;nirles;0;3.16966;
./datasets/80Archivos/dna_08;nirles;0;3.16966;
./datasets/80Archivos/dna_12;nirles;0;3.16966;
./datasets/80Archivos/dna_16;nirles;0;3.16966;
./datasets/80Archivos/dna_18;nirles;0;3.16966;
./datasets/80Archivos/dna_20;nirles;0;3.16966;
./datasets/80Archivos/dna_22;nirles;0;3.16966;
./datasets/80Archivos/dna_23;nirles;0;3.16966;
./datasets/80Archivos/dna_24;nirles;0;3.16966;
./datasets/80Archivos/dna_26;nirles;0;3.16966;
./datasets/80Archivos/dna_28;nirles;0;3.16966;
./datasets/80Archivos/dna_29;nirles;0;3.16966;
./datasets/80Archivos/dna_31;nirles;0;3.16966;
./datasets/80Archivos/dna_34;nirles;0;3.16966;
./datasets/80Archivos/dna_36;nirles;0;3.16966;
./datasets/80Archivos/dna_37;nirles;0;3.16966;
./datasets/80Archivos/dna_38;nirles;0;3.16966;
./datasets/80Archivos/dna_39;nirles;0;3.16966;
./datasets/80Archivos/english_01;nirles;0;3.16966;
./datasets/80Archivos/english_03;nirles;0;3.16966;
./datasets/80Archivos/english_06;nirles;0;3.16966;
./datasets/80Archivos/english_08;nirles;0;3.16966;
./datasets/80Archivos/english_09;nirles;0;3.16966;
./datasets/80Archivos/english_12;nirles;0;3.16966;
./datasets/80Archivos/english_14;nirles;0;3.16966;
./datasets/80Archivos/english_18;nirles;0;3.16966;
./datasets/80Archivos/english_19;nirles;0;3.16966;
./datasets/80Archivos/english_20;nirles;0;3.16966;
./datasets/80Archivos/english_22;nirles;0;3.16966;
./datasets/80Archivos/english_23;nirles;0;3.16966;
./datasets/80Archivos/english_26;nirles;0;3.16966;
./datasets/80Archivos/english_27;nirles;0;3.16966;
./datasets/80Archivos/english_29;nirles;0;3.16966;
./datasets/80Archivos/english_30;nirles;0;3.16966;
./datasets/80Archivos/english_31;nirles;0;3.16966;
./datasets/80Archivos/english_34;nirles;0;3.16966;
./datasets/80Archivos/english_36;nirles;0;3.16966;
./datasets/80Archivos/english_39;nirles;0;3.16966;
./datasets/80Archivos/dna_00;esthesiometer;0;2.84193;
./datasets/80Archivos/dna_02;esthesiometer;0;2.84193;
./datasets/80Archivos/dna_05;esthesiometer;0;2.84193;
./datasets/80Archivos/dna_08;esthesiometer;0;2.84193;
./datasets/80Archivos/dna_12;esthesiometer;0;2.84193;
./datasets/80Archivos/dna_16;esthesiometer;0;2.84193;
./datasets/80Archivos/dna_18;esthesiometer;0;2.84193;
./datasets/80Archivos/dna_20;esthesiometer;0;2.84193;
./datasets/80Archivos/dna_22;esthesiometer;0;2.84193;
./datasets/80Archivos/dna_23;esthesiometer;0;2.84193;
./datasets/80Archivos/dna_24;esthesiometer;0;2.84193;
./datasets/80Archivos/dna_26;esthesiometer;0;2.84193;
./datasets/80Archivos/dna_28;esthesiometer;0;2.84193;
./datasets/80Archivos/dna_29;esthesiometer;0;2.84193;
./datasets/80Archivos/dna_31;esthesiometer;0;2.84193;
./datasets/80Archivos/dna_34;esthesiometer;0;2.84193;
./datasets/80Archivos/dna_36;esthesiometer;0;2.84193;
./datasets/80Archivos/dna_37;esthesiometer;0;2.84193;
./datasets/80Archivos/dna_38;esthesiometer;0;2.84193;
./datasets/80Archivos/dna_39;esthesiometer;0;2.84193;
./datasets/80Archivos/english_01;esthesiometer;0;2.84193;
./datasets/80Archivos/english_03;esthesiometer;0;2.84193;
./datasets/80Archivos/english_06;esthesiometer;0;2.84193;
./datasets/80Archivos/english_08;esthesiometer;0;2.84193;
./datasets/80Archivos/english_09;esthesiometer;0;2.84193;
./datasets/80Archivos/english_12;esthesiometer;0;2.84193;
./datasets/80Archivos/english_14;esthesiometer;0;2.84193;
./datasets/80Archivos/english_18;esthesiometer;0;2.84193;
./datasets/80Archivos/english_19;esthesiometer;0;2.84193;
./datasets/80Archivos/english_20;esthesiometer;0;2.84193;
./datasets/80Archivos/english_22;esthesiometer;0;2.84193;
./datasets/80Archivos/english_23;esthesiometer;0;2.84193;
./datasets/80Archivos/english_26;esthesiometer;0;2.84193;
./datasets/80Archivos/english_27;esthesiometer;0;2.84193;
./datasets/80Archivos/english_29;esthesiometer;0;2.84193;
./datasets/80Archivos/english_30;esthesiometer;0;2.84193;
./datasets/80Archivos/english_31;esthesiometer;0;2.84193;
./datasets/80Archivos/english_34;esthesiometer;0;2.84193;
./datasets/80Archivos/english_36;esthesiometer;0;2.84193;
./datasets/80Archivos/english_39;esthesiometer;0;2.84193;
./datasets/80Archivos/dna_00;semisocial;0;2.895;
./datasets/80Archivos/dna_02;semisocial;0;2.895;
./datasets/80Archivos/dna_05;semisocial;0;2.895;
./datasets/80Archivos/dna_08;semisocial;0;2.895;
./datasets/80Archivos/dna_12;semisocial;0;2.895;
./datasets/80Archivos/dna_16;semisocial;0;2.895;
./datasets/80Archivos/dna_18;semisocial;0;2.895;
./datasets/80Archivos/dna_20;semisocial;0;2.895;
./datasets/80Archivos/dna_22;semisocial;0;2.895;
./datasets/80Archivos/dna_23;semisocial;0;2.895;
./datasets/80Archivos/dna_24;semisocial;0;2.895;
./datasets/80Archivos/dna_26;semisocial;0;2.895;
./datasets/80Archivos/dna_28;semisocial;0;2.895;
./datasets/80Archivos/dna_29;semisocial;0;2.895;
./datasets/80Archivos/dna_31;semisocial;0;2.895;
./datasets/80Archivos/dna_34;semisocial;0;2.895;
./datasets/80Archivos/dna_36;semisocial;0;2.895;
./datasets/80Archivos/dna_37;semisocial;0;2.895;
./datasets/80Archivos/dna_38;semisocial;0;2.895;
./datasets/80Archivos/dna_39;semisocial;0;2.895;
./datasets/80Archivos/english_01;semisocial;0;2.895;
./datasets/80Archivos/english_03;semisocial;0;2.895;
./datasets/80Archivos/english_06;semisocial;0;2.895;
./datasets/80Archivos/english_08;semisocial;0;2.895;
./datasets/80Archivos/english_09;semisocial;0;2.895;
./datasets/80Archivos/english_12;semisocial;0;2.895;
./datasets/80Archivos/english_14;semisocial;0;2.895;
./datasets/80Archivos/english_18;semisocial;0;2.895;
./datasets/80Archivos/english_19;semisocial;0;2.895;
./datasets/80Archivos/english_20;semisocial;0;2.895;
./datasets/80Archivos/english_22;semisocial;0;2.895;
./datasets/80Archivos/english_23;semisocial;0;2.895;
./datasets/80Archivos/english_26;semisocial;0;2.895;
./datasets/80Archivos/english_27;semisocial;0;2.895;
./datasets/80Archivos/english_29;semisocial;0;2.895;
./datasets/80Archivos/english_30;semisocial;0;2.895;
./datasets/80Archivos/english_31;semisocial;0;2.895;
./datasets/80Archivos/english_34;semisocial;0;2.895;
./datasets/80Archivos/english_36;semisocial;0;2.895;
./datasets/80Archivos/english_39;semisocial;0;2.895;
./datasets/80Archivos/dna_00;unbeing;0;2.97232;
./datasets/80Archivos/dna_02;unbeing;0;2.97232;
./datasets/80Archivos/dna_05;unbeing;0;2.97232;
./datasets/80Archivos/dna_08;unbeing;0;2.97232;
./datasets/80Archivos/dna_12;unbeing;0;2.97232;
./datasets/80Archivos/dna_16;unbeing;0;2.97232;
./datasets/80Archivos/dna_18;unbeing;0;2.97232;
./datasets/80Archivos/dna_20;unbeing;0;2.97232;
./datasets/80Archivos/dna_22;unbeing;0;2.97232;
./datasets/80Archivos/dna_23;unbeing;0;2.97232;
./datasets/80Archivos/dna_24;unbeing;0;2.97232;
./datasets/80Archivos/dna_26;unbeing;0;2.97232;
./datasets/80Archivos/dna_28;unbeing;0;2.97232;
./datasets/80Archivos/dna_29;unbeing;0;2.97232;
./datasets/80Archivos/dna_31;unbeing;0;2.97232;
./datasets/80Archivos/dna_34;unbeing;0;2.97232;
./datasets/80Archivos/dna_36;unbeing;0;2.97232;
./datasets/80Archivos/dna_37;unbeing;0;2.97232;
./datasets/80Archivos/dna_38;unbeing;0;2.97232;
./datasets/80Archivos/dna_39;unbeing;0;2.97232;
./datasets/80Archivos/english_01;unbeing;0;2.97232;
./datasets/80Archivos/english_03;unbeing;0;2.97232;
./datasets/80Archivos/english_06;unbeing;0;2.97232;
./datasets/80Archivos/english_08;unbeing;0;2.97232;
./datasets/80Archivos/english_09;unbeing;0;2.97232;
./datasets/80Archivos/english_12;unbeing;0;2.97232;
./datasets/80Archivos/english_14;unbeing;0;2.97232;
./datasets/80Archivos/english_18;unbeing;0;2.97232;
./datasets/80Archivos/english_19;unbeing;0;2.97232;
./datasets/80Archivos/english_20;unbeing;0;2.97232;
./datasets/80Archivos/english_22;unbeing;0;2.97232;
./datasets/80Archivos/english_23;unbeing;0;2.97232;
./datasets/80Archivos/english_26;unbeing;0;2.97232;
./datasets/80Archivos/english_27;unbeing;0;2.97232;
./datasets/80Archivos/english_29;unbeing;0;2.97232;
./datasets/80Archivos/english_30;unbeing;0;2.97232;
./datasets/80Archivos/english_31;unbeing;0;2.97232;
./datasets/80Archivos/english_34;unbeing;0;2.97232;
./datasets/80Archivos/english_36;unbeing;0;2.97232;
./datasets/80Archivos/english_39;unbeing;0;2.97232;
./datasets/80Archivos/dna_00;kangaroo;0;2.85773;
./datasets/80Archivos/dna_02;kangaroo;0;2.85773;
./datasets/80Archivos/dna_05;kangaroo;0;2.85773;
./datasets/80Archivos/dna_08;kangaroo;0;2.85773;
./datasets/80Archivos/dna_12;kangaroo;0;2.85773;
./datasets/80Archivos/dna_16;kangaroo;0;2.85773;
./datasets/80Archivos/dna_18;kangaroo;0;2.85773;
./datasets/80Archivos/dna_20;kangaroo;0;2.85773;
./datasets/80Archivos/dna_22;kangaroo;0;2.85773;
./datasets/80Archivos/dna_23;kangaroo;0;2.85773;
./datasets/80Archivos/dna_24;kangaroo;0;2.85773;
./datasets/80Archivos/dna_26;kangaroo;0;2.85773;
./datasets/80Archivos/dna_28;kangaroo;0;2.85773;
./datasets/80Archivos/dna_29;kangaroo;0;2.85773;
./datasets/80Archivos/dna_31;kangaroo;0;2.85773;
./datasets/80Archivos/dna_34;kangaroo;0;2.85773;
./datasets/80Archivos/dna_36;kangaroo;0;2.85773;
./datasets/80Archivos/dna_37;kangaroo;0;2.85773;
./datasets/80Archivos/dna_38;kangaroo;0;2.85773;
./datasets/80Archivos/dna_39;kangaroo;0;2.85773;
./datasets/80Archivos/english_01;kangaroo;0;2.85773;
./datasets/80Archivos/english_03;kangaroo;0;2.85773;
./datasets/80Archivos/english_06;kangaroo;0;2.85773;
./datasets/80Archivos/english_08;kangaroo;0;2.85773;
./datasets/80Archivos/english_09;kangaroo;0;2.85773;
./datasets/80Archivos/english_12;kangaroo;0;2.85773;
./datasets/80Archivos/english_14;kangaroo;9;2.85773;
./datasets/80Archivos/english_18;kangaroo;1;2.85773;
./datasets/80Archivos/english_19;kangaroo;0;2.85773;
./datasets/80Archivos/english_20;kangaroo;2;2.85773;
./datasets/80Archivos/english_22;kangaroo;1;2.85773;
./datasets/80Archivos/english_23;kangaroo;3;2.85773;
./datasets/80Archivos/english_26;kangaroo;16;2.85773;
./datasets/80Archivos/english_27;kangaroo;37;2.85773;
./datasets/80Archivos/english_29;kangaroo;0;2.85773;
./datasets/80Archivos/english_30;kangaroo;0;2.85773;
./datasets/80Archivos/english_31;kangaroo;0;2.85773;
./datasets/80Archivos/english_34;kangaroo;0;2.85773;
./datasets/80Archivos/english_36;kangaroo;0;2.85773;
./datasets/80Archivos/english_39;kangaroo;5;2.85773;
./datasets/80Archivos/dna_00;takosis;0;2.94612;
./datasets/80Archivos/dna_02;takosis;0;2.94612;
./datasets/80Archivos/dna_05;takosis;0;2.94612;
./datasets/80Archivos/dna_08;takosis;0;2.94612;
./datasets/80Archivos/dna_12;takosis;0;2.94612;
./datasets/80Archivos/dna_16;takosis;0;2.94612;
./datasets/80Archivos/dna_18;takosis;0;2.94612;
./datasets/80Archivos/dna_20;takosis;0;2.94612;
./datasets/80Archivos/dna_22;takosis;0;2.94612;
./datasets/80Archivos/dna_23;takosis;0;2.94612;
./datasets/80Archivos/dna_24;takosis;0;2.94612;
./datasets/80Archivos/dna_26;takosis;0;2.94612;
./datasets/80Archivos/dna_28;takosis;0;2.94612;
./datasets/80Archivos/dna_29;takosis;0;2.94612;
./datasets/80Archivos/dna_31;takosis;0;2.94612;
./datasets/80Archivos/dna_34;takosis;0;2.94612;
./datasets/80Archivos/dna_36;takosis;0;2.94612;
./datasets/80Archivos/dna_37;takosis;0;2.94612;
./datasets/80Archivos/dna_38;takosis;0;2.94612;
./datasets/80Archivos/dna_39;takosis;0;2.94612;
./datasets/80Archivos/english_01;takosis;0;2.94612;
./datasets/80Archivos/english_03;takosis;0;2.94612;
./datasets/80Archivos/english_06;takosis;0;2.94612;
./datasets/80Archivos/english_08;takosis;0;2.94612;
./datasets/80Archivos/english_09;takosis;0;2.94612;
./datasets/80Archivos/english_12;takosis;0;2.94612;
./datasets/80Archivos/english_14;takosis;0;2.94612;
./datasets/80Archivos/english_18;takosis;0;2.94612;
./datasets/80Archivos/english_19;takosis;0;2.94612;
./datasets/80Archivos/english_20;takosis;0;2.94612;
./datasets/80Archivos/english_22;takosis;0;2.94612;
./datasets/80Archivos/english_23;takosis;0;2.94612;
./datasets/80Archivos/english_26;takosis;0;2.94612;
./datasets/80Archivos/english_27;takosis;0;2.94612;
./datasets/80Archivos/english_29;takosis;0;2.94612;
./datasets/80Archivos/english_30;takosis;0;2.94612;
./datasets/80Archivos/english_31;takosis;0;2.94612;
./datasets/80Archivos/english_34;takosis;0;2.94612;
./datasets/80Archivos/english_36;takosis;0;2.94612;
./datasets/80Archivos/english_39;takosis;0;2.94612;
./datasets/80Archivos/dna_00;inconvertibility;0;2.67217;
./datasets/80Archivos/dna_02;inconvertibility;0;2.67217;
./datasets/80Archivos/dna_05;inconvertibility;0;2.67217;
./datasets/80Archivos/dna_08;inconvertibility;0;2.67217;
./datasets/80Archivos/dna_12;inconvertibility;0;2.67217;
./datasets/80Archivos/dna_16;inconvertibility;0;2.67217;
./datasets/80Archivos/dna_18;inconvertibility;0;2.67217;
./datasets/80Archivos/dna_20;inconvertibility;0;2.67217;
./datasets/80Archivos/dna_22;inconvertibility;0;2.67217;
./datasets/80Archivos/dna_23;inconvertibility;0;2.67217;
./datasets/80Archivos/dna_24;inconvertibility;0;2.67217;
./datasets/80Archivos/dna_26;inconvertibility;0;2.67217;
./datasets/80Archivos/dna_28;inconvertibility;0;2.67217;
./datasets/80Archivos/dna_29;inconvertibility;0;2.67217;
./datasets/80Archivos/dna_31;inconvertibility;0;2.67217;
./datasets/80Archivos/dna_34;inconvertibility;0;2.67217;
./datasets/80Archivos/dna_36;inconvertibility;0;2.67217;
./datasets/80Archivos/dna_37;inconvertibility;0;2.67217;
./datasets/80Archivos/dna_38;inconvertibility;0;2.67217;
./datasets/80Archivos/dna_39;inconvertibility;0;2.67217;
./datasets/80Archivos/english_01;inconvertibility;0;2.67217;
./datasets/80Archivos/english_03;inconvertibility;0;2.67217;
./datasets/80Archivos/english_06;inconvertibility;0;2.67217;
./datasets/80Archivos/english_08;inconvertibility;0;2.67217;
./datasets/80Archivos/english_09;inconvertibility;0;2.67217;
./datasets/80Archivos/english_12;inconvertibility;0;2.67217;
./datasets/80Archivos/english_14;inconvertibility;0;2.67217;
./datasets/80Archivos/english_18;inconvertibility;0;2.67217;
./datasets/80Archivos/english_19;inconvertibility;0;2.67217;
./datasets/80Archivos/english_20;inconvertibility;0;2.67217;
./datasets/80Archivos/english_22;inconvertibility;0;2.67217;
./datasets/80Archivos/english_23;inconvertibility;0;2.67217;
./datasets/80Archivos/english_26;inconvertibility;0;2.67217;
./datasets/80Archivos/english_27;inconvertibility;0;2.67217;
./datasets/80Archivos/english_29;inconvertibility;0;2.67217;
./datasets/80Archivos/english_30;inconvertibility;0;2.67217;
./datasets/80Archivos/english_31;inconvertibility;0;2.67217;
./datasets/80Archivos/english_34;inconvertibility;0;2.67217;
./datasets/80Archivos/english_36;inconvertibility;0;2.67217;
./datasets/80Archivos/english_39;inconvertibility;0;2.67217;
./datasets/80Archivos/dna_00;anesthetist;0;3.08705;
./datasets/80Archivos/dna_02;anesthetist;0;3.08705;
./datasets/80Archivos/dna_05;anesthetist;0;3.08705;
./datasets/80Archivos/dna_08;anesthetist;0;3.08705;
./datasets/80Archivos/dna_12;anesthetist;0;3.08705;
./datasets/80Archivos/dna_16;anesthetist;0;3.08705;
./datasets/80Archivos/dna_18;anesthetist;0;3.08705;
./datasets/80Archivos/dna_20;anesthetist;0;3.08705;
./datasets/80Archivos/dna_22;anesthetist;0;3.08705;
./datasets/80Archivos/dna_23;anesthetist;0;3.08705;
./datasets/80Archivos/dna_24;anesthetist;0;3.08705;
./datasets/80Archivos/dna_26;anesthetist;0;3.08705;
./datasets/80Archivos/dna_28;anesthetist;0;3.08705;
./datasets/80Archivos/dna_29;anesthetist;0;3.08705;
./datasets/80Archivos/dna_31;anesthetist;0;3.08705;
./datasets/80Archivos/dna_34;anesthetist;0;3.08705;
./datasets/80Archivos/dna_36;anesthetist;0;3.08705;
./datasets/80Archivos/dna_37;anesthetist;0;3.08705;
./datasets/80Archivos/dna_38;anesthetist;0;3.08705;
./datasets/80Archivos/dna_39;anesthetist;0;3.08705;
./datasets/80Archivos/english_01;anesthetist;0;3.08705;
./datasets/80Archivos/english_03;anesthetist;0;3.08705;
./datasets/80Archivos/english_06;anesthetist;0;3.08705;
./datasets/80Archivos/english_08;anesthetist;0;3.08705;
./datasets/80Archivos/english_09;anesthetist;0;3.08705;
./datasets/80Archivos/english_12;anesthetist;0;3.08705;
./datasets/80Archivos/english_14;anesthetist;0;3.08705;
./datasets/80Archivos/english_18;anesthetist;0;3.08705;
./datasets/80Archivos/english_19;anesthetist;0;3.08705;
./datasets/80Archivos/english_20;anesthetist;0;3.08705;
./datasets/80Archivos/english_22;anesthetist;0;3.08705;
./datasets/80Archivos/english_23;anesthetist;0;3.08705;
./datasets/80Archivos/english_26;anesthetist;0;3.08705;
./datasets/80Archivos/english_27;anesthetist;0;3.08705;
./datasets/80Archivos/english_29;anesthetist;0;3.08705;
./datasets/80Archivos/english_30;anesthetist;0;3.08705;
./datasets/80Archivos/english_31;anesthetist;0;3.08705;
./datasets/80Archivos/english_34;anesthetist;0;3.08705;
./datasets/80Archivos/english_36;anesthetist;0;3.08705;
./datasets/80Archivos/english_39;anesthetist;0;3.08705;
./datasets/80Archivos/dna_00;rumorproof;0;2.89326;
./datasets/80Archivos/dna_02;rumorproof;0;2.89326;
./datasets/80Archivos/dna_05;rumorproof;0;2.89326;
./datasets/80Archivos/dna_08;rumorproof;0;2.89326;
./datasets/80Archivos/dna_12;rumorproof;0;2.89326;
./datasets/80Archivos/dna_16;rumorproof;0;2.89326;
./datasets/80Archivos/dna_18;rumorproof;0;2.89326;
./datasets/80Archivos/dna_20;rumorproof;0;2.89326;
./datasets/80Archivos/dna_22;rumorproof;0;2.89326;
./datasets/80Archivos/dna_23;rumorproof;0;2.89326;
./datasets/80Archivos/dna_24;rumorproof;0;2.89326;
./datasets/80Archivos/dna_26;rumorproof;0;2.89326;
./datasets/80Archivos/dna_28;rumorproof;0;2.89326;
./datasets/80Archivos/dna_29;rumorproof;0;2.89326;
./datasets/80Archivos/dna_31;rumorproof;0;2.89326;
./datasets/80Archivos/dna_34;rumorproof;0;2.89326;
./datasets/80Archivos/dna_36;rumorproof;0;2.89326;
./datasets/80Archivos/dna_37;rumorproof;0;2.89326;
./datasets/80Archivos/dna_38;rumorproof;0;2.89326;
./datasets/80Archivos/dna_39;rumorproof;0;2.89326;
./datasets/80Archivos/english_01;rumorproof;0;2.89326;
./datasets/80Archivos/english_03;rumorproof;0;2.89326;
./datasets/80Archivos/english_06;rumorproof;0;2.89326;
./datasets/80Archivos/english_08;rumorproof;0;2.89326;
./datasets/80Archivos/english_09;rumorproof;0;2.89326;
./datasets/80Archivos/english_12;rumorproof;0;2.89326;
./datasets/80Archivos/english_14;rumorproof;0;2.89326;
./datasets/80Archivos/english_18;rumorproof;0;2.89326;
./datasets/80Archivos/english_19;rumorproof;0;2.89326;
./datasets/80Archivos/english_20;rumorproof;0;2.89326;
./datasets/80Archivos/english_22;rumorproof;0;2.89326;
./datasets/80Archivos/english_23;rumorproof;0;2.89326;
./datasets/80Archivos/english_26;rumorproof;0;2.89326;
./datasets/80Archivos/english_27;rumorproof;0;2.89326;
./datasets/80Archivos/english_29;rumorproof;0;2.89326;
./datasets/80Archivos/english_30;rumorproof;0;2.89326;
./datasets/80Archivos/english_31;rumorproof;0;2.89326;
./datasets/80Archivos/english_34;rumorproof;0;2.89326;
./datasets/80Archivos/english_36;rumorproof;0;2.89326;
./datasets/80Archivos/english_39;rumorproof;0;2.89326;
./datasets/80Archivos/dna_00;thoracoscopy;0;2.81169;
./datasets/80Archivos/dna_02;thoracoscopy;0;2.81169;
./datasets/80Archivos/dna_05;thoracoscopy;0;2.81169;
./datasets/80Archivos/dna_08;thoracoscopy;0;2.81169;
./datasets/80Archivos/dna_12;thoracoscopy;0;2.81169;
./datasets/80Archivos/dna_16;thoracoscopy;0;2.81169;
./datasets/80Archivos/dna_18;thoracoscopy;0;2.81169;
./datasets/80Archivos/dna_20;thoracoscopy;0;2.81169;
./datasets/80Archivos/dna_22;thoracoscopy;0;2.81169;
./datasets/80Archivos/dna_23;thoracoscopy;0;2.81169;
./datasets/80Archivos/dna_24;thoracoscopy;0;2.81169;
./datasets/80Archivos/dna_26;thoracoscopy;0;2.81169;
./datasets/80Archivos/dna_28;thoracoscopy;0;2.81169;
./datasets/80Archivos/dna_29;thoracoscopy;0;2.81169;
./datasets/80Archivos/dna_31;thoracoscopy;0;2.81169;
./datasets/80Archivos/dna_34;thoracoscopy;0;2.81169;
./datasets/80Archivos/dna_36;thoracoscopy;0;2.81169;
./datasets/80Archivos/dna_37;thoracoscopy;0;2.81169;
./datasets/80Archivos/dna_38;thoracoscopy;0;2.81169;
./datasets/80Archivos/dna_39;thoracoscopy;0;2.81169;
./datasets/80Archivos/english_01;thoracoscopy;0;2.81169;
./datasets/80Archivos/english_03;thoracoscopy;0;2.81169;
./datasets/80Archivos/english_06;thoracoscopy;0;2.81169;
./datasets/80Archivos/english_08;thoracoscopy;0;2.81169;
./datasets/80Archivos/english_09;thoracoscopy;0;2.81169;
./datasets/80Archivos/english_12;thoracoscopy;0;2.81169;
./datasets/80Archivos/english_14;thoracoscopy;0;2.81169;
./datasets/80Archivos/english_18;thoracoscopy;0;2.81169;
./datasets/80Archivos/english_19;thoracoscopy;0;2.81169;
./datasets/80Archivos/english_20;thoracoscopy;0;2.81169;
./datasets/80Archivos/english_22;thoracoscopy;0;2.81169;
./datasets/80Archivos/english_23;thoracoscopy;0;2.81169;
./datasets/80Archivos/english_26;thoracoscopy;0;2.81169;
./datasets/80Archivos/english_27;thoracoscopy;0;2.81169;
./datasets/80Archivos/english_29;thoracoscopy;0;2.81169;
./datasets/80Archivos/english_30;thoracoscopy;0;2.81169;
./datasets/80Archivos/english_31;thoracoscopy;0;2.81169;
./datasets/80Archivos/english_34;thoracoscopy;0;2.81169;
./datasets/80Archivos/english_36;thoracoscopy;0;2.81169;
./datasets/80Archivos/english_39;thoracoscopy;0;2.81169;
./datasets/80Archivos/dna_00;euphorbium;0;3.03192;
./datasets/80Archivos/dna_02;euphorbium;0;3.03192;
./datasets/80Archivos/dna_05;euphorbium;0;3.03192;
./datasets/80Archivos/dna_08;euphorbium;0;3.03192;
./datasets/80Archivos/dna_12;euphorbium;0;3.03192;
./datasets/80Archivos/dna_16;euphorbium;0;3.03192;
./datasets/80Archivos/dna_18;euphorbium;0;3.03192;
./datasets/80Archivos/dna_20;euphorbium;0;3.03192;
./datasets/80Archivos/dna_22;euphorbium;0;3.03192;
./datasets/80Archivos/dna_23;euphorbium;0;3.03192;
./datasets/80Archivos/dna_24;euphorbium;0;3.03192;
./datasets/80Archivos/dna_26;euphorbium;0;3.03192;
./datasets/80Archivos/dna_28;euphorbium;0;3.03192;
./datasets/80Archivos/dna_29;euphorbium;0;3.03192;
./datasets/80Archivos/dna_31;euphorbium;0;3.03192;
./datasets/80Archivos/dna_34;euphorbium;0;3.03192;
./datasets/80Archivos/dna_36;euphorbium;0;3.03192;
./datasets/80Archivos/dna_37;euphorbium;0;3.03192;
./datasets/80Archivos/dna_38;euphorbium;0;3.03192;
./datasets/80Archivos/dna_39;euphorbium;0;3.03192;
./datasets/80Archivos/english_01;euphorbium;2;3.03192;
./datasets/80Archivos/english_03;euphorbium;0;3.03192;
./datasets/80Archivos/english_06;euphorbium;0;3.03192;
./datasets/80Archivos/english_08;euphorbium;0;3.03192;
./datasets/80Archivos/english_09;euphorbium;0;3.03192;
./datasets/80Archivos/english_12;euphorbium;0;3.03192;
./datasets/80Archivos/english_14;euphorbium;0;3.03192;
./datasets/80Archivos/english_18;euphorbium;0;3.03192;
./datasets/80Archivos/english_19;euphorbium;0;3.03192;
./datasets/80Archivos/english_20;euphorbium;0;3.03192;
./datasets/80Archivos/english_22;euphorbium;0;3.03192;
./datasets/80Archivos/english_23;euphorbium;0;3.03192;
./datasets/80Archivos/english_26;euphorbium;0;3.03192;
./datasets/80Archivos/english_27;euphorbium;0;3.03192;
./datasets/80Archivos/english_29;euphorbium;0;3.03192;
./datasets/80Archivos/english_30;euphorbium;0;3.03192;
./datasets/80Archivos/english_31;euphorbium;0;3.03192;
./datasets/80Archivos/english_34;euphorbium;0;3.03192;
./datasets/80Archivos/english_36;euphorbium;0;3.03192;
./datasets/80Archivos/english_39;euphorbium;0;3.03192;
./datasets/80Archivos/dna_00;bizet;0;3.29609;
./datasets/80Archivos/dna_02;bizet;0;3.29609;
./datasets/80Archivos/dna_05;bizet;0;3.29609;
./datasets/80Archivos/dna_08;bizet;0;3.29609;
./datasets/80Archivos/dna_12;bizet;0;3.29609;
./datasets/80Archivos/dna_16;bizet;0;3.29609;
./datasets/80Archivos/dna_18;bizet;0;3.29609;
./datasets/80Archivos/dna_20;bizet;0;3.29609;
./datasets/80Archivos/dna_22;bizet;0;3.29609;
./datasets/80Archivos/dna_23;bizet;0;3.29609;
./datasets/80Archivos/dna_24;bizet;0;3.29609;
./datasets/80Archivos/dna_26;bizet;0;3.29609;
./datasets/80Archivos/dna_28;bizet;0;3.29609;
./datasets/80Archivos/dna_29;bizet;0;3.29609;
./datasets/80Archivos/dna_31;bizet;0;3.29609;
./datasets/80Archivos/dna_34;bizet;0;3.29609;
./datasets/80Archivos/dna_36;bizet;0;3.29609;
./datasets/80Archivos/dna_37;bizet;0;3.29609;
./datasets/80Archivos/dna_38;bizet;0;3.29609;
./datasets/80Archivos/dna_39;bizet;0;3.29609;
./datasets/80Archivos/english_01;bizet;0;3.29609;
./datasets/80Archivos/english_03;bizet;0;3.29609;
./datasets/80Archivos/english_06;bizet;0;3.29609;
./datasets/80Archivos/english_08;bizet;0;3.29609;
./datasets/80Archivos/english_09;bizet;0;3.29609;
./datasets/80Archivos/english_12;bizet;0;3.29609;
./datasets/80Archivos/english_14;bizet;0;3.29609;
./datasets/80Archivos/english_18;bizet;0;3.29609;
./datasets/80Archivos/english_19;bizet;0;3.29609;
./datasets/80Archivos/english_20;bizet;0;3.29609;
./datasets/80Archivos/english_22;bizet;0;3.29609;
./datasets/80Archivos/english_23;bizet;0;3.29609;
./datasets/80Archivos/english_26;bizet;0;3.29609;
./datasets/80Archivos/english_27;bizet;0;3.29609;
./datasets/80Archivos/english_29;bizet;0;3.29609;
./datasets/80Archivos/english_30;bizet;0;3.29609;
./datasets/80Archivos/english_31;bizet;0;3.29609;
./datasets/80Archivos/english_34;bizet;0;3.29609;
./datasets/80Archivos/english_36;bizet;0;3.29609;
./datasets/80Archivos/english_39;bizet;0;3.29609;
./datasets/80Archivos/dna_00;song;0;3.93907;
./datasets/80Archivos/dna_02;song;0;3.93907;
./datasets/80Archivos/dna_05;song;0;3.93907;
./datasets/80Archivos/dna_08;song;0;3.93907;
./datasets/80Archivos/dna_12;song;0;3.93907;
./datasets/80Archivos/dna_16;song;0;3.93907;
./datasets/80Archivos/dna_18;song;0;3.93907;
./datasets/80Archivos/dna_20;song;0;3.93907;
./datasets/80Archivos/dna_22;song;0;3.93907;
./datasets/80Archivos/dna_23;song;0;3.93907;
./datasets/80Archivos/dna_24;song;0;3.93907;
./datasets/80Archivos/dna_26;song;0;3.93907;
./datasets/80Archivos/dna_28;song;0;3.93907;
./datasets/80Archivos/dna_29;song;0;3.93907;
./datasets/80Archivos/dna_31;song;0;3.93907;
./datasets/80Archivos/dna_34;song;0;3.93907;
./datasets/80Archivos/dna_36;song;0;3.93907;
./datasets/80Archivos/dna_37;song;0;3.93907;
./datasets/80Archivos/dna_38;song;0;3.93907;
./datasets/80Archivos/dna_39;song;0;3.93907;
./datasets/80Archivos/english_01;song;82;3.93907;
./datasets/80Archivos/english_03;song;63;3.93907;
./datasets/80Archivos/english_06;song;89;3.93907;
./datasets/80Archivos/english_08;song;24;3.93907;
./datasets/80Archivos/english_09;song;45;3.93907;
./datasets/80Archivos/english_12;song;34;3.93907;
./datasets/80Archivos/english_14;song;43;3.93907;
./datasets/80Archivos/english_18;song;99;3.93907;
./datasets/80Archivos/english_19;song;11;3.93907;
./datasets/80Archivos/english_20;song;53;3.93907;
./datasets/80Archivos/english_22;song;171;3.93907;
./datasets/80Archivos/english_23;song;58;3.93907;
./datasets/80Archivos/english_26;song;65;3.93907;
./datasets/80Archivos/english_27;song;68;3.93907;
./datasets/80Archivos/english_29;song;18;3.93907;
./datasets/80Archivos/english_30;song;220;3.93907;
./datasets/80Archivos/english_31;song;91;3.93907;
./datasets/80Archivos/english_34;song;79;3.93907;
./datasets/80Archivos/english_36;song;92;3.93907;
./datasets/80Archivos/english_39;song;170;3.93907;
./datasets/80Archivos/dna_00;dolichocephali;0;2.77216;
./datasets/80Archivos/dna_02;dolichocephali;0;2.77216;
./datasets/80Archivos/dna_05;dolichocephali;0;2.77216;
./datasets/80Archivos/dna_08;dolichocephali;0;2.77216;
./datasets/80Archivos/dna_12;dolichocephali;0;2.77216;
./datasets/80Archivos/dna_16;dolichocephali;0;2.77216;
./datasets/80Archivos/dna_18;dolichocephali;0;2.77216;
./datasets/80Archivos/dna_20;dolichocephali;0;2.77216;
./datasets/80Archivos/dna_22;dolichocephali;0;2.77216;
./datasets/80Archivos/dna_23;dolichocephali;0;2.77216;
./datasets/80Archivos/dna_24;dolichocephali;0;2.77216;
./datasets/80Archivos/dna_26;dolichocephali;0;2.77216;
./datasets/80Archivos/dna_28;dolichocephali;0;2.77216;
./datasets/80Archivos/dna_29;dolichocephali;0;2.77216;
./datasets/80Archivos/dna_31;dolichocephali;0;2.77216;
./datasets/80Archivos/dna_34;dolichocephali;0;2.77216;
./datasets/80Archivos/dna_36;dolichocephali;0;2.77216;
./datasets/80Archivos/dna_37;dolichocephali;0;2.77216;
./datasets/80Archivos/dna_38;dolichocephali;0;2.77216;
./datasets/80Archivos/dna_39;dolichocephali;0;2.77216;
./datasets/80Archivos/english_01;dolichocephali;0;2.77216;
./datasets/80Archivos/english_03;dolichocephali;0;2.77216;
./datasets/80Archivos/english_06;dolichocephali;0;2.77216;
./datasets/80Archivos/english_08;dolichocephali;0;2.77216;
./datasets/80Archivos/english_09;dolichocephali;0;2.77216;
./datasets/80Archivos/english_12;dolichocephali;0;2.77216;
./datasets/80Archivos/english_14;dolichocephali;0;2.77216;
./datasets/80Archivos/english_18;dolichocephali;4;2.77216;
./datasets/80Archivos/english_19;dolichocephali;0;2.77216;
./datasets/80Archivos/english_20;dolichocephali;0;2.77216;
./datasets/80Archivos/english_22;dolichocephali;0;2.77216;
./datasets/80Archivos/english_23;dolichocephali;23;2.77216;
./datasets/80Archivos/english_26;dolichocephali;0;2.77216;
./datasets/80Archivos/english_27;dolichocephali;0;2.77216;
./datasets/80Archivos/english_29;dolichocephali;0;2.77216;
./datasets/80Archivos/english_30;dolichocephali;0;2.77216;
./datasets/80Archivos/english_31;dolichocephali;0;2.77216;
./datasets/80Archivos/english_34;dolichocephali;0;2.77216;
./datasets/80Archivos/english_36;dolichocephali;0;2.77216;
./datasets/80Archivos/english_39;dolichocephali;0;2.77216;
./datasets/80Archivos/dna_00;platemaker;0;2.8108;
./datasets/80Archivos/dna_02;platemaker;0;2.8108;
./datasets/80Archivos/dna_05;platemaker;0;2.8108;
./datasets/80Archivos/dna_08;platemaker;0;2.8108;
./datasets/80Archivos/dna_12;platemaker;0;2.8108;
./datasets/80Archivos/dna_16;platemaker;0;2.8108;
./datasets/80Archivos/dna_18;platemaker;0;2.8108;
./datasets/80Archivos/dna_20;platemaker;0;2.8108;
./datasets/80Archivos/dna_22;platemaker;0;2.8108;
./datasets/80Archivos/dna_23;platemaker;0;2.8108;
./datasets/80Archivos/dna_24;platemaker;0;2.8108;
./datasets/80Archivos/dna_26;platemaker;0;2.8108;
./datasets/80Archivos/dna_28;platemaker;0;2.8108;
./datasets/80Archivos/dna_29;platemaker;0;2.8108;
./datasets/80Archivos/dna_31;platemaker;0;2.8108;
./datasets/80Archivos/dna_34;platemaker;0;2.8108;
./datasets/80Archivos/dna_36;platemaker;0;2.8108;
./datasets/80Archivos/dna_37;platemaker;0;2.8108;
./datasets/80Archivos/dna_38;platemaker;0;2.8108;
./datasets/80Archivos/dna_39;platemaker;0;2.8108;
./datasets/80Archivos/english_01;platemaker;0;2.8108;
./datasets/80Archivos/english_03;platemaker;0;2.8108;
./datasets/80Archivos/english_06;platemaker;0;2.8108;
./datasets/80Archivos/english_08;platemaker;0;2.8108;
./datasets/80Archivos/english_09;platemaker;0;2.8108;
./datasets/80Archivos/english_12;platemaker;0;2.8108;
./datasets/80Archivos/english_14;platemaker;0;2.8108;
./datasets/80Archivos/english_18;platemaker;0;2.8108;
./datasets/80Archivos/english_19;platemaker;0;2.8108;
./datasets/80Archivos/english_20;platemaker;0;2.8108;
./datasets/80Archivos/english_22;platemaker;0;2.8108;
./datasets/80Archivos/english_23;platemaker;0;2.8108;
./datasets/80Archivos/english_26;platemaker;0;2.8108;
./datasets/80Archivos/english_27;platemaker;0;2.8108;
./datasets/80Archivos/english_29;platemaker;0;2.8108;
./datasets/80Archivos/english_30;platemaker;0;2.8108;
./datasets/80Archivos/english_31;platemaker;0;2.8108;
./datasets/80Archivos/english_34;platemaker;0;2.8108;
./datasets/80Archivos/english_36;platemaker;0;2.8108;
./datasets/80Archivos/english_39;platemaker;0;2.8108;
./datasets/80Archivos/dna_00;vesicupapular;0;2.88424;
./datasets/80Archivos/dna_02;vesicupapular;0;2.88424;
./datasets/80Archivos/dna_05;vesicupapular;0;2.88424;
./datasets/80Archivos/dna_08;vesicupapular;0;2.88424;
./datasets/80Archivos/dna_12;vesicupapular;0;2.88424;
./datasets/80Archivos/dna_16;vesicupapular;0;2.88424;
./datasets/80Archivos/dna_18;vesicupapular;0;2.88424;
./datasets/80Archivos/dna_20;vesicupapular;0;2.88424;
./datasets/80Archivos/dna_22;vesicupapular;0;2.88424;
./datasets/80Archivos/dna_23;vesicupapular;0;2.88424;
./datasets/80Archivos/dna_24;vesicupapular;0;2.88424;
./datasets/80Archivos/dna_26;vesicupapular;0;2.88424;
./datasets/80Archivos/dna_28;vesicupapular;0;2.88424;
./datasets/80Archivos/dna_29;vesicupapular;0;2.88424;
./datasets/80Archivos/dna_31;vesicupapular;0;2.88424;
./datasets/80Archivos/dna_34;vesicupapular;0;2.88424;
./datasets/80Archivos/dna_36;vesicupapular;0;2.88424;
./datasets/80Archivos/dna_37;vesicupapular;0;2.88424;
./datasets/80Archivos/dna_38;vesicupapular;0;2.88424;
./datasets/80Archivos/dna_39;vesicupapular;0;2.88424;
./datasets/80Archivos/english_01;vesicupapular;0;2.88424;
./datasets/80Archivos/english_03;vesicupapular;0;2.88424;
./datasets/80Archivos/english_06;vesicupapular;0;2.88424;
./datasets/80Archivos/english_08;vesicupapular;0;2.88424;
./datasets/80Archivos/english_09;vesicupapular;0;2.88424;
./datasets/80Archivos/english_12;vesicupapular;0;2.88424;
./datasets/80Archivos/english_14;vesicupapular;0;2.88424;
./datasets/80Archivos/english_18;vesicupapular;0;2.88424;
./datasets/80Archivos/english_19;vesicupapular;0;2.88424;
./datasets/80Archivos/english_20;vesicupapular;0;2.88424;
./datasets/80Archivos/english_22;vesicupapular;0;2.88424;
./datasets/80Archivos/english_23;vesicupapular;0;2.88424;
./datasets/80Archivos/english_26;vesicupapular;0;2.88424;
./datasets/80Archivos/english_27;vesicupapular;0;2.88424;
./datasets/80Archivos/english_29;vesicupapular;0;2.88424;
./datasets/80Archivos/english_30;vesicupapular;0;2.88424;
./datasets/80Archivos/english_31;vesicupapular;0;2.88424;
./datasets/80Archivos/english_34;vesicupapular;0;2.88424;
./datasets/80Archivos/english_36;vesicupapular;0;2.88424;
./datasets/80Archivos/english_39;vesicupapular;0;2.88424;
./datasets/80Archivos/dna_00;electroforming;0;2.62025;
./datasets/80Archivos/dna_02;electroforming;0;2.62025;
./datasets/80Archivos/dna_05;electroforming;0;2.62025;
./datasets/80Archivos/dna_08;electroforming;0;2.62025;
./datasets/80Archivos/dna_12;electroforming;0;2.62025;
./datasets/80Archivos/dna_16;electroforming;0;2.62025;
./datasets/80Archivos/dna_18;electroforming;0;2.62025;
./datasets/80Archivos/dna_20;electroforming;0;2.62025;
./datasets/80Archivos/dna_22;electroforming;0;2.62025;
./datasets/80Archivos/dna_23;electroforming;0;2.62025;
./datasets/80Archivos/dna_24;electroforming;0;2.62025;
./datasets/80Archivos/dna_26;electroforming;0;2.62025;
./datasets/80Archivos/dna_28;electroforming;0;2.62025;
./datasets/80Archivos/dna_29;electroforming;0;2.62025;
./datasets/80Archivos/dna_31;electroforming;0;2.62025;
./datasets/80Archivos/dna_34;electroforming;0;2.62025;
./datasets/80Archivos/dna_36;electroforming;0;2.62025;
./datasets/80Archivos/dna_37;electroforming;0;2.62025;
./datasets/80Archivos/dna_38;electroforming;0;2.62025;
./datasets/80Archivos/dna_39;electroforming;0;2.62025;
./datasets/80Archivos/english_01;electroforming;0;2.62025;
./datasets/80Archivos/english_03;electroforming;0;2.62025;
./datasets/80Archivos/english_06;electroforming;0;2.62025;
./datasets/80Archivos/english_08;electroforming;0;2.62025;
./datasets/80Archivos/english_09;electroforming;0;2.62025;
./datasets/80Archivos/english_12;electroforming;0;2.62025;
./datasets/80Archivos/english_14;electroforming;0;2.62025;
./datasets/80Archivos/english_18;electroforming;0;2.62025;
./datasets/80Archivos/english_19;electroforming;0;2.62025;
./datasets/80Archivos/english_20;electroforming;0;2.62025;
./datasets/80Archivos/english_22;electroforming;0;2.62025;
./datasets/80Archivos/english_23;electroforming;0;2.62025;
./datasets/80Archivos/english_26;electroforming;0;2.62025;
./datasets/80Archivos/english_27;electroforming;0;2.62025;
./datasets/80Archivos/english_29;electroforming;0;2.62025;
./datasets/80Archivos/english_30;electroforming;0;2.62025;
./datasets/80Archivos/english_31;electroforming;0;2.62025;
./datasets/80Archivos/english_34;electroforming;0;2.62025;
./datasets/80Archivos/english_36;electroforming;0;2.62025;
./datasets/80Archivos/english_39;electroforming;0;2.62025;
./datasets/80Archivos/dna_00;dilatingly;0;2.79923;
./datasets/80Archivos/dna_02;dilatingly;0;2.79923;
./datasets/80Archivos/dna_05;dilatingly;0;2.79923;
./datasets/80Archivos/dna_08;dilatingly;0;2.79923;
./datasets/80Archivos/dna_12;dilatingly;0;2.79923;
./datasets/80Archivos/dna_16;dilatingly;0;2.79923;
./datasets/80Archivos/dna_18;dilatingly;0;2.79923;
./datasets/80Archivos/dna_20;dilatingly;0;2.79923;
./datasets/80Archivos/dna_22;dilatingly;0;2.79923;
./datasets/80Archivos/dna_23;dilatingly;0;2.79923;
./datasets/80Archivos/dna_24;dilatingly;0;2.79923;
./datasets/80Archivos/dna_26;dilatingly;0;2.79923;
./datasets/80Archivos/dna_28;dilatingly;0;2.79923;
./datasets/80Archivos/dna_29;dilatingly;0;2.79923;
./datasets/80Archivos/dna_31;dilatingly;0;2.79923;
./datasets/80Archivos/dna_34;dilatingly;0;2.79923;
./datasets/80Archivos/dna_36;dilatingly;0;2.79923;
./datasets/80Archivos/dna_37;dilatingly;0;2.79923;
./datasets/80Archivos/dna_38;dilatingly;0;2.79923;
./datasets/80Archivos/dna_39;dilatingly;0;2.79923;
./datasets/80Archivos/english_01;dilatingly;0;2.79923;
./datasets/80Archivos/english_03;dilatingly;0;2.79923;
./datasets/80Archivos/english_06;dilatingly;0;2.79923;
./datasets/80Archivos/english_08;dilatingly;0;2.79923;
./datasets/80Archivos/english_09;dilatingly;0;2.79923;
./datasets/80Archivos/english_12;dilatingly;0;2.79923;
./datasets/80Archivos/english_14;dilatingly;0;2.79923;
./datasets/80Archivos/english_18;dilatingly;0;2.79923;
./datasets/80Archivos/english_19;dilatingly;0;2.79923;
./datasets/80Archivos/english_20;dilatingly;0;2.79923;
./datasets/80Archivos/english_22;dilatingly;0;2.79923;
./datasets/80Archivos/english_23;dilatingly;0;2.79923;
./datasets/80Archivos/english_26;dilatingly;0;2.79923;
./datasets/80Archivos/english_27;dilatingly;0;2.79923;
./datasets/80Archivos/english_29;dilatingly;0;2.79923;
./datasets/80Archivos/english_30;dilatingly;0;2.79923;
./datasets/80Archivos/english_31;dilatingly;0;2.79923;
./datasets/80Archivos/english_34;dilatingly;0;2.79923;
./datasets/80Archivos/english_36;dilatingly;0;2.79923;
./datasets/80Archivos/english_39;dilatingly;0;2.79923;
./datasets/80Archivos/dna_00;meethelp;0;2.88452;
./datasets/80Archivos/dna_02;meethelp;0;2.88452;
./datasets/80Archivos/dna_05;meethelp;0;2.88452;
./datasets/80Archivos/dna_08;meethelp;0;2.88452;
./datasets/80Archivos/dna_12;meethelp;0;2.88452;
./datasets/80Archivos/dna_16;meethelp;0;2.88452;
./datasets/80Archivos/dna_18;meethelp;0;2.88452;
./datasets/80Archivos/dna_20;meethelp;0;2.88452;
./datasets/80Archivos/dna_22;meethelp;0;2.88452;
./datasets/80Archivos/dna_23;meethelp;0;2.88452;
./datasets/80Archivos/dna_24;meethelp;0;2.88452;
./datasets/80Archivos/dna_26;meethelp;0;2.88452;
./datasets/80Archivos/dna_28;meethelp;0;2.88452;
./datasets/80Archivos/dna_29;meethelp;0;2.88452;
./datasets/80Archivos/dna_31;meethelp;0;2.88452;
./datasets/80Archivos/dna_34;meethelp;0;2.88452;
./datasets/80Archivos/dna_36;meethelp;0;2.88452;
./datasets/80Archivos/dna_37;meethelp;0;2.88452;
./datasets/80Archivos/dna_38;meethelp;0;2.88452;
./datasets/80Archivos/dna_39;meethelp;0;2.88452;
./datasets/80Archivos/english_01;meethelp;0;2.88452;
./datasets/80Archivos/english_03;meethelp;0;2.88452;
./datasets/80Archivos/english_06;meethelp;0;2.88452;
./datasets/80Archivos/english_08;meethelp;0;2.88452;
./datasets/80Archivos/english_09;meethelp;0;2.88452;
./datasets/80Archivos/english_12;meethelp;0;2.88452;
./datasets/80Archivos/english_14;meethelp;0;2.88452;
./datasets/80Archivos/english_18;meethelp;0;2.88452;
./datasets/80Archivos/english_19;meethelp;0;2.88452;
./datasets/80Archivos/english_20;meethelp;0;2.88452;
./datasets/80Archivos/english_22;meethelp;0;2.88452;
./datasets/80Archivos/english_23;meethelp;0;2.88452;
./datasets/80Archivos/english_26;meethelp;0;2.88452;
./datasets/80Archivos/english_27;meethelp;0;2.88452;
./datasets/80Archivos/english_29;meethelp;0;2.88452;
./datasets/80Archivos/english_30;meethelp;0;2.88452;
./datasets/80Archivos/english_31;meethelp;0;2.88452;
./datasets/80Archivos/english_34;meethelp;0;2.88452;
./datasets/80Archivos/english_36;meethelp;0;2.88452;
./datasets/80Archivos/english_39;meethelp;0;2.88452;
./datasets/80Archivos/dna_00;loincloth;0;2.85426;
./datasets/80Archivos/dna_02;loincloth;0;2.85426;
./datasets/80Archivos/dna_05;loincloth;0;2.85426;
./datasets/80Archivos/dna_08;loincloth;0;2.85426;
./datasets/80Archivos/dna_12;loincloth;0;2.85426;
./datasets/80Archivos/dna_16;loincloth;0;2.85426;
./datasets/80Archivos/dna_18;loincloth;0;2.85426;
./datasets/80Archivos/dna_20;loincloth;0;2.85426;
./datasets/80Archivos/dna_22;loincloth;0;2.85426;
./datasets/80Archivos/dna_23;loincloth;0;2.85426;
./datasets/80Archivos/dna_24;loincloth;0;2.85426;
./datasets/80Archivos/dna_26;loincloth;0;2.85426;
./datasets/80Archivos/dna_28;loincloth;0;2.85426;
./datasets/80Archivos/dna_29;loincloth;0;2.85426;
./datasets/80Archivos/dna_31;loincloth;0;2.85426;
./datasets/80Archivos/dna_34;loincloth;0;2.85426;
./datasets/80Archivos/dna_36;loincloth;0;2.85426;
./datasets/80Archivos/dna_37;loincloth;0;2.85426;
./datasets/80Archivos/dna_38;loincloth;0;2.85426;
./datasets/80Archivos/dna_39;loincloth;0;2.85426;
./datasets/80Archivos/english_01;loincloth;0;2.85426;
./datasets/80Archivos/english_03;loincloth;0;2.85426;
./datasets/80Archivos/english_06;loincloth;0;2.85426;
./datasets/80Archivos/english_08;loincloth;0;2.85426;
./datasets/80Archivos/english_09;loincloth;0;2.85426;
./datasets/80Archivos/english_12;loincloth;0;2.85426;
./datasets/80Archivos/english_14;loincloth;0;2.85426;
./datasets/80Archivos/english_18;loincloth;0;2.85426;
./datasets/80Archivos/english_19;loincloth;0;2.85426;
./datasets/80Archivos/english_20;loincloth;0;2.85426;
./datasets/80Archivos/english_22;loincloth;0;2.85426;
./datasets/80Archivos/english_23;loincloth;1;2.85426;
./datasets/80Archivos/english_26;loincloth;0;2.85426;
./datasets/80Archivos/english_27;loincloth;0;2.85426;
./datasets/80Archivos/english_29;loincloth;0;2.85426;
./datasets/80Archivos/english_30;loincloth;0;2.85426;
./datasets/80Archivos/english_31;loincloth;0;2.85426;
./datasets/80Archivos/english_34;loincloth;0;2.85426;
./datasets/80Archivos/english_36;loincloth;0;2.85426;
./datasets/80Archivos/english_39;loincloth;0;2.85426;
./datasets/80Archivos/dna_00;avowably;0;2.93045;
./datasets/80Archivos/dna_02;avowably;0;2.93045;
./datasets/80Archivos/dna_05;avowably;0;2.93045;
./datasets/80Archivos/dna_08;avowably;0;2.93045;
./datasets/80Archivos/dna_12;avowably;0;2.93045;
./datasets/80Archivos/dna_16;avowably;0;2.93045;
./datasets/80Archivos/dna_18;avowably;0;2.93045;
./datasets/80Archivos/dna_20;avowably;0;2.93045;
./datasets/80Archivos/dna_22;avowably;0;2.93045;
./datasets/80Archivos/dna_23;avowably;0;2.93045;
./datasets/80Archivos/dna_24;avowably;0;2.93045;
./datasets/80Archivos/dna_26;avowably;0;2.93045;
./datasets/80Archivos/dna_28;avowably;0;2.93045;
./datasets/80Archivos/dna_29;avowably;0;2.93045;
./datasets/80Archivos/dna_31;avowably;0;2.93045;
./datasets/80Archivos/dna_34;avowably;0;2.93045;
./datasets/80Archivos/dna_36;avowably;0;2.93045;
./datasets/80Archivos/dna_37;avowably;0;2.93045;
./datasets/80Archivos/dna_38;avowably;0;2.93045;
./datasets/80Archivos/dna_39;avowably;0;2.93045;
./datasets/80Archivos/english_01;avowably;0;2.93045;
./datasets/80Archivos/english_03;avowably;0;2.93045;
./datasets/80Archivos/english_06;avowably;0;2.93045;
./datasets/80Archivos/english_08;avowably;0;2.93045;
./datasets/80Archivos/english_09;avowably;0;2.93045;
./datasets/80Archivos/english_12;avowably;0;2.93045;
./datasets/80Archivos/english_14;avowably;0;2.93045;
./datasets/80Archivos/english_18;avowably;0;2.93045;
./datasets/80Archivos/english_19;avowably;0;2.93045;
./datasets/80Archivos/english_20;avowably;0;2.93045;
./datasets/80Archivos/english_22;avowably;0;2.93045;
./datasets/80Archivos/english_23;avowably;0;2.93045;
./datasets/80Archivos/english_26;avowably;0;2.93045;
./datasets/80Archivos/english_27;avowably;0;2.93045;
./datasets/80Archivos/english_29;avowably;0;2.93045;
./datasets/80Archivos/english_30;avowably;0;2.93045;
./datasets/80Archivos/english_31;avowably;0;2.93045;
./datasets/80Archivos/english_34;avowably;0;2.93045;
./datasets/80Archivos/english_36;avowably;0;2.93045;
./datasets/80Archivos/english_39;avowably;0;2.93045;
./datasets/80Archivos/dna_00;counterindicate;0;2.66513;
./datasets/80Archivos/dna_02;counterindicate;0;2.66513;
./datasets/80Archivos/dna_05;counterindicate;0;2.66513;
./datasets/80Archivos/dna_08;counterindicate;0;2.66513;
./datasets/80Archivos/dna_12;counterindicate;0;2.66513;
./datasets/80Archivos/dna_16;counterindicate;0;2.66513;
./datasets/80Archivos/dna_18;counterindicate;0;2.66513;
./datasets/80Archivos/dna_20;counterindicate;0;2.66513;
./datasets/80Archivos/dna_22;counterindicate;0;2.66513;
./datasets/80Archivos/dna_23;counterindicate;0;2.66513;
./datasets/80Archivos/dna_24;counterindicate;0;2.66513;
./datasets/80Archivos/dna_26;counterindicate;0;2.66513;
./datasets/80Archivos/dna_28;counterindicate;0;2.66513;
./datasets/80Archivos/dna_29;counterindicate;0;2.66513;
./datasets/80Archivos/dna_31;counterindicate;0;2.66513;
./datasets/80Archivos/dna_34;counterindicate;0;2.66513;
./datasets/80Archivos/dna_36;counterindicate;0;2.66513;
./datasets/80Archivos/dna_37;counterindicate;0;2.66513;
./datasets/80Archivos/dna_38;counterindicate;0;2.66513;
./datasets/80Archivos/dna_39;counterindicate;0;2.66513;
./datasets/80Archivos/english_01;counterindicate;0;2.66513;
./datasets/80Archivos/english_03;counterindicate;0;2.66513;
./datasets/80Archivos/english_06;counterindicate;0;2.66513;
./datasets/80Archivos/english_08;counterindicate;0;2.66513;
./datasets/80Archivos/english_09;counterindicate;0;2.66513;
./datasets/80Archivos/english_12;counterindicate;0;2.66513;
./datasets/80Archivos/english_14;counterindicate;0;2.66513;
./datasets/80Archivos/english_18;counterindicate;0;2.66513;
./datasets/80Archivos/english_19;counterindicate;0;2.66513;
./datasets/80Archivos/english_20;counterindicate;0;2.66513;
./datasets/80Archivos/english_22;counterindicate;0;2.66513;
./datasets/80Archivos/english_23;counterindicate;0;2.66513;
./datasets/80Archivos/english_26;counterindicate;0;2.66513;
./datasets/80Archivos/english_27;counterindicate;0;2.66513;
./datasets/80Archivos/english_29;counterindicate;0;2.66513;
./datasets/80Archivos/english_30;counterindicate;0;2.66513;
./datasets/80Archivos/english_31;counterindicate;0;2.66513;
./datasets/80Archivos/english_34;counterindicate;0;2.66513;
./datasets/80Archivos/english_36;counterindicate;0;2.66513;
./datasets/80Archivos/english_39;counterindicate;0;2.66513;
./datasets/80Archivos/dna_00;treacliness;0;2.7497;
./datasets/80Archivos/dna_02;treacliness;0;2.7497;
./datasets/80Archivos/dna_05;treacliness;0;2.7497;
./datasets/80Archivos/dna_08;treacliness;0;2.7497;
./datasets/80Archivos/dna_12;treacliness;0;2.7497;
./datasets/80Archivos/dna_16;treacliness;0;2.7497;
./datasets/80Archivos/dna_18;treacliness;0;2.7497;
./datasets/80Archivos/dna_20;treacliness;0;2.7497;
./datasets/80Archivos/dna_22;treacliness;0;2.7497;
./datasets/80Archivos/dna_23;treacliness;0;2.7497;
./datasets/80Archivos/dna_24;treacliness;0;2.7497;
./datasets/80Archivos/dna_26;treacliness;0;2.7497;
./datasets/80Archivos/dna_28;treacliness;0;2.7497;
./datasets/80Archivos/dna_29;treacliness;0;2.7497;
./datasets/80Archivos/dna_31;treacliness;0;2.7497;
./datasets/80Archivos/dna_34;treacliness;0;2.7497;
./datasets/80Archivos/dna_36;treacliness;0;2.7497;
./datasets/80Archivos/dna_37;treacliness;0;2.7497;
./datasets/80Archivos/dna_38;treacliness;0;2.7497;
./datasets/80Archivos/dna_39;treacliness;0;2.7497;
./datasets/80Archivos/english_01;treacliness;0;2.7497;
./datasets/80Archivos/english_03;treacliness;0;2.7497;
./datasets/80Archivos/english_06;treacliness;0;2.7497;
./datasets/80Archivos/english_08;treacliness;0;2.7497;
./datasets/80Archivos/english_09;treacliness;0;2.7497;
./datasets/80Archivos/english_12;treacliness;0;2.7497;
./datasets/80Archivos/english_14;treacliness;0;2.7497;
./datasets/80Archivos/english_18;treacliness;0;2.7497;
./datasets/80Archivos/english_19;treacliness;0;2.7497;
./datasets/80Archivos/english_20;treacliness;0;2.7497;
./datasets/80Archivos/english_22;treacliness;0;2.7497;
./datasets/80Archivos/english_23;treacliness;0;2.7497;
./datasets/80Archivos/english_26;treacliness;0;2.7497;
./datasets/80Archivos/english_27;treacliness;0;2.7497;
./datasets/80Archivos/english_29;treacliness;0;2.7497;
./datasets/80Archivos/english_30;treacliness;0;2.7497;
./datasets/80Archivos/english_31;treacliness;0;2.7497;
./datasets/80Archivos/english_34;treacliness;0;2.7497;
./datasets/80Archivos/english_36;treacliness;0;2.7497;
./datasets/80Archivos/english_39;treacliness;0;2.7497;
./datasets/80Archivos/dna_00;Epigonus;0;2.89;
./datasets/80Archivos/dna_02;Epigonus;0;2.89;
./datasets/80Archivos/dna_05;Epigonus;0;2.89;
./datasets/80Archivos/dna_08;Epigonus;0;2.89;
./datasets/80Archivos/dna_12;Epigonus;0;2.89;
./datasets/80Archivos/dna_16;Epigonus;0;2.89;
./datasets/80Archivos/dna_18;Epigonus;0;2.89;
./datasets/80Archivos/dna_20;Epigonus;0;2.89;
./datasets/80Archivos/dna_22;Epigonus;0;2.89;
./datasets/80Archivos/dna_23;Epigonus;0;2.89;
./datasets/80Archivos/dna_24;Epigonus;0;2.89;
./datasets/80Archivos/dna_26;Epigonus;0;2.89;
./datasets/80Archivos/dna_28;Epigonus;0;2.89;
./datasets/80Archivos/dna_29;Epigonus;0;2.89;
./datasets/80Archivos/dna_31;Epigonus;0;2.89;
./datasets/80Archivos/dna_34;Epigonus;0;2.89;
./datasets/80Archivos/dna_36;Epigonus;0;2.89;
./datasets/80Archivos/dna_37;Epigonus;0;2.89;
./datasets/80Archivos/dna_38;Epigonus;0;2.89;
./datasets/80Archivos/dna_39;Epigonus;0;2.89;
./datasets/80Archivos/english_01;Epigonus;0;2.89;
./datasets/80Archivos/english_03;Epigonus;0;2.89;
./datasets/80Archivos/english_06;Epigonus;0;2.89;
./datasets/80Archivos/english_08;Epigonus;0;2.89;
./datasets/80Archivos/english_09;Epigonus;0;2.89;
./datasets/80Archivos/english_12;Epigonus;0;2.89;
./datasets/80Archivos/english_14;Epigonus;0;2.89;
./datasets/80Archivos/english_18;Epigonus;0;2.89;
./datasets/80Archivos/english_19;Epigonus;0;2.89;
./datasets/80Archivos/english_20;Epigonus;0;2.89;
./datasets/80Archivos/english_22;Epigonus;0;2.89;
./datasets/80Archivos/english_23;Epigonus;0;2.89;
./datasets/80Archivos/english_26;Epigonus;0;2.89;
./datasets/80Archivos/english_27;Epigonus;0;2.89;
./datasets/80Archivos/english_29;Epigonus;0;2.89;
./datasets/80Archivos/english_30;Epigonus;0;2.89;
./datasets/80Archivos/english_31;Epigonus;0;2.89;
./datasets/80Archivos/english_34;Epigonus;0;2.89;
./datasets/80Archivos/english_36;Epigonus;0;2.89;
./datasets/80Archivos/english_39;Epigonus;0;2.89;
./datasets/80Archivos/dna_00;airmark;0;2.9658;
./datasets/80Archivos/dna_02;airmark;0;2.9658;
./datasets/80Archivos/dna_05;airmark;0;2.9658;
./datasets/80Archivos/dna_08;airmark;0;2.9658;
./datasets/80Archivos/dna_12;airmark;0;2.9658;
./datasets/80Archivos/dna_16;airmark;0;2.9658;
./datasets/80Archivos/dna_18;airmark;0;2.9658;
./datasets/80Archivos/dna_20;airmark;0;2.9658;
./datasets/80Archivos/dna_22;airmark;0;2.9658;
./datasets/80Archivos/dna_23;airmark;0;2.9658;
./datasets/80Archivos/dna_24;airmark;0;2.9658;
./datasets/80Archivos/dna_26;airmark;0;2.9658;
./datasets/80Archivos/dna_28;airmark;0;2.9658;
./datasets/80Archivos/dna_29;airmark;0;2.9658;
./datasets/80Archivos/dna_31;airmark;0;2.9658;
./datasets/80Archivos/dna_34;airmark;0;2.9658;
./datasets/80Archivos/dna_36;airmark;0;2.9658;
./datasets/80Archivos/dna_37;airmark;0;2.9658;
./datasets/80Archivos/dna_38;airmark;0;2.9658;
./datasets/80Archivos/dna_39;airmark;0;2.9658;
./datasets/80Archivos/english_01;airmark;0;2.9658;
./datasets/80Archivos/english_03;airmark;0;2.9658;
./datasets/80Archivos/english_06;airmark;0;2.9658;
./datasets/80Archivos/english_08;airmark;0;2.9658;
./datasets/80Archivos/english_09;airmark;0;2.9658;
./datasets/80Archivos/english_12;airmark;0;2.9658;
./datasets/80Archivos/english_14;airmark;0;2.9658;
./datasets/80Archivos/english_18;airmark;0;2.9658;
./datasets/80Archivos/english_19;airmark;0;2.9658;
./datasets/80Archivos/english_20;airmark;0;2.9658;
./datasets/80Archivos/english_22;airmark;0;2.9658;
./datasets/80Archivos/english_23;airmark;0;2.9658;
./datasets/80Archivos/english_26;airmark;0;2.9658;
./datasets/80Archivos/english_27;airmark;0;2.9658;
./datasets/80Archivos/english_29;airmark;0;2.9658;
./datasets/80Archivos/english_30;airmark;0;2.9658;
./datasets/80Archivos/english_31;airmark;0;2.9658;
./datasets/80Archivos/english_34;airmark;0;2.9658;
./datasets/80Archivos/english_36;airmark;0;2.9658;
./datasets/80Archivos/english_39;airmark;0;2.9658;
./datasets/80Archivos/dna_00;polarography;0;2.78461;
./datasets/80Archivos/dna_02;polarography;0;2.78461;
./datasets/80Archivos/dna_05;polarography;0;2.78461;
./datasets/80Archivos/dna_08;polarography;0;2.78461;
./datasets/80Archivos/dna_12;polarography;0;2.78461;
./datasets/80Archivos/dna_16;polarography;0;2.78461;
./datasets/80Archivos/dna_18;polarography;0;2.78461;
./datasets/80Archivos/dna_20;polarography;0;2.78461;
./datasets/80Archivos/dna_22;polarography;0;2.78461;
./datasets/80Archivos/dna_23;polarography;0;2.78461;
./datasets/80Archivos/dna_24;polarography;0;2.78461;
./datasets/80Archivos/dna_26;polarography;0;2.78461;
./datasets/80Archivos/dna_28;polarography;0;2.78461;
./datasets/80Archivos/dna_29;polarography;0;2.78461;
./datasets/80Archivos/dna_31;polarography;0;2.78461;
./datasets/80Archivos/dna_34;polarography;0;2.78461;
./datasets/80Archivos/dna_36;polarography;0;2.78461;
./datasets/80Archivos/dna_37;polarography;0;2.78461;
./datasets/80Archivos/dna_38;polarography;0;2.78461;
./datasets/80Archivos/dna_39;polarography;0;2.78461;
./datasets/80Archivos/english_01;polarography;0;2.78461;
./datasets/80Archivos/english_03;polarography;0;2.78461;
./datasets/80Archivos/english_06;polarography;0;2.78461;
./datasets/80Archivos/english_08;polarography;0;2.78461;
./datasets/80Archivos/english_09;polarography;0;2.78461;
./datasets/80Archivos/english_12;polarography;0;2.78461;
./datasets/80Archivos/english_14;polarography;0;2.78461;
./datasets/80Archivos/english_18;polarography;0;2.78461;
./datasets/80Archivos/english_19;polarography;0;2.78461;
./datasets/80Archivos/english_20;polarography;0;2.78461;
./datasets/80Archivos/english_22;polarography;0;2.78461;
./datasets/80Archivos/english_23;polarography;0;2.78461;
./datasets/80Archivos/english_26;polarography;0;2.78461;
./datasets/80Archivos/english_27;polarography;0;2.78461;
./datasets/80Archivos/english_29;polarography;0;2.78461;
./datasets/80Archivos/english_30;polarography;0;2.78461;
./datasets/80Archivos/english_31;polarography;0;2.78461;
./datasets/80Archivos/english_34;polarography;0;2.78461;
./datasets/80Archivos/english_36;polarography;0;2.78461;
./datasets/80Archivos/english_39;polarography;0;2.78461;
./datasets/80Archivos/dna_00;precomposition;0;2.76605;
./datasets/80Archivos/dna_02;precomposition;0;2.76605;
./datasets/80Archivos/dna_05;precomposition;0;2.76605;
./datasets/80Archivos/dna_08;precomposition;0;2.76605;
./datasets/80Archivos/dna_12;precomposition;0;2.76605;
./datasets/80Archivos/dna_16;precomposition;0;2.76605;
./datasets/80Archivos/dna_18;precomposition;0;2.76605;
./datasets/80Archivos/dna_20;precomposition;0;2.76605;
./datasets/80Archivos/dna_22;precomposition;0;2.76605;
./datasets/80Archivos/dna_23;precomposition;0;2.76605;
./datasets/80Archivos/dna_24;precomposition;0;2.76605;
./datasets/80Archivos/dna_26;precomposition;0;2.76605;
./datasets/80Archivos/dna_28;precomposition;0;2.76605;
./datasets/80Archivos/dna_29;precomposition;0;2.76605;
./datasets/80Archivos/dna_31;precomposition;0;2.76605;
./datasets/80Archivos/dna_34;precomposition;0;2.76605;
./datasets/80Archivos/dna_36;precomposition;0;2.76605;
./datasets/80Archivos/dna_37;precomposition;0;2.76605;
./datasets/80Archivos/dna_38;precomposition;0;2.76605;
./datasets/80Archivos/dna_39;precomposition;0;2.76605;
./datasets/80Archivos/english_01;precomposition;0;2.76605;
./datasets/80Archivos/english_03;precomposition;0;2.76605;
./datasets/80Archivos/english_06;precomposition;0;2.76605;
./datasets/80Archivos/english_08;precomposition;0;2.76605;
./datasets/80Archivos/english_09;precomposition;0;2.76605;
./datasets/80Archivos/english_12;precomposition;0;2.76605;
./datasets/80Archivos/english_14;precomposition;0;2.76605;
./datasets/80Archivos/english_18;precomposition;0;2.76605;
./datasets/80Archivos/english_19;precomposition;0;2.76605;
./datasets/80Archivos/english_20;precomposition;0;2.76605;
./datasets/80Archivos/english_22;precomposition;0;2.76605;
./datasets/80Archivos/english_23;precomposition;0;2.76605;
./datasets/80Archivos/english_26;precomposition;0;2.76605;
./datasets/80Archivos/english_27;precomposition;0;2.76605;
./datasets/80Archivos/english_29;precomposition;0;2.76605;
./datasets/80Archivos/english_30;precomposition;0;2.76605;
./datasets/80Archivos/english_31;precomposition;0;2.76605;
./datasets/80Archivos/english_34;precomposition;0;2.76605;
./datasets/80Archivos/english_36;precomposition;0;2.76605;
./datasets/80Archivos/english_39;precomposition;0;2.76605;
./datasets/80Archivos/dna_00;lemography;0;2.78145;
./datasets/80Archivos/dna_02;lemography;0;2.78145;
./datasets/80Archivos/dna_05;lemography;0;2.78145;
./datasets/80Archivos/dna_08;lemography;0;2.78145;
./datasets/80Archivos/dna_12;lemography;0;2.78145;
./datasets/80Archivos/dna_16;lemography;0;2.78145;
./datasets/80Archivos/dna_18;lemography;0;2.78145;
./datasets/80Archivos/dna_20;lemography;0;2.78145;
./datasets/80Archivos/dna_22;lemography;0;2.78145;
./datasets/80Archivos/dna_23;lemography;0;2.78145;
./datasets/80Archivos/dna_24;lemography;0;2.78145;
./datasets/80Archivos/dna_26;lemography;0;2.78145;
./datasets/80Archivos/dna_28;lemography;0;2.78145;
./datasets/80Archivos/dna_29;lemography;0;2.78145;
./datasets/80Archivos/dna_31;lemography;0;2.78145;
./datasets/80Archivos/dna_34;lemography;0;2.78145;
./datasets/80Archivos/dna_36;lemography;0;2.78145;
./datasets/80Archivos/dna_37;lemography;0;2.78145;
./datasets/80Archivos/dna_38;lemography;0;2.78145;
./datasets/80Archivos/dna_39;lemography;0;2.78145;
./datasets/80Archivos/english_01;lemography;0;2.78145;
./datasets/80Archivos/english_03;lemography;0;2.78145;
./datasets/80Archivos/english_06;lemography;0;2.78145;
./datasets/80Archivos/english_08;lemography;0;2.78145;
./datasets/80Archivos/english_09;lemography;0;2.78145;
./datasets/80Archivos/english_12;lemography;0;2.78145;
./datasets/80Archivos/english_14;lemography;0;2.78145;
./datasets/80Archivos/english_18;lemography;0;2.78145;
./datasets/80Archivos/english_19;lemography;0;2.78145;
./datasets/80Archivos/english_20;lemography;0;2.78145;
./datasets/80Archivos/english_22;lemography;0;2.78145;
./datasets/80Archivos/english_23;lemography;0;2.78145;
./datasets/80Archivos/english_26;lemography;0;2.78145;
./datasets/80Archivos/english_27;lemography;0;2.78145;
./datasets/80Archivos/english_29;lemography;0;2.78145;
./datasets/80Archivos/english_30;lemography;0;2.78145;
./datasets/80Archivos/english_31;lemography;0;2.78145;
./datasets/80Archivos/english_34;lemography;0;2.78145;
./datasets/80Archivos/english_36;lemography;0;2.78145;
./datasets/80Archivos/english_39;lemography;0;2.78145;
./datasets/80Archivos/dna_00;Apinage;0;3.01511;
./datasets/80Archivos/dna_02;Apinage;0;3.01511;
./datasets/80Archivos/dna_05;Apinage;0;3.01511;
./datasets/80Archivos/dna_08;Apinage;0;3.01511;
./datasets/80Archivos/dna_12;Apinage;0;3.01511;
./datasets/80Archivos/dna_16;Apinage;0;3.01511;
./datasets/80Archivos/dna_18;Apinage;0;3.01511;
./datasets/80Archivos/dna_20;Apinage;0;3.01511;
./datasets/80Archivos/dna_22;Apinage;0;3.01511;
./datasets/80Archivos/dna_23;Apinage;0;3.01511;
./datasets/80Archivos/dna_24;Apinage;0;3.01511;
./datasets/80Archivos/dna_26;Apinage;0;3.01511;
./datasets/80Archivos/dna_28;Apinage;0;3.01511;
./datasets/80Archivos/dna_29;Apinage;0;3.01511;
./datasets/80Archivos/dna_31;Apinage;0;3.01511;
./datasets/80Archivos/dna_34;Apinage;0;3.01511;
./datasets/80Archivos/dna_36;Apinage;0;3.01511;
./datasets/80Archivos/dna_37;Apinage;0;3.01511;
./datasets/80Archivos/dna_38;Apinage;0;3.01511;
./datasets/80Archivos/dna_39;Apinage;0;3.01511;
./datasets/80Archivos/english_01;Apinage;0;3.01511;
./datasets/80Archivos/english_03;Apinage;0;3.01511;
./datasets/80Archivos/english_06;Apinage;0;3.01511;
./datasets/80Archivos/english_08;Apinage;0;3.01511;
./datasets/80Archivos/english_09;Apinage;0;3.01511;
./datasets/80Archivos/english_12;Apinage;0;3.01511;
./datasets/80Archivos/english_14;Apinage;0;3.01511;
./datasets/80Archivos/english_18;Apinage;0;3.01511;
./datasets/80Archivos/english_19;Apinage;0;3.01511;
./datasets/80Archivos/english_20;Apinage;0;3.01511;
./datasets/80Archivos/english_22;Apinage;0;3.01511;
./datasets/80Archivos/english_23;Apinage;0;3.01511;
./datasets/80Archivos/english_26;Apinage;0;3.01511;
./datasets/80Archivos/english_27;Apinage;0;3.01511;
./datasets/80Archivos/english_29;Apinage;0;3.01511;
./datasets/80Archivos/english_30;Apinage;0;3.01511;
./datasets/80Archivos/english_31;Apinage;0;3.01511;
./datasets/80Archivos/english_34;Apinage;0;3.01511;
./datasets/80Archivos/english_36;Apinage;0;3.01511;
./datasets/80Archivos/english_39;Apinage;0;3.01511;
./datasets/80Archivos/dna_00;Taal;0;3.44294;
./datasets/80Archivos/dna_02;Taal;0;3.44294;
./datasets/80Archivos/dna_05;Taal;0;3.44294;
./datasets/80Archivos/dna_08;Taal;0;3.44294;
./datasets/80Archivos/dna_12;Taal;0;3.44294;
./datasets/80Archivos/dna_16;Taal;0;3.44294;
./datasets/80Archivos/dna_18;Taal;0;3.44294;
./datasets/80Archivos/dna_20;Taal;0;3.44294;
./datasets/80Archivos/dna_22;Taal;0;3.44294;
./datasets/80Archivos/dna_23;Taal;0;3.44294;
./datasets/80Archivos/dna_24;Taal;0;3.44294;
./datasets/80Archivos/dna_26;Taal;0;3.44294;
./datasets/80Archivos/dna_28;Taal;0;3.44294;
./datasets/80Archivos/dna_29;Taal;0;3.44294;
./datasets/80Archivos/dna_31;Taal;0;3.44294;
./datasets/80Archivos/dna_34;Taal;0;3.44294;
./datasets/80Archivos/dna_36;Taal;0;3.44294;
./datasets/80Archivos/dna_37;Taal;0;3.44294;
./datasets/80Archivos/dna_38;Taal;0;3.44294;
./datasets/80Archivos/dna_39;Taal;0;3.44294;
./datasets/80Archivos/english_01;Taal;0;3.44294;
./datasets/80Archivos/english_03;Taal;0;3.44294;
./datasets/80Archivos/english_06;Taal;0;3.44294;
./datasets/80Archivos/english_08;Taal;0;3.44294;
./datasets/80Archivos/english_09;Taal;0;3.44294;
./datasets/80Archivos/english_12;Taal;0;3.44294;
./datasets/80Archivos/english_14;Taal;0;3.44294;
./datasets/80Archivos/english_18;Taal;0;3.44294;
./datasets/80Archivos/english_19;Taal;0;3.44294;
./datasets/80Archivos/english_20;Taal;0;3.44294;
./datasets/80Archivos/english_22;Taal;0;3.44294;
./datasets/80Archivos/english_23;Taal;0;3.44294;
./datasets/80Archivos/english_26;Taal;0;3.44294;
./datasets/80Archivos/english_27;Taal;0;3.44294;
./datasets/80Archivos/english_29;Taal;0;3.44294;
./datasets/80Archivos/english_30;Taal;0;3.44294;
./datasets/80Archivos/english_31;Taal;0;3.44294;
./datasets/80Archivos/english_34;Taal;0;3.44294;
./datasets/80Archivos/english_36;Taal;0;3.44294;
./datasets/80Archivos/english_39;Taal;0;3.44294;
./datasets/80Archivos/dna_00;logology;0;2.97205;
./datasets/80Archivos/dna_02;logology;0;2.97205;
./datasets/80Archivos/dna_05;logology;0;2.97205;
./datasets/80Archivos/dna_08;logology;0;2.97205;
./datasets/80Archivos/dna_12;logology;0;2.97205;
./datasets/80Archivos/dna_16;logology;0;2.97205;
./datasets/80Archivos/dna_18;logology;0;2.97205;
./datasets/80Archivos/dna_20;logology;0;2.97205;
./datasets/80Archivos/dna_22;logology;0;2.97205;
./datasets/80Archivos/dna_23;logology;0;2.97205;
./datasets/80Archivos/dna_24;logology;0;2.97205;
./datasets/80Archivos/dna_26;logology;0;2.97205;
./datasets/80Archivos/dna_28;logology;0;2.97205;
./datasets/80Archivos/dna_29;logology;0;2.97205;
./datasets/80Archivos/dna_31;logology;0;2.97205;
./datasets/80Archivos/dna_34;logology;0;2.97205;
./datasets/80Archivos/dna_36;logology;0;2.97205;
./datasets/80Archivos/dna_37;logology;0;2.97205;
./datasets/80Archivos/dna_38;logology;0;2.97205;
./datasets/80Archivos/dna_39;logology;0;2.97205;
./datasets/80Archivos/english_01;logology;0;2.97205;
./datasets/80Archivos/english_03;logology;0;2.97205;
./datasets/80Archivos/english_06;logology;0;2.97205;
./datasets/80Archivos/english_08;logology;0;2.97205;
./datasets/80Archivos/english_09;logology;0;2.97205;
./datasets/80Archivos/english_12;logology;0;2.97205;
./datasets/80Archivos/english_14;logology;0;2.97205;
./datasets/80Archivos/english_18;logology;0;2.97205;
./datasets/80Archivos/english_19;logology;0;2.97205;
./datasets/80Archivos/english_20;logology;0;2.97205;
./datasets/80Archivos/english_22;logology;0;2.97205;
./datasets/80Archivos/english_23;logology;0;2.97205;
./datasets/80Archivos/english_26;logology;0;2.97205;
./datasets/80Archivos/english_27;logology;0;2.97205;
./datasets/80Archivos/english_29;logology;0;2.97205;
./datasets/80Archivos/english_30;logology;0;2.97205;
./datasets/80Archivos/english_31;logology;0;2.97205;
./datasets/80Archivos/english_34;logology;0;2.97205;
./datasets/80Archivos/english_36;logology;0;2.97205;
./datasets/80Archivos/english_39;logology;0;2.97205;
./datasets/80Archivos/dna_00;probeer;0;2.99304;
./datasets/80Archivos/dna_02;probeer;0;2.99304;
./datasets/80Archivos/dna_05;probeer;0;2.99304;
./datasets/80Archivos/dna_08;probeer;0;2.99304;
./datasets/80Archivos/dna_12;probeer;0;2.99304;
./datasets/80Archivos/dna_16;probeer;0;2.99304;
./datasets/80Archivos/dna_18;probeer;0;2.99304;
./datasets/80Archivos/dna_20;probeer;0;2.99304;
./datasets/80Archivos/dna_22;probeer;0;2.99304;
./datasets/80Archivos/dna_23;probeer;0;2.99304;
./datasets/80Archivos/dna_24;probeer;0;2.99304;
./datasets/80Archivos/dna_26;probeer;0;2.99304;
./datasets/80Archivos/dna_28;probeer;0;2.99304;
./datasets/80Archivos/dna_29;probeer;0;2.99304;
./datasets/80Archivos/dna_31;probeer;0;2.99304;
./datasets/80Archivos/dna_34;probeer;0;2.99304;
./datasets/80Archivos/dna_36;probeer;0;2.99304;
./datasets/80Archivos/dna_37;probeer;0;2.99304;
./datasets/80Archivos/dna_38;probeer;0;2.99304;
./datasets/80Archivos/dna_39;probeer;0;2.99304;
./datasets/80Archivos/english_01;probeer;0;2.99304;
./datasets/80Archivos/english_03;probeer;0;2.99304;
./datasets/80Archivos/english_06;probeer;0;2.99304;
./datasets/80Archivos/english_08;probeer;0;2.99304;
./datasets/80Archivos/english_09;probeer;0;2.99304;
./datasets/80Archivos/english_12;probeer;0;2.99304;
./datasets/80Archivos/english_14;probeer;0;2.99304;
./datasets/80Archivos/english_18;probeer;0;2.99304;
./datasets/80Archivos/english_19;probeer;0;2.99304;
./datasets/80Archivos/english_20;probeer;0;2.99304;
./datasets/80Archivos/english_22;probeer;0;2.99304;
./datasets/80Archivos/english_23;probeer;0;2.99304;
./datasets/80Archivos/english_26;probeer;0;2.99304;
./datasets/80Archivos/english_27;probeer;0;2.99304;
./datasets/80Archivos/english_29;probeer;0;2.99304;
./datasets/80Archivos/english_30;probeer;0;2.99304;
./datasets/80Archivos/english_31;probeer;0;2.99304;
./datasets/80Archivos/english_34;probeer;0;2.99304;
./datasets/80Archivos/english_36;probeer;0;2.99304;
./datasets/80Archivos/english_39;probeer;0;2.99304;
./datasets/80Archivos/dna_00;randomization;0;2.73842;
./datasets/80Archivos/dna_02;randomization;0;2.73842;
./datasets/80Archivos/dna_05;randomization;0;2.73842;
./datasets/80Archivos/dna_08;randomization;0;2.73842;
./datasets/80Archivos/dna_12;randomization;0;2.73842;
./datasets/80Archivos/dna_16;randomization;0;2.73842;
./datasets/80Archivos/dna_18;randomization;0;2.73842;
./datasets/80Archivos/dna_20;randomization;0;2.73842;
./datasets/80Archivos/dna_22;randomization;0;2.73842;
./datasets/80Archivos/dna_23;randomization;0;2.73842;
./datasets/80Archivos/dna_24;randomization;0;2.73842;
./datasets/80Archivos/dna_26;randomization;0;2.73842;
./datasets/80Archivos/dna_28;randomization;0;2.73842;
./datasets/80Archivos/dna_29;randomization;0;2.73842;
./datasets/80Archivos/dna_31;randomization;0;2.73842;
./datasets/80Archivos/dna_34;randomization;0;2.73842;
./datasets/80Archivos/dna_36;randomization;0;2.73842;
./datasets/80Archivos/dna_37;randomization;0;2.73842;
./datasets/80Archivos/dna_38;randomization;0;2.73842;
./datasets/80Archivos/dna_39;randomization;0;2.73842;
./datasets/80Archivos/english_01;randomization;0;2.73842;
./datasets/80Archivos/english_03;randomization;0;2.73842;
./datasets/80Archivos/english_06;randomization;0;2.73842;
./datasets/80Archivos/english_08;randomization;0;2.73842;
./datasets/80Archivos/english_09;randomization;0;2.73842;
./datasets/80Archivos/english_12;randomization;0;2.73842;
./datasets/80Archivos/english_14;randomization;0;2.73842;
./datasets/80Archivos/english_18;randomization;0;2.73842;
./datasets/80Archivos/english_19;randomization;0;2.73842;
./datasets/80Archivos/english_20;randomization;0;2.73842;
./datasets/80Archivos/english_22;randomization;0;2.73842;
./datasets/80Archivos/english_23;randomization;0;2.73842;
./datasets/80Archivos/english_26;randomization;0;2.73842;
./datasets/80Archivos/english_27;randomization;0;2.73842;
./datasets/80Archivos/english_29;randomization;0;2.73842;
./datasets/80Archivos/english_30;randomization;0;2.73842;
./datasets/80Archivos/english_31;randomization;0;2.73842;
./datasets/80Archivos/english_34;randomization;0;2.73842;
./datasets/80Archivos/english_36;randomization;0;2.73842;
./datasets/80Archivos/english_39;randomization;0;2.73842;
./datasets/80Archivos/dna_00;poditic;0;3.11656;
./datasets/80Archivos/dna_02;poditic;0;3.11656;
./datasets/80Archivos/dna_05;poditic;0;3.11656;
./datasets/80Archivos/dna_08;poditic;0;3.11656;
./datasets/80Archivos/dna_12;poditic;0;3.11656;
./datasets/80Archivos/dna_16;poditic;0;3.11656;
./datasets/80Archivos/dna_18;poditic;0;3.11656;
./datasets/80Archivos/dna_20;poditic;0;3.11656;
./datasets/80Archivos/dna_22;poditic;0;3.11656;
./datasets/80Archivos/dna_23;poditic;0;3.11656;
./datasets/80Archivos/dna_24;poditic;0;3.11656;
./datasets/80Archivos/dna_26;poditic;0;3.11656;
./datasets/80Archivos/dna_28;poditic;0;3.11656;
./datasets/80Archivos/dna_29;poditic;0;3.11656;
./datasets/80Archivos/dna_31;poditic;0;3.11656;
./datasets/80Archivos/dna_34;poditic;0;3.11656;
./datasets/80Archivos/dna_36;poditic;0;3.11656;
./datasets/80Archivos/dna_37;poditic;0;3.11656;
./datasets/80Archivos/dna_38;poditic;0;3.11656;
./datasets/80Archivos/dna_39;poditic;0;3.11656;
./datasets/80Archivos/english_01;poditic;0;3.11656;
./datasets/80Archivos/english_03;poditic;0;3.11656;
./datasets/80Archivos/english_06;poditic;0;3.11656;
./datasets/80Archivos/english_08;poditic;0;3.11656;
./datasets/80Archivos/english_09;poditic;0;3.11656;
./datasets/80Archivos/english_12;poditic;0;3.11656;
./datasets/80Archivos/english_14;poditic;0;3.11656;
./datasets/80Archivos/english_18;poditic;0;3.11656;
./datasets/80Archivos/english_19;poditic;0;3.11656;
./datasets/80Archivos/english_20;poditic;0;3.11656;
./datasets/80Archivos/english_22;poditic;0;3.11656;
./datasets/80Archivos/english_23;poditic;0;3.11656;
./datasets/80Archivos/english_26;poditic;0;3.11656;
./datasets/80Archivos/english_27;poditic;0;3.11656;
./datasets/80Archivos/english_29;poditic;0;3.11656;
./datasets/80Archivos/english_30;poditic;0;3.11656;
./datasets/80Archivos/english_31;poditic;0;3.11656;
./datasets/80Archivos/english_34;poditic;0;3.11656;
./datasets/80Archivos/english_36;poditic;0;3.11656;
./datasets/80Archivos/english_39;poditic;0;3.11656;
./datasets/80Archivos/dna_00;individualize;0;2.62933;
./datasets/80Archivos/dna_02;individualize;0;2.62933;
./datasets/80Archivos/dna_05;individualize;0;2.62933;
./datasets/80Archivos/dna_08;individualize;0;2.62933;
./datasets/80Archivos/dna_12;individualize;0;2.62933;
./datasets/80Archivos/dna_16;individualize;0;2.62933;
./datasets/80Archivos/dna_18;individualize;0;2.62933;
./datasets/80Archivos/dna_20;individualize;0;2.62933;
./datasets/80Archivos/dna_22;individualize;0;2.62933;
./datasets/80Archivos/dna_23;individualize;0;2.62933;
./datasets/80Archivos/dna_24;individualize;0;2.62933;
./datasets/80Archivos/dna_26;individualize;0;2.62933;
./datasets/80Archivos/dna_28;individualize;0;2.62933;
./datasets/80Archivos/dna_29;individualize;0;2.62933;
./datasets/80Archivos/dna_31;individualize;0;2.62933;
./datasets/80Archivos/dna_34;individualize;0;2.62933;
./datasets/80Archivos/dna_36;individualize;0;2.62933;
./datasets/80Archivos/dna_37;individualize;0;2.62933;
./datasets/80Archivos/dna_38;individualize;0;2.62933;
./datasets/80Archivos/dna_39;individualize;0;2.62933;
./datasets/80Archivos/english_01;individualize;0;2.62933;
./datasets/80Archivos/english_03;individualize;0;2.62933;
./datasets/80Archivos/english_06;individualize;0;2.62933;
./datasets/80Archivos/english_08;individualize;0;2.62933;
./datasets/80Archivos/english_09;individualize;2;2.62933;
./datasets/80Archivos/english_12;individualize;0;2.62933;
./datasets/80Archivos/english_14;individualize;1;2.62933;
./datasets/80Archivos/english_18;individualize;0;2.62933;
./datasets/80Archivos/english_19;individualize;0;2.62933;
./datasets/80Archivos/english_20;individualize;0;2.62933;
./datasets/80Archivos/english_22;individualize;0;2.62933;
./datasets/80Archivos/english_23;individualize;0;2.62933;
./datasets/80Archivos/english_26;individualize;0;2.62933;
./datasets/80Archivos/english_27;individualize;0;2.62933;
./datasets/80Archivos/english_29;individualize;0;2.62933;
./datasets/80Archivos/english_30;individualize;0;2.62933;
./datasets/80Archivos/english_31;individualize;1;2.62933;
./datasets/80Archivos/english_34;individualize;1;2.62933;
./datasets/80Archivos/english_36;individualize;0;2.62933;
./datasets/80Archivos/english_39;individualize;0;2.62933;
./datasets/80Archivos/dna_00;castigate;0;2.85718;
./datasets/80Archivos/dna_02;castigate;0;2.85718;
./datasets/80Archivos/dna_05;castigate;0;2.85718;
./datasets/80Archivos/dna_08;castigate;0;2.85718;
./datasets/80Archivos/dna_12;castigate;0;2.85718;
./datasets/80Archivos/dna_16;castigate;0;2.85718;
./datasets/80Archivos/dna_18;castigate;0;2.85718;
./datasets/80Archivos/dna_20;castigate;0;2.85718;
./datasets/80Archivos/dna_22;castigate;0;2.85718;
./datasets/80Archivos/dna_23;castigate;0;2.85718;
./datasets/80Archivos/dna_24;castigate;0;2.85718;
./datasets/80Archivos/dna_26;castigate;0;2.85718;
./datasets/80Archivos/dna_28;castigate;0;2.85718;
./datasets/80Archivos/dna_29;castigate;0;2.85718;
./datasets/80Archivos/dna_31;castigate;0;2.85718;
./datasets/80Archivos/dna_34;castigate;0;2.85718;
./datasets/80Archivos/dna_36;castigate;0;2.85718;
./datasets/80Archivos/dna_37;castigate;0;2.85718;
./datasets/80Archivos/dna_38;castigate;0;2.85718;
./datasets/80Archivos/dna_39;castigate;0;2.85718;
./datasets/80Archivos/english_01;castigate;0;2.85718;
./datasets/80Archivos/english_03;castigate;0;2.85718;
./datasets/80Archivos/english_06;castigate;0;2.85718;
./datasets/80Archivos/english_08;castigate;0;2.85718;
./datasets/80Archivos/english_09;castigate;0;2.85718;
./datasets/80Archivos/english_12;castigate;0;2.85718;
./datasets/80Archivos/english_14;castigate;0;2.85718;
./datasets/80Archivos/english_18;castigate;0;2.85718;
./datasets/80Archivos/english_19;castigate;0;2.85718;
./datasets/80Archivos/english_20;castigate;0;2.85718;
./datasets/80Archivos/english_22;castigate;0;2.85718;
./datasets/80Archivos/english_23;castigate;0;2.85718;
./datasets/80Archivos/english_26;castigate;0;2.85718;
./datasets/80Archivos/english_27;castigate;0;2.85718;
./datasets/80Archivos/english_29;castigate;0;2.85718;
./datasets/80Archivos/english_30;castigate;0;2.85718;
./datasets/80Archivos/english_31;castigate;2;2.85718;
./datasets/80Archivos/english_34;castigate;2;2.85718;
./datasets/80Archivos/english_36;castigate;0;2.85718;
./datasets/80Archivos/english_39;castigate;0;2.85718;
./datasets/80Archivos/dna_00;Biloculina;0;2.84042;
./datasets/80Archivos/dna_02;Biloculina;0;2.84042;
./datasets/80Archivos/dna_05;Biloculina;0;2.84042;
./datasets/80Archivos/dna_08;Biloculina;0;2.84042;
./datasets/80Archivos/dna_12;Biloculina;0;2.84042;
./datasets/80Archivos/dna_16;Biloculina;0;2.84042;
./datasets/80Archivos/dna_18;Biloculina;0;2.84042;
./datasets/80Archivos/dna_20;Biloculina;0;2.84042;
./datasets/80Archivos/dna_22;Biloculina;0;2.84042;
./datasets/80Archivos/dna_23;Biloculina;0;2.84042;
./datasets/80Archivos/dna_24;Biloculina;0;2.84042;
./datasets/80Archivos/dna_26;Biloculina;0;2.84042;
./datasets/80Archivos/dna_28;Biloculina;0;2.84042;
./datasets/80Archivos/dna_29;Biloculina;0;2.84042;
./datasets/80Archivos/dna_31;Biloculina;0;2.84042;
./datasets/80Archivos/dna_34;Biloculina;0;2.84042;
./datasets/80Archivos/dna_36;Biloculina;0;2.84042;
./datasets/80Archivos/dna_37;Biloculina;0;2.84042;
./datasets/80Archivos/dna_38;Biloculina;0;2.84042;
./datasets/80Archivos/dna_39;Biloculina;0;2.84042;
./datasets/80Archivos/english_01;Biloculina;0;2.84042;
./datasets/80Archivos/english_03;Biloculina;0;2.84042;
./datasets/80Archivos/english_06;Biloculina;0;2.84042;
./datasets/80Archivos/english_08;Biloculina;0;2.84042;
./datasets/80Archivos/english_09;Biloculina;0;2.84042;
./datasets/80Archivos/english_12;Biloculina;0;2.84042;
./datasets/80Archivos/english_14;Biloculina;0;2.84042;
./datasets/80Archivos/english_18;Biloculina;0;2.84042;
./datasets/80Archivos/english_19;Biloculina;0;2.84042;
./datasets/80Archivos/english_20;Biloculina;0;2.84042;
./datasets/80Archivos/english_22;Biloculina;0;2.84042;
./datasets/80Archivos/english_23;Biloculina;0;2.84042;
./datasets/80Archivos/english_26;Biloculina;0;2.84042;
./datasets/80Archivos/english_27;Biloculina;0;2.84042;
./datasets/80Archivos/english_29;Biloculina;0;2.84042;
./datasets/80Archivos/english_30;Biloculina;0;2.84042;
./datasets/80Archivos/english_31;Biloculina;0;2.84042;
./datasets/80Archivos/english_34;Biloculina;0;2.84042;
./datasets/80Archivos/english_36;Biloculina;0;2.84042;
./datasets/80Archivos/english_39;Biloculina;0;2.84042;
./datasets/80Archivos/dna_00;overscrub;0;2.83009;
./datasets/80Archivos/dna_02;overscrub;0;2.83009;
./datasets/80Archivos/dna_05;overscrub;0;2.83009;
./datasets/80Archivos/dna_08;overscrub;0;2.83009;
./datasets/80Archivos/dna_12;overscrub;0;2.83009;
./datasets/80Archivos/dna_16;overscrub;0;2.83009;
./datasets/80Archivos/dna_18;overscrub;0;2.83009;
./datasets/80Archivos/dna_20;overscrub;0;2.83009;
./datasets/80Archivos/dna_22;overscrub;0;2.83009;
./datasets/80Archivos/dna_23;overscrub;0;2.83009;
./datasets/80Archivos/dna_24;overscrub;0;2.83009;
./datasets/80Archivos/dna_26;overscrub;0;2.83009;
./datasets/80Archivos/dna_28;overscrub;0;2.83009;
./datasets/80Archivos/dna_29;overscrub;0;2.83009;
./datasets/80Archivos/dna_31;overscrub;0;2.83009;
./datasets/80Archivos/dna_34;overscrub;0;2.83009;
./datasets/80Archivos/dna_36;overscrub;0;2.83009;
./datasets/80Archivos/dna_37;overscrub;0;2.83009;
./datasets/80Archivos/dna_38;overscrub;0;2.83009;
./datasets/80Archivos/dna_39;overscrub;0;2.83009;
./datasets/80Archivos/english_01;overscrub;0;2.83009;
./datasets/80Archivos/english_03;overscrub;0;2.83009;
./datasets/80Archivos/english_06;overscrub;0;2.83009;
./datasets/80Archivos/english_08;overscrub;0;2.83009;
./datasets/80Archivos/english_09;overscrub;0;2.83009;
./datasets/80Archivos/english_12;overscrub;0;2.83009;
./datasets/80Archivos/english_14;overscrub;0;2.83009;
./datasets/80Archivos/english_18;overscrub;0;2.83009;
./datasets/80Archivos/english_19;overscrub;0;2.83009;
./datasets/80Archivos/english_20;overscrub;0;2.83009;
./datasets/80Archivos/english_22;overscrub;0;2.83009;
./datasets/80Archivos/english_23;overscrub;0;2.83009;
./datasets/80Archivos/english_26;overscrub;0;2.83009;
./datasets/80Archivos/english_27;overscrub;0;2.83009;
./datasets/80Archivos/english_29;overscrub;0;2.83009;
./datasets/80Archivos/english_30;overscrub;0;2.83009;
./datasets/80Archivos/english_31;overscrub;0;2.83009;
./datasets/80Archivos/english_34;overscrub;0;2.83009;
./datasets/80Archivos/english_36;overscrub;0;2.83009;
./datasets/80Archivos/english_39;overscrub;0;2.83009;
./datasets/80Archivos/dna_00;koolah;0;3.13595;
./datasets/80Archivos/dna_02;koolah;0;3.13595;
./datasets/80Archivos/dna_05;koolah;0;3.13595;
./datasets/80Archivos/dna_08;koolah;0;3.13595;
./datasets/80Archivos/dna_12;koolah;0;3.13595;
./datasets/80Archivos/dna_16;koolah;0;3.13595;
./datasets/80Archivos/dna_18;koolah;0;3.13595;
./datasets/80Archivos/dna_20;koolah;0;3.13595;
./datasets/80Archivos/dna_22;koolah;0;3.13595;
./datasets/80Archivos/dna_23;koolah;0;3.13595;
./datasets/80Archivos/dna_24;koolah;0;3.13595;
./datasets/80Archivos/dna_26;koolah;0;3.13595;
./datasets/80Archivos/dna_28;koolah;0;3.13595;
./datasets/80Archivos/dna_29;koolah;0;3.13595;
./datasets/80Archivos/dna_31;koolah;0;3.13595;
./datasets/80Archivos/dna_34;koolah;0;3.13595;
./datasets/80Archivos/dna_36;koolah;0;3.13595;
./datasets/80Archivos/dna_37;koolah;0;3.13595;
./datasets/80Archivos/dna_38;koolah;0;3.13595;
./datasets/80Archivos/dna_39;koolah;0;3.13595;
./datasets/80Archivos/english_01;koolah;0;3.13595;
./datasets/80Archivos/english_03;koolah;0;3.13595;
./datasets/80Archivos/english_06;koolah;0;3.13595;
./datasets/80Archivos/english_08;koolah;0;3.13595;
./datasets/80Archivos/english_09;koolah;0;3.13595;
./datasets/80Archivos/english_12;koolah;0;3.13595;
./datasets/80Archivos/english_14;koolah;0;3.13595;
./datasets/80Archivos/english_18;koolah;0;3.13595;
./datasets/80Archivos/english_19;koolah;0;3.13595;
./datasets/80Archivos/english_20;koolah;0;3.13595;
./datasets/80Archivos/english_22;koolah;0;3.13595;
./datasets/80Archivos/english_23;koolah;0;3.13595;
./datasets/80Archivos/english_26;koolah;0;3.13595;
./datasets/80Archivos/english_27;koolah;0;3.13595;
./datasets/80Archivos/english_29;koolah;0;3.13595;
./datasets/80Archivos/english_30;koolah;0;3.13595;
./datasets/80Archivos/english_31;koolah;0;3.13595;
./datasets/80Archivos/english_34;koolah;0;3.13595;
./datasets/80Archivos/english_36;koolah;0;3.13595;
./datasets/80Archivos/english_39;koolah;0;3.13595;
./datasets/80Archivos/dna_00;weetless;0;2.8851;
./datasets/80Archivos/dna_02;weetless;0;2.8851;
./datasets/80Archivos/dna_05;weetless;0;2.8851;
./datasets/80Archivos/dna_08;weetless;0;2.8851;
./datasets/80Archivos/dna_12;weetless;0;2.8851;
./datasets/80Archivos/dna_16;weetless;0;2.8851;
./datasets/80Archivos/dna_18;weetless;0;2.8851;
./datasets/80Archivos/dna_20;weetless;0;2.8851;
./datasets/80Archivos/dna_22;weetless;0;2.8851;
./datasets/80Archivos/dna_23;weetless;0;2.8851;
./datasets/80Archivos/dna_24;weetless;0;2.8851;
./datasets/80Archivos/dna_26;weetless;0;2.8851;
./datasets/80Archivos/dna_28;weetless;0;2.8851;
./datasets/80Archivos/dna_29;weetless;0;2.8851;
./datasets/80Archivos/dna_31;weetless;0;2.8851;
./datasets/80Archivos/dna_34;weetless;0;2.8851;
./datasets/80Archivos/dna_36;weetless;0;2.8851;
./datasets/80Archivos/dna_37;weetless;0;2.8851;
./datasets/80Archivos/dna_38;weetless;0;2.8851;
./datasets/80Archivos/dna_39;weetless;0;2.8851;
./datasets/80Archivos/english_01;weetless;0;2.8851;
./datasets/80Archivos/english_03;weetless;0;2.8851;
./datasets/80Archivos/english_06;weetless;0;2.8851;
./datasets/80Archivos/english_08;weetless;0;2.8851;
./datasets/80Archivos/english_09;weetless;0;2.8851;
./datasets/80Archivos/english_12;weetless;0;2.8851;
./datasets/80Archivos/english_14;weetless;0;2.8851;
./datasets/80Archivos/english_18;weetless;0;2.8851;
./datasets/80Archivos/english_19;weetless;0;2.8851;
./datasets/80Archivos/english_20;weetless;0;2.8851;
./datasets/80Archivos/english_22;weetless;0;2.8851;
./datasets/80Archivos/english_23;weetless;0;2.8851;
./datasets/80Archivos/english_26;weetless;0;2.8851;
./datasets/80Archivos/english_27;weetless;0;2.8851;
./datasets/80Archivos/english_29;weetless;0;2.8851;
./datasets/80Archivos/english_30;weetless;0;2.8851;
./datasets/80Archivos/english_31;weetless;0;2.8851;
./datasets/80Archivos/english_34;weetless;0;2.8851;
./datasets/80Archivos/english_36;weetless;0;2.8851;
./datasets/80Archivos/english_39;weetless;0;2.8851;
./datasets/80Archivos/dna_00;erased;0;3.11443;
./datasets/80Archivos/dna_02;erased;0;3.11443;
./datasets/80Archivos/dna_05;erased;0;3.11443;
./datasets/80Archivos/dna_08;erased;0;3.11443;
./datasets/80Archivos/dna_12;erased;0;3.11443;
./datasets/80Archivos/dna_16;erased;0;3.11443;
./datasets/80Archivos/dna_18;erased;0;3.11443;
./datasets/80Archivos/dna_20;erased;0;3.11443;
./datasets/80Archivos/dna_22;erased;0;3.11443;
./datasets/80Archivos/dna_23;erased;0;3.11443;
./datasets/80Archivos/dna_24;erased;0;3.11443;
./datasets/80Archivos/dna_26;erased;0;3.11443;
./datasets/80Archivos/dna_28;erased;0;3.11443;
./datasets/80Archivos/dna_29;erased;0;3.11443;
./datasets/80Archivos/dna_31;erased;0;3.11443;
./datasets/80Archivos/dna_34;erased;0;3.11443;
./datasets/80Archivos/dna_36;erased;0;3.11443;
./datasets/80Archivos/dna_37;erased;0;3.11443;
./datasets/80Archivos/dna_38;erased;0;3.11443;
./datasets/80Archivos/dna_39;erased;0;3.11443;
./datasets/80Archivos/english_01;erased;0;3.11443;
./datasets/80Archivos/english_03;erased;0;3.11443;
./datasets/80Archivos/english_06;erased;0;3.11443;
./datasets/80Archivos/english_08;erased;3;3.11443;
./datasets/80Archivos/english_09;erased;10;3.11443;
./datasets/80Archivos/english_12;erased;0;3.11443;
./datasets/80Archivos/english_14;erased;3;3.11443;
./datasets/80Archivos/english_18;erased;16;3.11443;
./datasets/80Archivos/english_19;erased;14;3.11443;
./datasets/80Archivos/english_20;erased;0;3.11443;
./datasets/80Archivos/english_22;erased;1;3.11443;
./datasets/80Archivos/english_23;erased;6;3.11443;
./datasets/80Archivos/english_26;erased;2;3.11443;
./datasets/80Archivos/english_27;erased;0;3.11443;
./datasets/80Archivos/english_29;erased;1;3.11443;
./datasets/80Archivos/english_30;erased;1;3.11443;
./datasets/80Archivos/english_31;erased;1;3.11443;
./datasets/80Archivos/english_34;erased;2;3.11443;
./datasets/80Archivos/english_36;erased;1;3.11443;
./datasets/80Archivos/english_39;erased;1;3.11443;
./datasets/80Archivos/dna_00;layery;0;3.06349;
./datasets/80Archivos/dna_02;layery;0;3.06349;
./datasets/80Archivos/dna_05;layery;0;3.06349;
./datasets/80Archivos/dna_08;layery;0;3.06349;
./datasets/80Archivos/dna_12;layery;0;3.06349;
./datasets/80Archivos/dna_16;layery;0;3.06349;
./datasets/80Archivos/dna_18;layery;0;3.06349;
./datasets/80Archivos/dna_20;layery;0;3.06349;
./datasets/80Archivos/dna_22;layery;0;3.06349;
./datasets/80Archivos/dna_23;layery;0;3.06349;
./datasets/80Archivos/dna_24;layery;0;3.06349;
./datasets/80Archivos/dna_26;layery;0;3.06349;
./datasets/80Archivos/dna_28;layery;0;3.06349;
./datasets/80Archivos/dna_29;layery;0;3.06349;
./datasets/80Archivos/dna_31;layery;0;3.06349;
./datasets/80Archivos/dna_34;layery;0;3.06349;
./datasets/80Archivos/dna_36;layery;0;3.06349;
./datasets/80Archivos/dna_37;layery;0;3.06349;
./datasets/80Archivos/dna_38;layery;0;3.06349;
./datasets/80Archivos/dna_39;layery;0;3.06349;
./datasets/80Archivos/english_01;layery;0;3.06349;
./datasets/80Archivos/english_03;layery;0;3.06349;
./datasets/80Archivos/english_06;layery;0;3.06349;
./datasets/80Archivos/english_08;layery;0;3.06349;
./datasets/80Archivos/english_09;layery;0;3.06349;
./datasets/80Archivos/english_12;layery;0;3.06349;
./datasets/80Archivos/english_14;layery;0;3.06349;
./datasets/80Archivos/english_18;layery;0;3.06349;
./datasets/80Archivos/english_19;layery;0;3.06349;
./datasets/80Archivos/english_20;layery;0;3.06349;
./datasets/80Archivos/english_22;layery;0;3.06349;
./datasets/80Archivos/english_23;layery;0;3.06349;
./datasets/80Archivos/english_26;layery;0;3.06349;
./datasets/80Archivos/english_27;layery;0;3.06349;
./datasets/80Archivos/english_29;layery;0;3.06349;
./datasets/80Archivos/english_30;layery;0;3.06349;
./datasets/80Archivos/english_31;layery;0;3.06349;
./datasets/80Archivos/english_34;layery;0;3.06349;
./datasets/80Archivos/english_36;layery;0;3.06349;
./datasets/80Archivos/english_39;layery;0;3.06349;
./datasets/80Archivos/dna_00;discontinuee;0;2.73412;
./datasets/80Archivos/dna_02;discontinuee;0;2.73412;
./datasets/80Archivos/dna_05;discontinuee;0;2.73412;
./datasets/80Archivos/dna_08;discontinuee;0;2.73412;
./datasets/80Archivos/dna_12;discontinuee;0;2.73412;
./datasets/80Archivos/dna_16;discontinuee;0;2.73412;
./datasets/80Archivos/dna_18;discontinuee;0;2.73412;
./datasets/80Archivos/dna_20;discontinuee;0;2.73412;
./datasets/80Archivos/dna_22;discontinuee;0;2.73412;
./datasets/80Archivos/dna_23;discontinuee;0;2.73412;
./datasets/80Archivos/dna_24;discontinuee;0;2.73412;
./datasets/80Archivos/dna_26;discontinuee;0;2.73412;
./datasets/80Archivos/dna_28;discontinuee;0;2.73412;
./datasets/80Archivos/dna_29;discontinuee;0;2.73412;
./datasets/80Archivos/dna_31;discontinuee;0;2.73412;
./datasets/80Archivos/dna_34;discontinuee;0;2.73412;
./datasets/80Archivos/dna_36;discontinuee;0;2.73412;
./datasets/80Archivos/dna_37;discontinuee;0;2.73412;
./datasets/80Archivos/dna_38;discontinuee;0;2.73412;
./datasets/80Archivos/dna_39;discontinuee;0;2.73412;
./datasets/80Archivos/english_01;discontinuee;0;2.73412;
./datasets/80Archivos/english_03;discontinuee;0;2.73412;
./datasets/80Archivos/english_06;discontinuee;0;2.73412;
./datasets/80Archivos/english_08;discontinuee;0;2.73412;
./datasets/80Archivos/english_09;discontinuee;0;2.73412;
./datasets/80Archivos/english_12;discontinuee;0;2.73412;
./datasets/80Archivos/english_14;discontinuee;0;2.73412;
./datasets/80Archivos/english_18;discontinuee;0;2.73412;
./datasets/80Archivos/english_19;discontinuee;0;2.73412;
./datasets/80Archivos/english_20;discontinuee;0;2.73412;
./datasets/80Archivos/english_22;discontinuee;0;2.73412;
./datasets/80Archivos/english_23;discontinuee;0;2.73412;
./datasets/80Archivos/english_26;discontinuee;0;2.73412;
./datasets/80Archivos/english_27;discontinuee;0;2.73412;
./datasets/80Archivos/english_29;discontinuee;0;2.73412;
./datasets/80Archivos/english_30;discontinuee;0;2.73412;
./datasets/80Archivos/english_31;discontinuee;0;2.73412;
./datasets/80Archivos/english_34;discontinuee;0;2.73412;
./datasets/80Archivos/english_36;discontinuee;0;2.73412;
./datasets/80Archivos/english_39;discontinuee;0;2.73412;
./datasets/80Archivos/dna_00;anaphylatoxin;0;2.7601;
./datasets/80Archivos/dna_02;anaphylatoxin;0;2.7601;
./datasets/80Archivos/dna_05;anaphylatoxin;0;2.7601;
./datasets/80Archivos/dna_08;anaphylatoxin;0;2.7601;
./datasets/80Archivos/dna_12;anaphylatoxin;0;2.7601;
./datasets/80Archivos/dna_16;anaphylatoxin;0;2.7601;
./datasets/80Archivos/dna_18;anaphylatoxin;0;2.7601;
./datasets/80Archivos/dna_20;anaphylatoxin;0;2.7601;
./datasets/80Archivos/dna_22;anaphylatoxin;0;2.7601;
./datasets/80Archivos/dna_23;anaphylatoxin;0;2.7601;
./datasets/80Archivos/dna_24;anaphylatoxin;0;2.7601;
./datasets/80Archivos/dna_26;anaphylatoxin;0;2.7601;
./datasets/80Archivos/dna_28;anaphylatoxin;0;2.7601;
./datasets/80Archivos/dna_29;anaphylatoxin;0;2.7601;
./datasets/80Archivos/dna_31;anaphylatoxin;0;2.7601;
./datasets/80Archivos/dna_34;anaphylatoxin;0;2.7601;
./datasets/80Archivos/dna_36;anaphylatoxin;0;2.7601;
./datasets/80Archivos/dna_37;anaphylatoxin;0;2.7601;
./datasets/80Archivos/dna_38;anaphylatoxin;0;2.7601;
./datasets/80Archivos/dna_39;anaphylatoxin;0;2.7601;
./datasets/80Archivos/english_01;anaphylatoxin;0;2.7601;
./datasets/80Archivos/english_03;anaphylatoxin;0;2.7601;
./datasets/80Archivos/english_06;anaphylatoxin;0;2.7601;
./datasets/80Archivos/english_08;anaphylatoxin;0;2.7601;
./datasets/80Archivos/english_09;anaphylatoxin;0;2.7601;
./datasets/80Archivos/english_12;anaphylatoxin;0;2.7601;
./datasets/80Archivos/english_14;anaphylatoxin;0;2.7601;
./datasets/80Archivos/english_18;anaphylatoxin;0;2.7601;
./datasets/80Archivos/english_19;anaphylatoxin;0;2.7601;
./datasets/80Archivos/english_20;anaphylatoxin;0;2.7601;
./datasets/80Archivos/english_22;anaphylatoxin;0;2.7601;
./datasets/80Archivos/english_23;anaphylatoxin;0;2.7601;
./datasets/80Archivos/english_26;anaphylatoxin;0;2.7601;
./datasets/80Archivos/english_27;anaphylatoxin;0;2.7601;
./datasets/80Archivos/english_29;anaphylatoxin;0;2.7601;
./datasets/80Archivos/english_30;anaphylatoxin;0;2.7601;
./datasets/80Archivos/english_31;anaphylatoxin;0;2.7601;
./datasets/80Archivos/english_34;anaphylatoxin;0;2.7601;
./datasets/80Archivos/english_36;anaphylatoxin;0;2.7601;
./datasets/80Archivos/english_39;anaphylatoxin;0;2.7601;
./datasets/80Archivos/dna_00;unwounded;0;2.80584;
./datasets/80Archivos/dna_02;unwounded;0;2.80584;
./datasets/80Archivos/dna_05;unwounded;0;2.80584;
./datasets/80Archivos/dna_08;unwounded;0;2.80584;
./datasets/80Archivos/dna_12;unwounded;0;2.80584;
./datasets/80Archivos/dna_16;unwounded;0;2.80584;
./datasets/80Archivos/dna_18;unwounded;0;2.80584;
./datasets/80Archivos/dna_20;unwounded;0;2.80584;
./datasets/80Archivos/dna_22;unwounded;0;2.80584;
./datasets/80Archivos/dna_23;unwounded;0;2.80584;
./datasets/80Archivos/dna_24;unwounded;0;2.80584;
./datasets/80Archivos/dna_26;unwounded;0;2.80584;
./datasets/80Archivos/dna_28;unwounded;0;2.80584;
./datasets/80Archivos/dna_29;unwounded;0;2.80584;
./datasets/80Archivos/dna_31;unwounded;0;2.80584;
./datasets/80Archivos/dna_34;unwounded;0;2.80584;
./datasets/80Archivos/dna_36;unwounded;0;2.80584;
./datasets/80Archivos/dna_37;unwounded;0;2.80584;
./datasets/80Archivos/dna_38;unwounded;0;2.80584;
./datasets/80Archivos/dna_39;unwounded;0;2.80584;
./datasets/80Archivos/english_01;unwounded;0;2.80584;
./datasets/80Archivos/english_03;unwounded;0;2.80584;
./datasets/80Archivos/english_06;unwounded;2;2.80584;
./datasets/80Archivos/english_08;unwounded;0;2.80584;
./datasets/80Archivos/english_09;unwounded;0;2.80584;
./datasets/80Archivos/english_12;unwounded;5;2.80584;
./datasets/80Archivos/english_14;unwounded;0;2.80584;
./datasets/80Archivos/english_18;unwounded;2;2.80584;
./datasets/80Archivos/english_19;unwounded;0;2.80584;
./datasets/80Archivos/english_20;unwounded;6;2.80584;
./datasets/80Archivos/english_22;unwounded;0;2.80584;
./datasets/80Archivos/english_23;unwounded;1;2.80584;
./datasets/80Archivos/english_26;unwounded;0;2.80584;
./datasets/80Archivos/english_27;unwounded;1;2.80584;
./datasets/80Archivos/english_29;unwounded;1;2.80584;
./datasets/80Archivos/english_30;unwounded;0;2.80584;
./datasets/80Archivos/english_31;unwounded;0;2.80584;
./datasets/80Archivos/english_34;unwounded;0;2.80584;
./datasets/80Archivos/english_36;unwounded;0;2.80584;
./datasets/80Archivos/english_39;unwounded;2;2.80584;
./datasets/80Archivos/dna_00;personalism;0;2.71303;
./datasets/80Archivos/dna_02;personalism;0;2.71303;
./datasets/80Archivos/dna_05;personalism;0;2.71303;
./datasets/80Archivos/dna_08;personalism;0;2.71303;
./datasets/80Archivos/dna_12;personalism;0;2.71303;
./datasets/80Archivos/dna_16;personalism;0;2.71303;
./datasets/80Archivos/dna_18;personalism;0;2.71303;
./datasets/80Archivos/dna_20;personalism;0;2.71303;
./datasets/80Archivos/dna_22;personalism;0;2.71303;
./datasets/80Archivos/dna_23;personalism;0;2.71303;
./datasets/80Archivos/dna_24;personalism;0;2.71303;
./datasets/80Archivos/dna_26;personalism;0;2.71303;
./datasets/80Archivos/dna_28;personalism;0;2.71303;
./datasets/80Archivos/dna_29;personalism;0;2.71303;
./datasets/80Archivos/dna_31;personalism;0;2.71303;
./datasets/80Archivos/dna_34;personalism;0;2.71303;
./datasets/80Archivos/dna_36;personalism;0;2.71303;
./datasets/80Archivos/dna_37;personalism;0;2.71303;
./datasets/80Archivos/dna_38;personalism;0;2.71303;
./datasets/80Archivos/dna_39;personalism;0;2.71303;
./datasets/80Archivos/english_01;personalism;0;2.71303;
./datasets/80Archivos/english_03;personalism;0;2.71303;
./datasets/80Archivos/english_06;personalism;0;2.71303;
./datasets/80Archivos/english_08;personalism;0;2.71303;
./datasets/80Archivos/english_09;personalism;0;2.71303;
./datasets/80Archivos/english_12;personalism;0;2.71303;
./datasets/80Archivos/english_14;personalism;0;2.71303;
./datasets/80Archivos/english_18;personalism;0;2.71303;
./datasets/80Archivos/english_19;personalism;0;2.71303;
./datasets/80Archivos/english_20;personalism;0;2.71303;
./datasets/80Archivos/english_22;personalism;0;2.71303;
./datasets/80Archivos/english_23;personalism;0;2.71303;
./datasets/80Archivos/english_26;personalism;0;2.71303;
./datasets/80Archivos/english_27;personalism;0;2.71303;
./datasets/80Archivos/english_29;personalism;1;2.71303;
./datasets/80Archivos/english_30;personalism;0;2.71303;
./datasets/80Archivos/english_31;personalism;0;2.71303;
./datasets/80Archivos/english_34;personalism;0;2.71303;
./datasets/80Archivos/english_36;personalism;0;2.71303;
./datasets/80Archivos/english_39;personalism;0;2.71303;
./datasets/80Archivos/dna_00;howitzer;0;2.97801;
./datasets/80Archivos/dna_02;howitzer;0;2.97801;
./datasets/80Archivos/dna_05;howitzer;0;2.97801;
./datasets/80Archivos/dna_08;howitzer;0;2.97801;
./datasets/80Archivos/dna_12;howitzer;0;2.97801;
./datasets/80Archivos/dna_16;howitzer;0;2.97801;
./datasets/80Archivos/dna_18;howitzer;0;2.97801;
./datasets/80Archivos/dna_20;howitzer;0;2.97801;
./datasets/80Archivos/dna_22;howitzer;0;2.97801;
./datasets/80Archivos/dna_23;howitzer;0;2.97801;
./datasets/80Archivos/dna_24;howitzer;0;2.97801;
./datasets/80Archivos/dna_26;howitzer;0;2.97801;
./datasets/80Archivos/dna_28;howitzer;0;2.97801;
./datasets/80Archivos/dna_29;howitzer;0;2.97801;
./datasets/80Archivos/dna_31;howitzer;0;2.97801;
./datasets/80Archivos/dna_34;howitzer;0;2.97801;
./datasets/80Archivos/dna_36;howitzer;0;2.97801;
./datasets/80Archivos/dna_37;howitzer;0;2.97801;
./datasets/80Archivos/dna_38;howitzer;0;2.97801;
./datasets/80Archivos/dna_39;howitzer;0;2.97801;
./datasets/80Archivos/english_01;howitzer;0;2.97801;
./datasets/80Archivos/english_03;howitzer;0;2.97801;
./datasets/80Archivos/english_06;howitzer;0;2.97801;
./datasets/80Archivos/english_08;howitzer;0;2.97801;
./datasets/80Archivos/english_09;howitzer;0;2.97801;
./datasets/80Archivos/english_12;howitzer;30;2.97801;
./datasets/80Archivos/english_14;howitzer;0;2.97801;
./datasets/80Archivos/english_18;howitzer;7;2.97801;
./datasets/80Archivos/english_19;howitzer;0;2.97801;
./datasets/80Archivos/english_20;howitzer;11;2.97801;
./datasets/80Archivos/english_22;howitzer;0;2.97801;
./datasets/80Archivos/english_23;howitzer;2;2.97801;
./datasets/80Archivos/english_26;howitzer;0;2.97801;
./datasets/80Archivos/english_27;howitzer;0;2.97801;
./datasets/80Archivos/english_29;howitzer;0;2.97801;
./datasets/80Archivos/english_30;howitzer;0;2.97801;
./datasets/80Archivos/english_31;howitzer;3;2.97801;
./datasets/80Archivos/english_34;howitzer;0;2.97801;
./datasets/80Archivos/english_36;howitzer;0;2.97801;
./datasets/80Archivos/english_39;howitzer;0;2.97801;
./datasets/80Archivos/dna_00;hexahydroxy;0;2.72596;
./datasets/80Archivos/dna_02;hexahydroxy;0;2.72596;
./datasets/80Archivos/dna_05;hexahydroxy;0;2.72596;
./datasets/80Archivos/dna_08;hexahydroxy;0;2.72596;
./datasets/80Archivos/dna_12;hexahydroxy;0;2.72596;
./datasets/80Archivos/dna_16;hexahydroxy;0;2.72596;
./datasets/80Archivos/dna_18;hexahydroxy;0;2.72596;
./datasets/80Archivos/dna_20;hexahydroxy;0;2.72596;
./datasets/80Archivos/dna_22;hexahydroxy;0;2.72596;
./datasets/80Archivos/dna_23;hexahydroxy;0;2.72596;
./datasets/80Archivos/dna_24;hexahydroxy;0;2.72596;
./datasets/80Archivos/dna_26;hexahydroxy;0;2.72596;
./datasets/80Archivos/dna_28;hexahydroxy;0;2.72596;
./datasets/80Archivos/dna_29;hexahydroxy;0;2.72596;
./datasets/80Archivos/dna_31;hexahydroxy;0;2.72596;
./datasets/80Archivos/dna_34;hexahydroxy;0;2.72596;
./datasets/80Archivos/dna_36;hexahydroxy;0;2.72596;
./datasets/80Archivos/dna_37;hexahydroxy;0;2.72596;
./datasets/80Archivos/dna_38;hexahydroxy;0;2.72596;
./datasets/80Archivos/dna_39;hexahydroxy;0;2.72596;
./datasets/80Archivos/english_01;hexahydroxy;0;2.72596;
./datasets/80Archivos/english_03;hexahydroxy;0;2.72596;
./datasets/80Archivos/english_06;hexahydroxy;0;2.72596;
./datasets/80Archivos/english_08;hexahydroxy;0;2.72596;
./datasets/80Archivos/english_09;hexahydroxy;0;2.72596;
./datasets/80Archivos/english_12;hexahydroxy;0;2.72596;
./datasets/80Archivos/english_14;hexahydroxy;0;2.72596;
./datasets/80Archivos/english_18;hexahydroxy;0;2.72596;
./datasets/80Archivos/english_19;hexahydroxy;0;2.72596;
./datasets/80Archivos/english_20;hexahydroxy;0;2.72596;
./datasets/80Archivos/english_22;hexahydroxy;0;2.72596;
./datasets/80Archivos/english_23;hexahydroxy;0;2.72596;
./datasets/80Archivos/english_26;hexahydroxy;0;2.72596;
./datasets/80Archivos/english_27;hexahydroxy;0;2.72596;
./datasets/80Archivos/english_29;hexahydroxy;0;2.72596;
./datasets/80Archivos/english_30;hexahydroxy;0;2.72596;
./datasets/80Archivos/english_31;hexahydroxy;0;2.72596;
./datasets/80Archivos/english_34;hexahydroxy;0;2.72596;
./datasets/80Archivos/english_36;hexahydroxy;0;2.72596;
./datasets/80Archivos/english_39;hexahydroxy;0;2.72596;
./datasets/80Archivos/dna_00;koku;0;3.44801;
./datasets/80Archivos/dna_02;koku;0;3.44801;
./datasets/80Archivos/dna_05;koku;0;3.44801;
./datasets/80Archivos/dna_08;koku;0;3.44801;
./datasets/80Archivos/dna_12;koku;0;3.44801;
./datasets/80Archivos/dna_16;koku;0;3.44801;
./datasets/80Archivos/dna_18;koku;0;3.44801;
./datasets/80Archivos/dna_20;koku;0;3.44801;
./datasets/80Archivos/dna_22;koku;0;3.44801;
./datasets/80Archivos/dna_23;koku;0;3.44801;
./datasets/80Archivos/dna_24;koku;0;3.44801;
./datasets/80Archivos/dna_26;koku;0;3.44801;
./datasets/80Archivos/dna_28;koku;0;3.44801;
./datasets/80Archivos/dna_29;koku;0;3.44801;
./datasets/80Archivos/dna_31;koku;0;3.44801;
./datasets/80Archivos/dna_34;koku;0;3.44801;
./datasets/80Archivos/dna_36;koku;0;3.44801;
./datasets/80Archivos/dna_37;koku;0;3.44801;
./datasets/80Archivos/dna_38;koku;0;3.44801;
./datasets/80Archivos/dna_39;koku;0;3.44801;
./datasets/80Archivos/english_01;koku;0;3.44801;
./datasets/80Archivos/english_03;koku;0;3.44801;
./datasets/80Archivos/english_06;koku;0;3.44801;
./datasets/80Archivos/english_08;koku;0;3.44801;
./datasets/80Archivos/english_09;koku;0;3.44801;
./datasets/80Archivos/english_12;koku;2;3.44801;
./datasets/80Archivos/english_14;koku;0;3.44801;
./datasets/80Archivos/english_18;koku;0;3.44801;
./datasets/80Archivos/english_19;koku;0;3.44801;
./datasets/80Archivos/english_20;koku;0;3.44801;
./datasets/80Archivos/english_22;koku;0;3.44801;
./datasets/80Archivos/english_23;koku;0;3.44801;
./datasets/80Archivos/english_26;koku;0;3.44801;
./datasets/80Archivos/english_27;koku;0;3.44801;
./datasets/80Archivos/english_29;koku;0;3.44801;
./datasets/80Archivos/english_30;koku;0;3.44801;
./datasets/80Archivos/english_31;koku;0;3.44801;
./datasets/80Archivos/english_34;koku;0;3.44801;
./datasets/80Archivos/english_36;koku;0;3.44801;
./datasets/80Archivos/english_39;koku;0;3.44801;
./datasets/80Archivos/dna_00;reamer;0;3.10197;
./datasets/80Archivos/dna_02;reamer;0;3.10197;
./datasets/80Archivos/dna_05;reamer;0;3.10197;
./datasets/80Archivos/dna_08;reamer;0;3.10197;
./datasets/80Archivos/dna_12;reamer;0;3.10197;
./datasets/80Archivos/dna_16;reamer;0;3.10197;
./datasets/80Archivos/dna_18;reamer;0;3.10197;
./datasets/80Archivos/dna_20;reamer;0;3.10197;
./datasets/80Archivos/dna_22;reamer;0;3.10197;
./datasets/80Archivos/dna_23;reamer;0;3.10197;
./datasets/80Archivos/dna_24;reamer;0;3.10197;
./datasets/80Archivos/dna_26;reamer;0;3.10197;
./datasets/80Archivos/dna_28;reamer;0;3.10197;
./datasets/80Archivos/dna_29;reamer;0;3.10197;
./datasets/80Archivos/dna_31;reamer;0;3.10197;
./datasets/80Archivos/dna_34;reamer;0;3.10197;
./datasets/80Archivos/dna_36;reamer;0;3.10197;
./datasets/80Archivos/dna_37;reamer;0;3.10197;
./datasets/80Archivos/dna_38;reamer;0;3.10197;
./datasets/80Archivos/dna_39;reamer;0;3.10197;
./datasets/80Archivos/english_01;reamer;1;3.10197;
./datasets/80Archivos/english_03;reamer;4;3.10197;
./datasets/80Archivos/english_06;reamer;3;3.10197;
./datasets/80Archivos/english_08;reamer;14;3.10197;
./datasets/80Archivos/english_09;reamer;3;3.10197;
./datasets/80Archivos/english_12;reamer;2;3.10197;
./datasets/80Archivos/english_14;reamer;2;3.10197;
./datasets/80Archivos/english_18;reamer;6;3.10197;
./datasets/80Archivos/english_19;reamer;6;3.10197;
./datasets/80Archivos/english_20;reamer;7;3.10197;
./datasets/80Archivos/english_22;reamer;8;3.10197;
./datasets/80Archivos/english_23;reamer;5;3.10197;
./datasets/80Archivos/english_26;reamer;5;3.10197;
./datasets/80Archivos/english_27;reamer;7;3.10197;
./datasets/80Archivos/english_29;reamer;4;3.10197;
./datasets/80Archivos/english_30;reamer;3;3.10197;
./datasets/80Archivos/english_31;reamer;10;3.10197;
./datasets/80Archivos/english_34;reamer;7;3.10197;
./datasets/80Archivos/english_36;reamer;6;3.10197;
./datasets/80Archivos/english_39;reamer;4;3.10197;
./datasets/80Archivos/dna_00;tonguiness;0;2.76098;
./datasets/80Archivos/dna_02;tonguiness;0;2.76098;
./datasets/80Archivos/dna_05;tonguiness;0;2.76098;
./datasets/80Archivos/dna_08;tonguiness;0;2.76098;
./datasets/80Archivos/dna_12;tonguiness;0;2.76098;
./datasets/80Archivos/dna_16;tonguiness;0;2.76098;
./datasets/80Archivos/dna_18;tonguiness;0;2.76098;
./datasets/80Archivos/dna_20;tonguiness;0;2.76098;
./datasets/80Archivos/dna_22;tonguiness;0;2.76098;
./datasets/80Archivos/dna_23;tonguiness;0;2.76098;
./datasets/80Archivos/dna_24;tonguiness;0;2.76098;
./datasets/80Archivos/dna_26;tonguiness;0;2.76098;
./datasets/80Archivos/dna_28;tonguiness;0;2.76098;
./datasets/80Archivos/dna_29;tonguiness;0;2.76098;
./datasets/80Archivos/dna_31;tonguiness;0;2.76098;
./datasets/80Archivos/dna_34;tonguiness;0;2.76098;
./datasets/80Archivos/dna_36;tonguiness;0;2.76098;
./datasets/80Archivos/dna_37;tonguiness;0;2.76098;
./datasets/80Archivos/dna_38;tonguiness;0;2.76098;
./datasets/80Archivos/dna_39;tonguiness;0;2.76098;
./datasets/80Archivos/english_01;tonguiness;0;2.76098;
./datasets/80Archivos/english_03;tonguiness;0;2.76098;
./datasets/80Archivos/english_06;tonguiness;0;2.76098;
./datasets/80Archivos/english_08;tonguiness;0;2.76098;
./datasets/80Archivos/english_09;tonguiness;0;2.76098;
./datasets/80Archivos/english_12;tonguiness;0;2.76098;
./datasets/80Archivos/english_14;tonguiness;0;2.76098;
./datasets/80Archivos/english_18;tonguiness;0;2.76098;
./datasets/80Archivos/english_19;tonguiness;0;2.76098;
./datasets/80Archivos/english_20;tonguiness;0;2.76098;
./datasets/80Archivos/english_22;tonguiness;0;2.76098;
./datasets/80Archivos/english_23;tonguiness;0;2.76098;
./datasets/80Archivos/english_26;tonguiness;0;2.76098;
./datasets/80Archivos/english_27;tonguiness;0;2.76098;
./datasets/80Archivos/english_29;tonguiness;0;2.76098;
./datasets/80Archivos/english_30;tonguiness;0;2.76098;
./datasets/80Archivos/english_31;tonguiness;0;2.76098;
./datasets/80Archivos/english_34;tonguiness;0;2.76098;
./datasets/80Archivos/english_36;tonguiness;0;2.76098;
./datasets/80Archivos/english_39;tonguiness;0;2.76098;
./datasets/80Archivos/dna_00;microgametocyte;0;2.66235;
./datasets/80Archivos/dna_02;microgametocyte;0;2.66235;
./datasets/80Archivos/dna_05;microgametocyte;0;2.66235;
./datasets/80Archivos/dna_08;microgametocyte;0;2.66235;
./datasets/80Archivos/dna_12;microgametocyte;0;2.66235;
./datasets/80Archivos/dna_16;microgametocyte;0;2.66235;
./datasets/80Archivos/dna_18;microgametocyte;0;2.66235;
./datasets/80Archivos/dna_20;microgametocyte;0;2.66235;
./datasets/80Archivos/dna_22;microgametocyte;0;2.66235;
./datasets/80Archivos/dna_23;microgametocyte;0;2.66235;
./datasets/80Archivos/dna_24;microgametocyte;0;2.66235;
./datasets/80Archivos/dna_26;microgametocyte;0;2.66235;
./datasets/80Archivos/dna_28;microgametocyte;0;2.66235;
./datasets/80Archivos/dna_29;microgametocyte;0;2.66235;
./datasets/80Archivos/dna_31;microgametocyte;0;2.66235;
./datasets/80Archivos/dna_34;microgametocyte;0;2.66235;
./datasets/80Archivos/dna_36;microgametocyte;0;2.66235;
./datasets/80Archivos/dna_37;microgametocyte;0;2.66235;
./datasets/80Archivos/dna_38;microgametocyte;0;2.66235;
./datasets/80Archivos/dna_39;microgametocyte;0;2.66235;
./datasets/80Archivos/english_01;microgametocyte;0;2.66235;
./datasets/80Archivos/english_03;microgametocyte;0;2.66235;
./datasets/80Archivos/english_06;microgametocyte;0;2.66235;
./datasets/80Archivos/english_08;microgametocyte;0;2.66235;
./datasets/80Archivos/english_09;microgametocyte;0;2.66235;
./datasets/80Archivos/english_12;microgametocyte;0;2.66235;
./datasets/80Archivos/english_14;microgametocyte;0;2.66235;
./datasets/80Archivos/english_18;microgametocyte;0;2.66235;
./datasets/80Archivos/english_19;microgametocyte;0;2.66235;
./datasets/80Archivos/english_20;microgametocyte;0;2.66235;
./datasets/80Archivos/english_22;microgametocyte;0;2.66235;
./datasets/80Archivos/english_23;microgametocyte;0;2.66235;
./datasets/80Archivos/english_26;microgametocyte;0;2.66235;
./datasets/80Archivos/english_27;microgametocyte;0;2.66235;
./datasets/80Archivos/english_29;microgametocyte;0;2.66235;
./datasets/80Archivos/english_30;microgametocyte;0;2.66235;
./datasets/80Archivos/english_31;microgametocyte;0;2.66235;
./datasets/80Archivos/english_34;microgametocyte;0;2.66235;
./datasets/80Archivos/english_36;microgametocyte;0;2.66235;
./datasets/80Archivos/english_39;microgametocyte;0;2.66235;
./datasets/80Archivos/dna_00;baba;0;3.36574;
./datasets/80Archivos/dna_02;baba;0;3.36574;
./datasets/80Archivos/dna_05;baba;0;3.36574;
./datasets/80Archivos/dna_08;baba;0;3.36574;
./datasets/80Archivos/dna_12;baba;0;3.36574;
./datasets/80Archivos/dna_16;baba;0;3.36574;
./datasets/80Archivos/dna_18;baba;0;3.36574;
./datasets/80Archivos/dna_20;baba;0;3.36574;
./datasets/80Archivos/dna_22;baba;0;3.36574;
./datasets/80Archivos/dna_23;baba;0;3.36574;
./datasets/80Archivos/dna_24;baba;0;3.36574;
./datasets/80Archivos/dna_26;baba;0;3.36574;
./datasets/80Archivos/dna_28;baba;0;3.36574;
./datasets/80Archivos/dna_29;baba;0;3.36574;
./datasets/80Archivos/dna_31;baba;0;3.36574;
./datasets/80Archivos/dna_34;baba;0;3.36574;
./datasets/80Archivos/dna_36;baba;0;3.36574;
./datasets/80Archivos/dna_37;baba;0;3.36574;
./datasets/80Archivos/dna_38;baba;0;3.36574;
./datasets/80Archivos/dna_39;baba;0;3.36574;
./datasets/80Archivos/english_01;baba;0;3.36574;
./datasets/80Archivos/english_03;baba;2;3.36574;
./datasets/80Archivos/english_06;baba;0;3.36574;
./datasets/80Archivos/english_08;baba;0;3.36574;
./datasets/80Archivos/english_09;baba;0;3.36574;
./datasets/80Archivos/english_12;baba;1;3.36574;
./datasets/80Archivos/english_14;baba;1;3.36574;
./datasets/80Archivos/english_18;baba;0;3.36574;
./datasets/80Archivos/english_19;baba;0;3.36574;
./datasets/80Archivos/english_20;baba;0;3.36574;
./datasets/80Archivos/english_22;baba;0;3.36574;
./datasets/80Archivos/english_23;baba;0;3.36574;
./datasets/80Archivos/english_26;baba;0;3.36574;
./datasets/80Archivos/english_27;baba;0;3.36574;
./datasets/80Archivos/english_29;baba;0;3.36574;
./datasets/80Archivos/english_30;baba;0;3.36574;
./datasets/80Archivos/english_31;baba;0;3.36574;
./datasets/80Archivos/english_34;baba;0;3.36574;
./datasets/80Archivos/english_36;baba;0;3.36574;
./datasets/80Archivos/english_39;baba;0;3.36574;
./datasets/80Archivos/dna_00;ludefisk;0;3.02702;
./datasets/80Archivos/dna_02;ludefisk;0;3.02702;
./datasets/80Archivos/dna_05;ludefisk;0;3.02702;
./datasets/80Archivos/dna_08;ludefisk;0;3.02702;
./datasets/80Archivos/dna_12;ludefisk;0;3.02702;
./datasets/80Archivos/dna_16;ludefisk;0;3.02702;
./datasets/80Archivos/dna_18;ludefisk;0;3.02702;
./datasets/80Archivos/dna_20;ludefisk;0;3.02702;
./datasets/80Archivos/dna_22;ludefisk;0;3.02702;
./datasets/80Archivos/dna_23;ludefisk;0;3.02702;
./datasets/80Archivos/dna_24;ludefisk;0;3.02702;
./datasets/80Archivos/dna_26;ludefisk;0;3.02702;
./datasets/80Archivos/dna_28;ludefisk;0;3.02702;
./datasets/80Archivos/dna_29;ludefisk;0;3.02702;
./datasets/80Archivos/dna_31;ludefisk;0;3.02702;
./datasets/80Archivos/dna_34;ludefisk;0;3.02702;
./datasets/80Archivos/dna_36;ludefisk;0;3.02702;
./datasets/80Archivos/dna_37;ludefisk;0;3.02702;
./datasets/80Archivos/dna_38;ludefisk;0;3.02702;
./datasets/80Archivos/dna_39;ludefisk;0;3.02702;
./datasets/80Archivos/english_01;ludefisk;0;3.02702;
./datasets/80Archivos/english_03;ludefisk;0;3.02702;
./datasets/80Archivos/english_06;ludefisk;0;3.02702;
./datasets/80Archivos/english_08;ludefisk;0;3.02702;
./datasets/80Archivos/english_09;ludefisk;0;3.02702;
./datasets/80Archivos/english_12;ludefisk;0;3.02702;
./datasets/80Archivos/english_14;ludefisk;0;3.02702;
./datasets/80Archivos/english_18;ludefisk;0;3.02702;
./datasets/80Archivos/english_19;ludefisk;0;3.02702;
./datasets/80Archivos/english_20;ludefisk;0;3.02702;
./datasets/80Archivos/english_22;ludefisk;0;3.02702;
./datasets/80Archivos/english_23;ludefisk;0;3.02702;
./datasets/80Archivos/english_26;ludefisk;0;3.02702;
./datasets/80Archivos/english_27;ludefisk;0;3.02702;
./datasets/80Archivos/english_29;ludefisk;0;3.02702;
./datasets/80Archivos/english_30;ludefisk;0;3.02702;
./datasets/80Archivos/english_31;ludefisk;0;3.02702;
./datasets/80Archivos/english_34;ludefisk;0;3.02702;
./datasets/80Archivos/english_36;ludefisk;0;3.02702;
./datasets/80Archivos/english_39;ludefisk;0;3.02702;
