./datasets/80Archivos/dna_00;resink;0;0.793548;
./datasets/80Archivos/dna_02;resink;0;0.793548;
./datasets/80Archivos/dna_05;resink;0;0.793548;
./datasets/80Archivos/dna_08;resink;0;0.793548;
./datasets/80Archivos/dna_12;resink;0;0.793548;
./datasets/80Archivos/dna_16;resink;0;0.793548;
./datasets/80Archivos/dna_18;resink;0;0.793548;
./datasets/80Archivos/dna_20;resink;0;0.793548;
./datasets/80Archivos/dna_22;resink;0;0.793548;
./datasets/80Archivos/dna_23;resink;0;0.793548;
./datasets/80Archivos/dna_00;transversomedial;0;0.83748;
./datasets/80Archivos/dna_02;transversomedial;0;0.83748;
./datasets/80Archivos/dna_05;transversomedial;0;0.83748;
./datasets/80Archivos/dna_08;transversomedial;0;0.83748;
./datasets/80Archivos/dna_12;transversomedial;0;0.83748;
./datasets/80Archivos/dna_16;transversomedial;0;0.83748;
./datasets/80Archivos/dna_18;transversomedial;0;0.83748;
./datasets/80Archivos/dna_20;transversomedial;0;0.83748;
./datasets/80Archivos/dna_22;transversomedial;0;0.83748;
./datasets/80Archivos/dna_23;transversomedial;0;0.83748;
./datasets/80Archivos/dna_00;pharyngopathy;0;0.655116;
./datasets/80Archivos/dna_02;pharyngopathy;0;0.655116;
./datasets/80Archivos/dna_05;pharyngopathy;0;0.655116;
./datasets/80Archivos/dna_08;pharyngopathy;0;0.655116;
./datasets/80Archivos/dna_12;pharyngopathy;0;0.655116;
./datasets/80Archivos/dna_16;pharyngopathy;0;0.655116;
./datasets/80Archivos/dna_18;pharyngopathy;0;0.655116;
./datasets/80Archivos/dna_20;pharyngopathy;0;0.655116;
./datasets/80Archivos/dna_22;pharyngopathy;0;0.655116;
./datasets/80Archivos/dna_23;pharyngopathy;0;0.655116;
./datasets/80Archivos/dna_00;postmineral;0;0.652628;
./datasets/80Archivos/dna_02;postmineral;0;0.652628;
./datasets/80Archivos/dna_05;postmineral;0;0.652628;
./datasets/80Archivos/dna_08;postmineral;0;0.652628;
./datasets/80Archivos/dna_12;postmineral;0;0.652628;
./datasets/80Archivos/dna_16;postmineral;0;0.652628;
./datasets/80Archivos/dna_18;postmineral;0;0.652628;
./datasets/80Archivos/dna_20;postmineral;0;0.652628;
./datasets/80Archivos/dna_22;postmineral;0;0.652628;
./datasets/80Archivos/dna_23;postmineral;0;0.652628;
./datasets/80Archivos/dna_00;myelosyphilis;0;0.71058;
./datasets/80Archivos/dna_02;myelosyphilis;0;0.71058;
./datasets/80Archivos/dna_05;myelosyphilis;0;0.71058;
./datasets/80Archivos/dna_08;myelosyphilis;0;0.71058;
./datasets/80Archivos/dna_12;myelosyphilis;0;0.71058;
./datasets/80Archivos/dna_16;myelosyphilis;0;0.71058;
./datasets/80Archivos/dna_18;myelosyphilis;0;0.71058;
./datasets/80Archivos/dna_20;myelosyphilis;0;0.71058;
./datasets/80Archivos/dna_22;myelosyphilis;0;0.71058;
./datasets/80Archivos/dna_23;myelosyphilis;0;0.71058;
./datasets/80Archivos/dna_00;silverer;0;0.743575;
./datasets/80Archivos/dna_02;silverer;0;0.743575;
./datasets/80Archivos/dna_05;silverer;0;0.743575;
./datasets/80Archivos/dna_08;silverer;0;0.743575;
./datasets/80Archivos/dna_12;silverer;0;0.743575;
./datasets/80Archivos/dna_16;silverer;0;0.743575;
./datasets/80Archivos/dna_18;silverer;0;0.743575;
./datasets/80Archivos/dna_20;silverer;0;0.743575;
./datasets/80Archivos/dna_22;silverer;0;0.743575;
./datasets/80Archivos/dna_23;silverer;0;0.743575;
./datasets/80Archivos/dna_00;evincement;0;0.722588;
./datasets/80Archivos/dna_02;evincement;0;0.722588;
./datasets/80Archivos/dna_05;evincement;0;0.722588;
./datasets/80Archivos/dna_08;evincement;0;0.722588;
./datasets/80Archivos/dna_12;evincement;0;0.722588;
./datasets/80Archivos/dna_16;evincement;0;0.722588;
./datasets/80Archivos/dna_18;evincement;0;0.722588;
./datasets/80Archivos/dna_20;evincement;0;0.722588;
./datasets/80Archivos/dna_22;evincement;0;0.722588;
./datasets/80Archivos/dna_23;evincement;0;0.722588;
./datasets/80Archivos/dna_00;phrygium;0;0.751572;
./datasets/80Archivos/dna_02;phrygium;0;0.751572;
./datasets/80Archivos/dna_05;phrygium;0;0.751572;
./datasets/80Archivos/dna_08;phrygium;0;0.751572;
./datasets/80Archivos/dna_12;phrygium;0;0.751572;
./datasets/80Archivos/dna_16;phrygium;0;0.751572;
./datasets/80Archivos/dna_18;phrygium;0;0.751572;
./datasets/80Archivos/dna_20;phrygium;0;0.751572;
./datasets/80Archivos/dna_22;phrygium;0;0.751572;
./datasets/80Archivos/dna_23;phrygium;0;0.751572;
./datasets/80Archivos/dna_00;punnigram;0;0.693619;
./datasets/80Archivos/dna_02;punnigram;0;0.693619;
./datasets/80Archivos/dna_05;punnigram;0;0.693619;
./datasets/80Archivos/dna_08;punnigram;0;0.693619;
./datasets/80Archivos/dna_12;punnigram;0;0.693619;
./datasets/80Archivos/dna_16;punnigram;0;0.693619;
./datasets/80Archivos/dna_18;punnigram;0;0.693619;
./datasets/80Archivos/dna_20;punnigram;0;0.693619;
./datasets/80Archivos/dna_22;punnigram;0;0.693619;
./datasets/80Archivos/dna_23;punnigram;0;0.693619;
./datasets/80Archivos/dna_00;imminution;0;0.666614;
./datasets/80Archivos/dna_02;imminution;0;0.666614;
./datasets/80Archivos/dna_05;imminution;0;0.666614;
./datasets/80Archivos/dna_08;imminution;0;0.666614;
./datasets/80Archivos/dna_12;imminution;0;0.666614;
./datasets/80Archivos/dna_16;imminution;0;0.666614;
./datasets/80Archivos/dna_18;imminution;0;0.666614;
./datasets/80Archivos/dna_20;imminution;0;0.666614;
./datasets/80Archivos/dna_22;imminution;0;0.666614;
./datasets/80Archivos/dna_23;imminution;0;0.666614;
./datasets/80Archivos/dna_00;environmental;0;0.743775;
./datasets/80Archivos/dna_02;environmental;0;0.743775;
./datasets/80Archivos/dna_05;environmental;0;0.743775;
./datasets/80Archivos/dna_08;environmental;0;0.743775;
./datasets/80Archivos/dna_12;environmental;0;0.743775;
./datasets/80Archivos/dna_16;environmental;0;0.743775;
./datasets/80Archivos/dna_18;environmental;0;0.743775;
./datasets/80Archivos/dna_20;environmental;0;0.743775;
./datasets/80Archivos/dna_22;environmental;0;0.743775;
./datasets/80Archivos/dna_23;environmental;0;0.743775;
./datasets/80Archivos/dna_00;sleepify;0;0.698016;
./datasets/80Archivos/dna_02;sleepify;0;0.698016;
./datasets/80Archivos/dna_05;sleepify;0;0.698016;
./datasets/80Archivos/dna_08;sleepify;0;0.698016;
./datasets/80Archivos/dna_12;sleepify;0;0.698016;
./datasets/80Archivos/dna_16;sleepify;0;0.698016;
./datasets/80Archivos/dna_18;sleepify;0;0.698016;
./datasets/80Archivos/dna_20;sleepify;0;0.698016;
./datasets/80Archivos/dna_22;sleepify;0;0.698016;
./datasets/80Archivos/dna_23;sleepify;0;0.698016;
./datasets/80Archivos/dna_00;nope;0;0.826999;
./datasets/80Archivos/dna_02;nope;0;0.826999;
./datasets/80Archivos/dna_05;nope;0;0.826999;
./datasets/80Archivos/dna_08;nope;0;0.826999;
./datasets/80Archivos/dna_12;nope;0;0.826999;
./datasets/80Archivos/dna_16;nope;0;0.826999;
./datasets/80Archivos/dna_18;nope;0;0.826999;
./datasets/80Archivos/dna_20;nope;0;0.826999;
./datasets/80Archivos/dna_22;nope;0;0.826999;
./datasets/80Archivos/dna_23;nope;0;0.826999;
./datasets/80Archivos/dna_00;wauken;0;0.75777;
./datasets/80Archivos/dna_02;wauken;0;0.75777;
./datasets/80Archivos/dna_05;wauken;0;0.75777;
./datasets/80Archivos/dna_08;wauken;0;0.75777;
./datasets/80Archivos/dna_12;wauken;0;0.75777;
./datasets/80Archivos/dna_16;wauken;0;0.75777;
./datasets/80Archivos/dna_18;wauken;0;0.75777;
./datasets/80Archivos/dna_20;wauken;0;0.75777;
./datasets/80Archivos/dna_22;wauken;0;0.75777;
./datasets/80Archivos/dna_23;wauken;0;0.75777;
./datasets/80Archivos/dna_00;indignance;0;0.664415;
./datasets/80Archivos/dna_02;indignance;0;0.664415;
./datasets/80Archivos/dna_05;indignance;0;0.664415;
./datasets/80Archivos/dna_08;indignance;0;0.664415;
./datasets/80Archivos/dna_12;indignance;0;0.664415;
./datasets/80Archivos/dna_16;indignance;0;0.664415;
./datasets/80Archivos/dna_18;indignance;0;0.664415;
./datasets/80Archivos/dna_20;indignance;0;0.664415;
./datasets/80Archivos/dna_22;indignance;0;0.664415;
./datasets/80Archivos/dna_23;indignance;0;0.664415;
./datasets/80Archivos/dna_00;knotwort;0;0.696525;
./datasets/80Archivos/dna_02;knotwort;0;0.696525;
./datasets/80Archivos/dna_05;knotwort;0;0.696525;
./datasets/80Archivos/dna_08;knotwort;0;0.696525;
./datasets/80Archivos/dna_12;knotwort;0;0.696525;
./datasets/80Archivos/dna_16;knotwort;0;0.696525;
./datasets/80Archivos/dna_18;knotwort;0;0.696525;
./datasets/80Archivos/dna_20;knotwort;0;0.696525;
./datasets/80Archivos/dna_22;knotwort;0;0.696525;
./datasets/80Archivos/dna_23;knotwort;0;0.696525;
./datasets/80Archivos/dna_00;apocodeine;0;0.697873;
./datasets/80Archivos/dna_02;apocodeine;0;0.697873;
./datasets/80Archivos/dna_05;apocodeine;0;0.697873;
./datasets/80Archivos/dna_08;apocodeine;0;0.697873;
./datasets/80Archivos/dna_12;apocodeine;0;0.697873;
./datasets/80Archivos/dna_16;apocodeine;0;0.697873;
./datasets/80Archivos/dna_18;apocodeine;0;0.697873;
./datasets/80Archivos/dna_20;apocodeine;0;0.697873;
./datasets/80Archivos/dna_22;apocodeine;0;0.697873;
./datasets/80Archivos/dna_23;apocodeine;0;0.697873;
./datasets/80Archivos/dna_00;escortee;0;0.729124;
./datasets/80Archivos/dna_02;escortee;0;0.729124;
./datasets/80Archivos/dna_05;escortee;0;0.729124;
./datasets/80Archivos/dna_08;escortee;0;0.729124;
./datasets/80Archivos/dna_12;escortee;0;0.729124;
./datasets/80Archivos/dna_16;escortee;0;0.729124;
./datasets/80Archivos/dna_18;escortee;0;0.729124;
./datasets/80Archivos/dna_20;escortee;0;0.729124;
./datasets/80Archivos/dna_22;escortee;0;0.729124;
./datasets/80Archivos/dna_23;escortee;0;0.729124;
./datasets/80Archivos/dna_00;dogwatch;0;0.705003;
./datasets/80Archivos/dna_02;dogwatch;0;0.705003;
./datasets/80Archivos/dna_05;dogwatch;0;0.705003;
./datasets/80Archivos/dna_08;dogwatch;0;0.705003;
./datasets/80Archivos/dna_12;dogwatch;0;0.705003;
./datasets/80Archivos/dna_16;dogwatch;0;0.705003;
./datasets/80Archivos/dna_18;dogwatch;0;0.705003;
./datasets/80Archivos/dna_20;dogwatch;0;0.705003;
./datasets/80Archivos/dna_22;dogwatch;0;0.705003;
./datasets/80Archivos/dna_23;dogwatch;0;0.705003;
./datasets/80Archivos/dna_00;eaglewood;0;0.685954;
./datasets/80Archivos/dna_02;eaglewood;0;0.685954;
./datasets/80Archivos/dna_05;eaglewood;0;0.685954;
./datasets/80Archivos/dna_08;eaglewood;0;0.685954;
./datasets/80Archivos/dna_12;eaglewood;0;0.685954;
./datasets/80Archivos/dna_16;eaglewood;0;0.685954;
./datasets/80Archivos/dna_18;eaglewood;0;0.685954;
./datasets/80Archivos/dna_20;eaglewood;0;0.685954;
./datasets/80Archivos/dna_22;eaglewood;0;0.685954;
./datasets/80Archivos/dna_23;eaglewood;0;0.685954;
./datasets/80Archivos/dna_00;unbrotherliness;0;0.627093;
./datasets/80Archivos/dna_02;unbrotherliness;0;0.627093;
./datasets/80Archivos/dna_05;unbrotherliness;0;0.627093;
./datasets/80Archivos/dna_08;unbrotherliness;0;0.627093;
./datasets/80Archivos/dna_12;unbrotherliness;0;0.627093;
./datasets/80Archivos/dna_16;unbrotherliness;0;0.627093;
./datasets/80Archivos/dna_18;unbrotherliness;0;0.627093;
./datasets/80Archivos/dna_20;unbrotherliness;0;0.627093;
./datasets/80Archivos/dna_22;unbrotherliness;0;0.627093;
./datasets/80Archivos/dna_23;unbrotherliness;0;0.627093;
./datasets/80Archivos/dna_00;mulse;0;0.785967;
./datasets/80Archivos/dna_02;mulse;0;0.785967;
./datasets/80Archivos/dna_05;mulse;0;0.785967;
./datasets/80Archivos/dna_08;mulse;0;0.785967;
./datasets/80Archivos/dna_12;mulse;0;0.785967;
./datasets/80Archivos/dna_16;mulse;0;0.785967;
./datasets/80Archivos/dna_18;mulse;0;0.785967;
./datasets/80Archivos/dna_20;mulse;0;0.785967;
./datasets/80Archivos/dna_22;mulse;0;0.785967;
./datasets/80Archivos/dna_23;mulse;0;0.785967;
./datasets/80Archivos/dna_00;dermobranchiata;0;0.641471;
./datasets/80Archivos/dna_02;dermobranchiata;0;0.641471;
./datasets/80Archivos/dna_05;dermobranchiata;0;0.641471;
./datasets/80Archivos/dna_08;dermobranchiata;0;0.641471;
./datasets/80Archivos/dna_12;dermobranchiata;0;0.641471;
./datasets/80Archivos/dna_16;dermobranchiata;0;0.641471;
./datasets/80Archivos/dna_18;dermobranchiata;0;0.641471;
./datasets/80Archivos/dna_20;dermobranchiata;0;0.641471;
./datasets/80Archivos/dna_22;dermobranchiata;0;0.641471;
./datasets/80Archivos/dna_23;dermobranchiata;0;0.641471;
./datasets/80Archivos/dna_00;typhic;0;0.739561;
./datasets/80Archivos/dna_02;typhic;0;0.739561;
./datasets/80Archivos/dna_05;typhic;0;0.739561;
./datasets/80Archivos/dna_08;typhic;0;0.739561;
./datasets/80Archivos/dna_12;typhic;0;0.739561;
./datasets/80Archivos/dna_16;typhic;0;0.739561;
./datasets/80Archivos/dna_18;typhic;0;0.739561;
./datasets/80Archivos/dna_20;typhic;0;0.739561;
./datasets/80Archivos/dna_22;typhic;0;0.739561;
./datasets/80Archivos/dna_23;typhic;0;0.739561;
./datasets/80Archivos/dna_00;poststertorous;0;0.665902;
./datasets/80Archivos/dna_02;poststertorous;0;0.665902;
./datasets/80Archivos/dna_05;poststertorous;0;0.665902;
./datasets/80Archivos/dna_08;poststertorous;0;0.665902;
./datasets/80Archivos/dna_12;poststertorous;0;0.665902;
./datasets/80Archivos/dna_16;poststertorous;0;0.665902;
./datasets/80Archivos/dna_18;poststertorous;0;0.665902;
./datasets/80Archivos/dna_20;poststertorous;0;0.665902;
./datasets/80Archivos/dna_22;poststertorous;0;0.665902;
./datasets/80Archivos/dna_23;poststertorous;0;0.665902;
./datasets/80Archivos/dna_00;indevout;0;0.698418;
./datasets/80Archivos/dna_02;indevout;0;0.698418;
./datasets/80Archivos/dna_05;indevout;0;0.698418;
./datasets/80Archivos/dna_08;indevout;0;0.698418;
./datasets/80Archivos/dna_12;indevout;0;0.698418;
./datasets/80Archivos/dna_16;indevout;0;0.698418;
./datasets/80Archivos/dna_18;indevout;0;0.698418;
./datasets/80Archivos/dna_20;indevout;0;0.698418;
./datasets/80Archivos/dna_22;indevout;0;0.698418;
./datasets/80Archivos/dna_23;indevout;0;0.698418;
./datasets/80Archivos/dna_00;anatomicopathologic;0;0.616649;
./datasets/80Archivos/dna_02;anatomicopathologic;0;0.616649;
./datasets/80Archivos/dna_05;anatomicopathologic;0;0.616649;
./datasets/80Archivos/dna_08;anatomicopathologic;0;0.616649;
./datasets/80Archivos/dna_12;anatomicopathologic;0;0.616649;
./datasets/80Archivos/dna_16;anatomicopathologic;0;0.616649;
./datasets/80Archivos/dna_18;anatomicopathologic;0;0.616649;
./datasets/80Archivos/dna_20;anatomicopathologic;0;0.616649;
./datasets/80Archivos/dna_22;anatomicopathologic;0;0.616649;
./datasets/80Archivos/dna_23;anatomicopathologic;0;0.616649;
./datasets/80Archivos/dna_00;unimpenetrable;0;0.644634;
./datasets/80Archivos/dna_02;unimpenetrable;0;0.644634;
./datasets/80Archivos/dna_05;unimpenetrable;0;0.644634;
./datasets/80Archivos/dna_08;unimpenetrable;0;0.644634;
./datasets/80Archivos/dna_12;unimpenetrable;0;0.644634;
./datasets/80Archivos/dna_16;unimpenetrable;0;0.644634;
./datasets/80Archivos/dna_18;unimpenetrable;0;0.644634;
./datasets/80Archivos/dna_20;unimpenetrable;0;0.644634;
./datasets/80Archivos/dna_22;unimpenetrable;0;0.644634;
./datasets/80Archivos/dna_23;unimpenetrable;0;0.644634;
./datasets/80Archivos/dna_00;hoggy;0;0.774571;
./datasets/80Archivos/dna_02;hoggy;0;0.774571;
./datasets/80Archivos/dna_05;hoggy;0;0.774571;
./datasets/80Archivos/dna_08;hoggy;0;0.774571;
./datasets/80Archivos/dna_12;hoggy;0;0.774571;
./datasets/80Archivos/dna_16;hoggy;0;0.774571;
./datasets/80Archivos/dna_18;hoggy;0;0.774571;
./datasets/80Archivos/dna_20;hoggy;0;0.774571;
./datasets/80Archivos/dna_22;hoggy;0;0.774571;
./datasets/80Archivos/dna_23;hoggy;0;0.774571;
./datasets/80Archivos/dna_00;urrhodin;0;0.827329;
./datasets/80Archivos/dna_02;urrhodin;0;0.827329;
./datasets/80Archivos/dna_05;urrhodin;0;0.827329;
./datasets/80Archivos/dna_08;urrhodin;0;0.827329;
./datasets/80Archivos/dna_12;urrhodin;0;0.827329;
./datasets/80Archivos/dna_16;urrhodin;0;0.827329;
./datasets/80Archivos/dna_18;urrhodin;0;0.827329;
./datasets/80Archivos/dna_20;urrhodin;0;0.827329;
./datasets/80Archivos/dna_22;urrhodin;0;0.827329;
./datasets/80Archivos/dna_23;urrhodin;0;0.827329;
./datasets/80Archivos/dna_00;Dioecia;0;0.757623;
./datasets/80Archivos/dna_02;Dioecia;0;0.757623;
./datasets/80Archivos/dna_05;Dioecia;0;0.757623;
./datasets/80Archivos/dna_08;Dioecia;0;0.757623;
./datasets/80Archivos/dna_12;Dioecia;0;0.757623;
./datasets/80Archivos/dna_16;Dioecia;0;0.757623;
./datasets/80Archivos/dna_18;Dioecia;0;0.757623;
./datasets/80Archivos/dna_20;Dioecia;0;0.757623;
./datasets/80Archivos/dna_22;Dioecia;0;0.757623;
./datasets/80Archivos/dna_23;Dioecia;0;0.757623;
./datasets/80Archivos/dna_00;unchapter;0;0.842519;
./datasets/80Archivos/dna_02;unchapter;0;0.842519;
./datasets/80Archivos/dna_05;unchapter;0;0.842519;
./datasets/80Archivos/dna_08;unchapter;0;0.842519;
./datasets/80Archivos/dna_12;unchapter;0;0.842519;
./datasets/80Archivos/dna_16;unchapter;0;0.842519;
./datasets/80Archivos/dna_18;unchapter;0;0.842519;
./datasets/80Archivos/dna_20;unchapter;0;0.842519;
./datasets/80Archivos/dna_22;unchapter;0;0.842519;
./datasets/80Archivos/dna_23;unchapter;0;0.842519;
./datasets/80Archivos/dna_00;nonumbilicate;0;0.683617;
./datasets/80Archivos/dna_02;nonumbilicate;0;0.683617;
./datasets/80Archivos/dna_05;nonumbilicate;0;0.683617;
./datasets/80Archivos/dna_08;nonumbilicate;0;0.683617;
./datasets/80Archivos/dna_12;nonumbilicate;0;0.683617;
./datasets/80Archivos/dna_16;nonumbilicate;0;0.683617;
./datasets/80Archivos/dna_18;nonumbilicate;0;0.683617;
./datasets/80Archivos/dna_20;nonumbilicate;0;0.683617;
./datasets/80Archivos/dna_22;nonumbilicate;0;0.683617;
./datasets/80Archivos/dna_23;nonumbilicate;0;0.683617;
./datasets/80Archivos/dna_00;zwitterionic;0;0.72437;
./datasets/80Archivos/dna_02;zwitterionic;0;0.72437;
./datasets/80Archivos/dna_05;zwitterionic;0;0.72437;
./datasets/80Archivos/dna_08;zwitterionic;0;0.72437;
./datasets/80Archivos/dna_12;zwitterionic;0;0.72437;
./datasets/80Archivos/dna_16;zwitterionic;0;0.72437;
./datasets/80Archivos/dna_18;zwitterionic;0;0.72437;
./datasets/80Archivos/dna_20;zwitterionic;0;0.72437;
./datasets/80Archivos/dna_22;zwitterionic;0;0.72437;
./datasets/80Archivos/dna_23;zwitterionic;0;0.72437;
./datasets/80Archivos/dna_00;apportionable;0;0.746263;
./datasets/80Archivos/dna_02;apportionable;0;0.746263;
./datasets/80Archivos/dna_05;apportionable;0;0.746263;
./datasets/80Archivos/dna_08;apportionable;0;0.746263;
./datasets/80Archivos/dna_12;apportionable;0;0.746263;
./datasets/80Archivos/dna_16;apportionable;0;0.746263;
./datasets/80Archivos/dna_18;apportionable;0;0.746263;
./datasets/80Archivos/dna_20;apportionable;0;0.746263;
./datasets/80Archivos/dna_22;apportionable;0;0.746263;
./datasets/80Archivos/dna_23;apportionable;0;0.746263;
./datasets/80Archivos/dna_00;ferulic;0;0.769677;
./datasets/80Archivos/dna_02;ferulic;0;0.769677;
./datasets/80Archivos/dna_05;ferulic;0;0.769677;
./datasets/80Archivos/dna_08;ferulic;0;0.769677;
./datasets/80Archivos/dna_12;ferulic;0;0.769677;
./datasets/80Archivos/dna_16;ferulic;0;0.769677;
./datasets/80Archivos/dna_18;ferulic;0;0.769677;
./datasets/80Archivos/dna_20;ferulic;0;0.769677;
./datasets/80Archivos/dna_22;ferulic;0;0.769677;
./datasets/80Archivos/dna_23;ferulic;0;0.769677;
./datasets/80Archivos/dna_00;statefulness;0;0.710384;
./datasets/80Archivos/dna_02;statefulness;0;0.710384;
./datasets/80Archivos/dna_05;statefulness;0;0.710384;
./datasets/80Archivos/dna_08;statefulness;0;0.710384;
./datasets/80Archivos/dna_12;statefulness;0;0.710384;
./datasets/80Archivos/dna_16;statefulness;0;0.710384;
./datasets/80Archivos/dna_18;statefulness;0;0.710384;
./datasets/80Archivos/dna_20;statefulness;0;0.710384;
./datasets/80Archivos/dna_22;statefulness;0;0.710384;
./datasets/80Archivos/dna_23;statefulness;0;0.710384;
./datasets/80Archivos/dna_00;pharyngotonsillitis;0;0.640615;
./datasets/80Archivos/dna_02;pharyngotonsillitis;0;0.640615;
./datasets/80Archivos/dna_05;pharyngotonsillitis;0;0.640615;
./datasets/80Archivos/dna_08;pharyngotonsillitis;0;0.640615;
./datasets/80Archivos/dna_12;pharyngotonsillitis;0;0.640615;
./datasets/80Archivos/dna_16;pharyngotonsillitis;0;0.640615;
./datasets/80Archivos/dna_18;pharyngotonsillitis;0;0.640615;
./datasets/80Archivos/dna_20;pharyngotonsillitis;0;0.640615;
./datasets/80Archivos/dna_22;pharyngotonsillitis;0;0.640615;
./datasets/80Archivos/dna_23;pharyngotonsillitis;0;0.640615;
./datasets/80Archivos/dna_00;Mimulus;0;0.903513;
./datasets/80Archivos/dna_02;Mimulus;0;0.903513;
./datasets/80Archivos/dna_05;Mimulus;0;0.903513;
./datasets/80Archivos/dna_08;Mimulus;0;0.903513;
./datasets/80Archivos/dna_12;Mimulus;0;0.903513;
./datasets/80Archivos/dna_16;Mimulus;0;0.903513;
./datasets/80Archivos/dna_18;Mimulus;0;0.903513;
./datasets/80Archivos/dna_20;Mimulus;0;0.903513;
./datasets/80Archivos/dna_22;Mimulus;0;0.903513;
./datasets/80Archivos/dna_23;Mimulus;0;0.903513;
./datasets/80Archivos/dna_00;recce;0;0.785255;
./datasets/80Archivos/dna_02;recce;0;0.785255;
./datasets/80Archivos/dna_05;recce;0;0.785255;
./datasets/80Archivos/dna_08;recce;0;0.785255;
./datasets/80Archivos/dna_12;recce;0;0.785255;
./datasets/80Archivos/dna_16;recce;0;0.785255;
./datasets/80Archivos/dna_18;recce;0;0.785255;
./datasets/80Archivos/dna_20;recce;0;0.785255;
./datasets/80Archivos/dna_22;recce;0;0.785255;
./datasets/80Archivos/dna_23;recce;0;0.785255;
./datasets/80Archivos/dna_00;mutinously;0;0.67825;
./datasets/80Archivos/dna_02;mutinously;0;0.67825;
./datasets/80Archivos/dna_05;mutinously;0;0.67825;
./datasets/80Archivos/dna_08;mutinously;0;0.67825;
./datasets/80Archivos/dna_12;mutinously;0;0.67825;
./datasets/80Archivos/dna_16;mutinously;0;0.67825;
./datasets/80Archivos/dna_18;mutinously;0;0.67825;
./datasets/80Archivos/dna_20;mutinously;0;0.67825;
./datasets/80Archivos/dna_22;mutinously;0;0.67825;
./datasets/80Archivos/dna_23;mutinously;0;0.67825;
./datasets/80Archivos/dna_00;reboant;0;0.713227;
./datasets/80Archivos/dna_02;reboant;0;0.713227;
./datasets/80Archivos/dna_05;reboant;0;0.713227;
./datasets/80Archivos/dna_08;reboant;0;0.713227;
./datasets/80Archivos/dna_12;reboant;0;0.713227;
./datasets/80Archivos/dna_16;reboant;0;0.713227;
./datasets/80Archivos/dna_18;reboant;0;0.713227;
./datasets/80Archivos/dna_20;reboant;0;0.713227;
./datasets/80Archivos/dna_22;reboant;0;0.713227;
./datasets/80Archivos/dna_23;reboant;0;0.713227;
./datasets/80Archivos/dna_00;marshwort;0;0.687621;
./datasets/80Archivos/dna_02;marshwort;0;0.687621;
./datasets/80Archivos/dna_05;marshwort;0;0.687621;
./datasets/80Archivos/dna_08;marshwort;0;0.687621;
./datasets/80Archivos/dna_12;marshwort;0;0.687621;
./datasets/80Archivos/dna_16;marshwort;0;0.687621;
./datasets/80Archivos/dna_18;marshwort;0;0.687621;
./datasets/80Archivos/dna_20;marshwort;0;0.687621;
./datasets/80Archivos/dna_22;marshwort;0;0.687621;
./datasets/80Archivos/dna_23;marshwort;0;0.687621;
./datasets/80Archivos/dna_00;lupoid;0;0.753214;
./datasets/80Archivos/dna_02;lupoid;0;0.753214;
./datasets/80Archivos/dna_05;lupoid;0;0.753214;
./datasets/80Archivos/dna_08;lupoid;0;0.753214;
./datasets/80Archivos/dna_12;lupoid;0;0.753214;
./datasets/80Archivos/dna_16;lupoid;0;0.753214;
./datasets/80Archivos/dna_18;lupoid;0;0.753214;
./datasets/80Archivos/dna_20;lupoid;0;0.753214;
./datasets/80Archivos/dna_22;lupoid;0;0.753214;
./datasets/80Archivos/dna_23;lupoid;0;0.753214;
./datasets/80Archivos/dna_00;chromatophilic;0;0.635651;
./datasets/80Archivos/dna_02;chromatophilic;0;0.635651;
./datasets/80Archivos/dna_05;chromatophilic;0;0.635651;
./datasets/80Archivos/dna_08;chromatophilic;0;0.635651;
./datasets/80Archivos/dna_12;chromatophilic;0;0.635651;
./datasets/80Archivos/dna_16;chromatophilic;0;0.635651;
./datasets/80Archivos/dna_18;chromatophilic;0;0.635651;
./datasets/80Archivos/dna_20;chromatophilic;0;0.635651;
./datasets/80Archivos/dna_22;chromatophilic;0;0.635651;
./datasets/80Archivos/dna_23;chromatophilic;0;0.635651;
./datasets/80Archivos/dna_00;lauder;0;0.737178;
./datasets/80Archivos/dna_02;lauder;0;0.737178;
./datasets/80Archivos/dna_05;lauder;0;0.737178;
./datasets/80Archivos/dna_08;lauder;0;0.737178;
./datasets/80Archivos/dna_12;lauder;0;0.737178;
./datasets/80Archivos/dna_16;lauder;0;0.737178;
./datasets/80Archivos/dna_18;lauder;0;0.737178;
./datasets/80Archivos/dna_20;lauder;0;0.737178;
./datasets/80Archivos/dna_22;lauder;0;0.737178;
./datasets/80Archivos/dna_23;lauder;0;0.737178;
./datasets/80Archivos/dna_00;nirles;0;0.761352;
./datasets/80Archivos/dna_02;nirles;0;0.761352;
./datasets/80Archivos/dna_05;nirles;0;0.761352;
./datasets/80Archivos/dna_08;nirles;0;0.761352;
./datasets/80Archivos/dna_12;nirles;0;0.761352;
./datasets/80Archivos/dna_16;nirles;0;0.761352;
./datasets/80Archivos/dna_18;nirles;0;0.761352;
./datasets/80Archivos/dna_20;nirles;0;0.761352;
./datasets/80Archivos/dna_22;nirles;0;0.761352;
./datasets/80Archivos/dna_23;nirles;0;0.761352;
./datasets/80Archivos/dna_00;esthesiometer;0;0.698601;
./datasets/80Archivos/dna_02;esthesiometer;0;0.698601;
./datasets/80Archivos/dna_05;esthesiometer;0;0.698601;
./datasets/80Archivos/dna_08;esthesiometer;0;0.698601;
./datasets/80Archivos/dna_12;esthesiometer;0;0.698601;
./datasets/80Archivos/dna_16;esthesiometer;0;0.698601;
./datasets/80Archivos/dna_18;esthesiometer;0;0.698601;
./datasets/80Archivos/dna_20;esthesiometer;0;0.698601;
./datasets/80Archivos/dna_22;esthesiometer;0;0.698601;
./datasets/80Archivos/dna_23;esthesiometer;0;0.698601;
./datasets/80Archivos/dna_00;semisocial;0;0.786097;
./datasets/80Archivos/dna_02;semisocial;0;0.786097;
./datasets/80Archivos/dna_05;semisocial;0;0.786097;
./datasets/80Archivos/dna_08;semisocial;0;0.786097;
./datasets/80Archivos/dna_12;semisocial;0;0.786097;
./datasets/80Archivos/dna_16;semisocial;0;0.786097;
./datasets/80Archivos/dna_18;semisocial;0;0.786097;
./datasets/80Archivos/dna_20;semisocial;0;0.786097;
./datasets/80Archivos/dna_22;semisocial;0;0.786097;
./datasets/80Archivos/dna_23;semisocial;0;0.786097;
./datasets/80Archivos/dna_00;unbeing;0;0.829871;
./datasets/80Archivos/dna_02;unbeing;0;0.829871;
./datasets/80Archivos/dna_05;unbeing;0;0.829871;
./datasets/80Archivos/dna_08;unbeing;0;0.829871;
./datasets/80Archivos/dna_12;unbeing;0;0.829871;
./datasets/80Archivos/dna_16;unbeing;0;0.829871;
./datasets/80Archivos/dna_18;unbeing;0;0.829871;
./datasets/80Archivos/dna_20;unbeing;0;0.829871;
./datasets/80Archivos/dna_22;unbeing;0;0.829871;
./datasets/80Archivos/dna_23;unbeing;0;0.829871;
./datasets/80Archivos/dna_00;kangaroo;0;0.846062;
./datasets/80Archivos/dna_02;kangaroo;0;0.846062;
./datasets/80Archivos/dna_05;kangaroo;0;0.846062;
./datasets/80Archivos/dna_08;kangaroo;0;0.846062;
./datasets/80Archivos/dna_12;kangaroo;0;0.846062;
./datasets/80Archivos/dna_16;kangaroo;0;0.846062;
./datasets/80Archivos/dna_18;kangaroo;0;0.846062;
./datasets/80Archivos/dna_20;kangaroo;0;0.846062;
./datasets/80Archivos/dna_22;kangaroo;0;0.846062;
./datasets/80Archivos/dna_23;kangaroo;0;0.846062;
./datasets/80Archivos/dna_00;takosis;0;0.714251;
./datasets/80Archivos/dna_02;takosis;0;0.714251;
./datasets/80Archivos/dna_05;takosis;0;0.714251;
./datasets/80Archivos/dna_08;takosis;0;0.714251;
./datasets/80Archivos/dna_12;takosis;0;0.714251;
./datasets/80Archivos/dna_16;takosis;0;0.714251;
./datasets/80Archivos/dna_18;takosis;0;0.714251;
./datasets/80Archivos/dna_20;takosis;0;0.714251;
./datasets/80Archivos/dna_22;takosis;0;0.714251;
./datasets/80Archivos/dna_23;takosis;0;0.714251;
./datasets/80Archivos/dna_00;inconvertibility;0;0.660625;
./datasets/80Archivos/dna_02;inconvertibility;0;0.660625;
./datasets/80Archivos/dna_05;inconvertibility;0;0.660625;
./datasets/80Archivos/dna_08;inconvertibility;0;0.660625;
./datasets/80Archivos/dna_12;inconvertibility;0;0.660625;
./datasets/80Archivos/dna_16;inconvertibility;0;0.660625;
./datasets/80Archivos/dna_18;inconvertibility;0;0.660625;
./datasets/80Archivos/dna_20;inconvertibility;0;0.660625;
./datasets/80Archivos/dna_22;inconvertibility;0;0.660625;
./datasets/80Archivos/dna_23;inconvertibility;0;0.660625;
./datasets/80Archivos/dna_00;anesthetist;0;0.671111;
./datasets/80Archivos/dna_02;anesthetist;0;0.671111;
./datasets/80Archivos/dna_05;anesthetist;0;0.671111;
./datasets/80Archivos/dna_08;anesthetist;0;0.671111;
./datasets/80Archivos/dna_12;anesthetist;0;0.671111;
./datasets/80Archivos/dna_16;anesthetist;0;0.671111;
./datasets/80Archivos/dna_18;anesthetist;0;0.671111;
./datasets/80Archivos/dna_20;anesthetist;0;0.671111;
./datasets/80Archivos/dna_22;anesthetist;0;0.671111;
./datasets/80Archivos/dna_23;anesthetist;0;0.671111;
./datasets/80Archivos/dna_00;rumorproof;0;0.679196;
./datasets/80Archivos/dna_02;rumorproof;0;0.679196;
./datasets/80Archivos/dna_05;rumorproof;0;0.679196;
./datasets/80Archivos/dna_08;rumorproof;0;0.679196;
./datasets/80Archivos/dna_12;rumorproof;0;0.679196;
./datasets/80Archivos/dna_16;rumorproof;0;0.679196;
./datasets/80Archivos/dna_18;rumorproof;0;0.679196;
./datasets/80Archivos/dna_20;rumorproof;0;0.679196;
./datasets/80Archivos/dna_22;rumorproof;0;0.679196;
./datasets/80Archivos/dna_23;rumorproof;0;0.679196;
./datasets/80Archivos/dna_00;thoracoscopy;0;0.656317;
./datasets/80Archivos/dna_02;thoracoscopy;0;0.656317;
./datasets/80Archivos/dna_05;thoracoscopy;0;0.656317;
./datasets/80Archivos/dna_08;thoracoscopy;0;0.656317;
./datasets/80Archivos/dna_12;thoracoscopy;0;0.656317;
./datasets/80Archivos/dna_16;thoracoscopy;0;0.656317;
./datasets/80Archivos/dna_18;thoracoscopy;0;0.656317;
./datasets/80Archivos/dna_20;thoracoscopy;0;0.656317;
./datasets/80Archivos/dna_22;thoracoscopy;0;0.656317;
./datasets/80Archivos/dna_23;thoracoscopy;0;0.656317;
./datasets/80Archivos/dna_00;euphorbium;0;0.673601;
./datasets/80Archivos/dna_02;euphorbium;0;0.673601;
./datasets/80Archivos/dna_05;euphorbium;0;0.673601;
./datasets/80Archivos/dna_08;euphorbium;0;0.673601;
./datasets/80Archivos/dna_12;euphorbium;0;0.673601;
./datasets/80Archivos/dna_16;euphorbium;0;0.673601;
./datasets/80Archivos/dna_18;euphorbium;0;0.673601;
./datasets/80Archivos/dna_20;euphorbium;0;0.673601;
./datasets/80Archivos/dna_22;euphorbium;0;0.673601;
./datasets/80Archivos/dna_23;euphorbium;0;0.673601;
./datasets/80Archivos/dna_00;bizet;0;0.784226;
./datasets/80Archivos/dna_02;bizet;0;0.784226;
./datasets/80Archivos/dna_05;bizet;0;0.784226;
./datasets/80Archivos/dna_08;bizet;0;0.784226;
./datasets/80Archivos/dna_12;bizet;0;0.784226;
./datasets/80Archivos/dna_16;bizet;0;0.784226;
./datasets/80Archivos/dna_18;bizet;0;0.784226;
./datasets/80Archivos/dna_20;bizet;0;0.784226;
./datasets/80Archivos/dna_22;bizet;0;0.784226;
./datasets/80Archivos/dna_23;bizet;0;0.784226;
./datasets/80Archivos/dna_00;song;0;0.896088;
./datasets/80Archivos/dna_02;song;0;0.896088;
./datasets/80Archivos/dna_05;song;0;0.896088;
./datasets/80Archivos/dna_08;song;0;0.896088;
./datasets/80Archivos/dna_12;song;0;0.896088;
./datasets/80Archivos/dna_16;song;0;0.896088;
./datasets/80Archivos/dna_18;song;0;0.896088;
./datasets/80Archivos/dna_20;song;0;0.896088;
./datasets/80Archivos/dna_22;song;0;0.896088;
./datasets/80Archivos/dna_23;song;0;0.896088;
./datasets/80Archivos/dna_00;dolichocephali;0;0.642648;
./datasets/80Archivos/dna_02;dolichocephali;0;0.642648;
./datasets/80Archivos/dna_05;dolichocephali;0;0.642648;
./datasets/80Archivos/dna_08;dolichocephali;0;0.642648;
./datasets/80Archivos/dna_12;dolichocephali;0;0.642648;
./datasets/80Archivos/dna_16;dolichocephali;0;0.642648;
./datasets/80Archivos/dna_18;dolichocephali;0;0.642648;
./datasets/80Archivos/dna_20;dolichocephali;0;0.642648;
./datasets/80Archivos/dna_22;dolichocephali;0;0.642648;
./datasets/80Archivos/dna_23;dolichocephali;0;0.642648;
./datasets/80Archivos/dna_00;platemaker;0;0.681286;
./datasets/80Archivos/dna_02;platemaker;0;0.681286;
./datasets/80Archivos/dna_05;platemaker;0;0.681286;
./datasets/80Archivos/dna_08;platemaker;0;0.681286;
./datasets/80Archivos/dna_12;platemaker;0;0.681286;
./datasets/80Archivos/dna_16;platemaker;0;0.681286;
./datasets/80Archivos/dna_18;platemaker;0;0.681286;
./datasets/80Archivos/dna_20;platemaker;0;0.681286;
./datasets/80Archivos/dna_22;platemaker;0;0.681286;
./datasets/80Archivos/dna_23;platemaker;0;0.681286;
./datasets/80Archivos/dna_00;vesicupapular;0;0.679125;
./datasets/80Archivos/dna_02;vesicupapular;0;0.679125;
./datasets/80Archivos/dna_05;vesicupapular;0;0.679125;
./datasets/80Archivos/dna_08;vesicupapular;0;0.679125;
./datasets/80Archivos/dna_12;vesicupapular;0;0.679125;
./datasets/80Archivos/dna_16;vesicupapular;0;0.679125;
./datasets/80Archivos/dna_18;vesicupapular;0;0.679125;
./datasets/80Archivos/dna_20;vesicupapular;0;0.679125;
./datasets/80Archivos/dna_22;vesicupapular;0;0.679125;
./datasets/80Archivos/dna_23;vesicupapular;0;0.679125;
./datasets/80Archivos/dna_00;electroforming;0;0.712593;
./datasets/80Archivos/dna_02;electroforming;0;0.712593;
./datasets/80Archivos/dna_05;electroforming;0;0.712593;
./datasets/80Archivos/dna_08;electroforming;0;0.712593;
./datasets/80Archivos/dna_12;electroforming;0;0.712593;
./datasets/80Archivos/dna_16;electroforming;0;0.712593;
./datasets/80Archivos/dna_18;electroforming;0;0.712593;
./datasets/80Archivos/dna_20;electroforming;0;0.712593;
./datasets/80Archivos/dna_22;electroforming;0;0.712593;
./datasets/80Archivos/dna_23;electroforming;0;0.712593;
./datasets/80Archivos/dna_00;dilatingly;0;0.679283;
./datasets/80Archivos/dna_02;dilatingly;0;0.679283;
./datasets/80Archivos/dna_05;dilatingly;0;0.679283;
./datasets/80Archivos/dna_08;dilatingly;0;0.679283;
./datasets/80Archivos/dna_12;dilatingly;0;0.679283;
./datasets/80Archivos/dna_16;dilatingly;0;0.679283;
./datasets/80Archivos/dna_18;dilatingly;0;0.679283;
./datasets/80Archivos/dna_20;dilatingly;0;0.679283;
./datasets/80Archivos/dna_22;dilatingly;0;0.679283;
./datasets/80Archivos/dna_23;dilatingly;0;0.679283;
./datasets/80Archivos/dna_00;meethelp;0;0.699606;
./datasets/80Archivos/dna_02;meethelp;0;0.699606;
./datasets/80Archivos/dna_05;meethelp;0;0.699606;
./datasets/80Archivos/dna_08;meethelp;0;0.699606;
./datasets/80Archivos/dna_12;meethelp;0;0.699606;
./datasets/80Archivos/dna_16;meethelp;0;0.699606;
./datasets/80Archivos/dna_18;meethelp;0;0.699606;
./datasets/80Archivos/dna_20;meethelp;0;0.699606;
./datasets/80Archivos/dna_22;meethelp;0;0.699606;
./datasets/80Archivos/dna_23;meethelp;0;0.699606;
./datasets/80Archivos/dna_00;loincloth;0;0.679434;
./datasets/80Archivos/dna_02;loincloth;0;0.679434;
./datasets/80Archivos/dna_05;loincloth;0;0.679434;
./datasets/80Archivos/dna_08;loincloth;0;0.679434;
./datasets/80Archivos/dna_12;loincloth;0;0.679434;
./datasets/80Archivos/dna_16;loincloth;0;0.679434;
./datasets/80Archivos/dna_18;loincloth;0;0.679434;
./datasets/80Archivos/dna_20;loincloth;0;0.679434;
./datasets/80Archivos/dna_22;loincloth;0;0.679434;
./datasets/80Archivos/dna_23;loincloth;0;0.679434;
./datasets/80Archivos/dna_00;avowably;0;0.693648;
./datasets/80Archivos/dna_02;avowably;0;0.693648;
./datasets/80Archivos/dna_05;avowably;0;0.693648;
./datasets/80Archivos/dna_08;avowably;0;0.693648;
./datasets/80Archivos/dna_12;avowably;0;0.693648;
./datasets/80Archivos/dna_16;avowably;0;0.693648;
./datasets/80Archivos/dna_18;avowably;0;0.693648;
./datasets/80Archivos/dna_20;avowably;0;0.693648;
./datasets/80Archivos/dna_22;avowably;0;0.693648;
./datasets/80Archivos/dna_23;avowably;0;0.693648;
./datasets/80Archivos/dna_00;counterindicate;0;0.632316;
./datasets/80Archivos/dna_02;counterindicate;0;0.632316;
./datasets/80Archivos/dna_05;counterindicate;0;0.632316;
./datasets/80Archivos/dna_08;counterindicate;0;0.632316;
./datasets/80Archivos/dna_12;counterindicate;0;0.632316;
./datasets/80Archivos/dna_16;counterindicate;0;0.632316;
./datasets/80Archivos/dna_18;counterindicate;0;0.632316;
./datasets/80Archivos/dna_20;counterindicate;0;0.632316;
./datasets/80Archivos/dna_22;counterindicate;0;0.632316;
./datasets/80Archivos/dna_23;counterindicate;0;0.632316;
./datasets/80Archivos/dna_00;treacliness;0;0.664617;
./datasets/80Archivos/dna_02;treacliness;0;0.664617;
./datasets/80Archivos/dna_05;treacliness;0;0.664617;
./datasets/80Archivos/dna_08;treacliness;0;0.664617;
./datasets/80Archivos/dna_12;treacliness;0;0.664617;
./datasets/80Archivos/dna_16;treacliness;0;0.664617;
./datasets/80Archivos/dna_18;treacliness;0;0.664617;
./datasets/80Archivos/dna_20;treacliness;0;0.664617;
./datasets/80Archivos/dna_22;treacliness;0;0.664617;
./datasets/80Archivos/dna_23;treacliness;0;0.664617;
./datasets/80Archivos/dna_00;Epigonus;0;0.695102;
./datasets/80Archivos/dna_02;Epigonus;0;0.695102;
./datasets/80Archivos/dna_05;Epigonus;0;0.695102;
./datasets/80Archivos/dna_08;Epigonus;0;0.695102;
./datasets/80Archivos/dna_12;Epigonus;0;0.695102;
./datasets/80Archivos/dna_16;Epigonus;0;0.695102;
./datasets/80Archivos/dna_18;Epigonus;0;0.695102;
./datasets/80Archivos/dna_20;Epigonus;0;0.695102;
./datasets/80Archivos/dna_22;Epigonus;0;0.695102;
./datasets/80Archivos/dna_23;Epigonus;0;0.695102;
./datasets/80Archivos/dna_00;airmark;0;0.742604;
./datasets/80Archivos/dna_02;airmark;0;0.742604;
./datasets/80Archivos/dna_05;airmark;0;0.742604;
./datasets/80Archivos/dna_08;airmark;0;0.742604;
./datasets/80Archivos/dna_12;airmark;0;0.742604;
./datasets/80Archivos/dna_16;airmark;0;0.742604;
./datasets/80Archivos/dna_18;airmark;0;0.742604;
./datasets/80Archivos/dna_20;airmark;0;0.742604;
./datasets/80Archivos/dna_22;airmark;0;0.742604;
./datasets/80Archivos/dna_23;airmark;0;0.742604;
./datasets/80Archivos/dna_00;polarography;0;0.648266;
./datasets/80Archivos/dna_02;polarography;0;0.648266;
./datasets/80Archivos/dna_05;polarography;0;0.648266;
./datasets/80Archivos/dna_08;polarography;0;0.648266;
./datasets/80Archivos/dna_12;polarography;0;0.648266;
./datasets/80Archivos/dna_16;polarography;0;0.648266;
./datasets/80Archivos/dna_18;polarography;0;0.648266;
./datasets/80Archivos/dna_20;polarography;0;0.648266;
./datasets/80Archivos/dna_22;polarography;0;0.648266;
./datasets/80Archivos/dna_23;polarography;0;0.648266;
./datasets/80Archivos/dna_00;precomposition;0;0.651494;
./datasets/80Archivos/dna_02;precomposition;0;0.651494;
./datasets/80Archivos/dna_05;precomposition;0;0.651494;
./datasets/80Archivos/dna_08;precomposition;0;0.651494;
./datasets/80Archivos/dna_12;precomposition;0;0.651494;
./datasets/80Archivos/dna_16;precomposition;0;0.651494;
./datasets/80Archivos/dna_18;precomposition;0;0.651494;
./datasets/80Archivos/dna_20;precomposition;0;0.651494;
./datasets/80Archivos/dna_22;precomposition;0;0.651494;
./datasets/80Archivos/dna_23;precomposition;0;0.651494;
./datasets/80Archivos/dna_00;lemography;0;0.710588;
./datasets/80Archivos/dna_02;lemography;0;0.710588;
./datasets/80Archivos/dna_05;lemography;0;0.710588;
./datasets/80Archivos/dna_08;lemography;0;0.710588;
./datasets/80Archivos/dna_12;lemography;0;0.710588;
./datasets/80Archivos/dna_16;lemography;0;0.710588;
./datasets/80Archivos/dna_18;lemography;0;0.710588;
./datasets/80Archivos/dna_20;lemography;0;0.710588;
./datasets/80Archivos/dna_22;lemography;0;0.710588;
./datasets/80Archivos/dna_23;lemography;0;0.710588;
./datasets/80Archivos/dna_00;Apinage;0;0.738316;
./datasets/80Archivos/dna_02;Apinage;0;0.738316;
./datasets/80Archivos/dna_05;Apinage;0;0.738316;
./datasets/80Archivos/dna_08;Apinage;0;0.738316;
./datasets/80Archivos/dna_12;Apinage;0;0.738316;
./datasets/80Archivos/dna_16;Apinage;0;0.738316;
./datasets/80Archivos/dna_18;Apinage;0;0.738316;
./datasets/80Archivos/dna_20;Apinage;0;0.738316;
./datasets/80Archivos/dna_22;Apinage;0;0.738316;
./datasets/80Archivos/dna_23;Apinage;0;0.738316;
./datasets/80Archivos/dna_00;Taal;0;0.857532;
./datasets/80Archivos/dna_02;Taal;0;0.857532;
./datasets/80Archivos/dna_05;Taal;0;0.857532;
./datasets/80Archivos/dna_08;Taal;0;0.857532;
./datasets/80Archivos/dna_12;Taal;0;0.857532;
./datasets/80Archivos/dna_16;Taal;0;0.857532;
./datasets/80Archivos/dna_18;Taal;0;0.857532;
./datasets/80Archivos/dna_20;Taal;0;0.857532;
./datasets/80Archivos/dna_22;Taal;0;0.857532;
./datasets/80Archivos/dna_23;Taal;0;0.857532;
./datasets/80Archivos/dna_00;logology;0;0.688137;
./datasets/80Archivos/dna_02;logology;0;0.688137;
./datasets/80Archivos/dna_05;logology;0;0.688137;
./datasets/80Archivos/dna_08;logology;0;0.688137;
./datasets/80Archivos/dna_12;logology;0;0.688137;
./datasets/80Archivos/dna_16;logology;0;0.688137;
./datasets/80Archivos/dna_18;logology;0;0.688137;
./datasets/80Archivos/dna_20;logology;0;0.688137;
./datasets/80Archivos/dna_22;logology;0;0.688137;
./datasets/80Archivos/dna_23;logology;0;0.688137;
./datasets/80Archivos/dna_00;probeer;0;0.713363;
./datasets/80Archivos/dna_02;probeer;0;0.713363;
./datasets/80Archivos/dna_05;probeer;0;0.713363;
./datasets/80Archivos/dna_08;probeer;0;0.713363;
./datasets/80Archivos/dna_12;probeer;0;0.713363;
./datasets/80Archivos/dna_16;probeer;0;0.713363;
./datasets/80Archivos/dna_18;probeer;0;0.713363;
./datasets/80Archivos/dna_20;probeer;0;0.713363;
./datasets/80Archivos/dna_22;probeer;0;0.713363;
./datasets/80Archivos/dna_23;probeer;0;0.713363;
./datasets/80Archivos/dna_00;randomization;0;0.650637;
./datasets/80Archivos/dna_02;randomization;0;0.650637;
./datasets/80Archivos/dna_05;randomization;0;0.650637;
./datasets/80Archivos/dna_08;randomization;0;0.650637;
./datasets/80Archivos/dna_12;randomization;0;0.650637;
./datasets/80Archivos/dna_16;randomization;0;0.650637;
./datasets/80Archivos/dna_18;randomization;0;0.650637;
./datasets/80Archivos/dna_20;randomization;0;0.650637;
./datasets/80Archivos/dna_22;randomization;0;0.650637;
./datasets/80Archivos/dna_23;randomization;0;0.650637;
./datasets/80Archivos/dna_00;poditic;0;0.823239;
./datasets/80Archivos/dna_02;poditic;0;0.823239;
./datasets/80Archivos/dna_05;poditic;0;0.823239;
./datasets/80Archivos/dna_08;poditic;0;0.823239;
./datasets/80Archivos/dna_12;poditic;0;0.823239;
./datasets/80Archivos/dna_16;poditic;0;0.823239;
./datasets/80Archivos/dna_18;poditic;0;0.823239;
./datasets/80Archivos/dna_20;poditic;0;0.823239;
./datasets/80Archivos/dna_22;poditic;0;0.823239;
./datasets/80Archivos/dna_23;poditic;0;0.823239;
./datasets/80Archivos/dna_00;individualize;0;0.676614;
./datasets/80Archivos/dna_02;individualize;0;0.676614;
./datasets/80Archivos/dna_05;individualize;0;0.676614;
./datasets/80Archivos/dna_08;individualize;0;0.676614;
./datasets/80Archivos/dna_12;individualize;0;0.676614;
./datasets/80Archivos/dna_16;individualize;0;0.676614;
./datasets/80Archivos/dna_18;individualize;0;0.676614;
./datasets/80Archivos/dna_20;individualize;0;0.676614;
./datasets/80Archivos/dna_22;individualize;0;0.676614;
./datasets/80Archivos/dna_23;individualize;0;0.676614;
./datasets/80Archivos/dna_00;castigate;0;0.687192;
./datasets/80Archivos/dna_02;castigate;0;0.687192;
./datasets/80Archivos/dna_05;castigate;0;0.687192;
./datasets/80Archivos/dna_08;castigate;0;0.687192;
./datasets/80Archivos/dna_12;castigate;0;0.687192;
./datasets/80Archivos/dna_16;castigate;0;0.687192;
./datasets/80Archivos/dna_18;castigate;0;0.687192;
./datasets/80Archivos/dna_20;castigate;0;0.687192;
./datasets/80Archivos/dna_22;castigate;0;0.687192;
./datasets/80Archivos/dna_23;castigate;0;0.687192;
./datasets/80Archivos/dna_00;Biloculina;0;0.665251;
./datasets/80Archivos/dna_02;Biloculina;0;0.665251;
./datasets/80Archivos/dna_05;Biloculina;0;0.665251;
./datasets/80Archivos/dna_08;Biloculina;0;0.665251;
./datasets/80Archivos/dna_12;Biloculina;0;0.665251;
./datasets/80Archivos/dna_16;Biloculina;0;0.665251;
./datasets/80Archivos/dna_18;Biloculina;0;0.665251;
./datasets/80Archivos/dna_20;Biloculina;0;0.665251;
./datasets/80Archivos/dna_22;Biloculina;0;0.665251;
./datasets/80Archivos/dna_23;Biloculina;0;0.665251;
./datasets/80Archivos/dna_00;overscrub;0;0.676613;
./datasets/80Archivos/dna_02;overscrub;0;0.676613;
./datasets/80Archivos/dna_05;overscrub;0;0.676613;
./datasets/80Archivos/dna_08;overscrub;0;0.676613;
./datasets/80Archivos/dna_12;overscrub;0;0.676613;
./datasets/80Archivos/dna_16;overscrub;0;0.676613;
./datasets/80Archivos/dna_18;overscrub;0;0.676613;
./datasets/80Archivos/dna_20;overscrub;0;0.676613;
./datasets/80Archivos/dna_22;overscrub;0;0.676613;
./datasets/80Archivos/dna_23;overscrub;0;0.676613;
./datasets/80Archivos/dna_00;koolah;0;0.737209;
./datasets/80Archivos/dna_02;koolah;0;0.737209;
./datasets/80Archivos/dna_05;koolah;0;0.737209;
./datasets/80Archivos/dna_08;koolah;0;0.737209;
./datasets/80Archivos/dna_12;koolah;0;0.737209;
./datasets/80Archivos/dna_16;koolah;0;0.737209;
./datasets/80Archivos/dna_18;koolah;0;0.737209;
./datasets/80Archivos/dna_20;koolah;0;0.737209;
./datasets/80Archivos/dna_22;koolah;0;0.737209;
./datasets/80Archivos/dna_23;koolah;0;0.737209;
./datasets/80Archivos/dna_00;weetless;0;0.691239;
./datasets/80Archivos/dna_02;weetless;0;0.691239;
./datasets/80Archivos/dna_05;weetless;0;0.691239;
./datasets/80Archivos/dna_08;weetless;0;0.691239;
./datasets/80Archivos/dna_12;weetless;0;0.691239;
./datasets/80Archivos/dna_16;weetless;0;0.691239;
./datasets/80Archivos/dna_18;weetless;0;0.691239;
./datasets/80Archivos/dna_20;weetless;0;0.691239;
./datasets/80Archivos/dna_22;weetless;0;0.691239;
./datasets/80Archivos/dna_23;weetless;0;0.691239;
./datasets/80Archivos/dna_00;erased;0;0.736249;
./datasets/80Archivos/dna_02;erased;0;0.736249;
./datasets/80Archivos/dna_05;erased;0;0.736249;
./datasets/80Archivos/dna_08;erased;0;0.736249;
./datasets/80Archivos/dna_12;erased;0;0.736249;
./datasets/80Archivos/dna_16;erased;0;0.736249;
./datasets/80Archivos/dna_18;erased;0;0.736249;
./datasets/80Archivos/dna_20;erased;0;0.736249;
./datasets/80Archivos/dna_22;erased;0;0.736249;
./datasets/80Archivos/dna_23;erased;0;0.736249;
./datasets/80Archivos/dna_00;layery;0;0.75757;
./datasets/80Archivos/dna_02;layery;0;0.75757;
./datasets/80Archivos/dna_05;layery;0;0.75757;
./datasets/80Archivos/dna_08;layery;0;0.75757;
./datasets/80Archivos/dna_12;layery;0;0.75757;
./datasets/80Archivos/dna_16;layery;0;0.75757;
./datasets/80Archivos/dna_18;layery;0;0.75757;
./datasets/80Archivos/dna_20;layery;0;0.75757;
./datasets/80Archivos/dna_22;layery;0;0.75757;
./datasets/80Archivos/dna_23;layery;0;0.75757;
./datasets/80Archivos/dna_00;discontinuee;0;0.653224;
./datasets/80Archivos/dna_02;discontinuee;0;0.653224;
./datasets/80Archivos/dna_05;discontinuee;0;0.653224;
./datasets/80Archivos/dna_08;discontinuee;0;0.653224;
./datasets/80Archivos/dna_12;discontinuee;0;0.653224;
./datasets/80Archivos/dna_16;discontinuee;0;0.653224;
./datasets/80Archivos/dna_18;discontinuee;0;0.653224;
./datasets/80Archivos/dna_20;discontinuee;0;0.653224;
./datasets/80Archivos/dna_22;discontinuee;0;0.653224;
./datasets/80Archivos/dna_23;discontinuee;0;0.653224;
./datasets/80Archivos/dna_00;anaphylatoxin;0;0.645646;
./datasets/80Archivos/dna_02;anaphylatoxin;0;0.645646;
./datasets/80Archivos/dna_05;anaphylatoxin;0;0.645646;
./datasets/80Archivos/dna_08;anaphylatoxin;0;0.645646;
./datasets/80Archivos/dna_12;anaphylatoxin;0;0.645646;
./datasets/80Archivos/dna_16;anaphylatoxin;0;0.645646;
./datasets/80Archivos/dna_18;anaphylatoxin;0;0.645646;
./datasets/80Archivos/dna_20;anaphylatoxin;0;0.645646;
./datasets/80Archivos/dna_22;anaphylatoxin;0;0.645646;
./datasets/80Archivos/dna_23;anaphylatoxin;0;0.645646;
./datasets/80Archivos/dna_00;unwounded;0;0.691272;
./datasets/80Archivos/dna_02;unwounded;0;0.691272;
./datasets/80Archivos/dna_05;unwounded;0;0.691272;
./datasets/80Archivos/dna_08;unwounded;0;0.691272;
./datasets/80Archivos/dna_12;unwounded;0;0.691272;
./datasets/80Archivos/dna_16;unwounded;0;0.691272;
./datasets/80Archivos/dna_18;unwounded;0;0.691272;
./datasets/80Archivos/dna_20;unwounded;0;0.691272;
./datasets/80Archivos/dna_22;unwounded;0;0.691272;
./datasets/80Archivos/dna_23;unwounded;0;0.691272;
./datasets/80Archivos/dna_00;personalism;0;0.672629;
./datasets/80Archivos/dna_02;personalism;0;0.672629;
./datasets/80Archivos/dna_05;personalism;0;0.672629;
./datasets/80Archivos/dna_08;personalism;0;0.672629;
./datasets/80Archivos/dna_12;personalism;0;0.672629;
./datasets/80Archivos/dna_16;personalism;0;0.672629;
./datasets/80Archivos/dna_18;personalism;0;0.672629;
./datasets/80Archivos/dna_20;personalism;0;0.672629;
./datasets/80Archivos/dna_22;personalism;0;0.672629;
./datasets/80Archivos/dna_23;personalism;0;0.672629;
./datasets/80Archivos/dna_00;howitzer;0;0.709216;
./datasets/80Archivos/dna_02;howitzer;0;0.709216;
./datasets/80Archivos/dna_05;howitzer;0;0.709216;
./datasets/80Archivos/dna_08;howitzer;0;0.709216;
./datasets/80Archivos/dna_12;howitzer;0;0.709216;
./datasets/80Archivos/dna_16;howitzer;0;0.709216;
./datasets/80Archivos/dna_18;howitzer;0;0.709216;
./datasets/80Archivos/dna_20;howitzer;0;0.709216;
./datasets/80Archivos/dna_22;howitzer;0;0.709216;
./datasets/80Archivos/dna_23;howitzer;0;0.709216;
./datasets/80Archivos/dna_00;hexahydroxy;0;0.656193;
./datasets/80Archivos/dna_02;hexahydroxy;0;0.656193;
./datasets/80Archivos/dna_05;hexahydroxy;0;0.656193;
./datasets/80Archivos/dna_08;hexahydroxy;0;0.656193;
./datasets/80Archivos/dna_12;hexahydroxy;0;0.656193;
./datasets/80Archivos/dna_16;hexahydroxy;0;0.656193;
./datasets/80Archivos/dna_18;hexahydroxy;0;0.656193;
./datasets/80Archivos/dna_20;hexahydroxy;0;0.656193;
./datasets/80Archivos/dna_22;hexahydroxy;0;0.656193;
./datasets/80Archivos/dna_23;hexahydroxy;0;0.656193;
./datasets/80Archivos/dna_00;koku;0;0.813163;
./datasets/80Archivos/dna_02;koku;0;0.813163;
./datasets/80Archivos/dna_05;koku;0;0.813163;
./datasets/80Archivos/dna_08;koku;0;0.813163;
./datasets/80Archivos/dna_12;koku;0;0.813163;
./datasets/80Archivos/dna_16;koku;0;0.813163;
./datasets/80Archivos/dna_18;koku;0;0.813163;
./datasets/80Archivos/dna_20;koku;0;0.813163;
./datasets/80Archivos/dna_22;koku;0;0.813163;
./datasets/80Archivos/dna_23;koku;0;0.813163;
./datasets/80Archivos/dna_00;reamer;0;0.733594;
./datasets/80Archivos/dna_02;reamer;0;0.733594;
./datasets/80Archivos/dna_05;reamer;0;0.733594;
./datasets/80Archivos/dna_08;reamer;0;0.733594;
./datasets/80Archivos/dna_12;reamer;0;0.733594;
./datasets/80Archivos/dna_16;reamer;0;0.733594;
./datasets/80Archivos/dna_18;reamer;0;0.733594;
./datasets/80Archivos/dna_20;reamer;0;0.733594;
./datasets/80Archivos/dna_22;reamer;0;0.733594;
./datasets/80Archivos/dna_23;reamer;0;0.733594;
./datasets/80Archivos/dna_00;tonguiness;0;0.652226;
./datasets/80Archivos/dna_02;tonguiness;0;0.652226;
./datasets/80Archivos/dna_05;tonguiness;0;0.652226;
./datasets/80Archivos/dna_08;tonguiness;0;0.652226;
./datasets/80Archivos/dna_12;tonguiness;0;0.652226;
./datasets/80Archivos/dna_16;tonguiness;0;0.652226;
./datasets/80Archivos/dna_18;tonguiness;0;0.652226;
./datasets/80Archivos/dna_20;tonguiness;0;0.652226;
./datasets/80Archivos/dna_22;tonguiness;0;0.652226;
./datasets/80Archivos/dna_23;tonguiness;0;0.652226;
./datasets/80Archivos/dna_00;microgametocyte;0;0.615664;
./datasets/80Archivos/dna_02;microgametocyte;0;0.615664;
./datasets/80Archivos/dna_05;microgametocyte;0;0.615664;
./datasets/80Archivos/dna_08;microgametocyte;0;0.615664;
./datasets/80Archivos/dna_12;microgametocyte;0;0.615664;
./datasets/80Archivos/dna_16;microgametocyte;0;0.615664;
./datasets/80Archivos/dna_18;microgametocyte;0;0.615664;
./datasets/80Archivos/dna_20;microgametocyte;0;0.615664;
./datasets/80Archivos/dna_22;microgametocyte;0;0.615664;
./datasets/80Archivos/dna_23;microgametocyte;0;0.615664;
./datasets/80Archivos/dna_00;baba;0;0.816955;
./datasets/80Archivos/dna_02;baba;0;0.816955;
./datasets/80Archivos/dna_05;baba;0;0.816955;
./datasets/80Archivos/dna_08;baba;0;0.816955;
./datasets/80Archivos/dna_12;baba;0;0.816955;
./datasets/80Archivos/dna_16;baba;0;0.816955;
./datasets/80Archivos/dna_18;baba;0;0.816955;
./datasets/80Archivos/dna_20;baba;0;0.816955;
./datasets/80Archivos/dna_22;baba;0;0.816955;
./datasets/80Archivos/dna_23;baba;0;0.816955;
./datasets/80Archivos/dna_00;ludefisk;0;0.686135;
./datasets/80Archivos/dna_02;ludefisk;0;0.686135;
./datasets/80Archivos/dna_05;ludefisk;0;0.686135;
./datasets/80Archivos/dna_08;ludefisk;0;0.686135;
./datasets/80Archivos/dna_12;ludefisk;0;0.686135;
./datasets/80Archivos/dna_16;ludefisk;0;0.686135;
./datasets/80Archivos/dna_18;ludefisk;0;0.686135;
./datasets/80Archivos/dna_20;ludefisk;0;0.686135;
./datasets/80Archivos/dna_22;ludefisk;0;0.686135;
./datasets/80Archivos/dna_23;ludefisk;0;0.686135;
./datasets/80Archivos/dna_00;novelwright;0;0.751153;
./datasets/80Archivos/dna_02;novelwright;0;0.751153;
./datasets/80Archivos/dna_05;novelwright;0;0.751153;
./datasets/80Archivos/dna_08;novelwright;0;0.751153;
./datasets/80Archivos/dna_12;novelwright;0;0.751153;
./datasets/80Archivos/dna_16;novelwright;0;0.751153;
./datasets/80Archivos/dna_18;novelwright;0;0.751153;
./datasets/80Archivos/dna_20;novelwright;0;0.751153;
./datasets/80Archivos/dna_22;novelwright;0;0.751153;
./datasets/80Archivos/dna_23;novelwright;0;0.751153;
./datasets/80Archivos/dna_00;swinehull;0;0.689235;
./datasets/80Archivos/dna_02;swinehull;0;0.689235;
./datasets/80Archivos/dna_05;swinehull;0;0.689235;
./datasets/80Archivos/dna_08;swinehull;0;0.689235;
./datasets/80Archivos/dna_12;swinehull;0;0.689235;
./datasets/80Archivos/dna_16;swinehull;0;0.689235;
./datasets/80Archivos/dna_18;swinehull;0;0.689235;
./datasets/80Archivos/dna_20;swinehull;0;0.689235;
./datasets/80Archivos/dna_22;swinehull;0;0.689235;
./datasets/80Archivos/dna_23;swinehull;0;0.689235;
./datasets/80Archivos/dna_00;Odonata;0;0.703592;
./datasets/80Archivos/dna_02;Odonata;0;0.703592;
./datasets/80Archivos/dna_05;Odonata;0;0.703592;
./datasets/80Archivos/dna_08;Odonata;0;0.703592;
./datasets/80Archivos/dna_12;Odonata;0;0.703592;
./datasets/80Archivos/dna_16;Odonata;0;0.703592;
./datasets/80Archivos/dna_18;Odonata;0;0.703592;
./datasets/80Archivos/dna_20;Odonata;0;0.703592;
./datasets/80Archivos/dna_22;Odonata;0;0.703592;
./datasets/80Archivos/dna_23;Odonata;0;0.703592;
./datasets/80Archivos/dna_00;indefinable;0;0.655783;
./datasets/80Archivos/dna_02;indefinable;0;0.655783;
./datasets/80Archivos/dna_05;indefinable;0;0.655783;
./datasets/80Archivos/dna_08;indefinable;0;0.655783;
./datasets/80Archivos/dna_12;indefinable;0;0.655783;
./datasets/80Archivos/dna_16;indefinable;0;0.655783;
./datasets/80Archivos/dna_18;indefinable;0;0.655783;
./datasets/80Archivos/dna_20;indefinable;0;0.655783;
./datasets/80Archivos/dna_22;indefinable;0;0.655783;
./datasets/80Archivos/dna_23;indefinable;0;0.655783;
./datasets/80Archivos/dna_00;faineance;0;0.683437;
./datasets/80Archivos/dna_02;faineance;0;0.683437;
./datasets/80Archivos/dna_05;faineance;0;0.683437;
./datasets/80Archivos/dna_08;faineance;0;0.683437;
./datasets/80Archivos/dna_12;faineance;0;0.683437;
./datasets/80Archivos/dna_16;faineance;0;0.683437;
./datasets/80Archivos/dna_18;faineance;0;0.683437;
./datasets/80Archivos/dna_20;faineance;0;0.683437;
./datasets/80Archivos/dna_22;faineance;0;0.683437;
./datasets/80Archivos/dna_23;faineance;0;0.683437;
./datasets/80Archivos/dna_00;nidologist;0;0.714578;
./datasets/80Archivos/dna_02;nidologist;0;0.714578;
./datasets/80Archivos/dna_05;nidologist;0;0.714578;
./datasets/80Archivos/dna_08;nidologist;0;0.714578;
./datasets/80Archivos/dna_12;nidologist;0;0.714578;
./datasets/80Archivos/dna_16;nidologist;0;0.714578;
./datasets/80Archivos/dna_18;nidologist;0;0.714578;
./datasets/80Archivos/dna_20;nidologist;0;0.714578;
./datasets/80Archivos/dna_22;nidologist;0;0.714578;
./datasets/80Archivos/dna_23;nidologist;0;0.714578;
./datasets/80Archivos/dna_00;supracargo;0;0.736378;
./datasets/80Archivos/dna_02;supracargo;0;0.736378;
./datasets/80Archivos/dna_05;supracargo;0;0.736378;
./datasets/80Archivos/dna_08;supracargo;0;0.736378;
./datasets/80Archivos/dna_12;supracargo;0;0.736378;
./datasets/80Archivos/dna_16;supracargo;0;0.736378;
./datasets/80Archivos/dna_18;supracargo;0;0.736378;
./datasets/80Archivos/dna_20;supracargo;0;0.736378;
./datasets/80Archivos/dna_22;supracargo;0;0.736378;
./datasets/80Archivos/dna_23;supracargo;0;0.736378;
./datasets/80Archivos/dna_00;beriberic;0;0.743594;
./datasets/80Archivos/dna_02;beriberic;0;0.743594;
./datasets/80Archivos/dna_05;beriberic;0;0.743594;
./datasets/80Archivos/dna_08;beriberic;0;0.743594;
./datasets/80Archivos/dna_12;beriberic;0;0.743594;
./datasets/80Archivos/dna_16;beriberic;0;0.743594;
./datasets/80Archivos/dna_18;beriberic;0;0.743594;
./datasets/80Archivos/dna_20;beriberic;0;0.743594;
./datasets/80Archivos/dna_22;beriberic;0;0.743594;
./datasets/80Archivos/dna_23;beriberic;0;0.743594;
./datasets/80Archivos/dna_00;betso;0;0.810221;
./datasets/80Archivos/dna_02;betso;0;0.810221;
./datasets/80Archivos/dna_05;betso;0;0.810221;
./datasets/80Archivos/dna_08;betso;0;0.810221;
./datasets/80Archivos/dna_12;betso;0;0.810221;
./datasets/80Archivos/dna_16;betso;0;0.810221;
./datasets/80Archivos/dna_18;betso;0;0.810221;
./datasets/80Archivos/dna_20;betso;0;0.810221;
./datasets/80Archivos/dna_22;betso;0;0.810221;
./datasets/80Archivos/dna_23;betso;0;0.810221;
./datasets/80Archivos/dna_00;archheart;0;0.683662;
./datasets/80Archivos/dna_02;archheart;0;0.683662;
./datasets/80Archivos/dna_05;archheart;0;0.683662;
./datasets/80Archivos/dna_08;archheart;0;0.683662;
./datasets/80Archivos/dna_12;archheart;0;0.683662;
./datasets/80Archivos/dna_16;archheart;0;0.683662;
./datasets/80Archivos/dna_18;archheart;0;0.683662;
./datasets/80Archivos/dna_20;archheart;0;0.683662;
./datasets/80Archivos/dna_22;archheart;0;0.683662;
./datasets/80Archivos/dna_23;archheart;0;0.683662;
./datasets/80Archivos/dna_00;snary;0;0.778548;
./datasets/80Archivos/dna_02;snary;0;0.778548;
./datasets/80Archivos/dna_05;snary;0;0.778548;
./datasets/80Archivos/dna_08;snary;0;0.778548;
./datasets/80Archivos/dna_12;snary;0;0.778548;
./datasets/80Archivos/dna_16;snary;0;0.778548;
./datasets/80Archivos/dna_18;snary;0;0.778548;
./datasets/80Archivos/dna_20;snary;0;0.778548;
./datasets/80Archivos/dna_22;snary;0;0.778548;
./datasets/80Archivos/dna_23;snary;0;0.778548;
./datasets/80Archivos/dna_00;Viminal;0;0.706591;
./datasets/80Archivos/dna_02;Viminal;0;0.706591;
./datasets/80Archivos/dna_05;Viminal;0;0.706591;
./datasets/80Archivos/dna_08;Viminal;0;0.706591;
./datasets/80Archivos/dna_12;Viminal;0;0.706591;
./datasets/80Archivos/dna_16;Viminal;0;0.706591;
./datasets/80Archivos/dna_18;Viminal;0;0.706591;
./datasets/80Archivos/dna_20;Viminal;0;0.706591;
./datasets/80Archivos/dna_22;Viminal;0;0.706591;
./datasets/80Archivos/dna_23;Viminal;0;0.706591;
./datasets/80Archivos/dna_00;Pygopodidae;0;0.65462;
./datasets/80Archivos/dna_02;Pygopodidae;0;0.65462;
./datasets/80Archivos/dna_05;Pygopodidae;0;0.65462;
./datasets/80Archivos/dna_08;Pygopodidae;0;0.65462;
./datasets/80Archivos/dna_12;Pygopodidae;0;0.65462;
./datasets/80Archivos/dna_16;Pygopodidae;0;0.65462;
./datasets/80Archivos/dna_18;Pygopodidae;0;0.65462;
./datasets/80Archivos/dna_20;Pygopodidae;0;0.65462;
./datasets/80Archivos/dna_22;Pygopodidae;0;0.65462;
./datasets/80Archivos/dna_23;Pygopodidae;0;0.65462;
./datasets/80Archivos/dna_00;acetylenediurein;0;0.640851;
./datasets/80Archivos/dna_02;acetylenediurein;0;0.640851;
./datasets/80Archivos/dna_05;acetylenediurein;0;0.640851;
./datasets/80Archivos/dna_08;acetylenediurein;0;0.640851;
./datasets/80Archivos/dna_12;acetylenediurein;0;0.640851;
./datasets/80Archivos/dna_16;acetylenediurein;0;0.640851;
./datasets/80Archivos/dna_18;acetylenediurein;0;0.640851;
./datasets/80Archivos/dna_20;acetylenediurein;0;0.640851;
./datasets/80Archivos/dna_22;acetylenediurein;0;0.640851;
./datasets/80Archivos/dna_23;acetylenediurein;0;0.640851;
./datasets/80Archivos/dna_00;asphalt;0;0.71359;
./datasets/80Archivos/dna_02;asphalt;0;0.71359;
./datasets/80Archivos/dna_05;asphalt;0;0.71359;
./datasets/80Archivos/dna_08;asphalt;0;0.71359;
./datasets/80Archivos/dna_12;asphalt;0;0.71359;
./datasets/80Archivos/dna_16;asphalt;0;0.71359;
./datasets/80Archivos/dna_18;asphalt;0;0.71359;
./datasets/80Archivos/dna_20;asphalt;0;0.71359;
./datasets/80Archivos/dna_22;asphalt;0;0.71359;
./datasets/80Archivos/dna_23;asphalt;0;0.71359;
./datasets/80Archivos/dna_00;preimpress;0;0.669199;
./datasets/80Archivos/dna_02;preimpress;0;0.669199;
./datasets/80Archivos/dna_05;preimpress;0;0.669199;
./datasets/80Archivos/dna_08;preimpress;0;0.669199;
./datasets/80Archivos/dna_12;preimpress;0;0.669199;
./datasets/80Archivos/dna_16;preimpress;0;0.669199;
./datasets/80Archivos/dna_18;preimpress;0;0.669199;
./datasets/80Archivos/dna_20;preimpress;0;0.669199;
./datasets/80Archivos/dna_22;preimpress;0;0.669199;
./datasets/80Archivos/dna_23;preimpress;0;0.669199;
./datasets/80Archivos/dna_00;fountainlet;0;0.761187;
./datasets/80Archivos/dna_02;fountainlet;0;0.761187;
./datasets/80Archivos/dna_05;fountainlet;0;0.761187;
./datasets/80Archivos/dna_08;fountainlet;0;0.761187;
./datasets/80Archivos/dna_12;fountainlet;0;0.761187;
./datasets/80Archivos/dna_16;fountainlet;0;0.761187;
./datasets/80Archivos/dna_18;fountainlet;0;0.761187;
./datasets/80Archivos/dna_20;fountainlet;0;0.761187;
./datasets/80Archivos/dna_22;fountainlet;0;0.761187;
./datasets/80Archivos/dna_23;fountainlet;0;0.761187;
./datasets/80Archivos/dna_00;bejel;0;0.883055;
./datasets/80Archivos/dna_02;bejel;0;0.883055;
./datasets/80Archivos/dna_05;bejel;0;0.883055;
./datasets/80Archivos/dna_08;bejel;0;0.883055;
./datasets/80Archivos/dna_12;bejel;0;0.883055;
./datasets/80Archivos/dna_16;bejel;0;0.883055;
./datasets/80Archivos/dna_18;bejel;0;0.883055;
./datasets/80Archivos/dna_20;bejel;0;0.883055;
./datasets/80Archivos/dna_22;bejel;0;0.883055;
./datasets/80Archivos/dna_23;bejel;0;0.883055;
./datasets/80Archivos/dna_00;unpictorially;0;0.64162;
./datasets/80Archivos/dna_02;unpictorially;0;0.64162;
./datasets/80Archivos/dna_05;unpictorially;0;0.64162;
./datasets/80Archivos/dna_08;unpictorially;0;0.64162;
./datasets/80Archivos/dna_12;unpictorially;0;0.64162;
./datasets/80Archivos/dna_16;unpictorially;0;0.64162;
./datasets/80Archivos/dna_18;unpictorially;0;0.64162;
./datasets/80Archivos/dna_20;unpictorially;0;0.64162;
./datasets/80Archivos/dna_22;unpictorially;0;0.64162;
./datasets/80Archivos/dna_23;unpictorially;0;0.64162;
./datasets/80Archivos/dna_00;heliophyte;0;0.674228;
./datasets/80Archivos/dna_02;heliophyte;0;0.674228;
./datasets/80Archivos/dna_05;heliophyte;0;0.674228;
./datasets/80Archivos/dna_08;heliophyte;0;0.674228;
./datasets/80Archivos/dna_12;heliophyte;0;0.674228;
./datasets/80Archivos/dna_16;heliophyte;0;0.674228;
./datasets/80Archivos/dna_18;heliophyte;0;0.674228;
./datasets/80Archivos/dna_20;heliophyte;0;0.674228;
./datasets/80Archivos/dna_22;heliophyte;0;0.674228;
./datasets/80Archivos/dna_23;heliophyte;0;0.674228;
./datasets/80Archivos/dna_00;chimopeelagic;0;0.651631;
./datasets/80Archivos/dna_02;chimopeelagic;0;0.651631;
./datasets/80Archivos/dna_05;chimopeelagic;0;0.651631;
./datasets/80Archivos/dna_08;chimopeelagic;0;0.651631;
./datasets/80Archivos/dna_12;chimopeelagic;0;0.651631;
./datasets/80Archivos/dna_16;chimopeelagic;0;0.651631;
./datasets/80Archivos/dna_18;chimopeelagic;0;0.651631;
./datasets/80Archivos/dna_20;chimopeelagic;0;0.651631;
./datasets/80Archivos/dna_22;chimopeelagic;0;0.651631;
./datasets/80Archivos/dna_23;chimopeelagic;0;0.651631;
./datasets/80Archivos/dna_00;warison;0;0.768385;
./datasets/80Archivos/dna_02;warison;0;0.768385;
./datasets/80Archivos/dna_05;warison;0;0.768385;
./datasets/80Archivos/dna_08;warison;0;0.768385;
./datasets/80Archivos/dna_12;warison;0;0.768385;
./datasets/80Archivos/dna_16;warison;0;0.768385;
./datasets/80Archivos/dna_18;warison;0;0.768385;
./datasets/80Archivos/dna_20;warison;0;0.768385;
./datasets/80Archivos/dna_22;warison;0;0.768385;
./datasets/80Archivos/dna_23;warison;0;0.768385;
./datasets/80Archivos/dna_00;antivaccinist;0;0.685611;
./datasets/80Archivos/dna_02;antivaccinist;0;0.685611;
./datasets/80Archivos/dna_05;antivaccinist;0;0.685611;
./datasets/80Archivos/dna_08;antivaccinist;0;0.685611;
./datasets/80Archivos/dna_12;antivaccinist;0;0.685611;
./datasets/80Archivos/dna_16;antivaccinist;0;0.685611;
./datasets/80Archivos/dna_18;antivaccinist;0;0.685611;
./datasets/80Archivos/dna_20;antivaccinist;0;0.685611;
./datasets/80Archivos/dna_22;antivaccinist;0;0.685611;
./datasets/80Archivos/dna_23;antivaccinist;0;0.685611;
./datasets/80Archivos/dna_00;overtwine;0;0.701184;
./datasets/80Archivos/dna_02;overtwine;0;0.701184;
./datasets/80Archivos/dna_05;overtwine;0;0.701184;
./datasets/80Archivos/dna_08;overtwine;0;0.701184;
./datasets/80Archivos/dna_12;overtwine;0;0.701184;
./datasets/80Archivos/dna_16;overtwine;0;0.701184;
./datasets/80Archivos/dna_18;overtwine;0;0.701184;
./datasets/80Archivos/dna_20;overtwine;0;0.701184;
./datasets/80Archivos/dna_22;overtwine;0;0.701184;
./datasets/80Archivos/dna_23;overtwine;0;0.701184;
./datasets/80Archivos/dna_00;preremove;0;0.679212;
./datasets/80Archivos/dna_02;preremove;0;0.679212;
./datasets/80Archivos/dna_05;preremove;0;0.679212;
./datasets/80Archivos/dna_08;preremove;0;0.679212;
./datasets/80Archivos/dna_12;preremove;0;0.679212;
./datasets/80Archivos/dna_16;preremove;0;0.679212;
./datasets/80Archivos/dna_18;preremove;0;0.679212;
./datasets/80Archivos/dna_20;preremove;0;0.679212;
./datasets/80Archivos/dna_22;preremove;0;0.679212;
./datasets/80Archivos/dna_23;preremove;0;0.679212;
./datasets/80Archivos/dna_00;nerval;0;0.733872;
./datasets/80Archivos/dna_02;nerval;0;0.733872;
./datasets/80Archivos/dna_05;nerval;0;0.733872;
./datasets/80Archivos/dna_08;nerval;0;0.733872;
./datasets/80Archivos/dna_12;nerval;0;0.733872;
./datasets/80Archivos/dna_16;nerval;0;0.733872;
./datasets/80Archivos/dna_18;nerval;0;0.733872;
./datasets/80Archivos/dna_20;nerval;0;0.733872;
./datasets/80Archivos/dna_22;nerval;0;0.733872;
./datasets/80Archivos/dna_23;nerval;0;0.733872;
./datasets/80Archivos/dna_00;bufonite;0;0.703622;
./datasets/80Archivos/dna_02;bufonite;0;0.703622;
./datasets/80Archivos/dna_05;bufonite;0;0.703622;
./datasets/80Archivos/dna_08;bufonite;0;0.703622;
./datasets/80Archivos/dna_12;bufonite;0;0.703622;
./datasets/80Archivos/dna_16;bufonite;0;0.703622;
./datasets/80Archivos/dna_18;bufonite;0;0.703622;
./datasets/80Archivos/dna_20;bufonite;0;0.703622;
./datasets/80Archivos/dna_22;bufonite;0;0.703622;
./datasets/80Archivos/dna_23;bufonite;0;0.703622;
./datasets/80Archivos/dna_00;eradicator;0;0.711257;
./datasets/80Archivos/dna_02;eradicator;0;0.711257;
./datasets/80Archivos/dna_05;eradicator;0;0.711257;
./datasets/80Archivos/dna_08;eradicator;0;0.711257;
./datasets/80Archivos/dna_12;eradicator;0;0.711257;
./datasets/80Archivos/dna_16;eradicator;0;0.711257;
./datasets/80Archivos/dna_18;eradicator;0;0.711257;
./datasets/80Archivos/dna_20;eradicator;0;0.711257;
./datasets/80Archivos/dna_22;eradicator;0;0.711257;
./datasets/80Archivos/dna_23;eradicator;0;0.711257;
./datasets/80Archivos/dna_00;turtling;0;0.791208;
./datasets/80Archivos/dna_02;turtling;0;0.791208;
./datasets/80Archivos/dna_05;turtling;0;0.791208;
./datasets/80Archivos/dna_08;turtling;0;0.791208;
./datasets/80Archivos/dna_12;turtling;0;0.791208;
./datasets/80Archivos/dna_16;turtling;0;0.791208;
./datasets/80Archivos/dna_18;turtling;0;0.791208;
./datasets/80Archivos/dna_20;turtling;0;0.791208;
./datasets/80Archivos/dna_22;turtling;0;0.791208;
./datasets/80Archivos/dna_23;turtling;0;0.791208;
./datasets/80Archivos/dna_00;winrace;0;0.813152;
./datasets/80Archivos/dna_02;winrace;0;0.813152;
./datasets/80Archivos/dna_05;winrace;0;0.813152;
./datasets/80Archivos/dna_08;winrace;0;0.813152;
./datasets/80Archivos/dna_12;winrace;0;0.813152;
./datasets/80Archivos/dna_16;winrace;0;0.813152;
./datasets/80Archivos/dna_18;winrace;0;0.813152;
./datasets/80Archivos/dna_20;winrace;0;0.813152;
./datasets/80Archivos/dna_22;winrace;0;0.813152;
./datasets/80Archivos/dna_23;winrace;0;0.813152;
./datasets/80Archivos/dna_00;psychographic;0;0.684614;
./datasets/80Archivos/dna_02;psychographic;0;0.684614;
./datasets/80Archivos/dna_05;psychographic;0;0.684614;
./datasets/80Archivos/dna_08;psychographic;0;0.684614;
./datasets/80Archivos/dna_12;psychographic;0;0.684614;
./datasets/80Archivos/dna_16;psychographic;0;0.684614;
./datasets/80Archivos/dna_18;psychographic;0;0.684614;
./datasets/80Archivos/dna_20;psychographic;0;0.684614;
./datasets/80Archivos/dna_22;psychographic;0;0.684614;
./datasets/80Archivos/dna_23;psychographic;0;0.684614;
./datasets/80Archivos/dna_00;impalpably;0;0.667223;
./datasets/80Archivos/dna_02;impalpably;0;0.667223;
./datasets/80Archivos/dna_05;impalpably;0;0.667223;
./datasets/80Archivos/dna_08;impalpably;0;0.667223;
./datasets/80Archivos/dna_12;impalpably;0;0.667223;
./datasets/80Archivos/dna_16;impalpably;0;0.667223;
./datasets/80Archivos/dna_18;impalpably;0;0.667223;
./datasets/80Archivos/dna_20;impalpably;0;0.667223;
./datasets/80Archivos/dna_22;impalpably;0;0.667223;
./datasets/80Archivos/dna_23;impalpably;0;0.667223;
./datasets/80Archivos/dna_00;amygdalase;0;0.663258;
./datasets/80Archivos/dna_02;amygdalase;0;0.663258;
./datasets/80Archivos/dna_05;amygdalase;0;0.663258;
./datasets/80Archivos/dna_08;amygdalase;0;0.663258;
./datasets/80Archivos/dna_12;amygdalase;0;0.663258;
./datasets/80Archivos/dna_16;amygdalase;0;0.663258;
./datasets/80Archivos/dna_18;amygdalase;0;0.663258;
./datasets/80Archivos/dna_20;amygdalase;0;0.663258;
./datasets/80Archivos/dna_22;amygdalase;0;0.663258;
./datasets/80Archivos/dna_23;amygdalase;0;0.663258;
./datasets/80Archivos/dna_00;Octogynia;0;0.680631;
./datasets/80Archivos/dna_02;Octogynia;0;0.680631;
./datasets/80Archivos/dna_05;Octogynia;0;0.680631;
./datasets/80Archivos/dna_08;Octogynia;0;0.680631;
./datasets/80Archivos/dna_12;Octogynia;0;0.680631;
./datasets/80Archivos/dna_16;Octogynia;0;0.680631;
./datasets/80Archivos/dna_18;Octogynia;0;0.680631;
./datasets/80Archivos/dna_20;Octogynia;0;0.680631;
./datasets/80Archivos/dna_22;Octogynia;0;0.680631;
./datasets/80Archivos/dna_23;Octogynia;0;0.680631;
./datasets/80Archivos/dna_00;brimming;0;0.736185;
./datasets/80Archivos/dna_02;brimming;0;0.736185;
./datasets/80Archivos/dna_05;brimming;0;0.736185;
./datasets/80Archivos/dna_08;brimming;0;0.736185;
./datasets/80Archivos/dna_12;brimming;0;0.736185;
./datasets/80Archivos/dna_16;brimming;0;0.736185;
./datasets/80Archivos/dna_18;brimming;0;0.736185;
./datasets/80Archivos/dna_20;brimming;0;0.736185;
./datasets/80Archivos/dna_22;brimming;0;0.736185;
./datasets/80Archivos/dna_23;brimming;0;0.736185;
./datasets/80Archivos/dna_00;grist;0;0.798803;
./datasets/80Archivos/dna_02;grist;0;0.798803;
./datasets/80Archivos/dna_05;grist;0;0.798803;
./datasets/80Archivos/dna_08;grist;0;0.798803;
./datasets/80Archivos/dna_12;grist;0;0.798803;
./datasets/80Archivos/dna_16;grist;0;0.798803;
./datasets/80Archivos/dna_18;grist;0;0.798803;
./datasets/80Archivos/dna_20;grist;0;0.798803;
./datasets/80Archivos/dna_22;grist;0;0.798803;
./datasets/80Archivos/dna_23;grist;0;0.798803;
./datasets/80Archivos/dna_00;casave;0;0.725189;
./datasets/80Archivos/dna_02;casave;0;0.725189;
./datasets/80Archivos/dna_05;casave;0;0.725189;
./datasets/80Archivos/dna_08;casave;0;0.725189;
./datasets/80Archivos/dna_12;casave;0;0.725189;
./datasets/80Archivos/dna_16;casave;0;0.725189;
./datasets/80Archivos/dna_18;casave;0;0.725189;
./datasets/80Archivos/dna_20;casave;0;0.725189;
./datasets/80Archivos/dna_22;casave;0;0.725189;
./datasets/80Archivos/dna_23;casave;0;0.725189;
./datasets/80Archivos/dna_00;brazilein;0;0.658191;
./datasets/80Archivos/dna_02;brazilein;0;0.658191;
./datasets/80Archivos/dna_05;brazilein;0;0.658191;
./datasets/80Archivos/dna_08;brazilein;0;0.658191;
./datasets/80Archivos/dna_12;brazilein;0;0.658191;
./datasets/80Archivos/dna_16;brazilein;0;0.658191;
./datasets/80Archivos/dna_18;brazilein;0;0.658191;
./datasets/80Archivos/dna_20;brazilein;0;0.658191;
./datasets/80Archivos/dna_22;brazilein;0;0.658191;
./datasets/80Archivos/dna_23;brazilein;0;0.658191;
./datasets/80Archivos/dna_00;afluking;0;0.67327;
./datasets/80Archivos/dna_02;afluking;0;0.67327;
./datasets/80Archivos/dna_05;afluking;0;0.67327;
./datasets/80Archivos/dna_08;afluking;0;0.67327;
./datasets/80Archivos/dna_12;afluking;0;0.67327;
./datasets/80Archivos/dna_16;afluking;0;0.67327;
./datasets/80Archivos/dna_18;afluking;0;0.67327;
./datasets/80Archivos/dna_20;afluking;0;0.67327;
./datasets/80Archivos/dna_22;afluking;0;0.67327;
./datasets/80Archivos/dna_23;afluking;0;0.67327;
./datasets/80Archivos/dna_00;meliceris;0;0.67996;
./datasets/80Archivos/dna_02;meliceris;0;0.67996;
./datasets/80Archivos/dna_05;meliceris;0;0.67996;
./datasets/80Archivos/dna_08;meliceris;0;0.67996;
./datasets/80Archivos/dna_12;meliceris;0;0.67996;
./datasets/80Archivos/dna_16;meliceris;0;0.67996;
./datasets/80Archivos/dna_18;meliceris;0;0.67996;
./datasets/80Archivos/dna_20;meliceris;0;0.67996;
./datasets/80Archivos/dna_22;meliceris;0;0.67996;
./datasets/80Archivos/dna_23;meliceris;0;0.67996;
./datasets/80Archivos/dna_00;portative;0;0.659038;
./datasets/80Archivos/dna_02;portative;0;0.659038;
./datasets/80Archivos/dna_05;portative;0;0.659038;
./datasets/80Archivos/dna_08;portative;0;0.659038;
./datasets/80Archivos/dna_12;portative;0;0.659038;
./datasets/80Archivos/dna_16;portative;0;0.659038;
./datasets/80Archivos/dna_18;portative;0;0.659038;
./datasets/80Archivos/dna_20;portative;0;0.659038;
./datasets/80Archivos/dna_22;portative;0;0.659038;
./datasets/80Archivos/dna_23;portative;0;0.659038;
./datasets/80Archivos/dna_00;unsteck;0;0.719231;
./datasets/80Archivos/dna_02;unsteck;0;0.719231;
./datasets/80Archivos/dna_05;unsteck;0;0.719231;
./datasets/80Archivos/dna_08;unsteck;0;0.719231;
./datasets/80Archivos/dna_12;unsteck;0;0.719231;
./datasets/80Archivos/dna_16;unsteck;0;0.719231;
./datasets/80Archivos/dna_18;unsteck;0;0.719231;
./datasets/80Archivos/dna_20;unsteck;0;0.719231;
./datasets/80Archivos/dna_22;unsteck;0;0.719231;
./datasets/80Archivos/dna_23;unsteck;0;0.719231;
./datasets/80Archivos/dna_00;Madelon;0;0.87748;
./datasets/80Archivos/dna_02;Madelon;0;0.87748;
./datasets/80Archivos/dna_05;Madelon;0;0.87748;
./datasets/80Archivos/dna_08;Madelon;0;0.87748;
./datasets/80Archivos/dna_12;Madelon;0;0.87748;
./datasets/80Archivos/dna_16;Madelon;0;0.87748;
./datasets/80Archivos/dna_18;Madelon;0;0.87748;
./datasets/80Archivos/dna_20;Madelon;0;0.87748;
./datasets/80Archivos/dna_22;Madelon;0;0.87748;
./datasets/80Archivos/dna_23;Madelon;0;0.87748;
./datasets/80Archivos/dna_00;barramunda;0;0.677123;
./datasets/80Archivos/dna_02;barramunda;0;0.677123;
./datasets/80Archivos/dna_05;barramunda;0;0.677123;
./datasets/80Archivos/dna_08;barramunda;0;0.677123;
./datasets/80Archivos/dna_12;barramunda;0;0.677123;
./datasets/80Archivos/dna_16;barramunda;0;0.677123;
./datasets/80Archivos/dna_18;barramunda;0;0.677123;
./datasets/80Archivos/dna_20;barramunda;0;0.677123;
./datasets/80Archivos/dna_22;barramunda;0;0.677123;
./datasets/80Archivos/dna_23;barramunda;0;0.677123;
./datasets/80Archivos/dna_00;optotechnics;0;0.659119;
./datasets/80Archivos/dna_02;optotechnics;0;0.659119;
./datasets/80Archivos/dna_05;optotechnics;0;0.659119;
./datasets/80Archivos/dna_08;optotechnics;0;0.659119;
./datasets/80Archivos/dna_12;optotechnics;0;0.659119;
./datasets/80Archivos/dna_16;optotechnics;0;0.659119;
./datasets/80Archivos/dna_18;optotechnics;0;0.659119;
./datasets/80Archivos/dna_20;optotechnics;0;0.659119;
./datasets/80Archivos/dna_22;optotechnics;0;0.659119;
./datasets/80Archivos/dna_23;optotechnics;0;0.659119;
./datasets/80Archivos/dna_00;metapterygium;0;0.662001;
./datasets/80Archivos/dna_02;metapterygium;0;0.662001;
./datasets/80Archivos/dna_05;metapterygium;0;0.662001;
./datasets/80Archivos/dna_08;metapterygium;0;0.662001;
./datasets/80Archivos/dna_12;metapterygium;0;0.662001;
./datasets/80Archivos/dna_16;metapterygium;0;0.662001;
./datasets/80Archivos/dna_18;metapterygium;0;0.662001;
./datasets/80Archivos/dna_20;metapterygium;0;0.662001;
./datasets/80Archivos/dna_22;metapterygium;0;0.662001;
./datasets/80Archivos/dna_23;metapterygium;0;0.662001;
./datasets/80Archivos/dna_00;unromanticalness;0;0.680777;
./datasets/80Archivos/dna_02;unromanticalness;0;0.680777;
./datasets/80Archivos/dna_05;unromanticalness;0;0.680777;
./datasets/80Archivos/dna_08;unromanticalness;0;0.680777;
./datasets/80Archivos/dna_12;unromanticalness;0;0.680777;
./datasets/80Archivos/dna_16;unromanticalness;0;0.680777;
./datasets/80Archivos/dna_18;unromanticalness;0;0.680777;
./datasets/80Archivos/dna_20;unromanticalness;0;0.680777;
./datasets/80Archivos/dna_22;unromanticalness;0;0.680777;
./datasets/80Archivos/dna_23;unromanticalness;0;0.680777;
./datasets/80Archivos/dna_00;Jacobinism;0;0.679612;
./datasets/80Archivos/dna_02;Jacobinism;0;0.679612;
./datasets/80Archivos/dna_05;Jacobinism;0;0.679612;
./datasets/80Archivos/dna_08;Jacobinism;0;0.679612;
./datasets/80Archivos/dna_12;Jacobinism;0;0.679612;
./datasets/80Archivos/dna_16;Jacobinism;0;0.679612;
./datasets/80Archivos/dna_18;Jacobinism;0;0.679612;
./datasets/80Archivos/dna_20;Jacobinism;0;0.679612;
./datasets/80Archivos/dna_22;Jacobinism;0;0.679612;
./datasets/80Archivos/dna_23;Jacobinism;0;0.679612;
./datasets/80Archivos/dna_00;pricklingly;0;0.792211;
./datasets/80Archivos/dna_02;pricklingly;0;0.792211;
./datasets/80Archivos/dna_05;pricklingly;0;0.792211;
./datasets/80Archivos/dna_08;pricklingly;0;0.792211;
./datasets/80Archivos/dna_12;pricklingly;0;0.792211;
./datasets/80Archivos/dna_16;pricklingly;0;0.792211;
./datasets/80Archivos/dna_18;pricklingly;0;0.792211;
./datasets/80Archivos/dna_20;pricklingly;0;0.792211;
./datasets/80Archivos/dna_22;pricklingly;0;0.792211;
./datasets/80Archivos/dna_23;pricklingly;0;0.792211;
./datasets/80Archivos/dna_00;blameless;0;0.759116;
./datasets/80Archivos/dna_02;blameless;0;0.759116;
./datasets/80Archivos/dna_05;blameless;0;0.759116;
./datasets/80Archivos/dna_08;blameless;0;0.759116;
./datasets/80Archivos/dna_12;blameless;0;0.759116;
./datasets/80Archivos/dna_16;blameless;0;0.759116;
./datasets/80Archivos/dna_18;blameless;0;0.759116;
./datasets/80Archivos/dna_20;blameless;0;0.759116;
./datasets/80Archivos/dna_22;blameless;0;0.759116;
./datasets/80Archivos/dna_23;blameless;0;0.759116;
./datasets/80Archivos/dna_00;elderhood;0;0.72059;
./datasets/80Archivos/dna_02;elderhood;0;0.72059;
./datasets/80Archivos/dna_05;elderhood;0;0.72059;
./datasets/80Archivos/dna_08;elderhood;0;0.72059;
./datasets/80Archivos/dna_12;elderhood;0;0.72059;
./datasets/80Archivos/dna_16;elderhood;0;0.72059;
./datasets/80Archivos/dna_18;elderhood;0;0.72059;
./datasets/80Archivos/dna_20;elderhood;0;0.72059;
./datasets/80Archivos/dna_22;elderhood;0;0.72059;
./datasets/80Archivos/dna_23;elderhood;0;0.72059;
./datasets/80Archivos/dna_00;committeewoman;0;0.68217;
./datasets/80Archivos/dna_02;committeewoman;0;0.68217;
./datasets/80Archivos/dna_05;committeewoman;0;0.68217;
./datasets/80Archivos/dna_08;committeewoman;0;0.68217;
./datasets/80Archivos/dna_12;committeewoman;0;0.68217;
./datasets/80Archivos/dna_16;committeewoman;0;0.68217;
./datasets/80Archivos/dna_18;committeewoman;0;0.68217;
./datasets/80Archivos/dna_20;committeewoman;0;0.68217;
./datasets/80Archivos/dna_22;committeewoman;0;0.68217;
./datasets/80Archivos/dna_23;committeewoman;0;0.68217;
./datasets/80Archivos/dna_00;comicocynical;0;0.628162;
./datasets/80Archivos/dna_02;comicocynical;0;0.628162;
./datasets/80Archivos/dna_05;comicocynical;0;0.628162;
./datasets/80Archivos/dna_08;comicocynical;0;0.628162;
./datasets/80Archivos/dna_12;comicocynical;0;0.628162;
./datasets/80Archivos/dna_16;comicocynical;0;0.628162;
./datasets/80Archivos/dna_18;comicocynical;0;0.628162;
./datasets/80Archivos/dna_20;comicocynical;0;0.628162;
./datasets/80Archivos/dna_22;comicocynical;0;0.628162;
./datasets/80Archivos/dna_23;comicocynical;0;0.628162;
./datasets/80Archivos/dna_00;aggrate;0;0.689724;
./datasets/80Archivos/dna_02;aggrate;0;0.689724;
./datasets/80Archivos/dna_05;aggrate;0;0.689724;
./datasets/80Archivos/dna_08;aggrate;0;0.689724;
./datasets/80Archivos/dna_12;aggrate;0;0.689724;
./datasets/80Archivos/dna_16;aggrate;0;0.689724;
./datasets/80Archivos/dna_18;aggrate;0;0.689724;
./datasets/80Archivos/dna_20;aggrate;0;0.689724;
./datasets/80Archivos/dna_22;aggrate;0;0.689724;
./datasets/80Archivos/dna_23;aggrate;0;0.689724;
./datasets/80Archivos/dna_00;stentoronic;0;0.639289;
./datasets/80Archivos/dna_02;stentoronic;0;0.639289;
./datasets/80Archivos/dna_05;stentoronic;0;0.639289;
./datasets/80Archivos/dna_08;stentoronic;0;0.639289;
./datasets/80Archivos/dna_12;stentoronic;0;0.639289;
./datasets/80Archivos/dna_16;stentoronic;0;0.639289;
./datasets/80Archivos/dna_18;stentoronic;0;0.639289;
./datasets/80Archivos/dna_20;stentoronic;0;0.639289;
./datasets/80Archivos/dna_22;stentoronic;0;0.639289;
./datasets/80Archivos/dna_23;stentoronic;0;0.639289;
./datasets/80Archivos/dna_00;flatwise;0;0.762025;
./datasets/80Archivos/dna_02;flatwise;0;0.762025;
./datasets/80Archivos/dna_05;flatwise;0;0.762025;
./datasets/80Archivos/dna_08;flatwise;0;0.762025;
./datasets/80Archivos/dna_12;flatwise;0;0.762025;
./datasets/80Archivos/dna_16;flatwise;0;0.762025;
./datasets/80Archivos/dna_18;flatwise;0;0.762025;
./datasets/80Archivos/dna_20;flatwise;0;0.762025;
./datasets/80Archivos/dna_22;flatwise;0;0.762025;
./datasets/80Archivos/dna_23;flatwise;0;0.762025;
./datasets/80Archivos/dna_00;bipyridyl;0;0.708597;
./datasets/80Archivos/dna_02;bipyridyl;0;0.708597;
./datasets/80Archivos/dna_05;bipyridyl;0;0.708597;
./datasets/80Archivos/dna_08;bipyridyl;0;0.708597;
./datasets/80Archivos/dna_12;bipyridyl;0;0.708597;
./datasets/80Archivos/dna_16;bipyridyl;0;0.708597;
./datasets/80Archivos/dna_18;bipyridyl;0;0.708597;
./datasets/80Archivos/dna_20;bipyridyl;0;0.708597;
./datasets/80Archivos/dna_22;bipyridyl;0;0.708597;
./datasets/80Archivos/dna_23;bipyridyl;0;0.708597;
./datasets/80Archivos/dna_00;untastable;0;0.77751;
./datasets/80Archivos/dna_02;untastable;0;0.77751;
./datasets/80Archivos/dna_05;untastable;0;0.77751;
./datasets/80Archivos/dna_08;untastable;0;0.77751;
./datasets/80Archivos/dna_12;untastable;0;0.77751;
./datasets/80Archivos/dna_16;untastable;0;0.77751;
./datasets/80Archivos/dna_18;untastable;0;0.77751;
./datasets/80Archivos/dna_20;untastable;0;0.77751;
./datasets/80Archivos/dna_22;untastable;0;0.77751;
./datasets/80Archivos/dna_23;untastable;0;0.77751;
./datasets/80Archivos/dna_00;aegerian;0;0.780043;
./datasets/80Archivos/dna_02;aegerian;0;0.780043;
./datasets/80Archivos/dna_05;aegerian;0;0.780043;
./datasets/80Archivos/dna_08;aegerian;0;0.780043;
./datasets/80Archivos/dna_12;aegerian;0;0.780043;
./datasets/80Archivos/dna_16;aegerian;0;0.780043;
./datasets/80Archivos/dna_18;aegerian;0;0.780043;
./datasets/80Archivos/dna_20;aegerian;0;0.780043;
./datasets/80Archivos/dna_22;aegerian;0;0.780043;
./datasets/80Archivos/dna_23;aegerian;0;0.780043;
./datasets/80Archivos/dna_00;unmistrusted;0;0.679092;
./datasets/80Archivos/dna_02;unmistrusted;0;0.679092;
./datasets/80Archivos/dna_05;unmistrusted;0;0.679092;
./datasets/80Archivos/dna_08;unmistrusted;0;0.679092;
./datasets/80Archivos/dna_12;unmistrusted;0;0.679092;
./datasets/80Archivos/dna_16;unmistrusted;0;0.679092;
./datasets/80Archivos/dna_18;unmistrusted;0;0.679092;
./datasets/80Archivos/dna_20;unmistrusted;0;0.679092;
./datasets/80Archivos/dna_22;unmistrusted;0;0.679092;
./datasets/80Archivos/dna_23;unmistrusted;0;0.679092;
./datasets/80Archivos/dna_00;quadrigamist;0;0.760711;
./datasets/80Archivos/dna_02;quadrigamist;0;0.760711;
./datasets/80Archivos/dna_05;quadrigamist;0;0.760711;
./datasets/80Archivos/dna_08;quadrigamist;0;0.760711;
./datasets/80Archivos/dna_12;quadrigamist;0;0.760711;
./datasets/80Archivos/dna_16;quadrigamist;0;0.760711;
./datasets/80Archivos/dna_18;quadrigamist;0;0.760711;
./datasets/80Archivos/dna_20;quadrigamist;0;0.760711;
./datasets/80Archivos/dna_22;quadrigamist;0;0.760711;
./datasets/80Archivos/dna_23;quadrigamist;0;0.760711;
./datasets/80Archivos/dna_00;Meleagrinae;0;0.727198;
./datasets/80Archivos/dna_02;Meleagrinae;0;0.727198;
./datasets/80Archivos/dna_05;Meleagrinae;0;0.727198;
./datasets/80Archivos/dna_08;Meleagrinae;0;0.727198;
./datasets/80Archivos/dna_12;Meleagrinae;0;0.727198;
./datasets/80Archivos/dna_16;Meleagrinae;0;0.727198;
./datasets/80Archivos/dna_18;Meleagrinae;0;0.727198;
./datasets/80Archivos/dna_20;Meleagrinae;0;0.727198;
./datasets/80Archivos/dna_22;Meleagrinae;0;0.727198;
./datasets/80Archivos/dna_23;Meleagrinae;0;0.727198;
./datasets/80Archivos/dna_00;helvite;0;0.798558;
./datasets/80Archivos/dna_02;helvite;0;0.798558;
./datasets/80Archivos/dna_05;helvite;0;0.798558;
./datasets/80Archivos/dna_08;helvite;0;0.798558;
./datasets/80Archivos/dna_12;helvite;0;0.798558;
./datasets/80Archivos/dna_16;helvite;0;0.798558;
./datasets/80Archivos/dna_18;helvite;0;0.798558;
./datasets/80Archivos/dna_20;helvite;0;0.798558;
./datasets/80Archivos/dna_22;helvite;0;0.798558;
./datasets/80Archivos/dna_23;helvite;0;0.798558;
./datasets/80Archivos/dna_00;neuralist;0;0.795249;
./datasets/80Archivos/dna_02;neuralist;0;0.795249;
./datasets/80Archivos/dna_05;neuralist;0;0.795249;
./datasets/80Archivos/dna_08;neuralist;0;0.795249;
./datasets/80Archivos/dna_12;neuralist;0;0.795249;
./datasets/80Archivos/dna_16;neuralist;0;0.795249;
./datasets/80Archivos/dna_18;neuralist;0;0.795249;
./datasets/80Archivos/dna_20;neuralist;0;0.795249;
./datasets/80Archivos/dna_22;neuralist;0;0.795249;
./datasets/80Archivos/dna_23;neuralist;0;0.795249;
./datasets/80Archivos/dna_00;Swietenia;0;0.776194;
./datasets/80Archivos/dna_02;Swietenia;0;0.776194;
./datasets/80Archivos/dna_05;Swietenia;0;0.776194;
./datasets/80Archivos/dna_08;Swietenia;0;0.776194;
./datasets/80Archivos/dna_12;Swietenia;0;0.776194;
./datasets/80Archivos/dna_16;Swietenia;0;0.776194;
./datasets/80Archivos/dna_18;Swietenia;0;0.776194;
./datasets/80Archivos/dna_20;Swietenia;0;0.776194;
./datasets/80Archivos/dna_22;Swietenia;0;0.776194;
./datasets/80Archivos/dna_23;Swietenia;0;0.776194;
./datasets/80Archivos/dna_00;unpleadable;0;0.701584;
./datasets/80Archivos/dna_02;unpleadable;0;0.701584;
./datasets/80Archivos/dna_05;unpleadable;0;0.701584;
./datasets/80Archivos/dna_08;unpleadable;0;0.701584;
./datasets/80Archivos/dna_12;unpleadable;0;0.701584;
./datasets/80Archivos/dna_16;unpleadable;0;0.701584;
./datasets/80Archivos/dna_18;unpleadable;0;0.701584;
./datasets/80Archivos/dna_20;unpleadable;0;0.701584;
./datasets/80Archivos/dna_22;unpleadable;0;0.701584;
./datasets/80Archivos/dna_23;unpleadable;0;0.701584;
./datasets/80Archivos/dna_00;colorably;0;0.713262;
./datasets/80Archivos/dna_02;colorably;0;0.713262;
./datasets/80Archivos/dna_05;colorably;0;0.713262;
./datasets/80Archivos/dna_08;colorably;0;0.713262;
./datasets/80Archivos/dna_12;colorably;0;0.713262;
./datasets/80Archivos/dna_16;colorably;0;0.713262;
./datasets/80Archivos/dna_18;colorably;0;0.713262;
./datasets/80Archivos/dna_20;colorably;0;0.713262;
./datasets/80Archivos/dna_22;colorably;0;0.713262;
./datasets/80Archivos/dna_23;colorably;0;0.713262;
./datasets/80Archivos/dna_00;mogilalism;0;0.687619;
./datasets/80Archivos/dna_02;mogilalism;0;0.687619;
./datasets/80Archivos/dna_05;mogilalism;0;0.687619;
./datasets/80Archivos/dna_08;mogilalism;0;0.687619;
./datasets/80Archivos/dna_12;mogilalism;0;0.687619;
./datasets/80Archivos/dna_16;mogilalism;0;0.687619;
./datasets/80Archivos/dna_18;mogilalism;0;0.687619;
./datasets/80Archivos/dna_20;mogilalism;0;0.687619;
./datasets/80Archivos/dna_22;mogilalism;0;0.687619;
./datasets/80Archivos/dna_23;mogilalism;0;0.687619;
./datasets/80Archivos/dna_00;consequently;0;0.678232;
./datasets/80Archivos/dna_02;consequently;0;0.678232;
./datasets/80Archivos/dna_05;consequently;0;0.678232;
./datasets/80Archivos/dna_08;consequently;0;0.678232;
./datasets/80Archivos/dna_12;consequently;0;0.678232;
./datasets/80Archivos/dna_16;consequently;0;0.678232;
./datasets/80Archivos/dna_18;consequently;0;0.678232;
./datasets/80Archivos/dna_20;consequently;0;0.678232;
./datasets/80Archivos/dna_22;consequently;0;0.678232;
./datasets/80Archivos/dna_23;consequently;0;0.678232;
./datasets/80Archivos/dna_00;atamasco;0;0.672207;
./datasets/80Archivos/dna_02;atamasco;0;0.672207;
./datasets/80Archivos/dna_05;atamasco;0;0.672207;
./datasets/80Archivos/dna_08;atamasco;0;0.672207;
./datasets/80Archivos/dna_12;atamasco;0;0.672207;
./datasets/80Archivos/dna_16;atamasco;0;0.672207;
./datasets/80Archivos/dna_18;atamasco;0;0.672207;
./datasets/80Archivos/dna_20;atamasco;0;0.672207;
./datasets/80Archivos/dna_22;atamasco;0;0.672207;
./datasets/80Archivos/dna_23;atamasco;0;0.672207;
./datasets/80Archivos/dna_00;inhospitality;0;0.62363;
./datasets/80Archivos/dna_02;inhospitality;0;0.62363;
./datasets/80Archivos/dna_05;inhospitality;0;0.62363;
./datasets/80Archivos/dna_08;inhospitality;0;0.62363;
./datasets/80Archivos/dna_12;inhospitality;0;0.62363;
./datasets/80Archivos/dna_16;inhospitality;0;0.62363;
./datasets/80Archivos/dna_18;inhospitality;0;0.62363;
./datasets/80Archivos/dna_20;inhospitality;0;0.62363;
./datasets/80Archivos/dna_22;inhospitality;0;0.62363;
./datasets/80Archivos/dna_23;inhospitality;0;0.62363;
./datasets/80Archivos/dna_00;noncarnivorous;0;0.633516;
./datasets/80Archivos/dna_02;noncarnivorous;0;0.633516;
./datasets/80Archivos/dna_05;noncarnivorous;0;0.633516;
./datasets/80Archivos/dna_08;noncarnivorous;0;0.633516;
./datasets/80Archivos/dna_12;noncarnivorous;0;0.633516;
./datasets/80Archivos/dna_16;noncarnivorous;0;0.633516;
./datasets/80Archivos/dna_18;noncarnivorous;0;0.633516;
./datasets/80Archivos/dna_20;noncarnivorous;0;0.633516;
./datasets/80Archivos/dna_22;noncarnivorous;0;0.633516;
./datasets/80Archivos/dna_23;noncarnivorous;0;0.633516;
./datasets/80Archivos/dna_00;counterruin;0;0.779573;
./datasets/80Archivos/dna_02;counterruin;0;0.779573;
./datasets/80Archivos/dna_05;counterruin;0;0.779573;
./datasets/80Archivos/dna_08;counterruin;0;0.779573;
./datasets/80Archivos/dna_12;counterruin;0;0.779573;
./datasets/80Archivos/dna_16;counterruin;0;0.779573;
./datasets/80Archivos/dna_18;counterruin;0;0.779573;
./datasets/80Archivos/dna_20;counterruin;0;0.779573;
./datasets/80Archivos/dna_22;counterruin;0;0.779573;
./datasets/80Archivos/dna_23;counterruin;0;0.779573;
./datasets/80Archivos/dna_00;gryposis;0;0.708201;
./datasets/80Archivos/dna_02;gryposis;0;0.708201;
./datasets/80Archivos/dna_05;gryposis;0;0.708201;
./datasets/80Archivos/dna_08;gryposis;0;0.708201;
./datasets/80Archivos/dna_12;gryposis;0;0.708201;
./datasets/80Archivos/dna_16;gryposis;0;0.708201;
./datasets/80Archivos/dna_18;gryposis;0;0.708201;
./datasets/80Archivos/dna_20;gryposis;0;0.708201;
./datasets/80Archivos/dna_22;gryposis;0;0.708201;
./datasets/80Archivos/dna_23;gryposis;0;0.708201;
./datasets/80Archivos/dna_00;ringe;0;0.820528;
./datasets/80Archivos/dna_02;ringe;0;0.820528;
./datasets/80Archivos/dna_05;ringe;0;0.820528;
./datasets/80Archivos/dna_08;ringe;0;0.820528;
./datasets/80Archivos/dna_12;ringe;0;0.820528;
./datasets/80Archivos/dna_16;ringe;0;0.820528;
./datasets/80Archivos/dna_18;ringe;0;0.820528;
./datasets/80Archivos/dna_20;ringe;0;0.820528;
./datasets/80Archivos/dna_22;ringe;0;0.820528;
./datasets/80Archivos/dna_23;ringe;0;0.820528;
./datasets/80Archivos/dna_00;displeasedly;0;0.741175;
./datasets/80Archivos/dna_02;displeasedly;0;0.741175;
./datasets/80Archivos/dna_05;displeasedly;0;0.741175;
./datasets/80Archivos/dna_08;displeasedly;0;0.741175;
./datasets/80Archivos/dna_12;displeasedly;0;0.741175;
./datasets/80Archivos/dna_16;displeasedly;0;0.741175;
./datasets/80Archivos/dna_18;displeasedly;0;0.741175;
./datasets/80Archivos/dna_20;displeasedly;0;0.741175;
./datasets/80Archivos/dna_22;displeasedly;0;0.741175;
./datasets/80Archivos/dna_23;displeasedly;0;0.741175;
./datasets/80Archivos/dna_00;incenter;0;0.791129;
./datasets/80Archivos/dna_02;incenter;0;0.791129;
./datasets/80Archivos/dna_05;incenter;0;0.791129;
./datasets/80Archivos/dna_08;incenter;0;0.791129;
./datasets/80Archivos/dna_12;incenter;0;0.791129;
./datasets/80Archivos/dna_16;incenter;0;0.791129;
./datasets/80Archivos/dna_18;incenter;0;0.791129;
./datasets/80Archivos/dna_20;incenter;0;0.791129;
./datasets/80Archivos/dna_22;incenter;0;0.791129;
./datasets/80Archivos/dna_23;incenter;0;0.791129;
./datasets/80Archivos/dna_00;gallycrow;0;0.798512;
./datasets/80Archivos/dna_02;gallycrow;0;0.798512;
./datasets/80Archivos/dna_05;gallycrow;0;0.798512;
./datasets/80Archivos/dna_08;gallycrow;0;0.798512;
./datasets/80Archivos/dna_12;gallycrow;0;0.798512;
./datasets/80Archivos/dna_16;gallycrow;0;0.798512;
./datasets/80Archivos/dna_18;gallycrow;0;0.798512;
./datasets/80Archivos/dna_20;gallycrow;0;0.798512;
./datasets/80Archivos/dna_22;gallycrow;0;0.798512;
./datasets/80Archivos/dna_23;gallycrow;0;0.798512;
./datasets/80Archivos/dna_00;whincow;0;0.834371;
./datasets/80Archivos/dna_02;whincow;0;0.834371;
./datasets/80Archivos/dna_05;whincow;0;0.834371;
./datasets/80Archivos/dna_08;whincow;0;0.834371;
./datasets/80Archivos/dna_12;whincow;0;0.834371;
./datasets/80Archivos/dna_16;whincow;0;0.834371;
./datasets/80Archivos/dna_18;whincow;0;0.834371;
./datasets/80Archivos/dna_20;whincow;0;0.834371;
./datasets/80Archivos/dna_22;whincow;0;0.834371;
./datasets/80Archivos/dna_23;whincow;0;0.834371;
./datasets/80Archivos/dna_00;repudiationist;0;0.742249;
./datasets/80Archivos/dna_02;repudiationist;0;0.742249;
./datasets/80Archivos/dna_05;repudiationist;0;0.742249;
./datasets/80Archivos/dna_08;repudiationist;0;0.742249;
./datasets/80Archivos/dna_12;repudiationist;0;0.742249;
./datasets/80Archivos/dna_16;repudiationist;0;0.742249;
./datasets/80Archivos/dna_18;repudiationist;0;0.742249;
./datasets/80Archivos/dna_20;repudiationist;0;0.742249;
./datasets/80Archivos/dna_22;repudiationist;0;0.742249;
./datasets/80Archivos/dna_23;repudiationist;0;0.742249;
./datasets/80Archivos/dna_00;unagile;0;0.836098;
./datasets/80Archivos/dna_02;unagile;0;0.836098;
./datasets/80Archivos/dna_05;unagile;0;0.836098;
./datasets/80Archivos/dna_08;unagile;0;0.836098;
./datasets/80Archivos/dna_12;unagile;0;0.836098;
./datasets/80Archivos/dna_16;unagile;0;0.836098;
./datasets/80Archivos/dna_18;unagile;0;0.836098;
./datasets/80Archivos/dna_20;unagile;0;0.836098;
./datasets/80Archivos/dna_22;unagile;0;0.836098;
./datasets/80Archivos/dna_23;unagile;0;0.836098;
./datasets/80Archivos/dna_00;chaplain;0;0.830595;
./datasets/80Archivos/dna_02;chaplain;0;0.830595;
./datasets/80Archivos/dna_05;chaplain;0;0.830595;
./datasets/80Archivos/dna_08;chaplain;0;0.830595;
./datasets/80Archivos/dna_12;chaplain;0;0.830595;
./datasets/80Archivos/dna_16;chaplain;0;0.830595;
./datasets/80Archivos/dna_18;chaplain;0;0.830595;
./datasets/80Archivos/dna_20;chaplain;0;0.830595;
./datasets/80Archivos/dna_22;chaplain;0;0.830595;
./datasets/80Archivos/dna_23;chaplain;0;0.830595;
./datasets/80Archivos/dna_00;bekerchief;0;0.778511;
./datasets/80Archivos/dna_02;bekerchief;0;0.778511;
./datasets/80Archivos/dna_05;bekerchief;0;0.778511;
./datasets/80Archivos/dna_08;bekerchief;0;0.778511;
./datasets/80Archivos/dna_12;bekerchief;0;0.778511;
./datasets/80Archivos/dna_16;bekerchief;0;0.778511;
./datasets/80Archivos/dna_18;bekerchief;0;0.778511;
./datasets/80Archivos/dna_20;bekerchief;0;0.778511;
./datasets/80Archivos/dna_22;bekerchief;0;0.778511;
./datasets/80Archivos/dna_23;bekerchief;0;0.778511;
./datasets/80Archivos/dna_00;subproduct;0;0.846518;
./datasets/80Archivos/dna_02;subproduct;0;0.846518;
./datasets/80Archivos/dna_05;subproduct;0;0.846518;
./datasets/80Archivos/dna_08;subproduct;0;0.846518;
./datasets/80Archivos/dna_12;subproduct;0;0.846518;
./datasets/80Archivos/dna_16;subproduct;0;0.846518;
./datasets/80Archivos/dna_18;subproduct;0;0.846518;
./datasets/80Archivos/dna_20;subproduct;0;0.846518;
./datasets/80Archivos/dna_22;subproduct;0;0.846518;
./datasets/80Archivos/dna_23;subproduct;0;0.846518;
./datasets/80Archivos/dna_00;pointingly;0;0.835396;
./datasets/80Archivos/dna_02;pointingly;0;0.835396;
./datasets/80Archivos/dna_05;pointingly;0;0.835396;
./datasets/80Archivos/dna_08;pointingly;0;0.835396;
./datasets/80Archivos/dna_12;pointingly;0;0.835396;
./datasets/80Archivos/dna_16;pointingly;0;0.835396;
./datasets/80Archivos/dna_18;pointingly;0;0.835396;
./datasets/80Archivos/dna_20;pointingly;0;0.835396;
./datasets/80Archivos/dna_22;pointingly;0;0.835396;
./datasets/80Archivos/dna_23;pointingly;0;0.835396;
./datasets/80Archivos/dna_00;Physonectae;0;0.849518;
./datasets/80Archivos/dna_02;Physonectae;0;0.849518;
./datasets/80Archivos/dna_05;Physonectae;0;0.849518;
./datasets/80Archivos/dna_08;Physonectae;0;0.849518;
./datasets/80Archivos/dna_12;Physonectae;0;0.849518;
./datasets/80Archivos/dna_16;Physonectae;0;0.849518;
./datasets/80Archivos/dna_18;Physonectae;0;0.849518;
./datasets/80Archivos/dna_20;Physonectae;0;0.849518;
./datasets/80Archivos/dna_22;Physonectae;0;0.849518;
./datasets/80Archivos/dna_23;Physonectae;0;0.849518;
./datasets/80Archivos/dna_00;bumpingly;0;0.748202;
./datasets/80Archivos/dna_02;bumpingly;0;0.748202;
./datasets/80Archivos/dna_05;bumpingly;0;0.748202;
./datasets/80Archivos/dna_08;bumpingly;0;0.748202;
./datasets/80Archivos/dna_12;bumpingly;0;0.748202;
./datasets/80Archivos/dna_16;bumpingly;0;0.748202;
./datasets/80Archivos/dna_18;bumpingly;0;0.748202;
./datasets/80Archivos/dna_20;bumpingly;0;0.748202;
./datasets/80Archivos/dna_22;bumpingly;0;0.748202;
./datasets/80Archivos/dna_23;bumpingly;0;0.748202;
./datasets/80Archivos/dna_00;hateful;0;0.747459;
./datasets/80Archivos/dna_02;hateful;0;0.747459;
./datasets/80Archivos/dna_05;hateful;0;0.747459;
./datasets/80Archivos/dna_08;hateful;0;0.747459;
./datasets/80Archivos/dna_12;hateful;0;0.747459;
./datasets/80Archivos/dna_16;hateful;0;0.747459;
./datasets/80Archivos/dna_18;hateful;0;0.747459;
./datasets/80Archivos/dna_20;hateful;0;0.747459;
./datasets/80Archivos/dna_22;hateful;0;0.747459;
./datasets/80Archivos/dna_23;hateful;0;0.747459;
./datasets/80Archivos/dna_00;endogenous;0;0.698589;
./datasets/80Archivos/dna_02;endogenous;0;0.698589;
./datasets/80Archivos/dna_05;endogenous;0;0.698589;
./datasets/80Archivos/dna_08;endogenous;0;0.698589;
./datasets/80Archivos/dna_12;endogenous;0;0.698589;
./datasets/80Archivos/dna_16;endogenous;0;0.698589;
./datasets/80Archivos/dna_18;endogenous;0;0.698589;
./datasets/80Archivos/dna_20;endogenous;0;0.698589;
./datasets/80Archivos/dna_22;endogenous;0;0.698589;
./datasets/80Archivos/dna_23;endogenous;0;0.698589;
./datasets/80Archivos/dna_00;facticide;0;0.787263;
./datasets/80Archivos/dna_02;facticide;0;0.787263;
./datasets/80Archivos/dna_05;facticide;0;0.787263;
./datasets/80Archivos/dna_08;facticide;0;0.787263;
./datasets/80Archivos/dna_12;facticide;0;0.787263;
./datasets/80Archivos/dna_16;facticide;0;0.787263;
./datasets/80Archivos/dna_18;facticide;0;0.787263;
./datasets/80Archivos/dna_20;facticide;0;0.787263;
./datasets/80Archivos/dna_22;facticide;0;0.787263;
./datasets/80Archivos/dna_23;facticide;0;0.787263;
./datasets/80Archivos/dna_00;velours;0;0.793533;
./datasets/80Archivos/dna_02;velours;0;0.793533;
./datasets/80Archivos/dna_05;velours;0;0.793533;
./datasets/80Archivos/dna_08;velours;0;0.793533;
./datasets/80Archivos/dna_12;velours;0;0.793533;
./datasets/80Archivos/dna_16;velours;0;0.793533;
./datasets/80Archivos/dna_18;velours;0;0.793533;
./datasets/80Archivos/dna_20;velours;0;0.793533;
./datasets/80Archivos/dna_22;velours;0;0.793533;
./datasets/80Archivos/dna_23;velours;0;0.793533;
./datasets/80Archivos/dna_00;carmoisin;0;0.756261;
./datasets/80Archivos/dna_02;carmoisin;0;0.756261;
./datasets/80Archivos/dna_05;carmoisin;0;0.756261;
./datasets/80Archivos/dna_08;carmoisin;0;0.756261;
./datasets/80Archivos/dna_12;carmoisin;0;0.756261;
./datasets/80Archivos/dna_16;carmoisin;0;0.756261;
./datasets/80Archivos/dna_18;carmoisin;0;0.756261;
./datasets/80Archivos/dna_20;carmoisin;0;0.756261;
./datasets/80Archivos/dna_22;carmoisin;0;0.756261;
./datasets/80Archivos/dna_23;carmoisin;0;0.756261;
./datasets/80Archivos/dna_00;reaccomplish;0;0.788889;
./datasets/80Archivos/dna_02;reaccomplish;0;0.788889;
./datasets/80Archivos/dna_05;reaccomplish;0;0.788889;
./datasets/80Archivos/dna_08;reaccomplish;0;0.788889;
./datasets/80Archivos/dna_12;reaccomplish;0;0.788889;
./datasets/80Archivos/dna_16;reaccomplish;0;0.788889;
./datasets/80Archivos/dna_18;reaccomplish;0;0.788889;
./datasets/80Archivos/dna_20;reaccomplish;0;0.788889;
./datasets/80Archivos/dna_22;reaccomplish;0;0.788889;
./datasets/80Archivos/dna_23;reaccomplish;0;0.788889;
./datasets/80Archivos/dna_00;protistic;0;0.758189;
./datasets/80Archivos/dna_02;protistic;0;0.758189;
./datasets/80Archivos/dna_05;protistic;0;0.758189;
./datasets/80Archivos/dna_08;protistic;0;0.758189;
./datasets/80Archivos/dna_12;protistic;0;0.758189;
./datasets/80Archivos/dna_16;protistic;0;0.758189;
./datasets/80Archivos/dna_18;protistic;0;0.758189;
./datasets/80Archivos/dna_20;protistic;0;0.758189;
./datasets/80Archivos/dna_22;protistic;0;0.758189;
./datasets/80Archivos/dna_23;protistic;0;0.758189;
./datasets/80Archivos/dna_00;recuperance;0;0.923271;
./datasets/80Archivos/dna_02;recuperance;0;0.923271;
./datasets/80Archivos/dna_05;recuperance;0;0.923271;
./datasets/80Archivos/dna_08;recuperance;0;0.923271;
./datasets/80Archivos/dna_12;recuperance;0;0.923271;
./datasets/80Archivos/dna_16;recuperance;0;0.923271;
./datasets/80Archivos/dna_18;recuperance;0;0.923271;
./datasets/80Archivos/dna_20;recuperance;0;0.923271;
./datasets/80Archivos/dna_22;recuperance;0;0.923271;
./datasets/80Archivos/dna_23;recuperance;0;0.923271;
./datasets/80Archivos/dna_00;tech;0;0.918995;
./datasets/80Archivos/dna_02;tech;0;0.918995;
./datasets/80Archivos/dna_05;tech;0;0.918995;
./datasets/80Archivos/dna_08;tech;0;0.918995;
./datasets/80Archivos/dna_12;tech;0;0.918995;
./datasets/80Archivos/dna_16;tech;0;0.918995;
./datasets/80Archivos/dna_18;tech;0;0.918995;
./datasets/80Archivos/dna_20;tech;0;0.918995;
./datasets/80Archivos/dna_22;tech;0;0.918995;
./datasets/80Archivos/dna_23;tech;0;0.918995;
./datasets/80Archivos/dna_00;withywind;0;0.731569;
./datasets/80Archivos/dna_02;withywind;0;0.731569;
./datasets/80Archivos/dna_05;withywind;0;0.731569;
./datasets/80Archivos/dna_08;withywind;0;0.731569;
./datasets/80Archivos/dna_12;withywind;0;0.731569;
./datasets/80Archivos/dna_16;withywind;0;0.731569;
./datasets/80Archivos/dna_18;withywind;0;0.731569;
./datasets/80Archivos/dna_20;withywind;0;0.731569;
./datasets/80Archivos/dna_22;withywind;0;0.731569;
./datasets/80Archivos/dna_23;withywind;0;0.731569;
./datasets/80Archivos/dna_00;Galen;0;1.049;
./datasets/80Archivos/dna_02;Galen;0;1.049;
./datasets/80Archivos/dna_05;Galen;0;1.049;
./datasets/80Archivos/dna_08;Galen;0;1.049;
./datasets/80Archivos/dna_12;Galen;0;1.049;
./datasets/80Archivos/dna_16;Galen;0;1.049;
./datasets/80Archivos/dna_18;Galen;0;1.049;
./datasets/80Archivos/dna_20;Galen;0;1.049;
./datasets/80Archivos/dna_22;Galen;0;1.049;
./datasets/80Archivos/dna_23;Galen;0;1.049;
./datasets/80Archivos/dna_00;Slavistic;0;0.810215;
./datasets/80Archivos/dna_02;Slavistic;0;0.810215;
./datasets/80Archivos/dna_05;Slavistic;0;0.810215;
./datasets/80Archivos/dna_08;Slavistic;0;0.810215;
./datasets/80Archivos/dna_12;Slavistic;0;0.810215;
./datasets/80Archivos/dna_16;Slavistic;0;0.810215;
./datasets/80Archivos/dna_18;Slavistic;0;0.810215;
./datasets/80Archivos/dna_20;Slavistic;0;0.810215;
./datasets/80Archivos/dna_22;Slavistic;0;0.810215;
./datasets/80Archivos/dna_23;Slavistic;0;0.810215;
./datasets/80Archivos/dna_00;escropulo;0;0.721192;
./datasets/80Archivos/dna_02;escropulo;0;0.721192;
./datasets/80Archivos/dna_05;escropulo;0;0.721192;
./datasets/80Archivos/dna_08;escropulo;0;0.721192;
./datasets/80Archivos/dna_12;escropulo;0;0.721192;
./datasets/80Archivos/dna_16;escropulo;0;0.721192;
./datasets/80Archivos/dna_18;escropulo;0;0.721192;
./datasets/80Archivos/dna_20;escropulo;0;0.721192;
./datasets/80Archivos/dna_22;escropulo;0;0.721192;
./datasets/80Archivos/dna_23;escropulo;0;0.721192;
./datasets/80Archivos/dna_00;deglutination;0;0.68361;
./datasets/80Archivos/dna_02;deglutination;0;0.68361;
./datasets/80Archivos/dna_05;deglutination;0;0.68361;
./datasets/80Archivos/dna_08;deglutination;0;0.68361;
./datasets/80Archivos/dna_12;deglutination;0;0.68361;
./datasets/80Archivos/dna_16;deglutination;0;0.68361;
./datasets/80Archivos/dna_18;deglutination;0;0.68361;
./datasets/80Archivos/dna_20;deglutination;0;0.68361;
./datasets/80Archivos/dna_22;deglutination;0;0.68361;
./datasets/80Archivos/dna_23;deglutination;0;0.68361;
./datasets/80Archivos/dna_00;hydramnios;0;0.720122;
./datasets/80Archivos/dna_02;hydramnios;0;0.720122;
./datasets/80Archivos/dna_05;hydramnios;0;0.720122;
./datasets/80Archivos/dna_08;hydramnios;0;0.720122;
./datasets/80Archivos/dna_12;hydramnios;0;0.720122;
./datasets/80Archivos/dna_16;hydramnios;0;0.720122;
./datasets/80Archivos/dna_18;hydramnios;0;0.720122;
./datasets/80Archivos/dna_20;hydramnios;0;0.720122;
./datasets/80Archivos/dna_22;hydramnios;0;0.720122;
./datasets/80Archivos/dna_23;hydramnios;0;0.720122;
./datasets/80Archivos/dna_00;Amphion;0;1.00498;
./datasets/80Archivos/dna_02;Amphion;0;1.00498;
./datasets/80Archivos/dna_05;Amphion;0;1.00498;
./datasets/80Archivos/dna_08;Amphion;0;1.00498;
./datasets/80Archivos/dna_12;Amphion;0;1.00498;
./datasets/80Archivos/dna_16;Amphion;0;1.00498;
./datasets/80Archivos/dna_18;Amphion;0;1.00498;
./datasets/80Archivos/dna_20;Amphion;0;1.00498;
./datasets/80Archivos/dna_22;Amphion;0;1.00498;
./datasets/80Archivos/dna_23;Amphion;0;1.00498;
./datasets/80Archivos/dna_00;beguilement;0;0.806353;
./datasets/80Archivos/dna_02;beguilement;0;0.806353;
./datasets/80Archivos/dna_05;beguilement;0;0.806353;
./datasets/80Archivos/dna_08;beguilement;0;0.806353;
./datasets/80Archivos/dna_12;beguilement;0;0.806353;
./datasets/80Archivos/dna_16;beguilement;0;0.806353;
./datasets/80Archivos/dna_18;beguilement;0;0.806353;
./datasets/80Archivos/dna_20;beguilement;0;0.806353;
./datasets/80Archivos/dna_22;beguilement;0;0.806353;
./datasets/80Archivos/dna_23;beguilement;0;0.806353;
./datasets/80Archivos/dna_00;glottiscope;0;0.694605;
./datasets/80Archivos/dna_02;glottiscope;0;0.694605;
./datasets/80Archivos/dna_05;glottiscope;0;0.694605;
./datasets/80Archivos/dna_08;glottiscope;0;0.694605;
./datasets/80Archivos/dna_12;glottiscope;0;0.694605;
./datasets/80Archivos/dna_16;glottiscope;0;0.694605;
./datasets/80Archivos/dna_18;glottiscope;0;0.694605;
./datasets/80Archivos/dna_20;glottiscope;0;0.694605;
./datasets/80Archivos/dna_22;glottiscope;0;0.694605;
./datasets/80Archivos/dna_23;glottiscope;0;0.694605;
./datasets/80Archivos/dna_00;propagation;0;0.666574;
./datasets/80Archivos/dna_02;propagation;0;0.666574;
./datasets/80Archivos/dna_05;propagation;0;0.666574;
./datasets/80Archivos/dna_08;propagation;0;0.666574;
./datasets/80Archivos/dna_12;propagation;0;0.666574;
./datasets/80Archivos/dna_16;propagation;0;0.666574;
./datasets/80Archivos/dna_18;propagation;0;0.666574;
./datasets/80Archivos/dna_20;propagation;0;0.666574;
./datasets/80Archivos/dna_22;propagation;0;0.666574;
./datasets/80Archivos/dna_23;propagation;0;0.666574;
./datasets/80Archivos/dna_00;entrancement;0;0.649022;
./datasets/80Archivos/dna_02;entrancement;0;0.649022;
./datasets/80Archivos/dna_05;entrancement;0;0.649022;
./datasets/80Archivos/dna_08;entrancement;0;0.649022;
./datasets/80Archivos/dna_12;entrancement;0;0.649022;
./datasets/80Archivos/dna_16;entrancement;0;0.649022;
./datasets/80Archivos/dna_18;entrancement;0;0.649022;
./datasets/80Archivos/dna_20;entrancement;0;0.649022;
./datasets/80Archivos/dna_22;entrancement;0;0.649022;
./datasets/80Archivos/dna_23;entrancement;0;0.649022;
./datasets/80Archivos/dna_00;disbelief;0;0.699267;
./datasets/80Archivos/dna_02;disbelief;0;0.699267;
./datasets/80Archivos/dna_05;disbelief;0;0.699267;
./datasets/80Archivos/dna_08;disbelief;0;0.699267;
./datasets/80Archivos/dna_12;disbelief;0;0.699267;
./datasets/80Archivos/dna_16;disbelief;0;0.699267;
./datasets/80Archivos/dna_18;disbelief;0;0.699267;
./datasets/80Archivos/dna_20;disbelief;0;0.699267;
./datasets/80Archivos/dna_22;disbelief;0;0.699267;
./datasets/80Archivos/dna_23;disbelief;0;0.699267;
./datasets/80Archivos/dna_00;goatlike;0;0.726732;
./datasets/80Archivos/dna_02;goatlike;0;0.726732;
./datasets/80Archivos/dna_05;goatlike;0;0.726732;
./datasets/80Archivos/dna_08;goatlike;0;0.726732;
./datasets/80Archivos/dna_12;goatlike;0;0.726732;
./datasets/80Archivos/dna_16;goatlike;0;0.726732;
./datasets/80Archivos/dna_18;goatlike;0;0.726732;
./datasets/80Archivos/dna_20;goatlike;0;0.726732;
./datasets/80Archivos/dna_22;goatlike;0;0.726732;
./datasets/80Archivos/dna_23;goatlike;0;0.726732;
./datasets/80Archivos/dna_00;Tanyoan;0;0.786844;
./datasets/80Archivos/dna_02;Tanyoan;0;0.786844;
./datasets/80Archivos/dna_05;Tanyoan;0;0.786844;
./datasets/80Archivos/dna_08;Tanyoan;0;0.786844;
./datasets/80Archivos/dna_12;Tanyoan;0;0.786844;
./datasets/80Archivos/dna_16;Tanyoan;0;0.786844;
./datasets/80Archivos/dna_18;Tanyoan;0;0.786844;
./datasets/80Archivos/dna_20;Tanyoan;0;0.786844;
./datasets/80Archivos/dna_22;Tanyoan;0;0.786844;
./datasets/80Archivos/dna_23;Tanyoan;0;0.786844;
./datasets/80Archivos/dna_00;thecium;0;0.752546;
./datasets/80Archivos/dna_02;thecium;0;0.752546;
./datasets/80Archivos/dna_05;thecium;0;0.752546;
./datasets/80Archivos/dna_08;thecium;0;0.752546;
./datasets/80Archivos/dna_12;thecium;0;0.752546;
./datasets/80Archivos/dna_16;thecium;0;0.752546;
./datasets/80Archivos/dna_18;thecium;0;0.752546;
./datasets/80Archivos/dna_20;thecium;0;0.752546;
./datasets/80Archivos/dna_22;thecium;0;0.752546;
./datasets/80Archivos/dna_23;thecium;0;0.752546;
./datasets/80Archivos/dna_00;deforciant;0;0.668636;
./datasets/80Archivos/dna_02;deforciant;0;0.668636;
./datasets/80Archivos/dna_05;deforciant;0;0.668636;
./datasets/80Archivos/dna_08;deforciant;0;0.668636;
./datasets/80Archivos/dna_12;deforciant;0;0.668636;
./datasets/80Archivos/dna_16;deforciant;0;0.668636;
./datasets/80Archivos/dna_18;deforciant;0;0.668636;
./datasets/80Archivos/dna_20;deforciant;0;0.668636;
./datasets/80Archivos/dna_22;deforciant;0;0.668636;
./datasets/80Archivos/dna_23;deforciant;0;0.668636;
./datasets/80Archivos/dna_00;coachwhip;0;0.687616;
./datasets/80Archivos/dna_02;coachwhip;0;0.687616;
./datasets/80Archivos/dna_05;coachwhip;0;0.687616;
./datasets/80Archivos/dna_08;coachwhip;0;0.687616;
./datasets/80Archivos/dna_12;coachwhip;0;0.687616;
./datasets/80Archivos/dna_16;coachwhip;0;0.687616;
./datasets/80Archivos/dna_18;coachwhip;0;0.687616;
./datasets/80Archivos/dna_20;coachwhip;0;0.687616;
./datasets/80Archivos/dna_22;coachwhip;0;0.687616;
./datasets/80Archivos/dna_23;coachwhip;0;0.687616;
./datasets/80Archivos/dna_00;enviableness;0;0.657616;
./datasets/80Archivos/dna_02;enviableness;0;0.657616;
./datasets/80Archivos/dna_05;enviableness;0;0.657616;
./datasets/80Archivos/dna_08;enviableness;0;0.657616;
./datasets/80Archivos/dna_12;enviableness;0;0.657616;
./datasets/80Archivos/dna_16;enviableness;0;0.657616;
./datasets/80Archivos/dna_18;enviableness;0;0.657616;
./datasets/80Archivos/dna_20;enviableness;0;0.657616;
./datasets/80Archivos/dna_22;enviableness;0;0.657616;
./datasets/80Archivos/dna_23;enviableness;0;0.657616;
./datasets/80Archivos/dna_00;duroquinone;0;0.724226;
./datasets/80Archivos/dna_02;duroquinone;0;0.724226;
./datasets/80Archivos/dna_05;duroquinone;0;0.724226;
./datasets/80Archivos/dna_08;duroquinone;0;0.724226;
./datasets/80Archivos/dna_12;duroquinone;0;0.724226;
./datasets/80Archivos/dna_16;duroquinone;0;0.724226;
./datasets/80Archivos/dna_18;duroquinone;0;0.724226;
./datasets/80Archivos/dna_20;duroquinone;0;0.724226;
./datasets/80Archivos/dna_22;duroquinone;0;0.724226;
./datasets/80Archivos/dna_23;duroquinone;0;0.724226;
./datasets/80Archivos/dna_00;smirchy;0;0.787302;
./datasets/80Archivos/dna_02;smirchy;0;0.787302;
./datasets/80Archivos/dna_05;smirchy;0;0.787302;
./datasets/80Archivos/dna_08;smirchy;0;0.787302;
./datasets/80Archivos/dna_12;smirchy;0;0.787302;
./datasets/80Archivos/dna_16;smirchy;0;0.787302;
./datasets/80Archivos/dna_18;smirchy;0;0.787302;
./datasets/80Archivos/dna_20;smirchy;0;0.787302;
./datasets/80Archivos/dna_22;smirchy;0;0.787302;
./datasets/80Archivos/dna_23;smirchy;0;0.787302;
./datasets/80Archivos/dna_00;whisky;0;0.799561;
./datasets/80Archivos/dna_02;whisky;0;0.799561;
./datasets/80Archivos/dna_05;whisky;0;0.799561;
./datasets/80Archivos/dna_08;whisky;0;0.799561;
./datasets/80Archivos/dna_12;whisky;0;0.799561;
./datasets/80Archivos/dna_16;whisky;0;0.799561;
./datasets/80Archivos/dna_18;whisky;0;0.799561;
./datasets/80Archivos/dna_20;whisky;0;0.799561;
./datasets/80Archivos/dna_22;whisky;0;0.799561;
./datasets/80Archivos/dna_23;whisky;0;0.799561;
./datasets/80Archivos/dna_00;forcing;0;0.909118;
./datasets/80Archivos/dna_02;forcing;0;0.909118;
./datasets/80Archivos/dna_05;forcing;0;0.909118;
./datasets/80Archivos/dna_08;forcing;0;0.909118;
./datasets/80Archivos/dna_12;forcing;0;0.909118;
./datasets/80Archivos/dna_16;forcing;0;0.909118;
./datasets/80Archivos/dna_18;forcing;0;0.909118;
./datasets/80Archivos/dna_20;forcing;0;0.909118;
./datasets/80Archivos/dna_22;forcing;0;0.909118;
./datasets/80Archivos/dna_23;forcing;0;0.909118;
./datasets/80Archivos/dna_00;homosystemic;0;0.703223;
./datasets/80Archivos/dna_02;homosystemic;0;0.703223;
./datasets/80Archivos/dna_05;homosystemic;0;0.703223;
./datasets/80Archivos/dna_08;homosystemic;0;0.703223;
./datasets/80Archivos/dna_12;homosystemic;0;0.703223;
./datasets/80Archivos/dna_16;homosystemic;0;0.703223;
./datasets/80Archivos/dna_18;homosystemic;0;0.703223;
./datasets/80Archivos/dna_20;homosystemic;0;0.703223;
./datasets/80Archivos/dna_22;homosystemic;0;0.703223;
./datasets/80Archivos/dna_23;homosystemic;0;0.703223;
./datasets/80Archivos/dna_00;underact;0;0.733569;
./datasets/80Archivos/dna_02;underact;0;0.733569;
./datasets/80Archivos/dna_05;underact;0;0.733569;
./datasets/80Archivos/dna_08;underact;0;0.733569;
./datasets/80Archivos/dna_12;underact;0;0.733569;
./datasets/80Archivos/dna_16;underact;0;0.733569;
./datasets/80Archivos/dna_18;underact;0;0.733569;
./datasets/80Archivos/dna_20;underact;0;0.733569;
./datasets/80Archivos/dna_22;underact;0;0.733569;
./datasets/80Archivos/dna_23;underact;0;0.733569;
./datasets/80Archivos/dna_00;autosyndesis;0;0.715041;
./datasets/80Archivos/dna_02;autosyndesis;0;0.715041;
./datasets/80Archivos/dna_05;autosyndesis;0;0.715041;
./datasets/80Archivos/dna_08;autosyndesis;0;0.715041;
./datasets/80Archivos/dna_12;autosyndesis;0;0.715041;
./datasets/80Archivos/dna_16;autosyndesis;0;0.715041;
./datasets/80Archivos/dna_18;autosyndesis;0;0.715041;
./datasets/80Archivos/dna_20;autosyndesis;0;0.715041;
./datasets/80Archivos/dna_22;autosyndesis;0;0.715041;
./datasets/80Archivos/dna_23;autosyndesis;0;0.715041;
./datasets/80Archivos/dna_00;sybaritism;0;0.717318;
./datasets/80Archivos/dna_02;sybaritism;0;0.717318;
./datasets/80Archivos/dna_05;sybaritism;0;0.717318;
./datasets/80Archivos/dna_08;sybaritism;0;0.717318;
./datasets/80Archivos/dna_12;sybaritism;0;0.717318;
./datasets/80Archivos/dna_16;sybaritism;0;0.717318;
./datasets/80Archivos/dna_18;sybaritism;0;0.717318;
./datasets/80Archivos/dna_20;sybaritism;0;0.717318;
./datasets/80Archivos/dna_22;sybaritism;0;0.717318;
./datasets/80Archivos/dna_23;sybaritism;0;0.717318;
./datasets/80Archivos/dna_00;scorching;0;0.81856;
./datasets/80Archivos/dna_02;scorching;0;0.81856;
./datasets/80Archivos/dna_05;scorching;0;0.81856;
./datasets/80Archivos/dna_08;scorching;0;0.81856;
./datasets/80Archivos/dna_12;scorching;0;0.81856;
./datasets/80Archivos/dna_16;scorching;0;0.81856;
./datasets/80Archivos/dna_18;scorching;0;0.81856;
./datasets/80Archivos/dna_20;scorching;0;0.81856;
./datasets/80Archivos/dna_22;scorching;0;0.81856;
./datasets/80Archivos/dna_23;scorching;0;0.81856;
./datasets/80Archivos/dna_00;testiere;0;0.730139;
./datasets/80Archivos/dna_02;testiere;0;0.730139;
./datasets/80Archivos/dna_05;testiere;0;0.730139;
./datasets/80Archivos/dna_08;testiere;0;0.730139;
./datasets/80Archivos/dna_12;testiere;0;0.730139;
./datasets/80Archivos/dna_16;testiere;0;0.730139;
./datasets/80Archivos/dna_18;testiere;0;0.730139;
./datasets/80Archivos/dna_20;testiere;0;0.730139;
./datasets/80Archivos/dna_22;testiere;0;0.730139;
./datasets/80Archivos/dna_23;testiere;0;0.730139;
./datasets/80Archivos/dna_00;nonporphyritic;0;0.646416;
./datasets/80Archivos/dna_02;nonporphyritic;0;0.646416;
./datasets/80Archivos/dna_05;nonporphyritic;0;0.646416;
./datasets/80Archivos/dna_08;nonporphyritic;0;0.646416;
./datasets/80Archivos/dna_12;nonporphyritic;0;0.646416;
./datasets/80Archivos/dna_16;nonporphyritic;0;0.646416;
./datasets/80Archivos/dna_18;nonporphyritic;0;0.646416;
./datasets/80Archivos/dna_20;nonporphyritic;0;0.646416;
./datasets/80Archivos/dna_22;nonporphyritic;0;0.646416;
./datasets/80Archivos/dna_23;nonporphyritic;0;0.646416;
./datasets/80Archivos/dna_00;cephalhematoma;0;0.694608;
./datasets/80Archivos/dna_02;cephalhematoma;0;0.694608;
./datasets/80Archivos/dna_05;cephalhematoma;0;0.694608;
./datasets/80Archivos/dna_08;cephalhematoma;0;0.694608;
./datasets/80Archivos/dna_12;cephalhematoma;0;0.694608;
./datasets/80Archivos/dna_16;cephalhematoma;0;0.694608;
./datasets/80Archivos/dna_18;cephalhematoma;0;0.694608;
./datasets/80Archivos/dna_20;cephalhematoma;0;0.694608;
./datasets/80Archivos/dna_22;cephalhematoma;0;0.694608;
./datasets/80Archivos/dna_23;cephalhematoma;0;0.694608;
./datasets/80Archivos/dna_00;oxyquinoline;0;0.705152;
./datasets/80Archivos/dna_02;oxyquinoline;0;0.705152;
./datasets/80Archivos/dna_05;oxyquinoline;0;0.705152;
./datasets/80Archivos/dna_08;oxyquinoline;0;0.705152;
./datasets/80Archivos/dna_12;oxyquinoline;0;0.705152;
./datasets/80Archivos/dna_16;oxyquinoline;0;0.705152;
./datasets/80Archivos/dna_18;oxyquinoline;0;0.705152;
./datasets/80Archivos/dna_20;oxyquinoline;0;0.705152;
./datasets/80Archivos/dna_22;oxyquinoline;0;0.705152;
./datasets/80Archivos/dna_23;oxyquinoline;0;0.705152;
./datasets/80Archivos/dna_00;azo;0;0.986453;
./datasets/80Archivos/dna_02;azo;0;0.986453;
./datasets/80Archivos/dna_05;azo;0;0.986453;
./datasets/80Archivos/dna_08;azo;0;0.986453;
./datasets/80Archivos/dna_12;azo;0;0.986453;
./datasets/80Archivos/dna_16;azo;0;0.986453;
./datasets/80Archivos/dna_18;azo;0;0.986453;
./datasets/80Archivos/dna_20;azo;0;0.986453;
./datasets/80Archivos/dna_22;azo;0;0.986453;
./datasets/80Archivos/dna_23;azo;0;0.986453;
./datasets/80Archivos/dna_00;scrimshorn;0;0.723965;
./datasets/80Archivos/dna_02;scrimshorn;0;0.723965;
./datasets/80Archivos/dna_05;scrimshorn;0;0.723965;
./datasets/80Archivos/dna_08;scrimshorn;0;0.723965;
./datasets/80Archivos/dna_12;scrimshorn;0;0.723965;
./datasets/80Archivos/dna_16;scrimshorn;0;0.723965;
./datasets/80Archivos/dna_18;scrimshorn;0;0.723965;
./datasets/80Archivos/dna_20;scrimshorn;0;0.723965;
./datasets/80Archivos/dna_22;scrimshorn;0;0.723965;
./datasets/80Archivos/dna_23;scrimshorn;0;0.723965;
./datasets/80Archivos/dna_00;unreeling;0;0.743052;
./datasets/80Archivos/dna_02;unreeling;0;0.743052;
./datasets/80Archivos/dna_05;unreeling;0;0.743052;
./datasets/80Archivos/dna_08;unreeling;0;0.743052;
./datasets/80Archivos/dna_12;unreeling;0;0.743052;
./datasets/80Archivos/dna_16;unreeling;0;0.743052;
./datasets/80Archivos/dna_18;unreeling;0;0.743052;
./datasets/80Archivos/dna_20;unreeling;0;0.743052;
./datasets/80Archivos/dna_22;unreeling;0;0.743052;
./datasets/80Archivos/dna_23;unreeling;0;0.743052;
./datasets/80Archivos/dna_00;burnt;0;0.799015;
./datasets/80Archivos/dna_02;burnt;0;0.799015;
./datasets/80Archivos/dna_05;burnt;0;0.799015;
./datasets/80Archivos/dna_08;burnt;0;0.799015;
./datasets/80Archivos/dna_12;burnt;0;0.799015;
./datasets/80Archivos/dna_16;burnt;0;0.799015;
./datasets/80Archivos/dna_18;burnt;0;0.799015;
./datasets/80Archivos/dna_20;burnt;0;0.799015;
./datasets/80Archivos/dna_22;burnt;0;0.799015;
./datasets/80Archivos/dna_23;burnt;0;0.799015;
./datasets/80Archivos/dna_00;kilocycle;0;0.674972;
./datasets/80Archivos/dna_02;kilocycle;0;0.674972;
./datasets/80Archivos/dna_05;kilocycle;0;0.674972;
./datasets/80Archivos/dna_08;kilocycle;0;0.674972;
./datasets/80Archivos/dna_12;kilocycle;0;0.674972;
./datasets/80Archivos/dna_16;kilocycle;0;0.674972;
./datasets/80Archivos/dna_18;kilocycle;0;0.674972;
./datasets/80Archivos/dna_20;kilocycle;0;0.674972;
./datasets/80Archivos/dna_22;kilocycle;0;0.674972;
./datasets/80Archivos/dna_23;kilocycle;0;0.674972;
./datasets/80Archivos/dna_00;lactenin;0;0.697623;
./datasets/80Archivos/dna_02;lactenin;0;0.697623;
./datasets/80Archivos/dna_05;lactenin;0;0.697623;
./datasets/80Archivos/dna_08;lactenin;0;0.697623;
./datasets/80Archivos/dna_12;lactenin;0;0.697623;
./datasets/80Archivos/dna_16;lactenin;0;0.697623;
./datasets/80Archivos/dna_18;lactenin;0;0.697623;
./datasets/80Archivos/dna_20;lactenin;0;0.697623;
./datasets/80Archivos/dna_22;lactenin;0;0.697623;
./datasets/80Archivos/dna_23;lactenin;0;0.697623;
./datasets/80Archivos/dna_00;Decimus;0;0.815629;
./datasets/80Archivos/dna_02;Decimus;0;0.815629;
./datasets/80Archivos/dna_05;Decimus;0;0.815629;
./datasets/80Archivos/dna_08;Decimus;0;0.815629;
./datasets/80Archivos/dna_12;Decimus;0;0.815629;
./datasets/80Archivos/dna_16;Decimus;0;0.815629;
./datasets/80Archivos/dna_18;Decimus;0;0.815629;
./datasets/80Archivos/dna_20;Decimus;0;0.815629;
./datasets/80Archivos/dna_22;Decimus;0;0.815629;
./datasets/80Archivos/dna_23;Decimus;0;0.815629;
./datasets/80Archivos/dna_00;patter;0;0.756766;
./datasets/80Archivos/dna_02;patter;0;0.756766;
./datasets/80Archivos/dna_05;patter;0;0.756766;
./datasets/80Archivos/dna_08;patter;0;0.756766;
./datasets/80Archivos/dna_12;patter;0;0.756766;
./datasets/80Archivos/dna_16;patter;0;0.756766;
./datasets/80Archivos/dna_18;patter;0;0.756766;
./datasets/80Archivos/dna_20;patter;0;0.756766;
./datasets/80Archivos/dna_22;patter;0;0.756766;
./datasets/80Archivos/dna_23;patter;0;0.756766;
./datasets/80Archivos/dna_00;jetbead;0;0.708866;
./datasets/80Archivos/dna_02;jetbead;0;0.708866;
./datasets/80Archivos/dna_05;jetbead;0;0.708866;
./datasets/80Archivos/dna_08;jetbead;0;0.708866;
./datasets/80Archivos/dna_12;jetbead;0;0.708866;
./datasets/80Archivos/dna_16;jetbead;0;0.708866;
./datasets/80Archivos/dna_18;jetbead;0;0.708866;
./datasets/80Archivos/dna_20;jetbead;0;0.708866;
./datasets/80Archivos/dna_22;jetbead;0;0.708866;
./datasets/80Archivos/dna_23;jetbead;0;0.708866;
./datasets/80Archivos/dna_00;Pygidium;0;0.718467;
./datasets/80Archivos/dna_02;Pygidium;0;0.718467;
./datasets/80Archivos/dna_05;Pygidium;0;0.718467;
./datasets/80Archivos/dna_08;Pygidium;0;0.718467;
./datasets/80Archivos/dna_12;Pygidium;0;0.718467;
./datasets/80Archivos/dna_16;Pygidium;0;0.718467;
./datasets/80Archivos/dna_18;Pygidium;0;0.718467;
./datasets/80Archivos/dna_20;Pygidium;0;0.718467;
./datasets/80Archivos/dna_22;Pygidium;0;0.718467;
./datasets/80Archivos/dna_23;Pygidium;0;0.718467;
./datasets/80Archivos/dna_00;bitterroot;0;0.675658;
./datasets/80Archivos/dna_02;bitterroot;0;0.675658;
./datasets/80Archivos/dna_05;bitterroot;0;0.675658;
./datasets/80Archivos/dna_08;bitterroot;0;0.675658;
./datasets/80Archivos/dna_12;bitterroot;0;0.675658;
./datasets/80Archivos/dna_16;bitterroot;0;0.675658;
./datasets/80Archivos/dna_18;bitterroot;0;0.675658;
./datasets/80Archivos/dna_20;bitterroot;0;0.675658;
./datasets/80Archivos/dna_22;bitterroot;0;0.675658;
./datasets/80Archivos/dna_23;bitterroot;0;0.675658;
./datasets/80Archivos/dna_00;thoke;0;0.777099;
./datasets/80Archivos/dna_02;thoke;0;0.777099;
./datasets/80Archivos/dna_05;thoke;0;0.777099;
./datasets/80Archivos/dna_08;thoke;0;0.777099;
./datasets/80Archivos/dna_12;thoke;0;0.777099;
./datasets/80Archivos/dna_16;thoke;0;0.777099;
./datasets/80Archivos/dna_18;thoke;0;0.777099;
./datasets/80Archivos/dna_20;thoke;0;0.777099;
./datasets/80Archivos/dna_22;thoke;0;0.777099;
./datasets/80Archivos/dna_23;thoke;0;0.777099;
./datasets/80Archivos/dna_00;septated;0;0.71634;
./datasets/80Archivos/dna_02;septated;0;0.71634;
./datasets/80Archivos/dna_05;septated;0;0.71634;
./datasets/80Archivos/dna_08;septated;0;0.71634;
./datasets/80Archivos/dna_12;septated;0;0.71634;
./datasets/80Archivos/dna_16;septated;0;0.71634;
./datasets/80Archivos/dna_18;septated;0;0.71634;
./datasets/80Archivos/dna_20;septated;0;0.71634;
./datasets/80Archivos/dna_22;septated;0;0.71634;
./datasets/80Archivos/dna_23;septated;0;0.71634;
./datasets/80Archivos/dna_00;trinodal;0;0.696585;
./datasets/80Archivos/dna_02;trinodal;0;0.696585;
./datasets/80Archivos/dna_05;trinodal;0;0.696585;
./datasets/80Archivos/dna_08;trinodal;0;0.696585;
./datasets/80Archivos/dna_12;trinodal;0;0.696585;
./datasets/80Archivos/dna_16;trinodal;0;0.696585;
./datasets/80Archivos/dna_18;trinodal;0;0.696585;
./datasets/80Archivos/dna_20;trinodal;0;0.696585;
./datasets/80Archivos/dna_22;trinodal;0;0.696585;
./datasets/80Archivos/dna_23;trinodal;0;0.696585;
./datasets/80Archivos/dna_00;qualitied;0;0.702452;
./datasets/80Archivos/dna_02;qualitied;0;0.702452;
./datasets/80Archivos/dna_05;qualitied;0;0.702452;
./datasets/80Archivos/dna_08;qualitied;0;0.702452;
./datasets/80Archivos/dna_12;qualitied;0;0.702452;
./datasets/80Archivos/dna_16;qualitied;0;0.702452;
./datasets/80Archivos/dna_18;qualitied;0;0.702452;
./datasets/80Archivos/dna_20;qualitied;0;0.702452;
./datasets/80Archivos/dna_22;qualitied;0;0.702452;
./datasets/80Archivos/dna_23;qualitied;0;0.702452;
./datasets/80Archivos/dna_00;gotten;0;0.851358;
./datasets/80Archivos/dna_02;gotten;0;0.851358;
./datasets/80Archivos/dna_05;gotten;0;0.851358;
./datasets/80Archivos/dna_08;gotten;0;0.851358;
./datasets/80Archivos/dna_12;gotten;0;0.851358;
./datasets/80Archivos/dna_16;gotten;0;0.851358;
./datasets/80Archivos/dna_18;gotten;0;0.851358;
./datasets/80Archivos/dna_20;gotten;0;0.851358;
./datasets/80Archivos/dna_22;gotten;0;0.851358;
./datasets/80Archivos/dna_23;gotten;0;0.851358;
./datasets/80Archivos/dna_00;unclassable;0;0.897895;
./datasets/80Archivos/dna_02;unclassable;0;0.897895;
./datasets/80Archivos/dna_05;unclassable;0;0.897895;
./datasets/80Archivos/dna_08;unclassable;0;0.897895;
./datasets/80Archivos/dna_12;unclassable;0;0.897895;
./datasets/80Archivos/dna_16;unclassable;0;0.897895;
./datasets/80Archivos/dna_18;unclassable;0;0.897895;
./datasets/80Archivos/dna_20;unclassable;0;0.897895;
./datasets/80Archivos/dna_22;unclassable;0;0.897895;
./datasets/80Archivos/dna_23;unclassable;0;0.897895;
./datasets/80Archivos/dna_00;Akhissar;0;0.871413;
./datasets/80Archivos/dna_02;Akhissar;0;0.871413;
./datasets/80Archivos/dna_05;Akhissar;0;0.871413;
./datasets/80Archivos/dna_08;Akhissar;0;0.871413;
./datasets/80Archivos/dna_12;Akhissar;0;0.871413;
./datasets/80Archivos/dna_16;Akhissar;0;0.871413;
./datasets/80Archivos/dna_18;Akhissar;0;0.871413;
./datasets/80Archivos/dna_20;Akhissar;0;0.871413;
./datasets/80Archivos/dna_22;Akhissar;0;0.871413;
./datasets/80Archivos/dna_23;Akhissar;0;0.871413;
./datasets/80Archivos/dna_00;wholewise;0;0.682936;
./datasets/80Archivos/dna_02;wholewise;0;0.682936;
./datasets/80Archivos/dna_05;wholewise;0;0.682936;
./datasets/80Archivos/dna_08;wholewise;0;0.682936;
./datasets/80Archivos/dna_12;wholewise;0;0.682936;
./datasets/80Archivos/dna_16;wholewise;0;0.682936;
./datasets/80Archivos/dna_18;wholewise;0;0.682936;
./datasets/80Archivos/dna_20;wholewise;0;0.682936;
./datasets/80Archivos/dna_22;wholewise;0;0.682936;
./datasets/80Archivos/dna_23;wholewise;0;0.682936;
./datasets/80Archivos/dna_00;curse;0;0.775667;
./datasets/80Archivos/dna_02;curse;0;0.775667;
./datasets/80Archivos/dna_05;curse;0;0.775667;
./datasets/80Archivos/dna_08;curse;0;0.775667;
./datasets/80Archivos/dna_12;curse;0;0.775667;
./datasets/80Archivos/dna_16;curse;0;0.775667;
./datasets/80Archivos/dna_18;curse;0;0.775667;
./datasets/80Archivos/dna_20;curse;0;0.775667;
./datasets/80Archivos/dna_22;curse;0;0.775667;
./datasets/80Archivos/dna_23;curse;0;0.775667;
./datasets/80Archivos/dna_00;organophyly;0;0.657267;
./datasets/80Archivos/dna_02;organophyly;0;0.657267;
./datasets/80Archivos/dna_05;organophyly;0;0.657267;
./datasets/80Archivos/dna_08;organophyly;0;0.657267;
./datasets/80Archivos/dna_12;organophyly;0;0.657267;
./datasets/80Archivos/dna_16;organophyly;0;0.657267;
./datasets/80Archivos/dna_18;organophyly;0;0.657267;
./datasets/80Archivos/dna_20;organophyly;0;0.657267;
./datasets/80Archivos/dna_22;organophyly;0;0.657267;
./datasets/80Archivos/dna_23;organophyly;0;0.657267;
./datasets/80Archivos/dna_00;teleseme;0;0.698116;
./datasets/80Archivos/dna_02;teleseme;0;0.698116;
./datasets/80Archivos/dna_05;teleseme;0;0.698116;
./datasets/80Archivos/dna_08;teleseme;0;0.698116;
./datasets/80Archivos/dna_12;teleseme;0;0.698116;
./datasets/80Archivos/dna_16;teleseme;0;0.698116;
./datasets/80Archivos/dna_18;teleseme;0;0.698116;
./datasets/80Archivos/dna_20;teleseme;0;0.698116;
./datasets/80Archivos/dna_22;teleseme;0;0.698116;
./datasets/80Archivos/dna_23;teleseme;0;0.698116;
./datasets/80Archivos/dna_00;heptitol;0;0.690951;
./datasets/80Archivos/dna_02;heptitol;0;0.690951;
./datasets/80Archivos/dna_05;heptitol;0;0.690951;
./datasets/80Archivos/dna_08;heptitol;0;0.690951;
./datasets/80Archivos/dna_12;heptitol;0;0.690951;
./datasets/80Archivos/dna_16;heptitol;0;0.690951;
./datasets/80Archivos/dna_18;heptitol;0;0.690951;
./datasets/80Archivos/dna_20;heptitol;0;0.690951;
./datasets/80Archivos/dna_22;heptitol;0;0.690951;
./datasets/80Archivos/dna_23;heptitol;0;0.690951;
./datasets/80Archivos/dna_00;whitehass;0;0.677929;
./datasets/80Archivos/dna_02;whitehass;0;0.677929;
./datasets/80Archivos/dna_05;whitehass;0;0.677929;
./datasets/80Archivos/dna_08;whitehass;0;0.677929;
./datasets/80Archivos/dna_12;whitehass;0;0.677929;
./datasets/80Archivos/dna_16;whitehass;0;0.677929;
./datasets/80Archivos/dna_18;whitehass;0;0.677929;
./datasets/80Archivos/dna_20;whitehass;0;0.677929;
./datasets/80Archivos/dna_22;whitehass;0;0.677929;
./datasets/80Archivos/dna_23;whitehass;0;0.677929;
./datasets/80Archivos/dna_00;asclepiadeous;0;0.643547;
./datasets/80Archivos/dna_02;asclepiadeous;0;0.643547;
./datasets/80Archivos/dna_05;asclepiadeous;0;0.643547;
./datasets/80Archivos/dna_08;asclepiadeous;0;0.643547;
./datasets/80Archivos/dna_12;asclepiadeous;0;0.643547;
./datasets/80Archivos/dna_16;asclepiadeous;0;0.643547;
./datasets/80Archivos/dna_18;asclepiadeous;0;0.643547;
./datasets/80Archivos/dna_20;asclepiadeous;0;0.643547;
./datasets/80Archivos/dna_22;asclepiadeous;0;0.643547;
./datasets/80Archivos/dna_23;asclepiadeous;0;0.643547;
./datasets/80Archivos/dna_00;labionasal;0;0.665561;
./datasets/80Archivos/dna_02;labionasal;0;0.665561;
./datasets/80Archivos/dna_05;labionasal;0;0.665561;
./datasets/80Archivos/dna_08;labionasal;0;0.665561;
./datasets/80Archivos/dna_12;labionasal;0;0.665561;
./datasets/80Archivos/dna_16;labionasal;0;0.665561;
./datasets/80Archivos/dna_18;labionasal;0;0.665561;
./datasets/80Archivos/dna_20;labionasal;0;0.665561;
./datasets/80Archivos/dna_22;labionasal;0;0.665561;
./datasets/80Archivos/dna_23;labionasal;0;0.665561;
./datasets/80Archivos/dna_00;presumptuous;0;0.644896;
./datasets/80Archivos/dna_02;presumptuous;0;0.644896;
./datasets/80Archivos/dna_05;presumptuous;0;0.644896;
./datasets/80Archivos/dna_08;presumptuous;0;0.644896;
./datasets/80Archivos/dna_12;presumptuous;0;0.644896;
./datasets/80Archivos/dna_16;presumptuous;0;0.644896;
./datasets/80Archivos/dna_18;presumptuous;0;0.644896;
./datasets/80Archivos/dna_20;presumptuous;0;0.644896;
./datasets/80Archivos/dna_22;presumptuous;0;0.644896;
./datasets/80Archivos/dna_23;presumptuous;0;0.644896;
./datasets/80Archivos/dna_00;triketo;0;0.714325;
./datasets/80Archivos/dna_02;triketo;0;0.714325;
./datasets/80Archivos/dna_05;triketo;0;0.714325;
./datasets/80Archivos/dna_08;triketo;0;0.714325;
./datasets/80Archivos/dna_12;triketo;0;0.714325;
./datasets/80Archivos/dna_16;triketo;0;0.714325;
./datasets/80Archivos/dna_18;triketo;0;0.714325;
./datasets/80Archivos/dna_20;triketo;0;0.714325;
./datasets/80Archivos/dna_22;triketo;0;0.714325;
./datasets/80Archivos/dna_23;triketo;0;0.714325;
./datasets/80Archivos/dna_00;thrombolymphangitis;0;0.61515;
./datasets/80Archivos/dna_02;thrombolymphangitis;0;0.61515;
./datasets/80Archivos/dna_05;thrombolymphangitis;0;0.61515;
./datasets/80Archivos/dna_08;thrombolymphangitis;0;0.61515;
./datasets/80Archivos/dna_12;thrombolymphangitis;0;0.61515;
./datasets/80Archivos/dna_16;thrombolymphangitis;0;0.61515;
./datasets/80Archivos/dna_18;thrombolymphangitis;0;0.61515;
./datasets/80Archivos/dna_20;thrombolymphangitis;0;0.61515;
./datasets/80Archivos/dna_22;thrombolymphangitis;0;0.61515;
./datasets/80Archivos/dna_23;thrombolymphangitis;0;0.61515;
./datasets/80Archivos/dna_00;spokeswomanship;0;0.631614;
./datasets/80Archivos/dna_02;spokeswomanship;0;0.631614;
./datasets/80Archivos/dna_05;spokeswomanship;0;0.631614;
./datasets/80Archivos/dna_08;spokeswomanship;0;0.631614;
./datasets/80Archivos/dna_12;spokeswomanship;0;0.631614;
./datasets/80Archivos/dna_16;spokeswomanship;0;0.631614;
./datasets/80Archivos/dna_18;spokeswomanship;0;0.631614;
./datasets/80Archivos/dna_20;spokeswomanship;0;0.631614;
./datasets/80Archivos/dna_22;spokeswomanship;0;0.631614;
./datasets/80Archivos/dna_23;spokeswomanship;0;0.631614;
./datasets/80Archivos/dna_00;unprejudicial;0;0.638996;
./datasets/80Archivos/dna_02;unprejudicial;0;0.638996;
./datasets/80Archivos/dna_05;unprejudicial;0;0.638996;
./datasets/80Archivos/dna_08;unprejudicial;0;0.638996;
./datasets/80Archivos/dna_12;unprejudicial;0;0.638996;
./datasets/80Archivos/dna_16;unprejudicial;0;0.638996;
./datasets/80Archivos/dna_18;unprejudicial;0;0.638996;
./datasets/80Archivos/dna_20;unprejudicial;0;0.638996;
./datasets/80Archivos/dna_22;unprejudicial;0;0.638996;
./datasets/80Archivos/dna_23;unprejudicial;0;0.638996;
./datasets/80Archivos/dna_00;ungoverned;0;0.663206;
./datasets/80Archivos/dna_02;ungoverned;0;0.663206;
./datasets/80Archivos/dna_05;ungoverned;0;0.663206;
./datasets/80Archivos/dna_08;ungoverned;0;0.663206;
./datasets/80Archivos/dna_12;ungoverned;0;0.663206;
./datasets/80Archivos/dna_16;ungoverned;0;0.663206;
./datasets/80Archivos/dna_18;ungoverned;0;0.663206;
./datasets/80Archivos/dna_20;ungoverned;0;0.663206;
./datasets/80Archivos/dna_22;ungoverned;0;0.663206;
./datasets/80Archivos/dna_23;ungoverned;0;0.663206;
./datasets/80Archivos/dna_00;nonrectangular;0;0.63178;
./datasets/80Archivos/dna_02;nonrectangular;0;0.63178;
./datasets/80Archivos/dna_05;nonrectangular;0;0.63178;
./datasets/80Archivos/dna_08;nonrectangular;0;0.63178;
./datasets/80Archivos/dna_12;nonrectangular;0;0.63178;
./datasets/80Archivos/dna_16;nonrectangular;0;0.63178;
./datasets/80Archivos/dna_18;nonrectangular;0;0.63178;
./datasets/80Archivos/dna_20;nonrectangular;0;0.63178;
./datasets/80Archivos/dna_22;nonrectangular;0;0.63178;
./datasets/80Archivos/dna_23;nonrectangular;0;0.63178;
./datasets/80Archivos/dna_00;pleocrystalline;0;0.627053;
./datasets/80Archivos/dna_02;pleocrystalline;0;0.627053;
./datasets/80Archivos/dna_05;pleocrystalline;0;0.627053;
./datasets/80Archivos/dna_08;pleocrystalline;0;0.627053;
./datasets/80Archivos/dna_12;pleocrystalline;0;0.627053;
./datasets/80Archivos/dna_16;pleocrystalline;0;0.627053;
./datasets/80Archivos/dna_18;pleocrystalline;0;0.627053;
./datasets/80Archivos/dna_20;pleocrystalline;0;0.627053;
./datasets/80Archivos/dna_22;pleocrystalline;0;0.627053;
./datasets/80Archivos/dna_23;pleocrystalline;0;0.627053;
./datasets/80Archivos/dna_00;slurbow;0;0.711012;
./datasets/80Archivos/dna_02;slurbow;0;0.711012;
./datasets/80Archivos/dna_05;slurbow;0;0.711012;
./datasets/80Archivos/dna_08;slurbow;0;0.711012;
./datasets/80Archivos/dna_12;slurbow;0;0.711012;
./datasets/80Archivos/dna_16;slurbow;0;0.711012;
./datasets/80Archivos/dna_18;slurbow;0;0.711012;
./datasets/80Archivos/dna_20;slurbow;0;0.711012;
./datasets/80Archivos/dna_22;slurbow;0;0.711012;
./datasets/80Archivos/dna_23;slurbow;0;0.711012;
./datasets/80Archivos/dna_00;unhandsome;0;0.667918;
./datasets/80Archivos/dna_02;unhandsome;0;0.667918;
./datasets/80Archivos/dna_05;unhandsome;0;0.667918;
./datasets/80Archivos/dna_08;unhandsome;0;0.667918;
./datasets/80Archivos/dna_12;unhandsome;0;0.667918;
./datasets/80Archivos/dna_16;unhandsome;0;0.667918;
./datasets/80Archivos/dna_18;unhandsome;0;0.667918;
./datasets/80Archivos/dna_20;unhandsome;0;0.667918;
./datasets/80Archivos/dna_22;unhandsome;0;0.667918;
./datasets/80Archivos/dna_23;unhandsome;0;0.667918;
./datasets/80Archivos/dna_00;scoliotic;0;0.677092;
./datasets/80Archivos/dna_02;scoliotic;0;0.677092;
./datasets/80Archivos/dna_05;scoliotic;0;0.677092;
./datasets/80Archivos/dna_08;scoliotic;0;0.677092;
./datasets/80Archivos/dna_12;scoliotic;0;0.677092;
./datasets/80Archivos/dna_16;scoliotic;0;0.677092;
./datasets/80Archivos/dna_18;scoliotic;0;0.677092;
./datasets/80Archivos/dna_20;scoliotic;0;0.677092;
./datasets/80Archivos/dna_22;scoliotic;0;0.677092;
./datasets/80Archivos/dna_23;scoliotic;0;0.677092;
./datasets/80Archivos/dna_00;phreatophyte;0;0.670978;
./datasets/80Archivos/dna_02;phreatophyte;0;0.670978;
./datasets/80Archivos/dna_05;phreatophyte;0;0.670978;
./datasets/80Archivos/dna_08;phreatophyte;0;0.670978;
./datasets/80Archivos/dna_12;phreatophyte;0;0.670978;
./datasets/80Archivos/dna_16;phreatophyte;0;0.670978;
./datasets/80Archivos/dna_18;phreatophyte;0;0.670978;
./datasets/80Archivos/dna_20;phreatophyte;0;0.670978;
./datasets/80Archivos/dna_22;phreatophyte;0;0.670978;
./datasets/80Archivos/dna_23;phreatophyte;0;0.670978;
./datasets/80Archivos/dna_00;criminalistics;0;0.636999;
./datasets/80Archivos/dna_02;criminalistics;0;0.636999;
./datasets/80Archivos/dna_05;criminalistics;0;0.636999;
./datasets/80Archivos/dna_08;criminalistics;0;0.636999;
./datasets/80Archivos/dna_12;criminalistics;0;0.636999;
./datasets/80Archivos/dna_16;criminalistics;0;0.636999;
./datasets/80Archivos/dna_18;criminalistics;0;0.636999;
./datasets/80Archivos/dna_20;criminalistics;0;0.636999;
./datasets/80Archivos/dna_22;criminalistics;0;0.636999;
./datasets/80Archivos/dna_23;criminalistics;0;0.636999;
./datasets/80Archivos/dna_00;imitability;0;0.651197;
./datasets/80Archivos/dna_02;imitability;0;0.651197;
./datasets/80Archivos/dna_05;imitability;0;0.651197;
./datasets/80Archivos/dna_08;imitability;0;0.651197;
./datasets/80Archivos/dna_12;imitability;0;0.651197;
./datasets/80Archivos/dna_16;imitability;0;0.651197;
./datasets/80Archivos/dna_18;imitability;0;0.651197;
./datasets/80Archivos/dna_20;imitability;0;0.651197;
./datasets/80Archivos/dna_22;imitability;0;0.651197;
./datasets/80Archivos/dna_23;imitability;0;0.651197;
./datasets/80Archivos/dna_00;zygozoospore;0;0.652028;
./datasets/80Archivos/dna_02;zygozoospore;0;0.652028;
./datasets/80Archivos/dna_05;zygozoospore;0;0.652028;
./datasets/80Archivos/dna_08;zygozoospore;0;0.652028;
./datasets/80Archivos/dna_12;zygozoospore;0;0.652028;
./datasets/80Archivos/dna_16;zygozoospore;0;0.652028;
./datasets/80Archivos/dna_18;zygozoospore;0;0.652028;
./datasets/80Archivos/dna_20;zygozoospore;0;0.652028;
./datasets/80Archivos/dna_22;zygozoospore;0;0.652028;
./datasets/80Archivos/dna_23;zygozoospore;0;0.652028;
./datasets/80Archivos/dna_00;nonliability;0;0.647811;
./datasets/80Archivos/dna_02;nonliability;0;0.647811;
./datasets/80Archivos/dna_05;nonliability;0;0.647811;
./datasets/80Archivos/dna_08;nonliability;0;0.647811;
./datasets/80Archivos/dna_12;nonliability;0;0.647811;
./datasets/80Archivos/dna_16;nonliability;0;0.647811;
./datasets/80Archivos/dna_18;nonliability;0;0.647811;
./datasets/80Archivos/dna_20;nonliability;0;0.647811;
./datasets/80Archivos/dna_22;nonliability;0;0.647811;
./datasets/80Archivos/dna_23;nonliability;0;0.647811;
./datasets/80Archivos/dna_00;disafforestation;0;0.633018;
./datasets/80Archivos/dna_02;disafforestation;0;0.633018;
./datasets/80Archivos/dna_05;disafforestation;0;0.633018;
./datasets/80Archivos/dna_08;disafforestation;0;0.633018;
./datasets/80Archivos/dna_12;disafforestation;0;0.633018;
./datasets/80Archivos/dna_16;disafforestation;0;0.633018;
./datasets/80Archivos/dna_18;disafforestation;0;0.633018;
./datasets/80Archivos/dna_20;disafforestation;0;0.633018;
./datasets/80Archivos/dna_22;disafforestation;0;0.633018;
./datasets/80Archivos/dna_23;disafforestation;0;0.633018;
./datasets/80Archivos/dna_00;epigenetic;0;0.669996;
./datasets/80Archivos/dna_02;epigenetic;0;0.669996;
./datasets/80Archivos/dna_05;epigenetic;0;0.669996;
./datasets/80Archivos/dna_08;epigenetic;0;0.669996;
./datasets/80Archivos/dna_12;epigenetic;0;0.669996;
./datasets/80Archivos/dna_16;epigenetic;0;0.669996;
./datasets/80Archivos/dna_18;epigenetic;0;0.669996;
./datasets/80Archivos/dna_20;epigenetic;0;0.669996;
./datasets/80Archivos/dna_22;epigenetic;0;0.669996;
./datasets/80Archivos/dna_23;epigenetic;0;0.669996;
./datasets/80Archivos/dna_00;Aves;0;0.846033;
./datasets/80Archivos/dna_02;Aves;0;0.846033;
./datasets/80Archivos/dna_05;Aves;0;0.846033;
./datasets/80Archivos/dna_08;Aves;0;0.846033;
./datasets/80Archivos/dna_12;Aves;0;0.846033;
./datasets/80Archivos/dna_16;Aves;0;0.846033;
./datasets/80Archivos/dna_18;Aves;0;0.846033;
./datasets/80Archivos/dna_20;Aves;0;0.846033;
./datasets/80Archivos/dna_22;Aves;0;0.846033;
./datasets/80Archivos/dna_23;Aves;0;0.846033;
./datasets/80Archivos/dna_00;schistaceous;0;0.648191;
./datasets/80Archivos/dna_02;schistaceous;0;0.648191;
./datasets/80Archivos/dna_05;schistaceous;0;0.648191;
./datasets/80Archivos/dna_08;schistaceous;0;0.648191;
./datasets/80Archivos/dna_12;schistaceous;0;0.648191;
./datasets/80Archivos/dna_16;schistaceous;0;0.648191;
./datasets/80Archivos/dna_18;schistaceous;0;0.648191;
./datasets/80Archivos/dna_20;schistaceous;0;0.648191;
./datasets/80Archivos/dna_22;schistaceous;0;0.648191;
./datasets/80Archivos/dna_23;schistaceous;0;0.648191;
./datasets/80Archivos/dna_00;verbomania;0;0.813826;
./datasets/80Archivos/dna_02;verbomania;0;0.813826;
./datasets/80Archivos/dna_05;verbomania;0;0.813826;
./datasets/80Archivos/dna_08;verbomania;0;0.813826;
./datasets/80Archivos/dna_12;verbomania;0;0.813826;
./datasets/80Archivos/dna_16;verbomania;0;0.813826;
./datasets/80Archivos/dna_18;verbomania;0;0.813826;
./datasets/80Archivos/dna_20;verbomania;0;0.813826;
./datasets/80Archivos/dna_22;verbomania;0;0.813826;
./datasets/80Archivos/dna_23;verbomania;0;0.813826;
./datasets/80Archivos/dna_00;epitenon;0;0.776557;
./datasets/80Archivos/dna_02;epitenon;0;0.776557;
./datasets/80Archivos/dna_05;epitenon;0;0.776557;
./datasets/80Archivos/dna_08;epitenon;0;0.776557;
./datasets/80Archivos/dna_12;epitenon;0;0.776557;
./datasets/80Archivos/dna_16;epitenon;0;0.776557;
./datasets/80Archivos/dna_18;epitenon;0;0.776557;
./datasets/80Archivos/dna_20;epitenon;0;0.776557;
./datasets/80Archivos/dna_22;epitenon;0;0.776557;
./datasets/80Archivos/dna_23;epitenon;0;0.776557;
./datasets/80Archivos/dna_00;proscriber;0;0.662704;
./datasets/80Archivos/dna_02;proscriber;0;0.662704;
./datasets/80Archivos/dna_05;proscriber;0;0.662704;
./datasets/80Archivos/dna_08;proscriber;0;0.662704;
./datasets/80Archivos/dna_12;proscriber;0;0.662704;
./datasets/80Archivos/dna_16;proscriber;0;0.662704;
./datasets/80Archivos/dna_18;proscriber;0;0.662704;
./datasets/80Archivos/dna_20;proscriber;0;0.662704;
./datasets/80Archivos/dna_22;proscriber;0;0.662704;
./datasets/80Archivos/dna_23;proscriber;0;0.662704;
./datasets/80Archivos/dna_00;histology;0;0.677778;
./datasets/80Archivos/dna_02;histology;0;0.677778;
./datasets/80Archivos/dna_05;histology;0;0.677778;
./datasets/80Archivos/dna_08;histology;0;0.677778;
./datasets/80Archivos/dna_12;histology;0;0.677778;
./datasets/80Archivos/dna_16;histology;0;0.677778;
./datasets/80Archivos/dna_18;histology;0;0.677778;
./datasets/80Archivos/dna_20;histology;0;0.677778;
./datasets/80Archivos/dna_22;histology;0;0.677778;
./datasets/80Archivos/dna_23;histology;0;0.677778;
./datasets/80Archivos/dna_00;propulsion;0;0.674954;
./datasets/80Archivos/dna_02;propulsion;0;0.674954;
./datasets/80Archivos/dna_05;propulsion;0;0.674954;
./datasets/80Archivos/dna_08;propulsion;0;0.674954;
./datasets/80Archivos/dna_12;propulsion;0;0.674954;
./datasets/80Archivos/dna_16;propulsion;0;0.674954;
./datasets/80Archivos/dna_18;propulsion;0;0.674954;
./datasets/80Archivos/dna_20;propulsion;0;0.674954;
./datasets/80Archivos/dna_22;propulsion;0;0.674954;
./datasets/80Archivos/dna_23;propulsion;0;0.674954;
./datasets/80Archivos/dna_00;elaidinic;0;0.689041;
./datasets/80Archivos/dna_02;elaidinic;0;0.689041;
./datasets/80Archivos/dna_05;elaidinic;0;0.689041;
./datasets/80Archivos/dna_08;elaidinic;0;0.689041;
./datasets/80Archivos/dna_12;elaidinic;0;0.689041;
./datasets/80Archivos/dna_16;elaidinic;0;0.689041;
./datasets/80Archivos/dna_18;elaidinic;0;0.689041;
./datasets/80Archivos/dna_20;elaidinic;0;0.689041;
./datasets/80Archivos/dna_22;elaidinic;0;0.689041;
./datasets/80Archivos/dna_23;elaidinic;0;0.689041;
./datasets/80Archivos/dna_00;driftless;0;0.691933;
./datasets/80Archivos/dna_02;driftless;0;0.691933;
./datasets/80Archivos/dna_05;driftless;0;0.691933;
./datasets/80Archivos/dna_08;driftless;0;0.691933;
./datasets/80Archivos/dna_12;driftless;0;0.691933;
./datasets/80Archivos/dna_16;driftless;0;0.691933;
./datasets/80Archivos/dna_18;driftless;0;0.691933;
./datasets/80Archivos/dna_20;driftless;0;0.691933;
./datasets/80Archivos/dna_22;driftless;0;0.691933;
./datasets/80Archivos/dna_23;driftless;0;0.691933;
./datasets/80Archivos/dna_00;upcover;0;0.756371;
./datasets/80Archivos/dna_02;upcover;0;0.756371;
./datasets/80Archivos/dna_05;upcover;0;0.756371;
./datasets/80Archivos/dna_08;upcover;0;0.756371;
./datasets/80Archivos/dna_12;upcover;0;0.756371;
./datasets/80Archivos/dna_16;upcover;0;0.756371;
./datasets/80Archivos/dna_18;upcover;0;0.756371;
./datasets/80Archivos/dna_20;upcover;0;0.756371;
./datasets/80Archivos/dna_22;upcover;0;0.756371;
./datasets/80Archivos/dna_23;upcover;0;0.756371;
./datasets/80Archivos/dna_00;duteous;0;0.847668;
./datasets/80Archivos/dna_02;duteous;0;0.847668;
./datasets/80Archivos/dna_05;duteous;0;0.847668;
./datasets/80Archivos/dna_08;duteous;0;0.847668;
./datasets/80Archivos/dna_12;duteous;0;0.847668;
./datasets/80Archivos/dna_16;duteous;0;0.847668;
./datasets/80Archivos/dna_18;duteous;0;0.847668;
./datasets/80Archivos/dna_20;duteous;0;0.847668;
./datasets/80Archivos/dna_22;duteous;0;0.847668;
./datasets/80Archivos/dna_23;duteous;0;0.847668;
./datasets/80Archivos/dna_00;distasteful;0;0.718589;
./datasets/80Archivos/dna_02;distasteful;0;0.718589;
./datasets/80Archivos/dna_05;distasteful;0;0.718589;
./datasets/80Archivos/dna_08;distasteful;0;0.718589;
./datasets/80Archivos/dna_12;distasteful;0;0.718589;
./datasets/80Archivos/dna_16;distasteful;0;0.718589;
./datasets/80Archivos/dna_18;distasteful;0;0.718589;
./datasets/80Archivos/dna_20;distasteful;0;0.718589;
./datasets/80Archivos/dna_22;distasteful;0;0.718589;
./datasets/80Archivos/dna_23;distasteful;0;0.718589;
./datasets/80Archivos/dna_00;dermatoxerasia;0;0.647382;
./datasets/80Archivos/dna_02;dermatoxerasia;0;0.647382;
./datasets/80Archivos/dna_05;dermatoxerasia;0;0.647382;
./datasets/80Archivos/dna_08;dermatoxerasia;0;0.647382;
./datasets/80Archivos/dna_12;dermatoxerasia;0;0.647382;
./datasets/80Archivos/dna_16;dermatoxerasia;0;0.647382;
./datasets/80Archivos/dna_18;dermatoxerasia;0;0.647382;
./datasets/80Archivos/dna_20;dermatoxerasia;0;0.647382;
./datasets/80Archivos/dna_22;dermatoxerasia;0;0.647382;
./datasets/80Archivos/dna_23;dermatoxerasia;0;0.647382;
./datasets/80Archivos/dna_00;Kaibartha;0;0.683047;
./datasets/80Archivos/dna_02;Kaibartha;0;0.683047;
./datasets/80Archivos/dna_05;Kaibartha;0;0.683047;
./datasets/80Archivos/dna_08;Kaibartha;0;0.683047;
./datasets/80Archivos/dna_12;Kaibartha;0;0.683047;
./datasets/80Archivos/dna_16;Kaibartha;0;0.683047;
./datasets/80Archivos/dna_18;Kaibartha;0;0.683047;
./datasets/80Archivos/dna_20;Kaibartha;0;0.683047;
./datasets/80Archivos/dna_22;Kaibartha;0;0.683047;
./datasets/80Archivos/dna_23;Kaibartha;0;0.683047;
./datasets/80Archivos/dna_00;spydom;0;0.760998;
./datasets/80Archivos/dna_02;spydom;0;0.760998;
./datasets/80Archivos/dna_05;spydom;0;0.760998;
./datasets/80Archivos/dna_08;spydom;0;0.760998;
./datasets/80Archivos/dna_12;spydom;0;0.760998;
./datasets/80Archivos/dna_16;spydom;0;0.760998;
./datasets/80Archivos/dna_18;spydom;0;0.760998;
./datasets/80Archivos/dna_20;spydom;0;0.760998;
./datasets/80Archivos/dna_22;spydom;0;0.760998;
./datasets/80Archivos/dna_23;spydom;0;0.760998;
./datasets/80Archivos/dna_00;tonsor;0;0.793;
./datasets/80Archivos/dna_02;tonsor;0;0.793;
./datasets/80Archivos/dna_05;tonsor;0;0.793;
./datasets/80Archivos/dna_08;tonsor;0;0.793;
./datasets/80Archivos/dna_12;tonsor;0;0.793;
./datasets/80Archivos/dna_16;tonsor;0;0.793;
./datasets/80Archivos/dna_18;tonsor;0;0.793;
./datasets/80Archivos/dna_20;tonsor;0;0.793;
./datasets/80Archivos/dna_22;tonsor;0;0.793;
./datasets/80Archivos/dna_23;tonsor;0;0.793;
./datasets/80Archivos/dna_00;paedogenesis;0;0.65347;
./datasets/80Archivos/dna_02;paedogenesis;0;0.65347;
./datasets/80Archivos/dna_05;paedogenesis;0;0.65347;
./datasets/80Archivos/dna_08;paedogenesis;0;0.65347;
./datasets/80Archivos/dna_12;paedogenesis;0;0.65347;
./datasets/80Archivos/dna_16;paedogenesis;0;0.65347;
./datasets/80Archivos/dna_18;paedogenesis;0;0.65347;
./datasets/80Archivos/dna_20;paedogenesis;0;0.65347;
./datasets/80Archivos/dna_22;paedogenesis;0;0.65347;
./datasets/80Archivos/dna_23;paedogenesis;0;0.65347;
./datasets/80Archivos/dna_00;anticipatory;0;0.644967;
./datasets/80Archivos/dna_02;anticipatory;0;0.644967;
./datasets/80Archivos/dna_05;anticipatory;0;0.644967;
./datasets/80Archivos/dna_08;anticipatory;0;0.644967;
./datasets/80Archivos/dna_12;anticipatory;0;0.644967;
./datasets/80Archivos/dna_16;anticipatory;0;0.644967;
./datasets/80Archivos/dna_18;anticipatory;0;0.644967;
./datasets/80Archivos/dna_20;anticipatory;0;0.644967;
./datasets/80Archivos/dna_22;anticipatory;0;0.644967;
./datasets/80Archivos/dna_23;anticipatory;0;0.644967;
./datasets/80Archivos/dna_00;unastonished;0;0.645584;
./datasets/80Archivos/dna_02;unastonished;0;0.645584;
./datasets/80Archivos/dna_05;unastonished;0;0.645584;
./datasets/80Archivos/dna_08;unastonished;0;0.645584;
./datasets/80Archivos/dna_12;unastonished;0;0.645584;
./datasets/80Archivos/dna_16;unastonished;0;0.645584;
./datasets/80Archivos/dna_18;unastonished;0;0.645584;
./datasets/80Archivos/dna_20;unastonished;0;0.645584;
./datasets/80Archivos/dna_22;unastonished;0;0.645584;
./datasets/80Archivos/dna_23;unastonished;0;0.645584;
./datasets/80Archivos/dna_00;Blackbeard;0;0.678978;
./datasets/80Archivos/dna_02;Blackbeard;0;0.678978;
./datasets/80Archivos/dna_05;Blackbeard;0;0.678978;
./datasets/80Archivos/dna_08;Blackbeard;0;0.678978;
./datasets/80Archivos/dna_12;Blackbeard;0;0.678978;
./datasets/80Archivos/dna_16;Blackbeard;0;0.678978;
./datasets/80Archivos/dna_18;Blackbeard;0;0.678978;
./datasets/80Archivos/dna_20;Blackbeard;0;0.678978;
./datasets/80Archivos/dna_22;Blackbeard;0;0.678978;
./datasets/80Archivos/dna_23;Blackbeard;0;0.678978;
./datasets/80Archivos/dna_00;gradient;0;0.84188;
./datasets/80Archivos/dna_02;gradient;0;0.84188;
./datasets/80Archivos/dna_05;gradient;0;0.84188;
./datasets/80Archivos/dna_08;gradient;0;0.84188;
./datasets/80Archivos/dna_12;gradient;0;0.84188;
./datasets/80Archivos/dna_16;gradient;0;0.84188;
./datasets/80Archivos/dna_18;gradient;0;0.84188;
./datasets/80Archivos/dna_20;gradient;0;0.84188;
./datasets/80Archivos/dna_22;gradient;0;0.84188;
./datasets/80Archivos/dna_23;gradient;0;0.84188;
./datasets/80Archivos/dna_00;metachemistry;0;0.657542;
./datasets/80Archivos/dna_02;metachemistry;0;0.657542;
./datasets/80Archivos/dna_05;metachemistry;0;0.657542;
./datasets/80Archivos/dna_08;metachemistry;0;0.657542;
./datasets/80Archivos/dna_12;metachemistry;0;0.657542;
./datasets/80Archivos/dna_16;metachemistry;0;0.657542;
./datasets/80Archivos/dna_18;metachemistry;0;0.657542;
./datasets/80Archivos/dna_20;metachemistry;0;0.657542;
./datasets/80Archivos/dna_22;metachemistry;0;0.657542;
./datasets/80Archivos/dna_23;metachemistry;0;0.657542;
./datasets/80Archivos/dna_00;caravan;0;0.73746;
./datasets/80Archivos/dna_02;caravan;0;0.73746;
./datasets/80Archivos/dna_05;caravan;0;0.73746;
./datasets/80Archivos/dna_08;caravan;0;0.73746;
./datasets/80Archivos/dna_12;caravan;0;0.73746;
./datasets/80Archivos/dna_16;caravan;0;0.73746;
./datasets/80Archivos/dna_18;caravan;0;0.73746;
./datasets/80Archivos/dna_20;caravan;0;0.73746;
./datasets/80Archivos/dna_22;caravan;0;0.73746;
./datasets/80Archivos/dna_23;caravan;0;0.73746;
./datasets/80Archivos/dna_00;circumnutate;0;0.691439;
./datasets/80Archivos/dna_02;circumnutate;0;0.691439;
./datasets/80Archivos/dna_05;circumnutate;0;0.691439;
./datasets/80Archivos/dna_08;circumnutate;0;0.691439;
./datasets/80Archivos/dna_12;circumnutate;0;0.691439;
./datasets/80Archivos/dna_16;circumnutate;0;0.691439;
./datasets/80Archivos/dna_18;circumnutate;0;0.691439;
./datasets/80Archivos/dna_20;circumnutate;0;0.691439;
./datasets/80Archivos/dna_22;circumnutate;0;0.691439;
./datasets/80Archivos/dna_23;circumnutate;0;0.691439;
./datasets/80Archivos/dna_00;infract;0;0.721502;
./datasets/80Archivos/dna_02;infract;0;0.721502;
./datasets/80Archivos/dna_05;infract;0;0.721502;
./datasets/80Archivos/dna_08;infract;0;0.721502;
./datasets/80Archivos/dna_12;infract;0;0.721502;
./datasets/80Archivos/dna_16;infract;0;0.721502;
./datasets/80Archivos/dna_18;infract;0;0.721502;
./datasets/80Archivos/dna_20;infract;0;0.721502;
./datasets/80Archivos/dna_22;infract;0;0.721502;
./datasets/80Archivos/dna_23;infract;0;0.721502;
./datasets/80Archivos/dna_00;adenia;0;0.820766;
./datasets/80Archivos/dna_02;adenia;0;0.820766;
./datasets/80Archivos/dna_05;adenia;0;0.820766;
./datasets/80Archivos/dna_08;adenia;0;0.820766;
./datasets/80Archivos/dna_12;adenia;0;0.820766;
./datasets/80Archivos/dna_16;adenia;0;0.820766;
./datasets/80Archivos/dna_18;adenia;0;0.820766;
./datasets/80Archivos/dna_20;adenia;0;0.820766;
./datasets/80Archivos/dna_22;adenia;0;0.820766;
./datasets/80Archivos/dna_23;adenia;0;0.820766;
./datasets/80Archivos/dna_00;louse;0;0.824529;
./datasets/80Archivos/dna_02;louse;0;0.824529;
./datasets/80Archivos/dna_05;louse;0;0.824529;
./datasets/80Archivos/dna_08;louse;0;0.824529;
./datasets/80Archivos/dna_12;louse;0;0.824529;
./datasets/80Archivos/dna_16;louse;0;0.824529;
./datasets/80Archivos/dna_18;louse;0;0.824529;
./datasets/80Archivos/dna_20;louse;0;0.824529;
./datasets/80Archivos/dna_22;louse;0;0.824529;
./datasets/80Archivos/dna_23;louse;0;0.824529;
./datasets/80Archivos/dna_00;koel;0;0.838858;
./datasets/80Archivos/dna_02;koel;0;0.838858;
./datasets/80Archivos/dna_05;koel;0;0.838858;
./datasets/80Archivos/dna_08;koel;0;0.838858;
./datasets/80Archivos/dna_12;koel;0;0.838858;
./datasets/80Archivos/dna_16;koel;0;0.838858;
./datasets/80Archivos/dna_18;koel;0;0.838858;
./datasets/80Archivos/dna_20;koel;0;0.838858;
./datasets/80Archivos/dna_22;koel;0;0.838858;
./datasets/80Archivos/dna_23;koel;0;0.838858;
./datasets/80Archivos/dna_00;tributyrin;0;0.665837;
./datasets/80Archivos/dna_02;tributyrin;0;0.665837;
./datasets/80Archivos/dna_05;tributyrin;0;0.665837;
./datasets/80Archivos/dna_08;tributyrin;0;0.665837;
./datasets/80Archivos/dna_12;tributyrin;0;0.665837;
./datasets/80Archivos/dna_16;tributyrin;0;0.665837;
./datasets/80Archivos/dna_18;tributyrin;0;0.665837;
./datasets/80Archivos/dna_20;tributyrin;0;0.665837;
./datasets/80Archivos/dna_22;tributyrin;0;0.665837;
./datasets/80Archivos/dna_23;tributyrin;0;0.665837;
./datasets/80Archivos/dna_00;lifey;0;0.777501;
./datasets/80Archivos/dna_02;lifey;0;0.777501;
./datasets/80Archivos/dna_05;lifey;0;0.777501;
./datasets/80Archivos/dna_08;lifey;0;0.777501;
./datasets/80Archivos/dna_12;lifey;0;0.777501;
./datasets/80Archivos/dna_16;lifey;0;0.777501;
./datasets/80Archivos/dna_18;lifey;0;0.777501;
./datasets/80Archivos/dna_20;lifey;0;0.777501;
./datasets/80Archivos/dna_22;lifey;0;0.777501;
./datasets/80Archivos/dna_23;lifey;0;0.777501;
./datasets/80Archivos/dna_00;Desmidiaceae;0;0.651694;
./datasets/80Archivos/dna_02;Desmidiaceae;0;0.651694;
./datasets/80Archivos/dna_05;Desmidiaceae;0;0.651694;
./datasets/80Archivos/dna_08;Desmidiaceae;0;0.651694;
./datasets/80Archivos/dna_12;Desmidiaceae;0;0.651694;
./datasets/80Archivos/dna_16;Desmidiaceae;0;0.651694;
./datasets/80Archivos/dna_18;Desmidiaceae;0;0.651694;
./datasets/80Archivos/dna_20;Desmidiaceae;0;0.651694;
./datasets/80Archivos/dna_22;Desmidiaceae;0;0.651694;
./datasets/80Archivos/dna_23;Desmidiaceae;0;0.651694;
./datasets/80Archivos/dna_00;vinelet;0;0.708969;
./datasets/80Archivos/dna_02;vinelet;0;0.708969;
./datasets/80Archivos/dna_05;vinelet;0;0.708969;
./datasets/80Archivos/dna_08;vinelet;0;0.708969;
./datasets/80Archivos/dna_12;vinelet;0;0.708969;
./datasets/80Archivos/dna_16;vinelet;0;0.708969;
./datasets/80Archivos/dna_18;vinelet;0;0.708969;
./datasets/80Archivos/dna_20;vinelet;0;0.708969;
./datasets/80Archivos/dna_22;vinelet;0;0.708969;
./datasets/80Archivos/dna_23;vinelet;0;0.708969;
./datasets/80Archivos/dna_00;ingrowth;0;0.696292;
./datasets/80Archivos/dna_02;ingrowth;0;0.696292;
./datasets/80Archivos/dna_05;ingrowth;0;0.696292;
./datasets/80Archivos/dna_08;ingrowth;0;0.696292;
./datasets/80Archivos/dna_12;ingrowth;0;0.696292;
./datasets/80Archivos/dna_16;ingrowth;0;0.696292;
./datasets/80Archivos/dna_18;ingrowth;0;0.696292;
./datasets/80Archivos/dna_20;ingrowth;0;0.696292;
./datasets/80Archivos/dna_22;ingrowth;0;0.696292;
./datasets/80Archivos/dna_23;ingrowth;0;0.696292;
./datasets/80Archivos/dna_00;uniovulate;0;0.755685;
./datasets/80Archivos/dna_02;uniovulate;0;0.755685;
./datasets/80Archivos/dna_05;uniovulate;0;0.755685;
./datasets/80Archivos/dna_08;uniovulate;0;0.755685;
./datasets/80Archivos/dna_12;uniovulate;0;0.755685;
./datasets/80Archivos/dna_16;uniovulate;0;0.755685;
./datasets/80Archivos/dna_18;uniovulate;0;0.755685;
./datasets/80Archivos/dna_20;uniovulate;0;0.755685;
./datasets/80Archivos/dna_22;uniovulate;0;0.755685;
./datasets/80Archivos/dna_23;uniovulate;0;0.755685;
./datasets/80Archivos/dna_00;toying;0;0.754031;
./datasets/80Archivos/dna_02;toying;0;0.754031;
./datasets/80Archivos/dna_05;toying;0;0.754031;
./datasets/80Archivos/dna_08;toying;0;0.754031;
./datasets/80Archivos/dna_12;toying;0;0.754031;
./datasets/80Archivos/dna_16;toying;0;0.754031;
./datasets/80Archivos/dna_18;toying;0;0.754031;
./datasets/80Archivos/dna_20;toying;0;0.754031;
./datasets/80Archivos/dna_22;toying;0;0.754031;
./datasets/80Archivos/dna_23;toying;0;0.754031;
./datasets/80Archivos/dna_00;nonretentive;0;0.699784;
./datasets/80Archivos/dna_02;nonretentive;0;0.699784;
./datasets/80Archivos/dna_05;nonretentive;0;0.699784;
./datasets/80Archivos/dna_08;nonretentive;0;0.699784;
./datasets/80Archivos/dna_12;nonretentive;0;0.699784;
./datasets/80Archivos/dna_16;nonretentive;0;0.699784;
./datasets/80Archivos/dna_18;nonretentive;0;0.699784;
./datasets/80Archivos/dna_20;nonretentive;0;0.699784;
./datasets/80Archivos/dna_22;nonretentive;0;0.699784;
./datasets/80Archivos/dna_23;nonretentive;0;0.699784;
./datasets/80Archivos/dna_00;conjunct;0;0.694122;
./datasets/80Archivos/dna_02;conjunct;0;0.694122;
./datasets/80Archivos/dna_05;conjunct;0;0.694122;
./datasets/80Archivos/dna_08;conjunct;0;0.694122;
./datasets/80Archivos/dna_12;conjunct;0;0.694122;
./datasets/80Archivos/dna_16;conjunct;0;0.694122;
./datasets/80Archivos/dna_18;conjunct;0;0.694122;
./datasets/80Archivos/dna_20;conjunct;0;0.694122;
./datasets/80Archivos/dna_22;conjunct;0;0.694122;
./datasets/80Archivos/dna_23;conjunct;0;0.694122;
./datasets/80Archivos/dna_00;pinnaglobin;0;0.667909;
./datasets/80Archivos/dna_02;pinnaglobin;0;0.667909;
./datasets/80Archivos/dna_05;pinnaglobin;0;0.667909;
./datasets/80Archivos/dna_08;pinnaglobin;0;0.667909;
./datasets/80Archivos/dna_12;pinnaglobin;0;0.667909;
./datasets/80Archivos/dna_16;pinnaglobin;0;0.667909;
./datasets/80Archivos/dna_18;pinnaglobin;0;0.667909;
./datasets/80Archivos/dna_20;pinnaglobin;0;0.667909;
./datasets/80Archivos/dna_22;pinnaglobin;0;0.667909;
./datasets/80Archivos/dna_23;pinnaglobin;0;0.667909;
./datasets/80Archivos/dna_00;vastity;0;0.708109;
./datasets/80Archivos/dna_02;vastity;0;0.708109;
./datasets/80Archivos/dna_05;vastity;0;0.708109;
./datasets/80Archivos/dna_08;vastity;0;0.708109;
./datasets/80Archivos/dna_12;vastity;0;0.708109;
./datasets/80Archivos/dna_16;vastity;0;0.708109;
./datasets/80Archivos/dna_18;vastity;0;0.708109;
./datasets/80Archivos/dna_20;vastity;0;0.708109;
./datasets/80Archivos/dna_22;vastity;0;0.708109;
./datasets/80Archivos/dna_23;vastity;0;0.708109;
./datasets/80Archivos/dna_00;appendicle;0;0.667035;
./datasets/80Archivos/dna_02;appendicle;0;0.667035;
./datasets/80Archivos/dna_05;appendicle;0;0.667035;
./datasets/80Archivos/dna_08;appendicle;0;0.667035;
./datasets/80Archivos/dna_12;appendicle;0;0.667035;
./datasets/80Archivos/dna_16;appendicle;0;0.667035;
./datasets/80Archivos/dna_18;appendicle;0;0.667035;
./datasets/80Archivos/dna_20;appendicle;0;0.667035;
./datasets/80Archivos/dna_22;appendicle;0;0.667035;
./datasets/80Archivos/dna_23;appendicle;0;0.667035;
./datasets/80Archivos/dna_00;redecline;0;0.679062;
./datasets/80Archivos/dna_02;redecline;0;0.679062;
./datasets/80Archivos/dna_05;redecline;0;0.679062;
./datasets/80Archivos/dna_08;redecline;0;0.679062;
./datasets/80Archivos/dna_12;redecline;0;0.679062;
./datasets/80Archivos/dna_16;redecline;0;0.679062;
./datasets/80Archivos/dna_18;redecline;0;0.679062;
./datasets/80Archivos/dna_20;redecline;0;0.679062;
./datasets/80Archivos/dna_22;redecline;0;0.679062;
./datasets/80Archivos/dna_23;redecline;0;0.679062;
./datasets/80Archivos/dna_00;trekker;0;0.720238;
./datasets/80Archivos/dna_02;trekker;0;0.720238;
./datasets/80Archivos/dna_05;trekker;0;0.720238;
./datasets/80Archivos/dna_08;trekker;0;0.720238;
./datasets/80Archivos/dna_12;trekker;0;0.720238;
./datasets/80Archivos/dna_16;trekker;0;0.720238;
./datasets/80Archivos/dna_18;trekker;0;0.720238;
./datasets/80Archivos/dna_20;trekker;0;0.720238;
./datasets/80Archivos/dna_22;trekker;0;0.720238;
./datasets/80Archivos/dna_23;trekker;0;0.720238;
./datasets/80Archivos/dna_00;hereby;0;0.742756;
./datasets/80Archivos/dna_02;hereby;0;0.742756;
./datasets/80Archivos/dna_05;hereby;0;0.742756;
./datasets/80Archivos/dna_08;hereby;0;0.742756;
./datasets/80Archivos/dna_12;hereby;0;0.742756;
./datasets/80Archivos/dna_16;hereby;0;0.742756;
./datasets/80Archivos/dna_18;hereby;0;0.742756;
./datasets/80Archivos/dna_20;hereby;0;0.742756;
./datasets/80Archivos/dna_22;hereby;0;0.742756;
./datasets/80Archivos/dna_23;hereby;0;0.742756;
./datasets/80Archivos/dna_00;dicatalexis;0;0.652051;
./datasets/80Archivos/dna_02;dicatalexis;0;0.652051;
./datasets/80Archivos/dna_05;dicatalexis;0;0.652051;
./datasets/80Archivos/dna_08;dicatalexis;0;0.652051;
./datasets/80Archivos/dna_12;dicatalexis;0;0.652051;
./datasets/80Archivos/dna_16;dicatalexis;0;0.652051;
./datasets/80Archivos/dna_18;dicatalexis;0;0.652051;
./datasets/80Archivos/dna_20;dicatalexis;0;0.652051;
./datasets/80Archivos/dna_22;dicatalexis;0;0.652051;
./datasets/80Archivos/dna_23;dicatalexis;0;0.652051;
./datasets/80Archivos/dna_00;slackerism;0;0.679981;
./datasets/80Archivos/dna_02;slackerism;0;0.679981;
./datasets/80Archivos/dna_05;slackerism;0;0.679981;
./datasets/80Archivos/dna_08;slackerism;0;0.679981;
./datasets/80Archivos/dna_12;slackerism;0;0.679981;
./datasets/80Archivos/dna_16;slackerism;0;0.679981;
./datasets/80Archivos/dna_18;slackerism;0;0.679981;
./datasets/80Archivos/dna_20;slackerism;0;0.679981;
./datasets/80Archivos/dna_22;slackerism;0;0.679981;
./datasets/80Archivos/dna_23;slackerism;0;0.679981;
./datasets/80Archivos/dna_00;inaxon;0;0.737356;
./datasets/80Archivos/dna_02;inaxon;0;0.737356;
./datasets/80Archivos/dna_05;inaxon;0;0.737356;
./datasets/80Archivos/dna_08;inaxon;0;0.737356;
./datasets/80Archivos/dna_12;inaxon;0;0.737356;
./datasets/80Archivos/dna_16;inaxon;0;0.737356;
./datasets/80Archivos/dna_18;inaxon;0;0.737356;
./datasets/80Archivos/dna_20;inaxon;0;0.737356;
./datasets/80Archivos/dna_22;inaxon;0;0.737356;
./datasets/80Archivos/dna_23;inaxon;0;0.737356;
./datasets/80Archivos/dna_00;tribase;0;0.711086;
./datasets/80Archivos/dna_02;tribase;0;0.711086;
./datasets/80Archivos/dna_05;tribase;0;0.711086;
./datasets/80Archivos/dna_08;tribase;0;0.711086;
./datasets/80Archivos/dna_12;tribase;0;0.711086;
./datasets/80Archivos/dna_16;tribase;0;0.711086;
./datasets/80Archivos/dna_18;tribase;0;0.711086;
./datasets/80Archivos/dna_20;tribase;0;0.711086;
./datasets/80Archivos/dna_22;tribase;0;0.711086;
./datasets/80Archivos/dna_23;tribase;0;0.711086;
./datasets/80Archivos/dna_00;cryptostome;0;0.667753;
./datasets/80Archivos/dna_02;cryptostome;0;0.667753;
./datasets/80Archivos/dna_05;cryptostome;0;0.667753;
./datasets/80Archivos/dna_08;cryptostome;0;0.667753;
./datasets/80Archivos/dna_12;cryptostome;0;0.667753;
./datasets/80Archivos/dna_16;cryptostome;0;0.667753;
./datasets/80Archivos/dna_18;cryptostome;0;0.667753;
./datasets/80Archivos/dna_20;cryptostome;0;0.667753;
./datasets/80Archivos/dna_22;cryptostome;0;0.667753;
./datasets/80Archivos/dna_23;cryptostome;0;0.667753;
./datasets/80Archivos/dna_00;nonpresbyter;0;0.669143;
./datasets/80Archivos/dna_02;nonpresbyter;0;0.669143;
./datasets/80Archivos/dna_05;nonpresbyter;0;0.669143;
./datasets/80Archivos/dna_08;nonpresbyter;0;0.669143;
./datasets/80Archivos/dna_12;nonpresbyter;0;0.669143;
./datasets/80Archivos/dna_16;nonpresbyter;0;0.669143;
./datasets/80Archivos/dna_18;nonpresbyter;0;0.669143;
./datasets/80Archivos/dna_20;nonpresbyter;0;0.669143;
./datasets/80Archivos/dna_22;nonpresbyter;0;0.669143;
./datasets/80Archivos/dna_23;nonpresbyter;0;0.669143;
./datasets/80Archivos/dna_00;breezily;0;0.701051;
./datasets/80Archivos/dna_02;breezily;0;0.701051;
./datasets/80Archivos/dna_05;breezily;0;0.701051;
./datasets/80Archivos/dna_08;breezily;0;0.701051;
./datasets/80Archivos/dna_12;breezily;0;0.701051;
./datasets/80Archivos/dna_16;breezily;0;0.701051;
./datasets/80Archivos/dna_18;breezily;0;0.701051;
./datasets/80Archivos/dna_20;breezily;0;0.701051;
./datasets/80Archivos/dna_22;breezily;0;0.701051;
./datasets/80Archivos/dna_23;breezily;0;0.701051;
./datasets/80Archivos/dna_00;opusculum;0;0.717985;
./datasets/80Archivos/dna_02;opusculum;0;0.717985;
./datasets/80Archivos/dna_05;opusculum;0;0.717985;
./datasets/80Archivos/dna_08;opusculum;0;0.717985;
./datasets/80Archivos/dna_12;opusculum;0;0.717985;
./datasets/80Archivos/dna_16;opusculum;0;0.717985;
./datasets/80Archivos/dna_18;opusculum;0;0.717985;
./datasets/80Archivos/dna_20;opusculum;0;0.717985;
./datasets/80Archivos/dna_22;opusculum;0;0.717985;
./datasets/80Archivos/dna_23;opusculum;0;0.717985;
./datasets/80Archivos/dna_00;methought;0;0.717605;
./datasets/80Archivos/dna_02;methought;0;0.717605;
./datasets/80Archivos/dna_05;methought;0;0.717605;
./datasets/80Archivos/dna_08;methought;0;0.717605;
./datasets/80Archivos/dna_12;methought;0;0.717605;
./datasets/80Archivos/dna_16;methought;0;0.717605;
./datasets/80Archivos/dna_18;methought;0;0.717605;
./datasets/80Archivos/dna_20;methought;0;0.717605;
./datasets/80Archivos/dna_22;methought;0;0.717605;
./datasets/80Archivos/dna_23;methought;0;0.717605;
./datasets/80Archivos/dna_00;yarl;0;0.834795;
./datasets/80Archivos/dna_02;yarl;0;0.834795;
./datasets/80Archivos/dna_05;yarl;0;0.834795;
./datasets/80Archivos/dna_08;yarl;0;0.834795;
./datasets/80Archivos/dna_12;yarl;0;0.834795;
./datasets/80Archivos/dna_16;yarl;0;0.834795;
./datasets/80Archivos/dna_18;yarl;0;0.834795;
./datasets/80Archivos/dna_20;yarl;0;0.834795;
./datasets/80Archivos/dna_22;yarl;0;0.834795;
./datasets/80Archivos/dna_23;yarl;0;0.834795;
./datasets/80Archivos/dna_00;fringent;0;0.698793;
./datasets/80Archivos/dna_02;fringent;0;0.698793;
./datasets/80Archivos/dna_05;fringent;0;0.698793;
./datasets/80Archivos/dna_08;fringent;0;0.698793;
./datasets/80Archivos/dna_12;fringent;0;0.698793;
./datasets/80Archivos/dna_16;fringent;0;0.698793;
./datasets/80Archivos/dna_18;fringent;0;0.698793;
./datasets/80Archivos/dna_20;fringent;0;0.698793;
./datasets/80Archivos/dna_22;fringent;0;0.698793;
./datasets/80Archivos/dna_23;fringent;0;0.698793;
./datasets/80Archivos/dna_00;forsooth;0;0.719701;
./datasets/80Archivos/dna_02;forsooth;0;0.719701;
./datasets/80Archivos/dna_05;forsooth;0;0.719701;
./datasets/80Archivos/dna_08;forsooth;0;0.719701;
./datasets/80Archivos/dna_12;forsooth;0;0.719701;
./datasets/80Archivos/dna_16;forsooth;0;0.719701;
./datasets/80Archivos/dna_18;forsooth;0;0.719701;
./datasets/80Archivos/dna_20;forsooth;0;0.719701;
./datasets/80Archivos/dna_22;forsooth;0;0.719701;
./datasets/80Archivos/dna_23;forsooth;0;0.719701;
./datasets/80Archivos/dna_00;plicater;0;0.689038;
./datasets/80Archivos/dna_02;plicater;0;0.689038;
./datasets/80Archivos/dna_05;plicater;0;0.689038;
./datasets/80Archivos/dna_08;plicater;0;0.689038;
./datasets/80Archivos/dna_12;plicater;0;0.689038;
./datasets/80Archivos/dna_16;plicater;0;0.689038;
./datasets/80Archivos/dna_18;plicater;0;0.689038;
./datasets/80Archivos/dna_20;plicater;0;0.689038;
./datasets/80Archivos/dna_22;plicater;0;0.689038;
./datasets/80Archivos/dna_23;plicater;0;0.689038;
./datasets/80Archivos/dna_00;balneotherapeutics;0;0.663223;
./datasets/80Archivos/dna_02;balneotherapeutics;0;0.663223;
./datasets/80Archivos/dna_05;balneotherapeutics;0;0.663223;
./datasets/80Archivos/dna_08;balneotherapeutics;0;0.663223;
./datasets/80Archivos/dna_12;balneotherapeutics;0;0.663223;
./datasets/80Archivos/dna_16;balneotherapeutics;0;0.663223;
./datasets/80Archivos/dna_18;balneotherapeutics;0;0.663223;
./datasets/80Archivos/dna_20;balneotherapeutics;0;0.663223;
./datasets/80Archivos/dna_22;balneotherapeutics;0;0.663223;
./datasets/80Archivos/dna_23;balneotherapeutics;0;0.663223;
./datasets/80Archivos/dna_00;uredosporic;0;0.790013;
./datasets/80Archivos/dna_02;uredosporic;0;0.790013;
./datasets/80Archivos/dna_05;uredosporic;0;0.790013;
./datasets/80Archivos/dna_08;uredosporic;0;0.790013;
./datasets/80Archivos/dna_12;uredosporic;0;0.790013;
./datasets/80Archivos/dna_16;uredosporic;0;0.790013;
./datasets/80Archivos/dna_18;uredosporic;0;0.790013;
./datasets/80Archivos/dna_20;uredosporic;0;0.790013;
./datasets/80Archivos/dna_22;uredosporic;0;0.790013;
./datasets/80Archivos/dna_23;uredosporic;0;0.790013;
./datasets/80Archivos/dna_00;perceptive;0;0.716128;
./datasets/80Archivos/dna_02;perceptive;0;0.716128;
./datasets/80Archivos/dna_05;perceptive;0;0.716128;
./datasets/80Archivos/dna_08;perceptive;0;0.716128;
./datasets/80Archivos/dna_12;perceptive;0;0.716128;
./datasets/80Archivos/dna_16;perceptive;0;0.716128;
./datasets/80Archivos/dna_18;perceptive;0;0.716128;
./datasets/80Archivos/dna_20;perceptive;0;0.716128;
./datasets/80Archivos/dna_22;perceptive;0;0.716128;
./datasets/80Archivos/dna_23;perceptive;0;0.716128;
./datasets/80Archivos/dna_00;embouchure;0;0.684612;
./datasets/80Archivos/dna_02;embouchure;0;0.684612;
./datasets/80Archivos/dna_05;embouchure;0;0.684612;
./datasets/80Archivos/dna_08;embouchure;0;0.684612;
./datasets/80Archivos/dna_12;embouchure;0;0.684612;
./datasets/80Archivos/dna_16;embouchure;0;0.684612;
./datasets/80Archivos/dna_18;embouchure;0;0.684612;
./datasets/80Archivos/dna_20;embouchure;0;0.684612;
./datasets/80Archivos/dna_22;embouchure;0;0.684612;
./datasets/80Archivos/dna_23;embouchure;0;0.684612;
./datasets/80Archivos/dna_00;heterolysis;0;0.664608;
./datasets/80Archivos/dna_02;heterolysis;0;0.664608;
./datasets/80Archivos/dna_05;heterolysis;0;0.664608;
./datasets/80Archivos/dna_08;heterolysis;0;0.664608;
./datasets/80Archivos/dna_12;heterolysis;0;0.664608;
./datasets/80Archivos/dna_16;heterolysis;0;0.664608;
./datasets/80Archivos/dna_18;heterolysis;0;0.664608;
./datasets/80Archivos/dna_20;heterolysis;0;0.664608;
./datasets/80Archivos/dna_22;heterolysis;0;0.664608;
./datasets/80Archivos/dna_23;heterolysis;0;0.664608;
./datasets/80Archivos/dna_00;imperence;0;0.67162;
./datasets/80Archivos/dna_02;imperence;0;0.67162;
./datasets/80Archivos/dna_05;imperence;0;0.67162;
./datasets/80Archivos/dna_08;imperence;0;0.67162;
./datasets/80Archivos/dna_12;imperence;0;0.67162;
./datasets/80Archivos/dna_16;imperence;0;0.67162;
./datasets/80Archivos/dna_18;imperence;0;0.67162;
./datasets/80Archivos/dna_20;imperence;0;0.67162;
./datasets/80Archivos/dna_22;imperence;0;0.67162;
./datasets/80Archivos/dna_23;imperence;0;0.67162;
./datasets/80Archivos/dna_00;perfervidness;0;0.639745;
./datasets/80Archivos/dna_02;perfervidness;0;0.639745;
./datasets/80Archivos/dna_05;perfervidness;0;0.639745;
./datasets/80Archivos/dna_08;perfervidness;0;0.639745;
./datasets/80Archivos/dna_12;perfervidness;0;0.639745;
./datasets/80Archivos/dna_16;perfervidness;0;0.639745;
./datasets/80Archivos/dna_18;perfervidness;0;0.639745;
./datasets/80Archivos/dna_20;perfervidness;0;0.639745;
./datasets/80Archivos/dna_22;perfervidness;0;0.639745;
./datasets/80Archivos/dna_23;perfervidness;0;0.639745;
./datasets/80Archivos/dna_00;pobs;0;0.826087;
./datasets/80Archivos/dna_02;pobs;0;0.826087;
./datasets/80Archivos/dna_05;pobs;0;0.826087;
./datasets/80Archivos/dna_08;pobs;0;0.826087;
./datasets/80Archivos/dna_12;pobs;0;0.826087;
./datasets/80Archivos/dna_16;pobs;0;0.826087;
./datasets/80Archivos/dna_18;pobs;0;0.826087;
./datasets/80Archivos/dna_20;pobs;0;0.826087;
./datasets/80Archivos/dna_22;pobs;0;0.826087;
./datasets/80Archivos/dna_23;pobs;0;0.826087;
./datasets/80Archivos/dna_00;thorax;0;0.738933;
./datasets/80Archivos/dna_02;thorax;0;0.738933;
./datasets/80Archivos/dna_05;thorax;0;0.738933;
./datasets/80Archivos/dna_08;thorax;0;0.738933;
./datasets/80Archivos/dna_12;thorax;0;0.738933;
./datasets/80Archivos/dna_16;thorax;0;0.738933;
./datasets/80Archivos/dna_18;thorax;0;0.738933;
./datasets/80Archivos/dna_20;thorax;0;0.738933;
./datasets/80Archivos/dna_22;thorax;0;0.738933;
./datasets/80Archivos/dna_23;thorax;0;0.738933;
./datasets/80Archivos/dna_00;perikronion;0;0.662151;
./datasets/80Archivos/dna_02;perikronion;0;0.662151;
./datasets/80Archivos/dna_05;perikronion;0;0.662151;
./datasets/80Archivos/dna_08;perikronion;0;0.662151;
./datasets/80Archivos/dna_12;perikronion;0;0.662151;
./datasets/80Archivos/dna_16;perikronion;0;0.662151;
./datasets/80Archivos/dna_18;perikronion;0;0.662151;
./datasets/80Archivos/dna_20;perikronion;0;0.662151;
./datasets/80Archivos/dna_22;perikronion;0;0.662151;
./datasets/80Archivos/dna_23;perikronion;0;0.662151;
./datasets/80Archivos/dna_00;charlatanic;0;0.659803;
./datasets/80Archivos/dna_02;charlatanic;0;0.659803;
./datasets/80Archivos/dna_05;charlatanic;0;0.659803;
./datasets/80Archivos/dna_08;charlatanic;0;0.659803;
./datasets/80Archivos/dna_12;charlatanic;0;0.659803;
./datasets/80Archivos/dna_16;charlatanic;0;0.659803;
./datasets/80Archivos/dna_18;charlatanic;0;0.659803;
./datasets/80Archivos/dna_20;charlatanic;0;0.659803;
./datasets/80Archivos/dna_22;charlatanic;0;0.659803;
./datasets/80Archivos/dna_23;charlatanic;0;0.659803;
./datasets/80Archivos/dna_00;Bonapartism;0;0.653571;
./datasets/80Archivos/dna_02;Bonapartism;0;0.653571;
./datasets/80Archivos/dna_05;Bonapartism;0;0.653571;
./datasets/80Archivos/dna_08;Bonapartism;0;0.653571;
./datasets/80Archivos/dna_12;Bonapartism;0;0.653571;
./datasets/80Archivos/dna_16;Bonapartism;0;0.653571;
./datasets/80Archivos/dna_18;Bonapartism;0;0.653571;
./datasets/80Archivos/dna_20;Bonapartism;0;0.653571;
./datasets/80Archivos/dna_22;Bonapartism;0;0.653571;
./datasets/80Archivos/dna_23;Bonapartism;0;0.653571;
./datasets/80Archivos/dna_00;whilom;0;0.736479;
./datasets/80Archivos/dna_02;whilom;0;0.736479;
./datasets/80Archivos/dna_05;whilom;0;0.736479;
./datasets/80Archivos/dna_08;whilom;0;0.736479;
./datasets/80Archivos/dna_12;whilom;0;0.736479;
./datasets/80Archivos/dna_16;whilom;0;0.736479;
./datasets/80Archivos/dna_18;whilom;0;0.736479;
./datasets/80Archivos/dna_20;whilom;0;0.736479;
./datasets/80Archivos/dna_22;whilom;0;0.736479;
./datasets/80Archivos/dna_23;whilom;0;0.736479;
./datasets/80Archivos/dna_00;outferret;0;0.678783;
./datasets/80Archivos/dna_02;outferret;0;0.678783;
./datasets/80Archivos/dna_05;outferret;0;0.678783;
./datasets/80Archivos/dna_08;outferret;0;0.678783;
./datasets/80Archivos/dna_12;outferret;0;0.678783;
./datasets/80Archivos/dna_16;outferret;0;0.678783;
./datasets/80Archivos/dna_18;outferret;0;0.678783;
./datasets/80Archivos/dna_20;outferret;0;0.678783;
./datasets/80Archivos/dna_22;outferret;0;0.678783;
./datasets/80Archivos/dna_23;outferret;0;0.678783;
./datasets/80Archivos/dna_00;kelty;0;0.784552;
./datasets/80Archivos/dna_02;kelty;0;0.784552;
./datasets/80Archivos/dna_05;kelty;0;0.784552;
./datasets/80Archivos/dna_08;kelty;0;0.784552;
./datasets/80Archivos/dna_12;kelty;0;0.784552;
./datasets/80Archivos/dna_16;kelty;0;0.784552;
./datasets/80Archivos/dna_18;kelty;0;0.784552;
./datasets/80Archivos/dna_20;kelty;0;0.784552;
./datasets/80Archivos/dna_22;kelty;0;0.784552;
./datasets/80Archivos/dna_23;kelty;0;0.784552;
./datasets/80Archivos/dna_00;macrospore;0;0.67068;
./datasets/80Archivos/dna_02;macrospore;0;0.67068;
./datasets/80Archivos/dna_05;macrospore;0;0.67068;
./datasets/80Archivos/dna_08;macrospore;0;0.67068;
./datasets/80Archivos/dna_12;macrospore;0;0.67068;
./datasets/80Archivos/dna_16;macrospore;0;0.67068;
./datasets/80Archivos/dna_18;macrospore;0;0.67068;
./datasets/80Archivos/dna_20;macrospore;0;0.67068;
./datasets/80Archivos/dna_22;macrospore;0;0.67068;
./datasets/80Archivos/dna_23;macrospore;0;0.67068;
./datasets/80Archivos/dna_00;predisposedly;0;0.64889;
./datasets/80Archivos/dna_02;predisposedly;0;0.64889;
./datasets/80Archivos/dna_05;predisposedly;0;0.64889;
./datasets/80Archivos/dna_08;predisposedly;0;0.64889;
./datasets/80Archivos/dna_12;predisposedly;0;0.64889;
./datasets/80Archivos/dna_16;predisposedly;0;0.64889;
./datasets/80Archivos/dna_18;predisposedly;0;0.64889;
./datasets/80Archivos/dna_20;predisposedly;0;0.64889;
./datasets/80Archivos/dna_22;predisposedly;0;0.64889;
./datasets/80Archivos/dna_23;predisposedly;0;0.64889;
./datasets/80Archivos/dna_00;squawk;0;0.822057;
./datasets/80Archivos/dna_02;squawk;0;0.822057;
./datasets/80Archivos/dna_05;squawk;0;0.822057;
./datasets/80Archivos/dna_08;squawk;0;0.822057;
./datasets/80Archivos/dna_12;squawk;0;0.822057;
./datasets/80Archivos/dna_16;squawk;0;0.822057;
./datasets/80Archivos/dna_18;squawk;0;0.822057;
./datasets/80Archivos/dna_20;squawk;0;0.822057;
./datasets/80Archivos/dna_22;squawk;0;0.822057;
./datasets/80Archivos/dna_23;squawk;0;0.822057;
./datasets/80Archivos/dna_00;extrafoliaceous;0;0.629062;
./datasets/80Archivos/dna_02;extrafoliaceous;0;0.629062;
./datasets/80Archivos/dna_05;extrafoliaceous;0;0.629062;
./datasets/80Archivos/dna_08;extrafoliaceous;0;0.629062;
./datasets/80Archivos/dna_12;extrafoliaceous;0;0.629062;
./datasets/80Archivos/dna_16;extrafoliaceous;0;0.629062;
./datasets/80Archivos/dna_18;extrafoliaceous;0;0.629062;
./datasets/80Archivos/dna_20;extrafoliaceous;0;0.629062;
./datasets/80Archivos/dna_22;extrafoliaceous;0;0.629062;
./datasets/80Archivos/dna_23;extrafoliaceous;0;0.629062;
./datasets/80Archivos/dna_00;inveteracy;0;0.671384;
./datasets/80Archivos/dna_02;inveteracy;0;0.671384;
./datasets/80Archivos/dna_05;inveteracy;0;0.671384;
./datasets/80Archivos/dna_08;inveteracy;0;0.671384;
./datasets/80Archivos/dna_12;inveteracy;0;0.671384;
./datasets/80Archivos/dna_16;inveteracy;0;0.671384;
./datasets/80Archivos/dna_18;inveteracy;0;0.671384;
./datasets/80Archivos/dna_20;inveteracy;0;0.671384;
./datasets/80Archivos/dna_22;inveteracy;0;0.671384;
./datasets/80Archivos/dna_23;inveteracy;0;0.671384;
./datasets/80Archivos/dna_00;obtect;0;0.741517;
./datasets/80Archivos/dna_02;obtect;0;0.741517;
./datasets/80Archivos/dna_05;obtect;0;0.741517;
./datasets/80Archivos/dna_08;obtect;0;0.741517;
./datasets/80Archivos/dna_12;obtect;0;0.741517;
./datasets/80Archivos/dna_16;obtect;0;0.741517;
./datasets/80Archivos/dna_18;obtect;0;0.741517;
./datasets/80Archivos/dna_20;obtect;0;0.741517;
./datasets/80Archivos/dna_22;obtect;0;0.741517;
./datasets/80Archivos/dna_23;obtect;0;0.741517;
./datasets/80Archivos/dna_00;decoyer;0;0.724584;
./datasets/80Archivos/dna_02;decoyer;0;0.724584;
./datasets/80Archivos/dna_05;decoyer;0;0.724584;
./datasets/80Archivos/dna_08;decoyer;0;0.724584;
./datasets/80Archivos/dna_12;decoyer;0;0.724584;
./datasets/80Archivos/dna_16;decoyer;0;0.724584;
./datasets/80Archivos/dna_18;decoyer;0;0.724584;
./datasets/80Archivos/dna_20;decoyer;0;0.724584;
./datasets/80Archivos/dna_22;decoyer;0;0.724584;
./datasets/80Archivos/dna_23;decoyer;0;0.724584;
./datasets/80Archivos/dna_00;Pelecaniformes;0;0.704628;
./datasets/80Archivos/dna_02;Pelecaniformes;0;0.704628;
./datasets/80Archivos/dna_05;Pelecaniformes;0;0.704628;
./datasets/80Archivos/dna_08;Pelecaniformes;0;0.704628;
./datasets/80Archivos/dna_12;Pelecaniformes;0;0.704628;
./datasets/80Archivos/dna_16;Pelecaniformes;0;0.704628;
./datasets/80Archivos/dna_18;Pelecaniformes;0;0.704628;
./datasets/80Archivos/dna_20;Pelecaniformes;0;0.704628;
./datasets/80Archivos/dna_22;Pelecaniformes;0;0.704628;
./datasets/80Archivos/dna_23;Pelecaniformes;0;0.704628;
./datasets/80Archivos/dna_00;dodecane;0;0.712744;
./datasets/80Archivos/dna_02;dodecane;0;0.712744;
./datasets/80Archivos/dna_05;dodecane;0;0.712744;
./datasets/80Archivos/dna_08;dodecane;0;0.712744;
./datasets/80Archivos/dna_12;dodecane;0;0.712744;
./datasets/80Archivos/dna_16;dodecane;0;0.712744;
./datasets/80Archivos/dna_18;dodecane;0;0.712744;
./datasets/80Archivos/dna_20;dodecane;0;0.712744;
./datasets/80Archivos/dna_22;dodecane;0;0.712744;
./datasets/80Archivos/dna_23;dodecane;0;0.712744;
./datasets/80Archivos/dna_00;gambet;0;0.736491;
./datasets/80Archivos/dna_02;gambet;0;0.736491;
./datasets/80Archivos/dna_05;gambet;0;0.736491;
./datasets/80Archivos/dna_08;gambet;0;0.736491;
./datasets/80Archivos/dna_12;gambet;0;0.736491;
./datasets/80Archivos/dna_16;gambet;0;0.736491;
./datasets/80Archivos/dna_18;gambet;0;0.736491;
./datasets/80Archivos/dna_20;gambet;0;0.736491;
./datasets/80Archivos/dna_22;gambet;0;0.736491;
./datasets/80Archivos/dna_23;gambet;0;0.736491;
./datasets/80Archivos/dna_00;electrodynamism;0;0.630875;
./datasets/80Archivos/dna_02;electrodynamism;0;0.630875;
./datasets/80Archivos/dna_05;electrodynamism;0;0.630875;
./datasets/80Archivos/dna_08;electrodynamism;0;0.630875;
./datasets/80Archivos/dna_12;electrodynamism;0;0.630875;
./datasets/80Archivos/dna_16;electrodynamism;0;0.630875;
./datasets/80Archivos/dna_18;electrodynamism;0;0.630875;
./datasets/80Archivos/dna_20;electrodynamism;0;0.630875;
./datasets/80Archivos/dna_22;electrodynamism;0;0.630875;
./datasets/80Archivos/dna_23;electrodynamism;0;0.630875;
./datasets/80Archivos/dna_00;henter;0;0.736733;
./datasets/80Archivos/dna_02;henter;0;0.736733;
./datasets/80Archivos/dna_05;henter;0;0.736733;
./datasets/80Archivos/dna_08;henter;0;0.736733;
./datasets/80Archivos/dna_12;henter;0;0.736733;
./datasets/80Archivos/dna_16;henter;0;0.736733;
./datasets/80Archivos/dna_18;henter;0;0.736733;
./datasets/80Archivos/dna_20;henter;0;0.736733;
./datasets/80Archivos/dna_22;henter;0;0.736733;
./datasets/80Archivos/dna_23;henter;0;0.736733;
./datasets/80Archivos/dna_00;sunless;0;0.713019;
./datasets/80Archivos/dna_02;sunless;0;0.713019;
./datasets/80Archivos/dna_05;sunless;0;0.713019;
./datasets/80Archivos/dna_08;sunless;0;0.713019;
./datasets/80Archivos/dna_12;sunless;0;0.713019;
./datasets/80Archivos/dna_16;sunless;0;0.713019;
./datasets/80Archivos/dna_18;sunless;0;0.713019;
./datasets/80Archivos/dna_20;sunless;0;0.713019;
./datasets/80Archivos/dna_22;sunless;0;0.713019;
./datasets/80Archivos/dna_23;sunless;0;0.713019;
./datasets/80Archivos/dna_00;burroweed;0;0.683046;
./datasets/80Archivos/dna_02;burroweed;0;0.683046;
./datasets/80Archivos/dna_05;burroweed;0;0.683046;
./datasets/80Archivos/dna_08;burroweed;0;0.683046;
./datasets/80Archivos/dna_12;burroweed;0;0.683046;
./datasets/80Archivos/dna_16;burroweed;0;0.683046;
./datasets/80Archivos/dna_18;burroweed;0;0.683046;
./datasets/80Archivos/dna_20;burroweed;0;0.683046;
./datasets/80Archivos/dna_22;burroweed;0;0.683046;
./datasets/80Archivos/dna_23;burroweed;0;0.683046;
./datasets/80Archivos/dna_00;busket;0;0.758966;
./datasets/80Archivos/dna_02;busket;0;0.758966;
./datasets/80Archivos/dna_05;busket;0;0.758966;
./datasets/80Archivos/dna_08;busket;0;0.758966;
./datasets/80Archivos/dna_12;busket;0;0.758966;
./datasets/80Archivos/dna_16;busket;0;0.758966;
./datasets/80Archivos/dna_18;busket;0;0.758966;
./datasets/80Archivos/dna_20;busket;0;0.758966;
./datasets/80Archivos/dna_22;busket;0;0.758966;
./datasets/80Archivos/dna_23;busket;0;0.758966;
./datasets/80Archivos/dna_00;trepidatory;0;0.669206;
./datasets/80Archivos/dna_02;trepidatory;0;0.669206;
./datasets/80Archivos/dna_05;trepidatory;0;0.669206;
./datasets/80Archivos/dna_08;trepidatory;0;0.669206;
./datasets/80Archivos/dna_12;trepidatory;0;0.669206;
./datasets/80Archivos/dna_16;trepidatory;0;0.669206;
./datasets/80Archivos/dna_18;trepidatory;0;0.669206;
./datasets/80Archivos/dna_20;trepidatory;0;0.669206;
./datasets/80Archivos/dna_22;trepidatory;0;0.669206;
./datasets/80Archivos/dna_23;trepidatory;0;0.669206;
./datasets/80Archivos/dna_00;fermerer;0;0.696613;
./datasets/80Archivos/dna_02;fermerer;0;0.696613;
./datasets/80Archivos/dna_05;fermerer;0;0.696613;
./datasets/80Archivos/dna_08;fermerer;0;0.696613;
./datasets/80Archivos/dna_12;fermerer;0;0.696613;
./datasets/80Archivos/dna_16;fermerer;0;0.696613;
./datasets/80Archivos/dna_18;fermerer;0;0.696613;
./datasets/80Archivos/dna_20;fermerer;0;0.696613;
./datasets/80Archivos/dna_22;fermerer;0;0.696613;
./datasets/80Archivos/dna_23;fermerer;0;0.696613;
./datasets/80Archivos/dna_00;prewound;0;0.708085;
./datasets/80Archivos/dna_02;prewound;0;0.708085;
./datasets/80Archivos/dna_05;prewound;0;0.708085;
./datasets/80Archivos/dna_08;prewound;0;0.708085;
./datasets/80Archivos/dna_12;prewound;0;0.708085;
./datasets/80Archivos/dna_16;prewound;0;0.708085;
./datasets/80Archivos/dna_18;prewound;0;0.708085;
./datasets/80Archivos/dna_20;prewound;0;0.708085;
./datasets/80Archivos/dna_22;prewound;0;0.708085;
./datasets/80Archivos/dna_23;prewound;0;0.708085;
./datasets/80Archivos/dna_00;thrifty;0;0.71514;
./datasets/80Archivos/dna_02;thrifty;0;0.71514;
./datasets/80Archivos/dna_05;thrifty;0;0.71514;
./datasets/80Archivos/dna_08;thrifty;0;0.71514;
./datasets/80Archivos/dna_12;thrifty;0;0.71514;
./datasets/80Archivos/dna_16;thrifty;0;0.71514;
./datasets/80Archivos/dna_18;thrifty;0;0.71514;
./datasets/80Archivos/dna_20;thrifty;0;0.71514;
./datasets/80Archivos/dna_22;thrifty;0;0.71514;
./datasets/80Archivos/dna_23;thrifty;0;0.71514;
./datasets/80Archivos/dna_00;twibil;0;0.748024;
./datasets/80Archivos/dna_02;twibil;0;0.748024;
./datasets/80Archivos/dna_05;twibil;0;0.748024;
./datasets/80Archivos/dna_08;twibil;0;0.748024;
./datasets/80Archivos/dna_12;twibil;0;0.748024;
./datasets/80Archivos/dna_16;twibil;0;0.748024;
./datasets/80Archivos/dna_18;twibil;0;0.748024;
./datasets/80Archivos/dna_20;twibil;0;0.748024;
./datasets/80Archivos/dna_22;twibil;0;0.748024;
./datasets/80Archivos/dna_23;twibil;0;0.748024;
./datasets/80Archivos/dna_00;amateur;0;0.795223;
./datasets/80Archivos/dna_02;amateur;0;0.795223;
./datasets/80Archivos/dna_05;amateur;0;0.795223;
./datasets/80Archivos/dna_08;amateur;0;0.795223;
./datasets/80Archivos/dna_12;amateur;0;0.795223;
./datasets/80Archivos/dna_16;amateur;0;0.795223;
./datasets/80Archivos/dna_18;amateur;0;0.795223;
./datasets/80Archivos/dna_20;amateur;0;0.795223;
./datasets/80Archivos/dna_22;amateur;0;0.795223;
./datasets/80Archivos/dna_23;amateur;0;0.795223;
./datasets/80Archivos/dna_00;myasthenia;0;0.670003;
./datasets/80Archivos/dna_02;myasthenia;0;0.670003;
./datasets/80Archivos/dna_05;myasthenia;0;0.670003;
./datasets/80Archivos/dna_08;myasthenia;0;0.670003;
./datasets/80Archivos/dna_12;myasthenia;0;0.670003;
./datasets/80Archivos/dna_16;myasthenia;0;0.670003;
./datasets/80Archivos/dna_18;myasthenia;0;0.670003;
./datasets/80Archivos/dna_20;myasthenia;0;0.670003;
./datasets/80Archivos/dna_22;myasthenia;0;0.670003;
./datasets/80Archivos/dna_23;myasthenia;0;0.670003;
./datasets/80Archivos/dna_00;goave;0;0.779727;
./datasets/80Archivos/dna_02;goave;0;0.779727;
./datasets/80Archivos/dna_05;goave;0;0.779727;
./datasets/80Archivos/dna_08;goave;0;0.779727;
./datasets/80Archivos/dna_12;goave;0;0.779727;
./datasets/80Archivos/dna_16;goave;0;0.779727;
./datasets/80Archivos/dna_18;goave;0;0.779727;
./datasets/80Archivos/dna_20;goave;0;0.779727;
./datasets/80Archivos/dna_22;goave;0;0.779727;
./datasets/80Archivos/dna_23;goave;0;0.779727;
./datasets/80Archivos/dna_00;toolmark;0;0.715538;
./datasets/80Archivos/dna_02;toolmark;0;0.715538;
./datasets/80Archivos/dna_05;toolmark;0;0.715538;
./datasets/80Archivos/dna_08;toolmark;0;0.715538;
./datasets/80Archivos/dna_12;toolmark;0;0.715538;
./datasets/80Archivos/dna_16;toolmark;0;0.715538;
./datasets/80Archivos/dna_18;toolmark;0;0.715538;
./datasets/80Archivos/dna_20;toolmark;0;0.715538;
./datasets/80Archivos/dna_22;toolmark;0;0.715538;
./datasets/80Archivos/dna_23;toolmark;0;0.715538;
./datasets/80Archivos/dna_00;ornithon;0;0.705612;
./datasets/80Archivos/dna_02;ornithon;0;0.705612;
./datasets/80Archivos/dna_05;ornithon;0;0.705612;
./datasets/80Archivos/dna_08;ornithon;0;0.705612;
./datasets/80Archivos/dna_12;ornithon;0;0.705612;
./datasets/80Archivos/dna_16;ornithon;0;0.705612;
./datasets/80Archivos/dna_18;ornithon;0;0.705612;
./datasets/80Archivos/dna_20;ornithon;0;0.705612;
./datasets/80Archivos/dna_22;ornithon;0;0.705612;
./datasets/80Archivos/dna_23;ornithon;0;0.705612;
./datasets/80Archivos/dna_00;geminately;0;0.66584;
./datasets/80Archivos/dna_02;geminately;0;0.66584;
./datasets/80Archivos/dna_05;geminately;0;0.66584;
./datasets/80Archivos/dna_08;geminately;0;0.66584;
./datasets/80Archivos/dna_12;geminately;0;0.66584;
./datasets/80Archivos/dna_16;geminately;0;0.66584;
./datasets/80Archivos/dna_18;geminately;0;0.66584;
./datasets/80Archivos/dna_20;geminately;0;0.66584;
./datasets/80Archivos/dna_22;geminately;0;0.66584;
./datasets/80Archivos/dna_23;geminately;0;0.66584;
./datasets/80Archivos/dna_00;unrhymed;0;0.701322;
./datasets/80Archivos/dna_02;unrhymed;0;0.701322;
./datasets/80Archivos/dna_05;unrhymed;0;0.701322;
./datasets/80Archivos/dna_08;unrhymed;0;0.701322;
./datasets/80Archivos/dna_12;unrhymed;0;0.701322;
./datasets/80Archivos/dna_16;unrhymed;0;0.701322;
./datasets/80Archivos/dna_18;unrhymed;0;0.701322;
./datasets/80Archivos/dna_20;unrhymed;0;0.701322;
./datasets/80Archivos/dna_22;unrhymed;0;0.701322;
./datasets/80Archivos/dna_23;unrhymed;0;0.701322;
./datasets/80Archivos/dna_00;Serridentines;0;0.639713;
./datasets/80Archivos/dna_02;Serridentines;0;0.639713;
./datasets/80Archivos/dna_05;Serridentines;0;0.639713;
./datasets/80Archivos/dna_08;Serridentines;0;0.639713;
./datasets/80Archivos/dna_12;Serridentines;0;0.639713;
./datasets/80Archivos/dna_16;Serridentines;0;0.639713;
./datasets/80Archivos/dna_18;Serridentines;0;0.639713;
./datasets/80Archivos/dna_20;Serridentines;0;0.639713;
./datasets/80Archivos/dna_22;Serridentines;0;0.639713;
./datasets/80Archivos/dna_23;Serridentines;0;0.639713;
./datasets/80Archivos/dna_00;presbyopia;0;0.699987;
./datasets/80Archivos/dna_02;presbyopia;0;0.699987;
./datasets/80Archivos/dna_05;presbyopia;0;0.699987;
./datasets/80Archivos/dna_08;presbyopia;0;0.699987;
./datasets/80Archivos/dna_12;presbyopia;0;0.699987;
./datasets/80Archivos/dna_16;presbyopia;0;0.699987;
./datasets/80Archivos/dna_18;presbyopia;0;0.699987;
./datasets/80Archivos/dna_20;presbyopia;0;0.699987;
./datasets/80Archivos/dna_22;presbyopia;0;0.699987;
./datasets/80Archivos/dna_23;presbyopia;0;0.699987;
./datasets/80Archivos/dna_00;unoperably;0;0.67327;
./datasets/80Archivos/dna_02;unoperably;0;0.67327;
./datasets/80Archivos/dna_05;unoperably;0;0.67327;
./datasets/80Archivos/dna_08;unoperably;0;0.67327;
./datasets/80Archivos/dna_12;unoperably;0;0.67327;
./datasets/80Archivos/dna_16;unoperably;0;0.67327;
./datasets/80Archivos/dna_18;unoperably;0;0.67327;
./datasets/80Archivos/dna_20;unoperably;0;0.67327;
./datasets/80Archivos/dna_22;unoperably;0;0.67327;
./datasets/80Archivos/dna_23;unoperably;0;0.67327;
./datasets/80Archivos/dna_00;preventer;0;0.682794;
./datasets/80Archivos/dna_02;preventer;0;0.682794;
./datasets/80Archivos/dna_05;preventer;0;0.682794;
./datasets/80Archivos/dna_08;preventer;0;0.682794;
./datasets/80Archivos/dna_12;preventer;0;0.682794;
./datasets/80Archivos/dna_16;preventer;0;0.682794;
./datasets/80Archivos/dna_18;preventer;0;0.682794;
./datasets/80Archivos/dna_20;preventer;0;0.682794;
./datasets/80Archivos/dna_22;preventer;0;0.682794;
./datasets/80Archivos/dna_23;preventer;0;0.682794;
./datasets/80Archivos/dna_00;salten;0;0.739695;
./datasets/80Archivos/dna_02;salten;0;0.739695;
./datasets/80Archivos/dna_05;salten;0;0.739695;
./datasets/80Archivos/dna_08;salten;0;0.739695;
./datasets/80Archivos/dna_12;salten;0;0.739695;
./datasets/80Archivos/dna_16;salten;0;0.739695;
./datasets/80Archivos/dna_18;salten;0;0.739695;
./datasets/80Archivos/dna_20;salten;0;0.739695;
./datasets/80Archivos/dna_22;salten;0;0.739695;
./datasets/80Archivos/dna_23;salten;0;0.739695;
./datasets/80Archivos/dna_00;grimily;0;0.710604;
./datasets/80Archivos/dna_02;grimily;0;0.710604;
./datasets/80Archivos/dna_05;grimily;0;0.710604;
./datasets/80Archivos/dna_08;grimily;0;0.710604;
./datasets/80Archivos/dna_12;grimily;0;0.710604;
./datasets/80Archivos/dna_16;grimily;0;0.710604;
./datasets/80Archivos/dna_18;grimily;0;0.710604;
./datasets/80Archivos/dna_20;grimily;0;0.710604;
./datasets/80Archivos/dna_22;grimily;0;0.710604;
./datasets/80Archivos/dna_23;grimily;0;0.710604;
./datasets/80Archivos/dna_00;conduplicated;0;0.64161;
./datasets/80Archivos/dna_02;conduplicated;0;0.64161;
./datasets/80Archivos/dna_05;conduplicated;0;0.64161;
./datasets/80Archivos/dna_08;conduplicated;0;0.64161;
./datasets/80Archivos/dna_12;conduplicated;0;0.64161;
./datasets/80Archivos/dna_16;conduplicated;0;0.64161;
./datasets/80Archivos/dna_18;conduplicated;0;0.64161;
./datasets/80Archivos/dna_20;conduplicated;0;0.64161;
./datasets/80Archivos/dna_22;conduplicated;0;0.64161;
./datasets/80Archivos/dna_23;conduplicated;0;0.64161;
./datasets/80Archivos/dna_00;theomania;0;0.677045;
./datasets/80Archivos/dna_02;theomania;0;0.677045;
./datasets/80Archivos/dna_05;theomania;0;0.677045;
./datasets/80Archivos/dna_08;theomania;0;0.677045;
./datasets/80Archivos/dna_12;theomania;0;0.677045;
./datasets/80Archivos/dna_16;theomania;0;0.677045;
./datasets/80Archivos/dna_18;theomania;0;0.677045;
./datasets/80Archivos/dna_20;theomania;0;0.677045;
./datasets/80Archivos/dna_22;theomania;0;0.677045;
./datasets/80Archivos/dna_23;theomania;0;0.677045;
./datasets/80Archivos/dna_00;gyromagnetic;0;0.659975;
./datasets/80Archivos/dna_02;gyromagnetic;0;0.659975;
./datasets/80Archivos/dna_05;gyromagnetic;0;0.659975;
./datasets/80Archivos/dna_08;gyromagnetic;0;0.659975;
./datasets/80Archivos/dna_12;gyromagnetic;0;0.659975;
./datasets/80Archivos/dna_16;gyromagnetic;0;0.659975;
./datasets/80Archivos/dna_18;gyromagnetic;0;0.659975;
./datasets/80Archivos/dna_20;gyromagnetic;0;0.659975;
./datasets/80Archivos/dna_22;gyromagnetic;0;0.659975;
./datasets/80Archivos/dna_23;gyromagnetic;0;0.659975;
./datasets/80Archivos/dna_00;antimycotic;0;0.655044;
./datasets/80Archivos/dna_02;antimycotic;0;0.655044;
./datasets/80Archivos/dna_05;antimycotic;0;0.655044;
./datasets/80Archivos/dna_08;antimycotic;0;0.655044;
./datasets/80Archivos/dna_12;antimycotic;0;0.655044;
./datasets/80Archivos/dna_16;antimycotic;0;0.655044;
./datasets/80Archivos/dna_18;antimycotic;0;0.655044;
./datasets/80Archivos/dna_20;antimycotic;0;0.655044;
./datasets/80Archivos/dna_22;antimycotic;0;0.655044;
./datasets/80Archivos/dna_23;antimycotic;0;0.655044;
./datasets/80Archivos/dna_00;malacanthid;0;0.661164;
./datasets/80Archivos/dna_02;malacanthid;0;0.661164;
./datasets/80Archivos/dna_05;malacanthid;0;0.661164;
./datasets/80Archivos/dna_08;malacanthid;0;0.661164;
./datasets/80Archivos/dna_12;malacanthid;0;0.661164;
./datasets/80Archivos/dna_16;malacanthid;0;0.661164;
./datasets/80Archivos/dna_18;malacanthid;0;0.661164;
./datasets/80Archivos/dna_20;malacanthid;0;0.661164;
./datasets/80Archivos/dna_22;malacanthid;0;0.661164;
./datasets/80Archivos/dna_23;malacanthid;0;0.661164;
./datasets/80Archivos/dna_00;sensationistic;0;0.633849;
./datasets/80Archivos/dna_02;sensationistic;0;0.633849;
./datasets/80Archivos/dna_05;sensationistic;0;0.633849;
./datasets/80Archivos/dna_08;sensationistic;0;0.633849;
./datasets/80Archivos/dna_12;sensationistic;0;0.633849;
./datasets/80Archivos/dna_16;sensationistic;0;0.633849;
./datasets/80Archivos/dna_18;sensationistic;0;0.633849;
./datasets/80Archivos/dna_20;sensationistic;0;0.633849;
./datasets/80Archivos/dna_22;sensationistic;0;0.633849;
./datasets/80Archivos/dna_23;sensationistic;0;0.633849;
./datasets/80Archivos/dna_00;vibraculoid;0;0.661309;
./datasets/80Archivos/dna_02;vibraculoid;0;0.661309;
./datasets/80Archivos/dna_05;vibraculoid;0;0.661309;
./datasets/80Archivos/dna_08;vibraculoid;0;0.661309;
./datasets/80Archivos/dna_12;vibraculoid;0;0.661309;
./datasets/80Archivos/dna_16;vibraculoid;0;0.661309;
./datasets/80Archivos/dna_18;vibraculoid;0;0.661309;
./datasets/80Archivos/dna_20;vibraculoid;0;0.661309;
./datasets/80Archivos/dna_22;vibraculoid;0;0.661309;
./datasets/80Archivos/dna_23;vibraculoid;0;0.661309;
./datasets/80Archivos/dna_00;eater;0;0.773658;
./datasets/80Archivos/dna_02;eater;0;0.773658;
./datasets/80Archivos/dna_05;eater;0;0.773658;
./datasets/80Archivos/dna_08;eater;0;0.773658;
./datasets/80Archivos/dna_12;eater;0;0.773658;
./datasets/80Archivos/dna_16;eater;0;0.773658;
./datasets/80Archivos/dna_18;eater;0;0.773658;
./datasets/80Archivos/dna_20;eater;0;0.773658;
./datasets/80Archivos/dna_22;eater;0;0.773658;
./datasets/80Archivos/dna_23;eater;0;0.773658;
./datasets/80Archivos/dna_00;zig;0;0.936982;
./datasets/80Archivos/dna_02;zig;0;0.936982;
./datasets/80Archivos/dna_05;zig;0;0.936982;
./datasets/80Archivos/dna_08;zig;0;0.936982;
./datasets/80Archivos/dna_12;zig;0;0.936982;
./datasets/80Archivos/dna_16;zig;0;0.936982;
./datasets/80Archivos/dna_18;zig;0;0.936982;
./datasets/80Archivos/dna_20;zig;0;0.936982;
./datasets/80Archivos/dna_22;zig;0;0.936982;
./datasets/80Archivos/dna_23;zig;0;0.936982;
./datasets/80Archivos/dna_00;bordello;0;0.691996;
./datasets/80Archivos/dna_02;bordello;0;0.691996;
./datasets/80Archivos/dna_05;bordello;0;0.691996;
./datasets/80Archivos/dna_08;bordello;0;0.691996;
./datasets/80Archivos/dna_12;bordello;0;0.691996;
./datasets/80Archivos/dna_16;bordello;0;0.691996;
./datasets/80Archivos/dna_18;bordello;0;0.691996;
./datasets/80Archivos/dna_20;bordello;0;0.691996;
./datasets/80Archivos/dna_22;bordello;0;0.691996;
./datasets/80Archivos/dna_23;bordello;0;0.691996;
./datasets/80Archivos/dna_00;hounding;0;0.699247;
./datasets/80Archivos/dna_02;hounding;0;0.699247;
./datasets/80Archivos/dna_05;hounding;0;0.699247;
./datasets/80Archivos/dna_08;hounding;0;0.699247;
./datasets/80Archivos/dna_12;hounding;0;0.699247;
./datasets/80Archivos/dna_16;hounding;0;0.699247;
./datasets/80Archivos/dna_18;hounding;0;0.699247;
./datasets/80Archivos/dna_20;hounding;0;0.699247;
./datasets/80Archivos/dna_22;hounding;0;0.699247;
./datasets/80Archivos/dna_23;hounding;0;0.699247;
./datasets/80Archivos/dna_00;outweary;0;0.692981;
./datasets/80Archivos/dna_02;outweary;0;0.692981;
./datasets/80Archivos/dna_05;outweary;0;0.692981;
./datasets/80Archivos/dna_08;outweary;0;0.692981;
./datasets/80Archivos/dna_12;outweary;0;0.692981;
./datasets/80Archivos/dna_16;outweary;0;0.692981;
./datasets/80Archivos/dna_18;outweary;0;0.692981;
./datasets/80Archivos/dna_20;outweary;0;0.692981;
./datasets/80Archivos/dna_22;outweary;0;0.692981;
./datasets/80Archivos/dna_23;outweary;0;0.692981;
./datasets/80Archivos/dna_00;hoyle;0;0.777519;
./datasets/80Archivos/dna_02;hoyle;0;0.777519;
./datasets/80Archivos/dna_05;hoyle;0;0.777519;
./datasets/80Archivos/dna_08;hoyle;0;0.777519;
./datasets/80Archivos/dna_12;hoyle;0;0.777519;
./datasets/80Archivos/dna_16;hoyle;0;0.777519;
./datasets/80Archivos/dna_18;hoyle;0;0.777519;
./datasets/80Archivos/dna_20;hoyle;0;0.777519;
./datasets/80Archivos/dna_22;hoyle;0;0.777519;
./datasets/80Archivos/dna_23;hoyle;0;0.777519;
./datasets/80Archivos/dna_00;nonrendition;0;0.649282;
./datasets/80Archivos/dna_02;nonrendition;0;0.649282;
./datasets/80Archivos/dna_05;nonrendition;0;0.649282;
./datasets/80Archivos/dna_08;nonrendition;0;0.649282;
./datasets/80Archivos/dna_12;nonrendition;0;0.649282;
./datasets/80Archivos/dna_16;nonrendition;0;0.649282;
./datasets/80Archivos/dna_18;nonrendition;0;0.649282;
./datasets/80Archivos/dna_20;nonrendition;0;0.649282;
./datasets/80Archivos/dna_22;nonrendition;0;0.649282;
./datasets/80Archivos/dna_23;nonrendition;0;0.649282;
./datasets/80Archivos/dna_00;potlike;0;0.719252;
./datasets/80Archivos/dna_02;potlike;0;0.719252;
./datasets/80Archivos/dna_05;potlike;0;0.719252;
./datasets/80Archivos/dna_08;potlike;0;0.719252;
./datasets/80Archivos/dna_12;potlike;0;0.719252;
./datasets/80Archivos/dna_16;potlike;0;0.719252;
./datasets/80Archivos/dna_18;potlike;0;0.719252;
./datasets/80Archivos/dna_20;potlike;0;0.719252;
./datasets/80Archivos/dna_22;potlike;0;0.719252;
./datasets/80Archivos/dna_23;potlike;0;0.719252;
./datasets/80Archivos/dna_00;surflike;0;0.692702;
./datasets/80Archivos/dna_02;surflike;0;0.692702;
./datasets/80Archivos/dna_05;surflike;0;0.692702;
./datasets/80Archivos/dna_08;surflike;0;0.692702;
./datasets/80Archivos/dna_12;surflike;0;0.692702;
./datasets/80Archivos/dna_16;surflike;0;0.692702;
./datasets/80Archivos/dna_18;surflike;0;0.692702;
./datasets/80Archivos/dna_20;surflike;0;0.692702;
./datasets/80Archivos/dna_22;surflike;0;0.692702;
./datasets/80Archivos/dna_23;surflike;0;0.692702;
./datasets/80Archivos/dna_00;rubification;0;0.681182;
./datasets/80Archivos/dna_02;rubification;0;0.681182;
./datasets/80Archivos/dna_05;rubification;0;0.681182;
./datasets/80Archivos/dna_08;rubification;0;0.681182;
./datasets/80Archivos/dna_12;rubification;0;0.681182;
./datasets/80Archivos/dna_16;rubification;0;0.681182;
./datasets/80Archivos/dna_18;rubification;0;0.681182;
./datasets/80Archivos/dna_20;rubification;0;0.681182;
./datasets/80Archivos/dna_22;rubification;0;0.681182;
./datasets/80Archivos/dna_23;rubification;0;0.681182;
./datasets/80Archivos/dna_00;dulcifluous;0;0.676408;
./datasets/80Archivos/dna_02;dulcifluous;0;0.676408;
./datasets/80Archivos/dna_05;dulcifluous;0;0.676408;
./datasets/80Archivos/dna_08;dulcifluous;0;0.676408;
./datasets/80Archivos/dna_12;dulcifluous;0;0.676408;
./datasets/80Archivos/dna_16;dulcifluous;0;0.676408;
./datasets/80Archivos/dna_18;dulcifluous;0;0.676408;
./datasets/80Archivos/dna_20;dulcifluous;0;0.676408;
./datasets/80Archivos/dna_22;dulcifluous;0;0.676408;
./datasets/80Archivos/dna_23;dulcifluous;0;0.676408;
./datasets/80Archivos/dna_00;Saturnalian;0;0.653613;
./datasets/80Archivos/dna_02;Saturnalian;0;0.653613;
./datasets/80Archivos/dna_05;Saturnalian;0;0.653613;
./datasets/80Archivos/dna_08;Saturnalian;0;0.653613;
./datasets/80Archivos/dna_12;Saturnalian;0;0.653613;
./datasets/80Archivos/dna_16;Saturnalian;0;0.653613;
./datasets/80Archivos/dna_18;Saturnalian;0;0.653613;
./datasets/80Archivos/dna_20;Saturnalian;0;0.653613;
./datasets/80Archivos/dna_22;Saturnalian;0;0.653613;
./datasets/80Archivos/dna_23;Saturnalian;0;0.653613;
./datasets/80Archivos/dna_00;unconfidence;0;0.649635;
./datasets/80Archivos/dna_02;unconfidence;0;0.649635;
./datasets/80Archivos/dna_05;unconfidence;0;0.649635;
./datasets/80Archivos/dna_08;unconfidence;0;0.649635;
./datasets/80Archivos/dna_12;unconfidence;0;0.649635;
./datasets/80Archivos/dna_16;unconfidence;0;0.649635;
./datasets/80Archivos/dna_18;unconfidence;0;0.649635;
./datasets/80Archivos/dna_20;unconfidence;0;0.649635;
./datasets/80Archivos/dna_22;unconfidence;0;0.649635;
./datasets/80Archivos/dna_23;unconfidence;0;0.649635;
./datasets/80Archivos/dna_00;Apneumona;0;0.678685;
./datasets/80Archivos/dna_02;Apneumona;0;0.678685;
./datasets/80Archivos/dna_05;Apneumona;0;0.678685;
./datasets/80Archivos/dna_08;Apneumona;0;0.678685;
./datasets/80Archivos/dna_12;Apneumona;0;0.678685;
./datasets/80Archivos/dna_16;Apneumona;0;0.678685;
./datasets/80Archivos/dna_18;Apneumona;0;0.678685;
./datasets/80Archivos/dna_20;Apneumona;0;0.678685;
./datasets/80Archivos/dna_22;Apneumona;0;0.678685;
./datasets/80Archivos/dna_23;Apneumona;0;0.678685;
./datasets/80Archivos/dna_00;hedgy;0;0.772483;
./datasets/80Archivos/dna_02;hedgy;0;0.772483;
./datasets/80Archivos/dna_05;hedgy;0;0.772483;
./datasets/80Archivos/dna_08;hedgy;0;0.772483;
./datasets/80Archivos/dna_12;hedgy;0;0.772483;
./datasets/80Archivos/dna_16;hedgy;0;0.772483;
./datasets/80Archivos/dna_18;hedgy;0;0.772483;
./datasets/80Archivos/dna_20;hedgy;0;0.772483;
./datasets/80Archivos/dna_22;hedgy;0;0.772483;
./datasets/80Archivos/dna_23;hedgy;0;0.772483;
./datasets/80Archivos/dna_00;subharmonic;0;0.657019;
./datasets/80Archivos/dna_02;subharmonic;0;0.657019;
./datasets/80Archivos/dna_05;subharmonic;0;0.657019;
./datasets/80Archivos/dna_08;subharmonic;0;0.657019;
./datasets/80Archivos/dna_12;subharmonic;0;0.657019;
./datasets/80Archivos/dna_16;subharmonic;0;0.657019;
./datasets/80Archivos/dna_18;subharmonic;0;0.657019;
./datasets/80Archivos/dna_20;subharmonic;0;0.657019;
./datasets/80Archivos/dna_22;subharmonic;0;0.657019;
./datasets/80Archivos/dna_23;subharmonic;0;0.657019;
./datasets/80Archivos/dna_00;undisputed;0;0.669934;
./datasets/80Archivos/dna_02;undisputed;0;0.669934;
./datasets/80Archivos/dna_05;undisputed;0;0.669934;
./datasets/80Archivos/dna_08;undisputed;0;0.669934;
./datasets/80Archivos/dna_12;undisputed;0;0.669934;
./datasets/80Archivos/dna_16;undisputed;0;0.669934;
./datasets/80Archivos/dna_18;undisputed;0;0.669934;
./datasets/80Archivos/dna_20;undisputed;0;0.669934;
./datasets/80Archivos/dna_22;undisputed;0;0.669934;
./datasets/80Archivos/dna_23;undisputed;0;0.669934;
./datasets/80Archivos/dna_00;monotypic;0;0.679052;
./datasets/80Archivos/dna_02;monotypic;0;0.679052;
./datasets/80Archivos/dna_05;monotypic;0;0.679052;
./datasets/80Archivos/dna_08;monotypic;0;0.679052;
./datasets/80Archivos/dna_12;monotypic;0;0.679052;
./datasets/80Archivos/dna_16;monotypic;0;0.679052;
./datasets/80Archivos/dna_18;monotypic;0;0.679052;
./datasets/80Archivos/dna_20;monotypic;0;0.679052;
./datasets/80Archivos/dna_22;monotypic;0;0.679052;
./datasets/80Archivos/dna_23;monotypic;0;0.679052;
./datasets/80Archivos/dna_00;pontifex;0;0.696099;
./datasets/80Archivos/dna_02;pontifex;0;0.696099;
./datasets/80Archivos/dna_05;pontifex;0;0.696099;
./datasets/80Archivos/dna_08;pontifex;0;0.696099;
./datasets/80Archivos/dna_12;pontifex;0;0.696099;
./datasets/80Archivos/dna_16;pontifex;0;0.696099;
./datasets/80Archivos/dna_18;pontifex;0;0.696099;
./datasets/80Archivos/dna_20;pontifex;0;0.696099;
./datasets/80Archivos/dna_22;pontifex;0;0.696099;
./datasets/80Archivos/dna_23;pontifex;0;0.696099;
./datasets/80Archivos/dna_00;Phalarism;0;0.687911;
./datasets/80Archivos/dna_02;Phalarism;0;0.687911;
./datasets/80Archivos/dna_05;Phalarism;0;0.687911;
./datasets/80Archivos/dna_08;Phalarism;0;0.687911;
./datasets/80Archivos/dna_12;Phalarism;0;0.687911;
./datasets/80Archivos/dna_16;Phalarism;0;0.687911;
./datasets/80Archivos/dna_18;Phalarism;0;0.687911;
./datasets/80Archivos/dna_20;Phalarism;0;0.687911;
./datasets/80Archivos/dna_22;Phalarism;0;0.687911;
./datasets/80Archivos/dna_23;Phalarism;0;0.687911;
./datasets/80Archivos/dna_00;precursive;0;0.671013;
./datasets/80Archivos/dna_02;precursive;0;0.671013;
./datasets/80Archivos/dna_05;precursive;0;0.671013;
./datasets/80Archivos/dna_08;precursive;0;0.671013;
./datasets/80Archivos/dna_12;precursive;0;0.671013;
./datasets/80Archivos/dna_16;precursive;0;0.671013;
./datasets/80Archivos/dna_18;precursive;0;0.671013;
./datasets/80Archivos/dna_20;precursive;0;0.671013;
./datasets/80Archivos/dna_22;precursive;0;0.671013;
./datasets/80Archivos/dna_23;precursive;0;0.671013;
./datasets/80Archivos/dna_00;uncock;0;0.738363;
./datasets/80Archivos/dna_02;uncock;0;0.738363;
./datasets/80Archivos/dna_05;uncock;0;0.738363;
./datasets/80Archivos/dna_08;uncock;0;0.738363;
./datasets/80Archivos/dna_12;uncock;0;0.738363;
./datasets/80Archivos/dna_16;uncock;0;0.738363;
./datasets/80Archivos/dna_18;uncock;0;0.738363;
./datasets/80Archivos/dna_20;uncock;0;0.738363;
./datasets/80Archivos/dna_22;uncock;0;0.738363;
./datasets/80Archivos/dna_23;uncock;0;0.738363;
./datasets/80Archivos/dna_00;echinoderm;0;0.686452;
./datasets/80Archivos/dna_02;echinoderm;0;0.686452;
./datasets/80Archivos/dna_05;echinoderm;0;0.686452;
./datasets/80Archivos/dna_08;echinoderm;0;0.686452;
./datasets/80Archivos/dna_12;echinoderm;0;0.686452;
./datasets/80Archivos/dna_16;echinoderm;0;0.686452;
./datasets/80Archivos/dna_18;echinoderm;0;0.686452;
./datasets/80Archivos/dna_20;echinoderm;0;0.686452;
./datasets/80Archivos/dna_22;echinoderm;0;0.686452;
./datasets/80Archivos/dna_23;echinoderm;0;0.686452;
./datasets/80Archivos/dna_00;antu;0;0.832424;
./datasets/80Archivos/dna_02;antu;0;0.832424;
./datasets/80Archivos/dna_05;antu;0;0.832424;
./datasets/80Archivos/dna_08;antu;0;0.832424;
./datasets/80Archivos/dna_12;antu;0;0.832424;
./datasets/80Archivos/dna_16;antu;0;0.832424;
./datasets/80Archivos/dna_18;antu;0;0.832424;
./datasets/80Archivos/dna_20;antu;0;0.832424;
./datasets/80Archivos/dna_22;antu;0;0.832424;
./datasets/80Archivos/dna_23;antu;0;0.832424;
./datasets/80Archivos/dna_00;rollick;0;0.764671;
./datasets/80Archivos/dna_02;rollick;0;0.764671;
./datasets/80Archivos/dna_05;rollick;0;0.764671;
./datasets/80Archivos/dna_08;rollick;0;0.764671;
./datasets/80Archivos/dna_12;rollick;0;0.764671;
./datasets/80Archivos/dna_16;rollick;0;0.764671;
./datasets/80Archivos/dna_18;rollick;0;0.764671;
./datasets/80Archivos/dna_20;rollick;0;0.764671;
./datasets/80Archivos/dna_22;rollick;0;0.764671;
./datasets/80Archivos/dna_23;rollick;0;0.764671;
./datasets/80Archivos/dna_00;natricine;0;0.709099;
./datasets/80Archivos/dna_02;natricine;0;0.709099;
./datasets/80Archivos/dna_05;natricine;0;0.709099;
./datasets/80Archivos/dna_08;natricine;0;0.709099;
./datasets/80Archivos/dna_12;natricine;0;0.709099;
./datasets/80Archivos/dna_16;natricine;0;0.709099;
./datasets/80Archivos/dna_18;natricine;0;0.709099;
./datasets/80Archivos/dna_20;natricine;0;0.709099;
./datasets/80Archivos/dna_22;natricine;0;0.709099;
./datasets/80Archivos/dna_23;natricine;0;0.709099;
./datasets/80Archivos/dna_00;presuperintendence;0;0.622989;
./datasets/80Archivos/dna_02;presuperintendence;0;0.622989;
./datasets/80Archivos/dna_05;presuperintendence;0;0.622989;
./datasets/80Archivos/dna_08;presuperintendence;0;0.622989;
./datasets/80Archivos/dna_12;presuperintendence;0;0.622989;
./datasets/80Archivos/dna_16;presuperintendence;0;0.622989;
./datasets/80Archivos/dna_18;presuperintendence;0;0.622989;
./datasets/80Archivos/dna_20;presuperintendence;0;0.622989;
./datasets/80Archivos/dna_22;presuperintendence;0;0.622989;
./datasets/80Archivos/dna_23;presuperintendence;0;0.622989;
./datasets/80Archivos/dna_00;pinnaclet;0;0.688023;
./datasets/80Archivos/dna_02;pinnaclet;0;0.688023;
./datasets/80Archivos/dna_05;pinnaclet;0;0.688023;
./datasets/80Archivos/dna_08;pinnaclet;0;0.688023;
./datasets/80Archivos/dna_12;pinnaclet;0;0.688023;
./datasets/80Archivos/dna_16;pinnaclet;0;0.688023;
./datasets/80Archivos/dna_18;pinnaclet;0;0.688023;
./datasets/80Archivos/dna_20;pinnaclet;0;0.688023;
./datasets/80Archivos/dna_22;pinnaclet;0;0.688023;
./datasets/80Archivos/dna_23;pinnaclet;0;0.688023;
./datasets/80Archivos/dna_00;precondemnation;0;0.627004;
./datasets/80Archivos/dna_02;precondemnation;0;0.627004;
./datasets/80Archivos/dna_05;precondemnation;0;0.627004;
./datasets/80Archivos/dna_08;precondemnation;0;0.627004;
./datasets/80Archivos/dna_12;precondemnation;0;0.627004;
./datasets/80Archivos/dna_16;precondemnation;0;0.627004;
./datasets/80Archivos/dna_18;precondemnation;0;0.627004;
./datasets/80Archivos/dna_20;precondemnation;0;0.627004;
./datasets/80Archivos/dna_22;precondemnation;0;0.627004;
./datasets/80Archivos/dna_23;precondemnation;0;0.627004;
./datasets/80Archivos/dna_00;Atheriogaea;0;0.674088;
./datasets/80Archivos/dna_02;Atheriogaea;0;0.674088;
./datasets/80Archivos/dna_05;Atheriogaea;0;0.674088;
./datasets/80Archivos/dna_08;Atheriogaea;0;0.674088;
./datasets/80Archivos/dna_12;Atheriogaea;0;0.674088;
./datasets/80Archivos/dna_16;Atheriogaea;0;0.674088;
./datasets/80Archivos/dna_18;Atheriogaea;0;0.674088;
./datasets/80Archivos/dna_20;Atheriogaea;0;0.674088;
./datasets/80Archivos/dna_22;Atheriogaea;0;0.674088;
./datasets/80Archivos/dna_23;Atheriogaea;0;0.674088;
./datasets/80Archivos/dna_00;volumescope;0;0.774628;
./datasets/80Archivos/dna_02;volumescope;0;0.774628;
./datasets/80Archivos/dna_05;volumescope;0;0.774628;
./datasets/80Archivos/dna_08;volumescope;0;0.774628;
./datasets/80Archivos/dna_12;volumescope;0;0.774628;
./datasets/80Archivos/dna_16;volumescope;0;0.774628;
./datasets/80Archivos/dna_18;volumescope;0;0.774628;
./datasets/80Archivos/dna_20;volumescope;0;0.774628;
./datasets/80Archivos/dna_22;volumescope;0;0.774628;
./datasets/80Archivos/dna_23;volumescope;0;0.774628;
./datasets/80Archivos/dna_00;Austrophilism;0;0.664646;
./datasets/80Archivos/dna_02;Austrophilism;0;0.664646;
./datasets/80Archivos/dna_05;Austrophilism;0;0.664646;
./datasets/80Archivos/dna_08;Austrophilism;0;0.664646;
./datasets/80Archivos/dna_12;Austrophilism;0;0.664646;
./datasets/80Archivos/dna_16;Austrophilism;0;0.664646;
./datasets/80Archivos/dna_18;Austrophilism;0;0.664646;
./datasets/80Archivos/dna_20;Austrophilism;0;0.664646;
./datasets/80Archivos/dna_22;Austrophilism;0;0.664646;
./datasets/80Archivos/dna_23;Austrophilism;0;0.664646;
./datasets/80Archivos/dna_00;stinking;0;0.752297;
./datasets/80Archivos/dna_02;stinking;0;0.752297;
./datasets/80Archivos/dna_05;stinking;0;0.752297;
./datasets/80Archivos/dna_08;stinking;0;0.752297;
./datasets/80Archivos/dna_12;stinking;0;0.752297;
./datasets/80Archivos/dna_16;stinking;0;0.752297;
./datasets/80Archivos/dna_18;stinking;0;0.752297;
./datasets/80Archivos/dna_20;stinking;0;0.752297;
./datasets/80Archivos/dna_22;stinking;0;0.752297;
./datasets/80Archivos/dna_23;stinking;0;0.752297;
./datasets/80Archivos/dna_00;wildness;0;0.69708;
./datasets/80Archivos/dna_02;wildness;0;0.69708;
./datasets/80Archivos/dna_05;wildness;0;0.69708;
./datasets/80Archivos/dna_08;wildness;0;0.69708;
./datasets/80Archivos/dna_12;wildness;0;0.69708;
./datasets/80Archivos/dna_16;wildness;0;0.69708;
./datasets/80Archivos/dna_18;wildness;0;0.69708;
./datasets/80Archivos/dna_20;wildness;0;0.69708;
./datasets/80Archivos/dna_22;wildness;0;0.69708;
./datasets/80Archivos/dna_23;wildness;0;0.69708;
./datasets/80Archivos/dna_00;noncoloring;0;0.671115;
./datasets/80Archivos/dna_02;noncoloring;0;0.671115;
./datasets/80Archivos/dna_05;noncoloring;0;0.671115;
./datasets/80Archivos/dna_08;noncoloring;0;0.671115;
./datasets/80Archivos/dna_12;noncoloring;0;0.671115;
./datasets/80Archivos/dna_16;noncoloring;0;0.671115;
./datasets/80Archivos/dna_18;noncoloring;0;0.671115;
./datasets/80Archivos/dna_20;noncoloring;0;0.671115;
./datasets/80Archivos/dna_22;noncoloring;0;0.671115;
./datasets/80Archivos/dna_23;noncoloring;0;0.671115;
./datasets/80Archivos/dna_00;spaying;0;0.710953;
./datasets/80Archivos/dna_02;spaying;0;0.710953;
./datasets/80Archivos/dna_05;spaying;0;0.710953;
./datasets/80Archivos/dna_08;spaying;0;0.710953;
./datasets/80Archivos/dna_12;spaying;0;0.710953;
./datasets/80Archivos/dna_16;spaying;0;0.710953;
./datasets/80Archivos/dna_18;spaying;0;0.710953;
./datasets/80Archivos/dna_20;spaying;0;0.710953;
./datasets/80Archivos/dna_22;spaying;0;0.710953;
./datasets/80Archivos/dna_23;spaying;0;0.710953;
./datasets/80Archivos/dna_00;somniloquy;0;0.666189;
./datasets/80Archivos/dna_02;somniloquy;0;0.666189;
./datasets/80Archivos/dna_05;somniloquy;0;0.666189;
./datasets/80Archivos/dna_08;somniloquy;0;0.666189;
./datasets/80Archivos/dna_12;somniloquy;0;0.666189;
./datasets/80Archivos/dna_16;somniloquy;0;0.666189;
./datasets/80Archivos/dna_18;somniloquy;0;0.666189;
./datasets/80Archivos/dna_20;somniloquy;0;0.666189;
./datasets/80Archivos/dna_22;somniloquy;0;0.666189;
./datasets/80Archivos/dna_23;somniloquy;0;0.666189;
./datasets/80Archivos/dna_00;xi;0;1.10204;
./datasets/80Archivos/dna_02;xi;0;1.10204;
./datasets/80Archivos/dna_05;xi;0;1.10204;
./datasets/80Archivos/dna_08;xi;0;1.10204;
./datasets/80Archivos/dna_12;xi;0;1.10204;
./datasets/80Archivos/dna_16;xi;0;1.10204;
./datasets/80Archivos/dna_18;xi;0;1.10204;
./datasets/80Archivos/dna_20;xi;0;1.10204;
./datasets/80Archivos/dna_22;xi;0;1.10204;
./datasets/80Archivos/dna_23;xi;0;1.10204;
./datasets/80Archivos/dna_00;hierogrammatical;0;0.627846;
./datasets/80Archivos/dna_02;hierogrammatical;0;0.627846;
./datasets/80Archivos/dna_05;hierogrammatical;0;0.627846;
./datasets/80Archivos/dna_08;hierogrammatical;0;0.627846;
./datasets/80Archivos/dna_12;hierogrammatical;0;0.627846;
./datasets/80Archivos/dna_16;hierogrammatical;0;0.627846;
./datasets/80Archivos/dna_18;hierogrammatical;0;0.627846;
./datasets/80Archivos/dna_20;hierogrammatical;0;0.627846;
./datasets/80Archivos/dna_22;hierogrammatical;0;0.627846;
./datasets/80Archivos/dna_23;hierogrammatical;0;0.627846;
./datasets/80Archivos/dna_00;winer;0;0.785093;
./datasets/80Archivos/dna_02;winer;0;0.785093;
./datasets/80Archivos/dna_05;winer;0;0.785093;
./datasets/80Archivos/dna_08;winer;0;0.785093;
./datasets/80Archivos/dna_12;winer;0;0.785093;
./datasets/80Archivos/dna_16;winer;0;0.785093;
./datasets/80Archivos/dna_18;winer;0;0.785093;
./datasets/80Archivos/dna_20;winer;0;0.785093;
./datasets/80Archivos/dna_22;winer;0;0.785093;
./datasets/80Archivos/dna_23;winer;0;0.785093;
./datasets/80Archivos/dna_00;ironback;0;0.695008;
./datasets/80Archivos/dna_02;ironback;0;0.695008;
./datasets/80Archivos/dna_05;ironback;0;0.695008;
./datasets/80Archivos/dna_08;ironback;0;0.695008;
./datasets/80Archivos/dna_12;ironback;0;0.695008;
./datasets/80Archivos/dna_16;ironback;0;0.695008;
./datasets/80Archivos/dna_18;ironback;0;0.695008;
./datasets/80Archivos/dna_20;ironback;0;0.695008;
./datasets/80Archivos/dna_22;ironback;0;0.695008;
./datasets/80Archivos/dna_23;ironback;0;0.695008;
./datasets/80Archivos/dna_00;tarnside;0;0.698008;
./datasets/80Archivos/dna_02;tarnside;0;0.698008;
./datasets/80Archivos/dna_05;tarnside;0;0.698008;
./datasets/80Archivos/dna_08;tarnside;0;0.698008;
./datasets/80Archivos/dna_12;tarnside;0;0.698008;
./datasets/80Archivos/dna_16;tarnside;0;0.698008;
./datasets/80Archivos/dna_18;tarnside;0;0.698008;
./datasets/80Archivos/dna_20;tarnside;0;0.698008;
./datasets/80Archivos/dna_22;tarnside;0;0.698008;
./datasets/80Archivos/dna_23;tarnside;0;0.698008;
./datasets/80Archivos/dna_00;lampers;0;0.72398;
./datasets/80Archivos/dna_02;lampers;0;0.72398;
./datasets/80Archivos/dna_05;lampers;0;0.72398;
./datasets/80Archivos/dna_08;lampers;0;0.72398;
./datasets/80Archivos/dna_12;lampers;0;0.72398;
./datasets/80Archivos/dna_16;lampers;0;0.72398;
./datasets/80Archivos/dna_18;lampers;0;0.72398;
./datasets/80Archivos/dna_20;lampers;0;0.72398;
./datasets/80Archivos/dna_22;lampers;0;0.72398;
./datasets/80Archivos/dna_23;lampers;0;0.72398;
./datasets/80Archivos/dna_00;handcraft;0;0.772855;
./datasets/80Archivos/dna_02;handcraft;0;0.772855;
./datasets/80Archivos/dna_05;handcraft;0;0.772855;
./datasets/80Archivos/dna_08;handcraft;0;0.772855;
./datasets/80Archivos/dna_12;handcraft;0;0.772855;
./datasets/80Archivos/dna_16;handcraft;0;0.772855;
./datasets/80Archivos/dna_18;handcraft;0;0.772855;
./datasets/80Archivos/dna_20;handcraft;0;0.772855;
./datasets/80Archivos/dna_22;handcraft;0;0.772855;
./datasets/80Archivos/dna_23;handcraft;0;0.772855;
./datasets/80Archivos/dna_00;glossophagine;0;0.642223;
./datasets/80Archivos/dna_02;glossophagine;0;0.642223;
./datasets/80Archivos/dna_05;glossophagine;0;0.642223;
./datasets/80Archivos/dna_08;glossophagine;0;0.642223;
./datasets/80Archivos/dna_12;glossophagine;0;0.642223;
./datasets/80Archivos/dna_16;glossophagine;0;0.642223;
./datasets/80Archivos/dna_18;glossophagine;0;0.642223;
./datasets/80Archivos/dna_20;glossophagine;0;0.642223;
./datasets/80Archivos/dna_22;glossophagine;0;0.642223;
./datasets/80Archivos/dna_23;glossophagine;0;0.642223;
./datasets/80Archivos/dna_00;philophilosophos;0;0.626914;
./datasets/80Archivos/dna_02;philophilosophos;0;0.626914;
./datasets/80Archivos/dna_05;philophilosophos;0;0.626914;
./datasets/80Archivos/dna_08;philophilosophos;0;0.626914;
./datasets/80Archivos/dna_12;philophilosophos;0;0.626914;
./datasets/80Archivos/dna_16;philophilosophos;0;0.626914;
./datasets/80Archivos/dna_18;philophilosophos;0;0.626914;
./datasets/80Archivos/dna_20;philophilosophos;0;0.626914;
./datasets/80Archivos/dna_22;philophilosophos;0;0.626914;
./datasets/80Archivos/dna_23;philophilosophos;0;0.626914;
./datasets/80Archivos/dna_00;nonconcludent;0;0.650974;
./datasets/80Archivos/dna_02;nonconcludent;0;0.650974;
./datasets/80Archivos/dna_05;nonconcludent;0;0.650974;
./datasets/80Archivos/dna_08;nonconcludent;0;0.650974;
./datasets/80Archivos/dna_12;nonconcludent;0;0.650974;
./datasets/80Archivos/dna_16;nonconcludent;0;0.650974;
./datasets/80Archivos/dna_18;nonconcludent;0;0.650974;
./datasets/80Archivos/dna_20;nonconcludent;0;0.650974;
./datasets/80Archivos/dna_22;nonconcludent;0;0.650974;
./datasets/80Archivos/dna_23;nonconcludent;0;0.650974;
./datasets/80Archivos/dna_00;overaccumulate;0;0.635535;
./datasets/80Archivos/dna_02;overaccumulate;0;0.635535;
./datasets/80Archivos/dna_05;overaccumulate;0;0.635535;
./datasets/80Archivos/dna_08;overaccumulate;0;0.635535;
./datasets/80Archivos/dna_12;overaccumulate;0;0.635535;
./datasets/80Archivos/dna_16;overaccumulate;0;0.635535;
./datasets/80Archivos/dna_18;overaccumulate;0;0.635535;
./datasets/80Archivos/dna_20;overaccumulate;0;0.635535;
./datasets/80Archivos/dna_22;overaccumulate;0;0.635535;
./datasets/80Archivos/dna_23;overaccumulate;0;0.635535;
./datasets/80Archivos/dna_00;disbutton;0;0.705528;
./datasets/80Archivos/dna_02;disbutton;0;0.705528;
./datasets/80Archivos/dna_05;disbutton;0;0.705528;
./datasets/80Archivos/dna_08;disbutton;0;0.705528;
./datasets/80Archivos/dna_12;disbutton;0;0.705528;
./datasets/80Archivos/dna_16;disbutton;0;0.705528;
./datasets/80Archivos/dna_18;disbutton;0;0.705528;
./datasets/80Archivos/dna_20;disbutton;0;0.705528;
./datasets/80Archivos/dna_22;disbutton;0;0.705528;
./datasets/80Archivos/dna_23;disbutton;0;0.705528;
./datasets/80Archivos/dna_00;kinetomer;0;0.683986;
./datasets/80Archivos/dna_02;kinetomer;0;0.683986;
./datasets/80Archivos/dna_05;kinetomer;0;0.683986;
./datasets/80Archivos/dna_08;kinetomer;0;0.683986;
./datasets/80Archivos/dna_12;kinetomer;0;0.683986;
./datasets/80Archivos/dna_16;kinetomer;0;0.683986;
./datasets/80Archivos/dna_18;kinetomer;0;0.683986;
./datasets/80Archivos/dna_20;kinetomer;0;0.683986;
./datasets/80Archivos/dna_22;kinetomer;0;0.683986;
./datasets/80Archivos/dna_23;kinetomer;0;0.683986;
./datasets/80Archivos/dna_00;thermostimulation;0;0.621034;
./datasets/80Archivos/dna_02;thermostimulation;0;0.621034;
./datasets/80Archivos/dna_05;thermostimulation;0;0.621034;
./datasets/80Archivos/dna_08;thermostimulation;0;0.621034;
./datasets/80Archivos/dna_12;thermostimulation;0;0.621034;
./datasets/80Archivos/dna_16;thermostimulation;0;0.621034;
./datasets/80Archivos/dna_18;thermostimulation;0;0.621034;
./datasets/80Archivos/dna_20;thermostimulation;0;0.621034;
./datasets/80Archivos/dna_22;thermostimulation;0;0.621034;
./datasets/80Archivos/dna_23;thermostimulation;0;0.621034;
./datasets/80Archivos/dna_00;stenogastric;0;0.716719;
./datasets/80Archivos/dna_02;stenogastric;0;0.716719;
./datasets/80Archivos/dna_05;stenogastric;0;0.716719;
./datasets/80Archivos/dna_08;stenogastric;0;0.716719;
./datasets/80Archivos/dna_12;stenogastric;0;0.716719;
./datasets/80Archivos/dna_16;stenogastric;0;0.716719;
./datasets/80Archivos/dna_18;stenogastric;0;0.716719;
./datasets/80Archivos/dna_20;stenogastric;0;0.716719;
./datasets/80Archivos/dna_22;stenogastric;0;0.716719;
./datasets/80Archivos/dna_23;stenogastric;0;0.716719;
./datasets/80Archivos/dna_00;ovoviviparously;0;0.725537;
./datasets/80Archivos/dna_02;ovoviviparously;0;0.725537;
./datasets/80Archivos/dna_05;ovoviviparously;0;0.725537;
./datasets/80Archivos/dna_08;ovoviviparously;0;0.725537;
./datasets/80Archivos/dna_12;ovoviviparously;0;0.725537;
./datasets/80Archivos/dna_16;ovoviviparously;0;0.725537;
./datasets/80Archivos/dna_18;ovoviviparously;0;0.725537;
./datasets/80Archivos/dna_20;ovoviviparously;0;0.725537;
./datasets/80Archivos/dna_22;ovoviviparously;0;0.725537;
./datasets/80Archivos/dna_23;ovoviviparously;0;0.725537;
./datasets/80Archivos/dna_00;recept;0;0.765099;
./datasets/80Archivos/dna_02;recept;0;0.765099;
./datasets/80Archivos/dna_05;recept;0;0.765099;
./datasets/80Archivos/dna_08;recept;0;0.765099;
./datasets/80Archivos/dna_12;recept;0;0.765099;
./datasets/80Archivos/dna_16;recept;0;0.765099;
./datasets/80Archivos/dna_18;recept;0;0.765099;
./datasets/80Archivos/dna_20;recept;0;0.765099;
./datasets/80Archivos/dna_22;recept;0;0.765099;
./datasets/80Archivos/dna_23;recept;0;0.765099;
./datasets/80Archivos/dna_00;firetop;0;0.866501;
./datasets/80Archivos/dna_02;firetop;0;0.866501;
./datasets/80Archivos/dna_05;firetop;0;0.866501;
./datasets/80Archivos/dna_08;firetop;0;0.866501;
./datasets/80Archivos/dna_12;firetop;0;0.866501;
./datasets/80Archivos/dna_16;firetop;0;0.866501;
./datasets/80Archivos/dna_18;firetop;0;0.866501;
./datasets/80Archivos/dna_20;firetop;0;0.866501;
./datasets/80Archivos/dna_22;firetop;0;0.866501;
./datasets/80Archivos/dna_23;firetop;0;0.866501;
./datasets/80Archivos/dna_00;roughroot;0;0.835525;
./datasets/80Archivos/dna_02;roughroot;0;0.835525;
./datasets/80Archivos/dna_05;roughroot;0;0.835525;
./datasets/80Archivos/dna_08;roughroot;0;0.835525;
./datasets/80Archivos/dna_12;roughroot;0;0.835525;
./datasets/80Archivos/dna_16;roughroot;0;0.835525;
./datasets/80Archivos/dna_18;roughroot;0;0.835525;
./datasets/80Archivos/dna_20;roughroot;0;0.835525;
./datasets/80Archivos/dna_22;roughroot;0;0.835525;
./datasets/80Archivos/dna_23;roughroot;0;0.835525;
./datasets/80Archivos/dna_00;Muncerian;0;0.858522;
./datasets/80Archivos/dna_02;Muncerian;0;0.858522;
./datasets/80Archivos/dna_05;Muncerian;0;0.858522;
./datasets/80Archivos/dna_08;Muncerian;0;0.858522;
./datasets/80Archivos/dna_12;Muncerian;0;0.858522;
./datasets/80Archivos/dna_16;Muncerian;0;0.858522;
./datasets/80Archivos/dna_18;Muncerian;0;0.858522;
./datasets/80Archivos/dna_20;Muncerian;0;0.858522;
./datasets/80Archivos/dna_22;Muncerian;0;0.858522;
./datasets/80Archivos/dna_23;Muncerian;0;0.858522;
./datasets/80Archivos/dna_00;prefiction;0;0.687594;
./datasets/80Archivos/dna_02;prefiction;0;0.687594;
./datasets/80Archivos/dna_05;prefiction;0;0.687594;
./datasets/80Archivos/dna_08;prefiction;0;0.687594;
./datasets/80Archivos/dna_12;prefiction;0;0.687594;
./datasets/80Archivos/dna_16;prefiction;0;0.687594;
./datasets/80Archivos/dna_18;prefiction;0;0.687594;
./datasets/80Archivos/dna_20;prefiction;0;0.687594;
./datasets/80Archivos/dna_22;prefiction;0;0.687594;
./datasets/80Archivos/dna_23;prefiction;0;0.687594;
./datasets/80Archivos/dna_00;Ovinae;0;0.739229;
./datasets/80Archivos/dna_02;Ovinae;0;0.739229;
./datasets/80Archivos/dna_05;Ovinae;0;0.739229;
./datasets/80Archivos/dna_08;Ovinae;0;0.739229;
./datasets/80Archivos/dna_12;Ovinae;0;0.739229;
./datasets/80Archivos/dna_16;Ovinae;0;0.739229;
./datasets/80Archivos/dna_18;Ovinae;0;0.739229;
./datasets/80Archivos/dna_20;Ovinae;0;0.739229;
./datasets/80Archivos/dna_22;Ovinae;0;0.739229;
./datasets/80Archivos/dna_23;Ovinae;0;0.739229;
./datasets/80Archivos/dna_00;reactivity;0;0.683607;
./datasets/80Archivos/dna_02;reactivity;0;0.683607;
./datasets/80Archivos/dna_05;reactivity;0;0.683607;
./datasets/80Archivos/dna_08;reactivity;0;0.683607;
./datasets/80Archivos/dna_12;reactivity;0;0.683607;
./datasets/80Archivos/dna_16;reactivity;0;0.683607;
./datasets/80Archivos/dna_18;reactivity;0;0.683607;
./datasets/80Archivos/dna_20;reactivity;0;0.683607;
./datasets/80Archivos/dna_22;reactivity;0;0.683607;
./datasets/80Archivos/dna_23;reactivity;0;0.683607;
./datasets/80Archivos/dna_00;oncin;0;0.792413;
./datasets/80Archivos/dna_02;oncin;0;0.792413;
./datasets/80Archivos/dna_05;oncin;0;0.792413;
./datasets/80Archivos/dna_08;oncin;0;0.792413;
./datasets/80Archivos/dna_12;oncin;0;0.792413;
./datasets/80Archivos/dna_16;oncin;0;0.792413;
./datasets/80Archivos/dna_18;oncin;0;0.792413;
./datasets/80Archivos/dna_20;oncin;0;0.792413;
./datasets/80Archivos/dna_22;oncin;0;0.792413;
./datasets/80Archivos/dna_23;oncin;0;0.792413;
./datasets/80Archivos/dna_00;pointer;0;0.731909;
./datasets/80Archivos/dna_02;pointer;0;0.731909;
./datasets/80Archivos/dna_05;pointer;0;0.731909;
./datasets/80Archivos/dna_08;pointer;0;0.731909;
./datasets/80Archivos/dna_12;pointer;0;0.731909;
./datasets/80Archivos/dna_16;pointer;0;0.731909;
./datasets/80Archivos/dna_18;pointer;0;0.731909;
./datasets/80Archivos/dna_20;pointer;0;0.731909;
./datasets/80Archivos/dna_22;pointer;0;0.731909;
./datasets/80Archivos/dna_23;pointer;0;0.731909;
./datasets/80Archivos/dna_00;absolve;0;0.711771;
./datasets/80Archivos/dna_02;absolve;0;0.711771;
./datasets/80Archivos/dna_05;absolve;0;0.711771;
./datasets/80Archivos/dna_08;absolve;0;0.711771;
./datasets/80Archivos/dna_12;absolve;0;0.711771;
./datasets/80Archivos/dna_16;absolve;0;0.711771;
./datasets/80Archivos/dna_18;absolve;0;0.711771;
./datasets/80Archivos/dna_20;absolve;0;0.711771;
./datasets/80Archivos/dna_22;absolve;0;0.711771;
./datasets/80Archivos/dna_23;absolve;0;0.711771;
./datasets/80Archivos/dna_00;unaccommodatingly;0;0.629228;
./datasets/80Archivos/dna_02;unaccommodatingly;0;0.629228;
./datasets/80Archivos/dna_05;unaccommodatingly;0;0.629228;
./datasets/80Archivos/dna_08;unaccommodatingly;0;0.629228;
./datasets/80Archivos/dna_12;unaccommodatingly;0;0.629228;
./datasets/80Archivos/dna_16;unaccommodatingly;0;0.629228;
./datasets/80Archivos/dna_18;unaccommodatingly;0;0.629228;
./datasets/80Archivos/dna_20;unaccommodatingly;0;0.629228;
./datasets/80Archivos/dna_22;unaccommodatingly;0;0.629228;
./datasets/80Archivos/dna_23;unaccommodatingly;0;0.629228;
./datasets/80Archivos/dna_00;telson;0;0.751574;
./datasets/80Archivos/dna_02;telson;0;0.751574;
./datasets/80Archivos/dna_05;telson;0;0.751574;
./datasets/80Archivos/dna_08;telson;0;0.751574;
./datasets/80Archivos/dna_12;telson;0;0.751574;
./datasets/80Archivos/dna_16;telson;0;0.751574;
./datasets/80Archivos/dna_18;telson;0;0.751574;
./datasets/80Archivos/dna_20;telson;0;0.751574;
./datasets/80Archivos/dna_22;telson;0;0.751574;
./datasets/80Archivos/dna_23;telson;0;0.751574;
./datasets/80Archivos/dna_00;ayelp;0;0.829857;
./datasets/80Archivos/dna_02;ayelp;0;0.829857;
./datasets/80Archivos/dna_05;ayelp;0;0.829857;
./datasets/80Archivos/dna_08;ayelp;0;0.829857;
./datasets/80Archivos/dna_12;ayelp;0;0.829857;
./datasets/80Archivos/dna_16;ayelp;0;0.829857;
./datasets/80Archivos/dna_18;ayelp;0;0.829857;
./datasets/80Archivos/dna_20;ayelp;0;0.829857;
./datasets/80Archivos/dna_22;ayelp;0;0.829857;
./datasets/80Archivos/dna_23;ayelp;0;0.829857;
./datasets/80Archivos/dna_00;rebegin;0;0.719091;
./datasets/80Archivos/dna_02;rebegin;0;0.719091;
./datasets/80Archivos/dna_05;rebegin;0;0.719091;
./datasets/80Archivos/dna_08;rebegin;0;0.719091;
./datasets/80Archivos/dna_12;rebegin;0;0.719091;
./datasets/80Archivos/dna_16;rebegin;0;0.719091;
./datasets/80Archivos/dna_18;rebegin;0;0.719091;
./datasets/80Archivos/dna_20;rebegin;0;0.719091;
./datasets/80Archivos/dna_22;rebegin;0;0.719091;
./datasets/80Archivos/dna_23;rebegin;0;0.719091;
./datasets/80Archivos/dna_00;unhomely;0;0.783057;
./datasets/80Archivos/dna_02;unhomely;0;0.783057;
./datasets/80Archivos/dna_05;unhomely;0;0.783057;
./datasets/80Archivos/dna_08;unhomely;0;0.783057;
./datasets/80Archivos/dna_12;unhomely;0;0.783057;
./datasets/80Archivos/dna_16;unhomely;0;0.783057;
./datasets/80Archivos/dna_18;unhomely;0;0.783057;
./datasets/80Archivos/dna_20;unhomely;0;0.783057;
./datasets/80Archivos/dna_22;unhomely;0;0.783057;
./datasets/80Archivos/dna_23;unhomely;0;0.783057;
./datasets/80Archivos/dna_00;Octavian;0;0.781555;
./datasets/80Archivos/dna_02;Octavian;0;0.781555;
./datasets/80Archivos/dna_05;Octavian;0;0.781555;
./datasets/80Archivos/dna_08;Octavian;0;0.781555;
./datasets/80Archivos/dna_12;Octavian;0;0.781555;
./datasets/80Archivos/dna_16;Octavian;0;0.781555;
./datasets/80Archivos/dna_18;Octavian;0;0.781555;
./datasets/80Archivos/dna_20;Octavian;0;0.781555;
./datasets/80Archivos/dna_22;Octavian;0;0.781555;
./datasets/80Archivos/dna_23;Octavian;0;0.781555;
./datasets/80Archivos/dna_00;scope;0;0.789563;
./datasets/80Archivos/dna_02;scope;0;0.789563;
./datasets/80Archivos/dna_05;scope;0;0.789563;
./datasets/80Archivos/dna_08;scope;0;0.789563;
./datasets/80Archivos/dna_12;scope;0;0.789563;
./datasets/80Archivos/dna_16;scope;0;0.789563;
./datasets/80Archivos/dna_18;scope;0;0.789563;
./datasets/80Archivos/dna_20;scope;0;0.789563;
./datasets/80Archivos/dna_22;scope;0;0.789563;
./datasets/80Archivos/dna_23;scope;0;0.789563;
./datasets/80Archivos/dna_00;Pentelic;0;0.714292;
./datasets/80Archivos/dna_02;Pentelic;0;0.714292;
./datasets/80Archivos/dna_05;Pentelic;0;0.714292;
./datasets/80Archivos/dna_08;Pentelic;0;0.714292;
./datasets/80Archivos/dna_12;Pentelic;0;0.714292;
./datasets/80Archivos/dna_16;Pentelic;0;0.714292;
./datasets/80Archivos/dna_18;Pentelic;0;0.714292;
./datasets/80Archivos/dna_20;Pentelic;0;0.714292;
./datasets/80Archivos/dna_22;Pentelic;0;0.714292;
./datasets/80Archivos/dna_23;Pentelic;0;0.714292;
./datasets/80Archivos/dna_00;revocability;0;0.663625;
./datasets/80Archivos/dna_02;revocability;0;0.663625;
./datasets/80Archivos/dna_05;revocability;0;0.663625;
./datasets/80Archivos/dna_08;revocability;0;0.663625;
./datasets/80Archivos/dna_12;revocability;0;0.663625;
./datasets/80Archivos/dna_16;revocability;0;0.663625;
./datasets/80Archivos/dna_18;revocability;0;0.663625;
./datasets/80Archivos/dna_20;revocability;0;0.663625;
./datasets/80Archivos/dna_22;revocability;0;0.663625;
./datasets/80Archivos/dna_23;revocability;0;0.663625;
./datasets/80Archivos/dna_00;juvenal;0;0.770148;
./datasets/80Archivos/dna_02;juvenal;0;0.770148;
./datasets/80Archivos/dna_05;juvenal;0;0.770148;
./datasets/80Archivos/dna_08;juvenal;0;0.770148;
./datasets/80Archivos/dna_12;juvenal;0;0.770148;
./datasets/80Archivos/dna_16;juvenal;0;0.770148;
./datasets/80Archivos/dna_18;juvenal;0;0.770148;
./datasets/80Archivos/dna_20;juvenal;0;0.770148;
./datasets/80Archivos/dna_22;juvenal;0;0.770148;
./datasets/80Archivos/dna_23;juvenal;0;0.770148;
./datasets/80Archivos/dna_00;spinobulbar;0;0.672111;
./datasets/80Archivos/dna_02;spinobulbar;0;0.672111;
./datasets/80Archivos/dna_05;spinobulbar;0;0.672111;
./datasets/80Archivos/dna_08;spinobulbar;0;0.672111;
./datasets/80Archivos/dna_12;spinobulbar;0;0.672111;
./datasets/80Archivos/dna_16;spinobulbar;0;0.672111;
./datasets/80Archivos/dna_18;spinobulbar;0;0.672111;
./datasets/80Archivos/dna_20;spinobulbar;0;0.672111;
./datasets/80Archivos/dna_22;spinobulbar;0;0.672111;
./datasets/80Archivos/dna_23;spinobulbar;0;0.672111;
./datasets/80Archivos/dna_00;erinaceous;0;0.682219;
./datasets/80Archivos/dna_02;erinaceous;0;0.682219;
./datasets/80Archivos/dna_05;erinaceous;0;0.682219;
./datasets/80Archivos/dna_08;erinaceous;0;0.682219;
./datasets/80Archivos/dna_12;erinaceous;0;0.682219;
./datasets/80Archivos/dna_16;erinaceous;0;0.682219;
./datasets/80Archivos/dna_18;erinaceous;0;0.682219;
./datasets/80Archivos/dna_20;erinaceous;0;0.682219;
./datasets/80Archivos/dna_22;erinaceous;0;0.682219;
./datasets/80Archivos/dna_23;erinaceous;0;0.682219;
./datasets/80Archivos/dna_00;hield;0;0.84111;
./datasets/80Archivos/dna_02;hield;0;0.84111;
./datasets/80Archivos/dna_05;hield;0;0.84111;
./datasets/80Archivos/dna_08;hield;0;0.84111;
./datasets/80Archivos/dna_12;hield;0;0.84111;
./datasets/80Archivos/dna_16;hield;0;0.84111;
./datasets/80Archivos/dna_18;hield;0;0.84111;
./datasets/80Archivos/dna_20;hield;0;0.84111;
./datasets/80Archivos/dna_22;hield;0;0.84111;
./datasets/80Archivos/dna_23;hield;0;0.84111;
./datasets/80Archivos/dna_00;anaglyph;0;0.698593;
./datasets/80Archivos/dna_02;anaglyph;0;0.698593;
./datasets/80Archivos/dna_05;anaglyph;0;0.698593;
./datasets/80Archivos/dna_08;anaglyph;0;0.698593;
./datasets/80Archivos/dna_12;anaglyph;0;0.698593;
./datasets/80Archivos/dna_16;anaglyph;0;0.698593;
./datasets/80Archivos/dna_18;anaglyph;0;0.698593;
./datasets/80Archivos/dna_20;anaglyph;0;0.698593;
./datasets/80Archivos/dna_22;anaglyph;0;0.698593;
./datasets/80Archivos/dna_23;anaglyph;0;0.698593;
./datasets/80Archivos/dna_00;strongylid;0;0.665008;
./datasets/80Archivos/dna_02;strongylid;0;0.665008;
./datasets/80Archivos/dna_05;strongylid;0;0.665008;
./datasets/80Archivos/dna_08;strongylid;0;0.665008;
./datasets/80Archivos/dna_12;strongylid;0;0.665008;
./datasets/80Archivos/dna_16;strongylid;0;0.665008;
./datasets/80Archivos/dna_18;strongylid;0;0.665008;
./datasets/80Archivos/dna_20;strongylid;0;0.665008;
./datasets/80Archivos/dna_22;strongylid;0;0.665008;
./datasets/80Archivos/dna_23;strongylid;0;0.665008;
./datasets/80Archivos/dna_00;strangling;0;0.674488;
./datasets/80Archivos/dna_02;strangling;0;0.674488;
./datasets/80Archivos/dna_05;strangling;0;0.674488;
./datasets/80Archivos/dna_08;strangling;0;0.674488;
./datasets/80Archivos/dna_12;strangling;0;0.674488;
./datasets/80Archivos/dna_16;strangling;0;0.674488;
./datasets/80Archivos/dna_18;strangling;0;0.674488;
./datasets/80Archivos/dna_20;strangling;0;0.674488;
./datasets/80Archivos/dna_22;strangling;0;0.674488;
./datasets/80Archivos/dna_23;strangling;0;0.674488;
./datasets/80Archivos/dna_00;kala;0;0.86051;
./datasets/80Archivos/dna_02;kala;0;0.86051;
./datasets/80Archivos/dna_05;kala;0;0.86051;
./datasets/80Archivos/dna_08;kala;0;0.86051;
./datasets/80Archivos/dna_12;kala;0;0.86051;
./datasets/80Archivos/dna_16;kala;0;0.86051;
./datasets/80Archivos/dna_18;kala;0;0.86051;
./datasets/80Archivos/dna_20;kala;0;0.86051;
./datasets/80Archivos/dna_22;kala;0;0.86051;
./datasets/80Archivos/dna_23;kala;0;0.86051;
./datasets/80Archivos/dna_00;fibroplastic;0;0.693614;
./datasets/80Archivos/dna_02;fibroplastic;0;0.693614;
./datasets/80Archivos/dna_05;fibroplastic;0;0.693614;
./datasets/80Archivos/dna_08;fibroplastic;0;0.693614;
./datasets/80Archivos/dna_12;fibroplastic;0;0.693614;
./datasets/80Archivos/dna_16;fibroplastic;0;0.693614;
./datasets/80Archivos/dna_18;fibroplastic;0;0.693614;
./datasets/80Archivos/dna_20;fibroplastic;0;0.693614;
./datasets/80Archivos/dna_22;fibroplastic;0;0.693614;
./datasets/80Archivos/dna_23;fibroplastic;0;0.693614;
./datasets/80Archivos/dna_00;adactyl;0;0.742714;
./datasets/80Archivos/dna_02;adactyl;0;0.742714;
./datasets/80Archivos/dna_05;adactyl;0;0.742714;
./datasets/80Archivos/dna_08;adactyl;0;0.742714;
./datasets/80Archivos/dna_12;adactyl;0;0.742714;
./datasets/80Archivos/dna_16;adactyl;0;0.742714;
./datasets/80Archivos/dna_18;adactyl;0;0.742714;
./datasets/80Archivos/dna_20;adactyl;0;0.742714;
./datasets/80Archivos/dna_22;adactyl;0;0.742714;
./datasets/80Archivos/dna_23;adactyl;0;0.742714;
./datasets/80Archivos/dna_00;Pauline;0;0.756988;
./datasets/80Archivos/dna_02;Pauline;0;0.756988;
./datasets/80Archivos/dna_05;Pauline;0;0.756988;
./datasets/80Archivos/dna_08;Pauline;0;0.756988;
./datasets/80Archivos/dna_12;Pauline;0;0.756988;
./datasets/80Archivos/dna_16;Pauline;0;0.756988;
./datasets/80Archivos/dna_18;Pauline;0;0.756988;
./datasets/80Archivos/dna_20;Pauline;0;0.756988;
./datasets/80Archivos/dna_22;Pauline;0;0.756988;
./datasets/80Archivos/dna_23;Pauline;0;0.756988;
./datasets/80Archivos/dna_00;undispellable;0;0.707598;
./datasets/80Archivos/dna_02;undispellable;0;0.707598;
./datasets/80Archivos/dna_05;undispellable;0;0.707598;
./datasets/80Archivos/dna_08;undispellable;0;0.707598;
./datasets/80Archivos/dna_12;undispellable;0;0.707598;
./datasets/80Archivos/dna_16;undispellable;0;0.707598;
./datasets/80Archivos/dna_18;undispellable;0;0.707598;
./datasets/80Archivos/dna_20;undispellable;0;0.707598;
./datasets/80Archivos/dna_22;undispellable;0;0.707598;
./datasets/80Archivos/dna_23;undispellable;0;0.707598;
./datasets/80Archivos/dna_00;Frederick;0;1.00243;
./datasets/80Archivos/dna_02;Frederick;0;1.00243;
./datasets/80Archivos/dna_05;Frederick;0;1.00243;
./datasets/80Archivos/dna_08;Frederick;0;1.00243;
./datasets/80Archivos/dna_12;Frederick;0;1.00243;
./datasets/80Archivos/dna_16;Frederick;0;1.00243;
./datasets/80Archivos/dna_18;Frederick;0;1.00243;
./datasets/80Archivos/dna_20;Frederick;0;1.00243;
./datasets/80Archivos/dna_22;Frederick;0;1.00243;
./datasets/80Archivos/dna_23;Frederick;0;1.00243;
./datasets/80Archivos/dna_00;amylopsin;0;0.774557;
./datasets/80Archivos/dna_02;amylopsin;0;0.774557;
./datasets/80Archivos/dna_05;amylopsin;0;0.774557;
./datasets/80Archivos/dna_08;amylopsin;0;0.774557;
./datasets/80Archivos/dna_12;amylopsin;0;0.774557;
./datasets/80Archivos/dna_16;amylopsin;0;0.774557;
./datasets/80Archivos/dna_18;amylopsin;0;0.774557;
./datasets/80Archivos/dna_20;amylopsin;0;0.774557;
./datasets/80Archivos/dna_22;amylopsin;0;0.774557;
./datasets/80Archivos/dna_23;amylopsin;0;0.774557;
./datasets/80Archivos/dna_00;informative;0;0.715121;
./datasets/80Archivos/dna_02;informative;0;0.715121;
./datasets/80Archivos/dna_05;informative;0;0.715121;
./datasets/80Archivos/dna_08;informative;0;0.715121;
./datasets/80Archivos/dna_12;informative;0;0.715121;
./datasets/80Archivos/dna_16;informative;0;0.715121;
./datasets/80Archivos/dna_18;informative;0;0.715121;
./datasets/80Archivos/dna_20;informative;0;0.715121;
./datasets/80Archivos/dna_22;informative;0;0.715121;
./datasets/80Archivos/dna_23;informative;0;0.715121;
./datasets/80Archivos/dna_00;Sisseton;0;1.03994;
./datasets/80Archivos/dna_02;Sisseton;0;1.03994;
./datasets/80Archivos/dna_05;Sisseton;0;1.03994;
./datasets/80Archivos/dna_08;Sisseton;0;1.03994;
./datasets/80Archivos/dna_12;Sisseton;0;1.03994;
./datasets/80Archivos/dna_16;Sisseton;0;1.03994;
./datasets/80Archivos/dna_18;Sisseton;0;1.03994;
./datasets/80Archivos/dna_20;Sisseton;0;1.03994;
./datasets/80Archivos/dna_22;Sisseton;0;1.03994;
./datasets/80Archivos/dna_23;Sisseton;0;1.03994;
./datasets/80Archivos/dna_00;roominess;0;0.874163;
./datasets/80Archivos/dna_02;roominess;0;0.874163;
./datasets/80Archivos/dna_05;roominess;0;0.874163;
./datasets/80Archivos/dna_08;roominess;0;0.874163;
./datasets/80Archivos/dna_12;roominess;0;0.874163;
./datasets/80Archivos/dna_16;roominess;0;0.874163;
./datasets/80Archivos/dna_18;roominess;0;0.874163;
./datasets/80Archivos/dna_20;roominess;0;0.874163;
./datasets/80Archivos/dna_22;roominess;0;0.874163;
./datasets/80Archivos/dna_23;roominess;0;0.874163;
./datasets/80Archivos/dna_00;unsurpassableness;0;0.619345;
./datasets/80Archivos/dna_02;unsurpassableness;0;0.619345;
./datasets/80Archivos/dna_05;unsurpassableness;0;0.619345;
./datasets/80Archivos/dna_08;unsurpassableness;0;0.619345;
./datasets/80Archivos/dna_12;unsurpassableness;0;0.619345;
./datasets/80Archivos/dna_16;unsurpassableness;0;0.619345;
./datasets/80Archivos/dna_18;unsurpassableness;0;0.619345;
./datasets/80Archivos/dna_20;unsurpassableness;0;0.619345;
./datasets/80Archivos/dna_22;unsurpassableness;0;0.619345;
./datasets/80Archivos/dna_23;unsurpassableness;0;0.619345;
./datasets/80Archivos/dna_00;painstaker;0;0.663612;
./datasets/80Archivos/dna_02;painstaker;0;0.663612;
./datasets/80Archivos/dna_05;painstaker;0;0.663612;
./datasets/80Archivos/dna_08;painstaker;0;0.663612;
./datasets/80Archivos/dna_12;painstaker;0;0.663612;
./datasets/80Archivos/dna_16;painstaker;0;0.663612;
./datasets/80Archivos/dna_18;painstaker;0;0.663612;
./datasets/80Archivos/dna_20;painstaker;0;0.663612;
./datasets/80Archivos/dna_22;painstaker;0;0.663612;
./datasets/80Archivos/dna_23;painstaker;0;0.663612;
./datasets/80Archivos/dna_00;saturator;0;0.737608;
./datasets/80Archivos/dna_02;saturator;0;0.737608;
./datasets/80Archivos/dna_05;saturator;0;0.737608;
./datasets/80Archivos/dna_08;saturator;0;0.737608;
./datasets/80Archivos/dna_12;saturator;0;0.737608;
./datasets/80Archivos/dna_16;saturator;0;0.737608;
./datasets/80Archivos/dna_18;saturator;0;0.737608;
./datasets/80Archivos/dna_20;saturator;0;0.737608;
./datasets/80Archivos/dna_22;saturator;0;0.737608;
./datasets/80Archivos/dna_23;saturator;0;0.737608;
./datasets/80Archivos/dna_00;laryngoscopical;0;0.777061;
./datasets/80Archivos/dna_02;laryngoscopical;0;0.777061;
./datasets/80Archivos/dna_05;laryngoscopical;0;0.777061;
./datasets/80Archivos/dna_08;laryngoscopical;0;0.777061;
./datasets/80Archivos/dna_12;laryngoscopical;0;0.777061;
./datasets/80Archivos/dna_16;laryngoscopical;0;0.777061;
./datasets/80Archivos/dna_18;laryngoscopical;0;0.777061;
./datasets/80Archivos/dna_20;laryngoscopical;0;0.777061;
./datasets/80Archivos/dna_22;laryngoscopical;0;0.777061;
./datasets/80Archivos/dna_23;laryngoscopical;0;0.777061;
./datasets/80Archivos/dna_00;stereophotographic;0;0.699603;
./datasets/80Archivos/dna_02;stereophotographic;0;0.699603;
./datasets/80Archivos/dna_05;stereophotographic;0;0.699603;
./datasets/80Archivos/dna_08;stereophotographic;0;0.699603;
./datasets/80Archivos/dna_12;stereophotographic;0;0.699603;
./datasets/80Archivos/dna_16;stereophotographic;0;0.699603;
./datasets/80Archivos/dna_18;stereophotographic;0;0.699603;
./datasets/80Archivos/dna_20;stereophotographic;0;0.699603;
./datasets/80Archivos/dna_22;stereophotographic;0;0.699603;
./datasets/80Archivos/dna_23;stereophotographic;0;0.699603;
./datasets/80Archivos/dna_00;washbasin;0;0.699611;
./datasets/80Archivos/dna_02;washbasin;0;0.699611;
./datasets/80Archivos/dna_05;washbasin;0;0.699611;
./datasets/80Archivos/dna_08;washbasin;0;0.699611;
./datasets/80Archivos/dna_12;washbasin;0;0.699611;
./datasets/80Archivos/dna_16;washbasin;0;0.699611;
./datasets/80Archivos/dna_18;washbasin;0;0.699611;
./datasets/80Archivos/dna_20;washbasin;0;0.699611;
./datasets/80Archivos/dna_22;washbasin;0;0.699611;
./datasets/80Archivos/dna_23;washbasin;0;0.699611;
./datasets/80Archivos/dna_00;functionarism;0;0.676055;
./datasets/80Archivos/dna_02;functionarism;0;0.676055;
./datasets/80Archivos/dna_05;functionarism;0;0.676055;
./datasets/80Archivos/dna_08;functionarism;0;0.676055;
./datasets/80Archivos/dna_12;functionarism;0;0.676055;
./datasets/80Archivos/dna_16;functionarism;0;0.676055;
./datasets/80Archivos/dna_18;functionarism;0;0.676055;
./datasets/80Archivos/dna_20;functionarism;0;0.676055;
./datasets/80Archivos/dna_22;functionarism;0;0.676055;
./datasets/80Archivos/dna_23;functionarism;0;0.676055;
./datasets/80Archivos/dna_00;absorbability;0;0.663096;
./datasets/80Archivos/dna_02;absorbability;0;0.663096;
./datasets/80Archivos/dna_05;absorbability;0;0.663096;
./datasets/80Archivos/dna_08;absorbability;0;0.663096;
./datasets/80Archivos/dna_12;absorbability;0;0.663096;
./datasets/80Archivos/dna_16;absorbability;0;0.663096;
./datasets/80Archivos/dna_18;absorbability;0;0.663096;
./datasets/80Archivos/dna_20;absorbability;0;0.663096;
./datasets/80Archivos/dna_22;absorbability;0;0.663096;
./datasets/80Archivos/dna_23;absorbability;0;0.663096;
./datasets/80Archivos/dna_00;enscroll;0;0.804524;
./datasets/80Archivos/dna_02;enscroll;0;0.804524;
./datasets/80Archivos/dna_05;enscroll;0;0.804524;
./datasets/80Archivos/dna_08;enscroll;0;0.804524;
./datasets/80Archivos/dna_12;enscroll;0;0.804524;
./datasets/80Archivos/dna_16;enscroll;0;0.804524;
./datasets/80Archivos/dna_18;enscroll;0;0.804524;
./datasets/80Archivos/dna_20;enscroll;0;0.804524;
./datasets/80Archivos/dna_22;enscroll;0;0.804524;
./datasets/80Archivos/dna_23;enscroll;0;0.804524;
./datasets/80Archivos/dna_00;scunner;0;0.893346;
./datasets/80Archivos/dna_02;scunner;0;0.893346;
./datasets/80Archivos/dna_05;scunner;0;0.893346;
./datasets/80Archivos/dna_08;scunner;0;0.893346;
./datasets/80Archivos/dna_12;scunner;0;0.893346;
./datasets/80Archivos/dna_16;scunner;0;0.893346;
./datasets/80Archivos/dna_18;scunner;0;0.893346;
./datasets/80Archivos/dna_20;scunner;0;0.893346;
./datasets/80Archivos/dna_22;scunner;0;0.893346;
./datasets/80Archivos/dna_23;scunner;0;0.893346;
./datasets/80Archivos/dna_00;masting;0;0.758103;
./datasets/80Archivos/dna_02;masting;0;0.758103;
./datasets/80Archivos/dna_05;masting;0;0.758103;
./datasets/80Archivos/dna_08;masting;0;0.758103;
./datasets/80Archivos/dna_12;masting;0;0.758103;
./datasets/80Archivos/dna_16;masting;0;0.758103;
./datasets/80Archivos/dna_18;masting;0;0.758103;
./datasets/80Archivos/dna_20;masting;0;0.758103;
./datasets/80Archivos/dna_22;masting;0;0.758103;
./datasets/80Archivos/dna_23;masting;0;0.758103;
./datasets/80Archivos/dna_00;lionet;0;0.936227;
./datasets/80Archivos/dna_02;lionet;0;0.936227;
./datasets/80Archivos/dna_05;lionet;0;0.936227;
./datasets/80Archivos/dna_08;lionet;0;0.936227;
./datasets/80Archivos/dna_12;lionet;0;0.936227;
./datasets/80Archivos/dna_16;lionet;0;0.936227;
./datasets/80Archivos/dna_18;lionet;0;0.936227;
./datasets/80Archivos/dna_20;lionet;0;0.936227;
./datasets/80Archivos/dna_22;lionet;0;0.936227;
./datasets/80Archivos/dna_23;lionet;0;0.936227;
./datasets/80Archivos/dna_00;unbumptious;0;0.828666;
./datasets/80Archivos/dna_02;unbumptious;0;0.828666;
./datasets/80Archivos/dna_05;unbumptious;0;0.828666;
./datasets/80Archivos/dna_08;unbumptious;0;0.828666;
./datasets/80Archivos/dna_12;unbumptious;0;0.828666;
./datasets/80Archivos/dna_16;unbumptious;0;0.828666;
./datasets/80Archivos/dna_18;unbumptious;0;0.828666;
./datasets/80Archivos/dna_20;unbumptious;0;0.828666;
./datasets/80Archivos/dna_22;unbumptious;0;0.828666;
./datasets/80Archivos/dna_23;unbumptious;0;0.828666;
./datasets/80Archivos/dna_00;stockishness;0;0.700308;
./datasets/80Archivos/dna_02;stockishness;0;0.700308;
./datasets/80Archivos/dna_05;stockishness;0;0.700308;
./datasets/80Archivos/dna_08;stockishness;0;0.700308;
./datasets/80Archivos/dna_12;stockishness;0;0.700308;
./datasets/80Archivos/dna_16;stockishness;0;0.700308;
./datasets/80Archivos/dna_18;stockishness;0;0.700308;
./datasets/80Archivos/dna_20;stockishness;0;0.700308;
./datasets/80Archivos/dna_22;stockishness;0;0.700308;
./datasets/80Archivos/dna_23;stockishness;0;0.700308;
./datasets/80Archivos/dna_00;prechemical;0;0.858445;
./datasets/80Archivos/dna_02;prechemical;0;0.858445;
./datasets/80Archivos/dna_05;prechemical;0;0.858445;
./datasets/80Archivos/dna_08;prechemical;0;0.858445;
./datasets/80Archivos/dna_12;prechemical;0;0.858445;
./datasets/80Archivos/dna_16;prechemical;0;0.858445;
./datasets/80Archivos/dna_18;prechemical;0;0.858445;
./datasets/80Archivos/dna_20;prechemical;0;0.858445;
./datasets/80Archivos/dna_22;prechemical;0;0.858445;
./datasets/80Archivos/dna_23;prechemical;0;0.858445;
./datasets/80Archivos/dna_00;nonmythical;0;0.777543;
./datasets/80Archivos/dna_02;nonmythical;0;0.777543;
./datasets/80Archivos/dna_05;nonmythical;0;0.777543;
./datasets/80Archivos/dna_08;nonmythical;0;0.777543;
./datasets/80Archivos/dna_12;nonmythical;0;0.777543;
./datasets/80Archivos/dna_16;nonmythical;0;0.777543;
./datasets/80Archivos/dna_18;nonmythical;0;0.777543;
./datasets/80Archivos/dna_20;nonmythical;0;0.777543;
./datasets/80Archivos/dna_22;nonmythical;0;0.777543;
./datasets/80Archivos/dna_23;nonmythical;0;0.777543;
./datasets/80Archivos/dna_00;apache;0;0.973452;
./datasets/80Archivos/dna_02;apache;0;0.973452;
./datasets/80Archivos/dna_05;apache;0;0.973452;
./datasets/80Archivos/dna_08;apache;0;0.973452;
./datasets/80Archivos/dna_12;apache;0;0.973452;
./datasets/80Archivos/dna_16;apache;0;0.973452;
./datasets/80Archivos/dna_18;apache;0;0.973452;
./datasets/80Archivos/dna_20;apache;0;0.973452;
./datasets/80Archivos/dna_22;apache;0;0.973452;
./datasets/80Archivos/dna_23;apache;0;0.973452;
./datasets/80Archivos/dna_00;force;0;0.85671;
./datasets/80Archivos/dna_02;force;0;0.85671;
./datasets/80Archivos/dna_05;force;0;0.85671;
./datasets/80Archivos/dna_08;force;0;0.85671;
./datasets/80Archivos/dna_12;force;0;0.85671;
./datasets/80Archivos/dna_16;force;0;0.85671;
./datasets/80Archivos/dna_18;force;0;0.85671;
./datasets/80Archivos/dna_20;force;0;0.85671;
./datasets/80Archivos/dna_22;force;0;0.85671;
./datasets/80Archivos/dna_23;force;0;0.85671;
./datasets/80Archivos/dna_00;isomastigate;0;0.654641;
./datasets/80Archivos/dna_02;isomastigate;0;0.654641;
./datasets/80Archivos/dna_05;isomastigate;0;0.654641;
./datasets/80Archivos/dna_08;isomastigate;0;0.654641;
./datasets/80Archivos/dna_12;isomastigate;0;0.654641;
./datasets/80Archivos/dna_16;isomastigate;0;0.654641;
./datasets/80Archivos/dna_18;isomastigate;0;0.654641;
./datasets/80Archivos/dna_20;isomastigate;0;0.654641;
./datasets/80Archivos/dna_22;isomastigate;0;0.654641;
./datasets/80Archivos/dna_23;isomastigate;0;0.654641;
./datasets/80Archivos/dna_00;orthophosphate;0;0.634601;
./datasets/80Archivos/dna_02;orthophosphate;0;0.634601;
./datasets/80Archivos/dna_05;orthophosphate;0;0.634601;
./datasets/80Archivos/dna_08;orthophosphate;0;0.634601;
./datasets/80Archivos/dna_12;orthophosphate;0;0.634601;
./datasets/80Archivos/dna_16;orthophosphate;0;0.634601;
./datasets/80Archivos/dna_18;orthophosphate;0;0.634601;
./datasets/80Archivos/dna_20;orthophosphate;0;0.634601;
./datasets/80Archivos/dna_22;orthophosphate;0;0.634601;
./datasets/80Archivos/dna_23;orthophosphate;0;0.634601;
./datasets/80Archivos/dna_00;Palaeomastodon;0;0.654263;
./datasets/80Archivos/dna_02;Palaeomastodon;0;0.654263;
./datasets/80Archivos/dna_05;Palaeomastodon;0;0.654263;
./datasets/80Archivos/dna_08;Palaeomastodon;0;0.654263;
./datasets/80Archivos/dna_12;Palaeomastodon;0;0.654263;
./datasets/80Archivos/dna_16;Palaeomastodon;0;0.654263;
./datasets/80Archivos/dna_18;Palaeomastodon;0;0.654263;
./datasets/80Archivos/dna_20;Palaeomastodon;0;0.654263;
./datasets/80Archivos/dna_22;Palaeomastodon;0;0.654263;
./datasets/80Archivos/dna_23;Palaeomastodon;0;0.654263;
./datasets/80Archivos/dna_00;brachypyramid;0;0.657196;
./datasets/80Archivos/dna_02;brachypyramid;0;0.657196;
./datasets/80Archivos/dna_05;brachypyramid;0;0.657196;
./datasets/80Archivos/dna_08;brachypyramid;0;0.657196;
./datasets/80Archivos/dna_12;brachypyramid;0;0.657196;
./datasets/80Archivos/dna_16;brachypyramid;0;0.657196;
./datasets/80Archivos/dna_18;brachypyramid;0;0.657196;
./datasets/80Archivos/dna_20;brachypyramid;0;0.657196;
./datasets/80Archivos/dna_22;brachypyramid;0;0.657196;
./datasets/80Archivos/dna_23;brachypyramid;0;0.657196;
./datasets/80Archivos/dna_00;abscession;0;0.959814;
./datasets/80Archivos/dna_02;abscession;0;0.959814;
./datasets/80Archivos/dna_05;abscession;0;0.959814;
./datasets/80Archivos/dna_08;abscession;0;0.959814;
./datasets/80Archivos/dna_12;abscession;0;0.959814;
./datasets/80Archivos/dna_16;abscession;0;0.959814;
./datasets/80Archivos/dna_18;abscession;0;0.959814;
./datasets/80Archivos/dna_20;abscession;0;0.959814;
./datasets/80Archivos/dna_22;abscession;0;0.959814;
./datasets/80Archivos/dna_23;abscession;0;0.959814;
./datasets/80Archivos/dna_00;acquisitum;0;0.801577;
./datasets/80Archivos/dna_02;acquisitum;0;0.801577;
./datasets/80Archivos/dna_05;acquisitum;0;0.801577;
./datasets/80Archivos/dna_08;acquisitum;0;0.801577;
./datasets/80Archivos/dna_12;acquisitum;0;0.801577;
./datasets/80Archivos/dna_16;acquisitum;0;0.801577;
./datasets/80Archivos/dna_18;acquisitum;0;0.801577;
./datasets/80Archivos/dna_20;acquisitum;0;0.801577;
./datasets/80Archivos/dna_22;acquisitum;0;0.801577;
./datasets/80Archivos/dna_23;acquisitum;0;0.801577;
./datasets/80Archivos/dna_00;reputationless;0;0.64664;
./datasets/80Archivos/dna_02;reputationless;0;0.64664;
./datasets/80Archivos/dna_05;reputationless;0;0.64664;
./datasets/80Archivos/dna_08;reputationless;0;0.64664;
./datasets/80Archivos/dna_12;reputationless;0;0.64664;
./datasets/80Archivos/dna_16;reputationless;0;0.64664;
./datasets/80Archivos/dna_18;reputationless;0;0.64664;
./datasets/80Archivos/dna_20;reputationless;0;0.64664;
./datasets/80Archivos/dna_22;reputationless;0;0.64664;
./datasets/80Archivos/dna_23;reputationless;0;0.64664;
./datasets/80Archivos/dna_00;praisefully;0;0.661369;
./datasets/80Archivos/dna_02;praisefully;0;0.661369;
./datasets/80Archivos/dna_05;praisefully;0;0.661369;
./datasets/80Archivos/dna_08;praisefully;0;0.661369;
./datasets/80Archivos/dna_12;praisefully;0;0.661369;
./datasets/80Archivos/dna_16;praisefully;0;0.661369;
./datasets/80Archivos/dna_18;praisefully;0;0.661369;
./datasets/80Archivos/dna_20;praisefully;0;0.661369;
./datasets/80Archivos/dna_22;praisefully;0;0.661369;
./datasets/80Archivos/dna_23;praisefully;0;0.661369;
./datasets/80Archivos/dna_00;grama;0;0.798039;
./datasets/80Archivos/dna_02;grama;0;0.798039;
./datasets/80Archivos/dna_05;grama;0;0.798039;
./datasets/80Archivos/dna_08;grama;0;0.798039;
./datasets/80Archivos/dna_12;grama;0;0.798039;
./datasets/80Archivos/dna_16;grama;0;0.798039;
./datasets/80Archivos/dna_18;grama;0;0.798039;
./datasets/80Archivos/dna_20;grama;0;0.798039;
./datasets/80Archivos/dna_22;grama;0;0.798039;
./datasets/80Archivos/dna_23;grama;0;0.798039;
./datasets/80Archivos/dna_00;trapped;0;0.713191;
./datasets/80Archivos/dna_02;trapped;0;0.713191;
./datasets/80Archivos/dna_05;trapped;0;0.713191;
./datasets/80Archivos/dna_08;trapped;0;0.713191;
./datasets/80Archivos/dna_12;trapped;0;0.713191;
./datasets/80Archivos/dna_16;trapped;0;0.713191;
./datasets/80Archivos/dna_18;trapped;0;0.713191;
./datasets/80Archivos/dna_20;trapped;0;0.713191;
./datasets/80Archivos/dna_22;trapped;0;0.713191;
./datasets/80Archivos/dna_23;trapped;0;0.713191;
./datasets/80Archivos/dna_00;Somal;0;0.780536;
./datasets/80Archivos/dna_02;Somal;0;0.780536;
./datasets/80Archivos/dna_05;Somal;0;0.780536;
./datasets/80Archivos/dna_08;Somal;0;0.780536;
./datasets/80Archivos/dna_12;Somal;0;0.780536;
./datasets/80Archivos/dna_16;Somal;0;0.780536;
./datasets/80Archivos/dna_18;Somal;0;0.780536;
./datasets/80Archivos/dna_20;Somal;0;0.780536;
./datasets/80Archivos/dna_22;Somal;0;0.780536;
./datasets/80Archivos/dna_23;Somal;0;0.780536;
