creacion: 0.001888;./datasets/SuffixArchivos/Mezcla//1000.txt;resink;0;0.001;
./datasets/SuffixArchivos/Mezcla//1000_2.txt;resink;0;0.001;
./datasets/SuffixArchivos/Mezcla//1000_3.txt;resink;0;0.001;
./datasets/SuffixArchivos/Mezcla//1000_4.txt;resink;0;0.001;
./datasets/SuffixArchivos/Mezcla//1000_5.txt;resink;0;0.001;
./datasets/SuffixArchivos/Mezcla//1000_6.txt;resink;0;0.001;
./datasets/SuffixArchivos/Mezcla//200.txt;resink;0;0.001;
./datasets/SuffixArchivos/Mezcla//200_2.txt;resink;0;0.001;
./datasets/SuffixArchivos/Mezcla//500.txt;resink;0;0.001;
./datasets/SuffixArchivos/Mezcla//500_2.txt;resink;0;0.001;
./datasets/SuffixArchivos/Mezcla//1000.txt;transversomedial;0;0.001999;
./datasets/SuffixArchivos/Mezcla//1000_2.txt;transversomedial;0;0.001999;
./datasets/SuffixArchivos/Mezcla//1000_3.txt;transversomedial;0;0.001999;
./datasets/SuffixArchivos/Mezcla//1000_4.txt;transversomedial;0;0.001999;
./datasets/SuffixArchivos/Mezcla//1000_5.txt;transversomedial;0;0.001999;
./datasets/SuffixArchivos/Mezcla//1000_6.txt;transversomedial;0;0.001999;
./datasets/SuffixArchivos/Mezcla//200.txt;transversomedial;0;0.001999;
./datasets/SuffixArchivos/Mezcla//200_2.txt;transversomedial;0;0.001999;
./datasets/SuffixArchivos/Mezcla//500.txt;transversomedial;0;0.001999;
./datasets/SuffixArchivos/Mezcla//500_2.txt;transversomedial;0;0.001999;
./datasets/SuffixArchivos/Mezcla//1000.txt;pharyngopathy;0;0;
./datasets/SuffixArchivos/Mezcla//1000_2.txt;pharyngopathy;0;0;
./datasets/SuffixArchivos/Mezcla//1000_3.txt;pharyngopathy;0;0;
./datasets/SuffixArchivos/Mezcla//1000_4.txt;pharyngopathy;0;0;
./datasets/SuffixArchivos/Mezcla//1000_5.txt;pharyngopathy;0;0;
./datasets/SuffixArchivos/Mezcla//1000_6.txt;pharyngopathy;0;0;
./datasets/SuffixArchivos/Mezcla//200.txt;pharyngopathy;0;0;
./datasets/SuffixArchivos/Mezcla//200_2.txt;pharyngopathy;0;0;
./datasets/SuffixArchivos/Mezcla//500.txt;pharyngopathy;0;0;
./datasets/SuffixArchivos/Mezcla//500_2.txt;pharyngopathy;0;0;
./datasets/SuffixArchivos/Mezcla//1000.txt;postmineral;0;0;
./datasets/SuffixArchivos/Mezcla//1000_2.txt;postmineral;0;0;
./datasets/SuffixArchivos/Mezcla//1000_3.txt;postmineral;0;0;
./datasets/SuffixArchivos/Mezcla//1000_4.txt;postmineral;0;0;
./datasets/SuffixArchivos/Mezcla//1000_5.txt;postmineral;0;0;
./datasets/SuffixArchivos/Mezcla//1000_6.txt;postmineral;0;0;
./datasets/SuffixArchivos/Mezcla//200.txt;postmineral;0;0;
./datasets/SuffixArchivos/Mezcla//200_2.txt;postmineral;0;0;
./datasets/SuffixArchivos/Mezcla//500.txt;postmineral;0;0;
./datasets/SuffixArchivos/Mezcla//500_2.txt;postmineral;0;0;
./datasets/SuffixArchivos/Mezcla//1000.txt;myelosyphilis;0;0;
./datasets/SuffixArchivos/Mezcla//1000_2.txt;myelosyphilis;0;0;
./datasets/SuffixArchivos/Mezcla//1000_3.txt;myelosyphilis;0;0;
./datasets/SuffixArchivos/Mezcla//1000_4.txt;myelosyphilis;0;0;
./datasets/SuffixArchivos/Mezcla//1000_5.txt;myelosyphilis;0;0;
./datasets/SuffixArchivos/Mezcla//1000_6.txt;myelosyphilis;0;0;
./datasets/SuffixArchivos/Mezcla//200.txt;myelosyphilis;0;0;
./datasets/SuffixArchivos/Mezcla//200_2.txt;myelosyphilis;0;0;
./datasets/SuffixArchivos/Mezcla//500.txt;myelosyphilis;0;0;
./datasets/SuffixArchivos/Mezcla//500_2.txt;myelosyphilis;0;0;
./datasets/SuffixArchivos/Mezcla//1000.txt;silverer;0;0.001;
./datasets/SuffixArchivos/Mezcla//1000_2.txt;silverer;0;0.001;
./datasets/SuffixArchivos/Mezcla//1000_3.txt;silverer;0;0.001;
./datasets/SuffixArchivos/Mezcla//1000_4.txt;silverer;0;0.001;
./datasets/SuffixArchivos/Mezcla//1000_5.txt;silverer;0;0.001;
./datasets/SuffixArchivos/Mezcla//1000_6.txt;silverer;0;0.001;
./datasets/SuffixArchivos/Mezcla//200.txt;silverer;0;0.001;
./datasets/SuffixArchivos/Mezcla//200_2.txt;silverer;0;0.001;
./datasets/SuffixArchivos/Mezcla//500.txt;silverer;0;0.001;
./datasets/SuffixArchivos/Mezcla//500_2.txt;silverer;0;0.001;
./datasets/SuffixArchivos/Mezcla//1000.txt;evincement;0;0;
./datasets/SuffixArchivos/Mezcla//1000_2.txt;evincement;0;0;
./datasets/SuffixArchivos/Mezcla//1000_3.txt;evincement;0;0;
./datasets/SuffixArchivos/Mezcla//1000_4.txt;evincement;0;0;
./datasets/SuffixArchivos/Mezcla//1000_5.txt;evincement;0;0;
./datasets/SuffixArchivos/Mezcla//1000_6.txt;evincement;0;0;
./datasets/SuffixArchivos/Mezcla//200.txt;evincement;0;0;
./datasets/SuffixArchivos/Mezcla//200_2.txt;evincement;0;0;
./datasets/SuffixArchivos/Mezcla//500.txt;evincement;0;0;
./datasets/SuffixArchivos/Mezcla//500_2.txt;evincement;0;0;
./datasets/SuffixArchivos/Mezcla//1000.txt;phrygium;0;0;
./datasets/SuffixArchivos/Mezcla//1000_2.txt;phrygium;0;0;
./datasets/SuffixArchivos/Mezcla//1000_3.txt;phrygium;0;0;
./datasets/SuffixArchivos/Mezcla//1000_4.txt;phrygium;0;0;
./datasets/SuffixArchivos/Mezcla//1000_5.txt;phrygium;0;0;
./datasets/SuffixArchivos/Mezcla//1000_6.txt;phrygium;0;0;
./datasets/SuffixArchivos/Mezcla//200.txt;phrygium;0;0;
./datasets/SuffixArchivos/Mezcla//200_2.txt;phrygium;0;0;
./datasets/SuffixArchivos/Mezcla//500.txt;phrygium;0;0;
./datasets/SuffixArchivos/Mezcla//500_2.txt;phrygium;0;0;
./datasets/SuffixArchivos/Mezcla//1000.txt;punnigram;0;0.000999;
./datasets/SuffixArchivos/Mezcla//1000_2.txt;punnigram;0;0.000999;
./datasets/SuffixArchivos/Mezcla//1000_3.txt;punnigram;0;0.000999;
./datasets/SuffixArchivos/Mezcla//1000_4.txt;punnigram;0;0.000999;
./datasets/SuffixArchivos/Mezcla//1000_5.txt;punnigram;0;0.000999;
./datasets/SuffixArchivos/Mezcla//1000_6.txt;punnigram;0;0.000999;
./datasets/SuffixArchivos/Mezcla//200.txt;punnigram;0;0.000999;
./datasets/SuffixArchivos/Mezcla//200_2.txt;punnigram;0;0.000999;
./datasets/SuffixArchivos/Mezcla//500.txt;punnigram;0;0.000999;
./datasets/SuffixArchivos/Mezcla//500_2.txt;punnigram;0;0.000999;
./datasets/SuffixArchivos/Mezcla//1000.txt;imminution;0;0.000999;
./datasets/SuffixArchivos/Mezcla//1000_2.txt;imminution;0;0.000999;
./datasets/SuffixArchivos/Mezcla//1000_3.txt;imminution;0;0.000999;
./datasets/SuffixArchivos/Mezcla//1000_4.txt;imminution;0;0.000999;
./datasets/SuffixArchivos/Mezcla//1000_5.txt;imminution;0;0.000999;
./datasets/SuffixArchivos/Mezcla//1000_6.txt;imminution;0;0.000999;
./datasets/SuffixArchivos/Mezcla//200.txt;imminution;0;0.000999;
./datasets/SuffixArchivos/Mezcla//200_2.txt;imminution;0;0.000999;
./datasets/SuffixArchivos/Mezcla//500.txt;imminution;0;0.000999;
./datasets/SuffixArchivos/Mezcla//500_2.txt;imminution;0;0.000999;
./datasets/SuffixArchivos/Mezcla//1000.txt;environmental;0;0.001;
./datasets/SuffixArchivos/Mezcla//1000_2.txt;environmental;0;0.001;
./datasets/SuffixArchivos/Mezcla//1000_3.txt;environmental;0;0.001;
./datasets/SuffixArchivos/Mezcla//1000_4.txt;environmental;0;0.001;
./datasets/SuffixArchivos/Mezcla//1000_5.txt;environmental;0;0.001;
./datasets/SuffixArchivos/Mezcla//1000_6.txt;environmental;0;0.001;
./datasets/SuffixArchivos/Mezcla//200.txt;environmental;0;0.001;
./datasets/SuffixArchivos/Mezcla//200_2.txt;environmental;0;0.001;
./datasets/SuffixArchivos/Mezcla//500.txt;environmental;0;0.001;
./datasets/SuffixArchivos/Mezcla//500_2.txt;environmental;0;0.001;
./datasets/SuffixArchivos/Mezcla//1000.txt;sleepify;0;0.001;
./datasets/SuffixArchivos/Mezcla//1000_2.txt;sleepify;0;0.001;
./datasets/SuffixArchivos/Mezcla//1000_3.txt;sleepify;0;0.001;
./datasets/SuffixArchivos/Mezcla//1000_4.txt;sleepify;0;0.001;
./datasets/SuffixArchivos/Mezcla//1000_5.txt;sleepify;0;0.001;
./datasets/SuffixArchivos/Mezcla//1000_6.txt;sleepify;0;0.001;
./datasets/SuffixArchivos/Mezcla//200.txt;sleepify;0;0.001;
./datasets/SuffixArchivos/Mezcla//200_2.txt;sleepify;0;0.001;
./datasets/SuffixArchivos/Mezcla//500.txt;sleepify;0;0.001;
./datasets/SuffixArchivos/Mezcla//500_2.txt;sleepify;0;0.001;
./datasets/SuffixArchivos/Mezcla//1000.txt;nope;0;0;
./datasets/SuffixArchivos/Mezcla//1000_2.txt;nope;0;0;
./datasets/SuffixArchivos/Mezcla//1000_3.txt;nope;0;0;
./datasets/SuffixArchivos/Mezcla//1000_4.txt;nope;0;0;
./datasets/SuffixArchivos/Mezcla//1000_5.txt;nope;0;0;
./datasets/SuffixArchivos/Mezcla//1000_6.txt;nope;0;0;
./datasets/SuffixArchivos/Mezcla//200.txt;nope;0;0;
./datasets/SuffixArchivos/Mezcla//200_2.txt;nope;0;0;
./datasets/SuffixArchivos/Mezcla//500.txt;nope;0;0;
./datasets/SuffixArchivos/Mezcla//500_2.txt;nope;0;0;
./datasets/SuffixArchivos/Mezcla//1000.txt;wauken;0;0;
./datasets/SuffixArchivos/Mezcla//1000_2.txt;wauken;0;0;
./datasets/SuffixArchivos/Mezcla//1000_3.txt;wauken;0;0;
./datasets/SuffixArchivos/Mezcla//1000_4.txt;wauken;0;0;
./datasets/SuffixArchivos/Mezcla//1000_5.txt;wauken;0;0;
./datasets/SuffixArchivos/Mezcla//1000_6.txt;wauken;0;0;
./datasets/SuffixArchivos/Mezcla//200.txt;wauken;0;0;
./datasets/SuffixArchivos/Mezcla//200_2.txt;wauken;0;0;
./datasets/SuffixArchivos/Mezcla//500.txt;wauken;0;0;
./datasets/SuffixArchivos/Mezcla//500_2.txt;wauken;0;0;
./datasets/SuffixArchivos/Mezcla//1000.txt;indignance;0;0.000999;
./datasets/SuffixArchivos/Mezcla//1000_2.txt;indignance;0;0.000999;
./datasets/SuffixArchivos/Mezcla//1000_3.txt;indignance;0;0.000999;
./datasets/SuffixArchivos/Mezcla//1000_4.txt;indignance;0;0.000999;
./datasets/SuffixArchivos/Mezcla//1000_5.txt;indignance;0;0.000999;
./datasets/SuffixArchivos/Mezcla//1000_6.txt;indignance;0;0.000999;
./datasets/SuffixArchivos/Mezcla//200.txt;indignance;0;0.000999;
./datasets/SuffixArchivos/Mezcla//200_2.txt;indignance;0;0.000999;
./datasets/SuffixArchivos/Mezcla//500.txt;indignance;0;0.000999;
./datasets/SuffixArchivos/Mezcla//500_2.txt;indignance;0;0.000999;
./datasets/SuffixArchivos/Mezcla//1000.txt;knotwort;0;0;
./datasets/SuffixArchivos/Mezcla//1000_2.txt;knotwort;0;0;
./datasets/SuffixArchivos/Mezcla//1000_3.txt;knotwort;0;0;
./datasets/SuffixArchivos/Mezcla//1000_4.txt;knotwort;0;0;
./datasets/SuffixArchivos/Mezcla//1000_5.txt;knotwort;0;0;
./datasets/SuffixArchivos/Mezcla//1000_6.txt;knotwort;0;0;
./datasets/SuffixArchivos/Mezcla//200.txt;knotwort;0;0;
./datasets/SuffixArchivos/Mezcla//200_2.txt;knotwort;0;0;
./datasets/SuffixArchivos/Mezcla//500.txt;knotwort;0;0;
./datasets/SuffixArchivos/Mezcla//500_2.txt;knotwort;0;0;
./datasets/SuffixArchivos/Mezcla//1000.txt;apocodeine;0;0.001;
./datasets/SuffixArchivos/Mezcla//1000_2.txt;apocodeine;0;0.001;
./datasets/SuffixArchivos/Mezcla//1000_3.txt;apocodeine;0;0.001;
./datasets/SuffixArchivos/Mezcla//1000_4.txt;apocodeine;0;0.001;
./datasets/SuffixArchivos/Mezcla//1000_5.txt;apocodeine;0;0.001;
./datasets/SuffixArchivos/Mezcla//1000_6.txt;apocodeine;0;0.001;
./datasets/SuffixArchivos/Mezcla//200.txt;apocodeine;0;0.001;
./datasets/SuffixArchivos/Mezcla//200_2.txt;apocodeine;0;0.001;
./datasets/SuffixArchivos/Mezcla//500.txt;apocodeine;0;0.001;
./datasets/SuffixArchivos/Mezcla//500_2.txt;apocodeine;0;0.001;
./datasets/SuffixArchivos/Mezcla//1000.txt;escortee;0;0.000999;
./datasets/SuffixArchivos/Mezcla//1000_2.txt;escortee;0;0.000999;
./datasets/SuffixArchivos/Mezcla//1000_3.txt;escortee;0;0.000999;
./datasets/SuffixArchivos/Mezcla//1000_4.txt;escortee;0;0.000999;
./datasets/SuffixArchivos/Mezcla//1000_5.txt;escortee;0;0.000999;
./datasets/SuffixArchivos/Mezcla//1000_6.txt;escortee;0;0.000999;
./datasets/SuffixArchivos/Mezcla//200.txt;escortee;0;0.000999;
./datasets/SuffixArchivos/Mezcla//200_2.txt;escortee;0;0.000999;
./datasets/SuffixArchivos/Mezcla//500.txt;escortee;0;0.000999;
./datasets/SuffixArchivos/Mezcla//500_2.txt;escortee;0;0.000999;
./datasets/SuffixArchivos/Mezcla//1000.txt;dogwatch;0;0.002998;
./datasets/SuffixArchivos/Mezcla//1000_2.txt;dogwatch;0;0.002998;
./datasets/SuffixArchivos/Mezcla//1000_3.txt;dogwatch;0;0.002998;
./datasets/SuffixArchivos/Mezcla//1000_4.txt;dogwatch;0;0.002998;
./datasets/SuffixArchivos/Mezcla//1000_5.txt;dogwatch;0;0.002998;
./datasets/SuffixArchivos/Mezcla//1000_6.txt;dogwatch;0;0.002998;
./datasets/SuffixArchivos/Mezcla//200.txt;dogwatch;0;0.002998;
./datasets/SuffixArchivos/Mezcla//200_2.txt;dogwatch;0;0.002998;
./datasets/SuffixArchivos/Mezcla//500.txt;dogwatch;0;0.002998;
./datasets/SuffixArchivos/Mezcla//500_2.txt;dogwatch;0;0.002998;
./datasets/SuffixArchivos/Mezcla//1000.txt;eaglewood;0;0.001;
./datasets/SuffixArchivos/Mezcla//1000_2.txt;eaglewood;0;0.001;
./datasets/SuffixArchivos/Mezcla//1000_3.txt;eaglewood;0;0.001;
./datasets/SuffixArchivos/Mezcla//1000_4.txt;eaglewood;0;0.001;
./datasets/SuffixArchivos/Mezcla//1000_5.txt;eaglewood;0;0.001;
./datasets/SuffixArchivos/Mezcla//1000_6.txt;eaglewood;0;0.001;
./datasets/SuffixArchivos/Mezcla//200.txt;eaglewood;0;0.001;
./datasets/SuffixArchivos/Mezcla//200_2.txt;eaglewood;0;0.001;
./datasets/SuffixArchivos/Mezcla//500.txt;eaglewood;0;0.001;
./datasets/SuffixArchivos/Mezcla//500_2.txt;eaglewood;0;0.001;
./datasets/SuffixArchivos/Mezcla//1000.txt;unbrotherliness;0;0.000999;
./datasets/SuffixArchivos/Mezcla//1000_2.txt;unbrotherliness;0;0.000999;
./datasets/SuffixArchivos/Mezcla//1000_3.txt;unbrotherliness;0;0.000999;
./datasets/SuffixArchivos/Mezcla//1000_4.txt;unbrotherliness;0;0.000999;
./datasets/SuffixArchivos/Mezcla//1000_5.txt;unbrotherliness;0;0.000999;
./datasets/SuffixArchivos/Mezcla//1000_6.txt;unbrotherliness;0;0.000999;
./datasets/SuffixArchivos/Mezcla//200.txt;unbrotherliness;0;0.000999;
./datasets/SuffixArchivos/Mezcla//200_2.txt;unbrotherliness;0;0.000999;
./datasets/SuffixArchivos/Mezcla//500.txt;unbrotherliness;0;0.000999;
./datasets/SuffixArchivos/Mezcla//500_2.txt;unbrotherliness;0;0.000999;
./datasets/SuffixArchivos/Mezcla//1000.txt;mulse;0;0.001999;
./datasets/SuffixArchivos/Mezcla//1000_2.txt;mulse;0;0.001999;
./datasets/SuffixArchivos/Mezcla//1000_3.txt;mulse;0;0.001999;
./datasets/SuffixArchivos/Mezcla//1000_4.txt;mulse;0;0.001999;
./datasets/SuffixArchivos/Mezcla//1000_5.txt;mulse;0;0.001999;
./datasets/SuffixArchivos/Mezcla//1000_6.txt;mulse;0;0.001999;
./datasets/SuffixArchivos/Mezcla//200.txt;mulse;0;0.001999;
./datasets/SuffixArchivos/Mezcla//200_2.txt;mulse;0;0.001999;
./datasets/SuffixArchivos/Mezcla//500.txt;mulse;0;0.001999;
./datasets/SuffixArchivos/Mezcla//500_2.txt;mulse;0;0.001999;
./datasets/SuffixArchivos/Mezcla//1000.txt;dermobranchiata;0;0.002999;
./datasets/SuffixArchivos/Mezcla//1000_2.txt;dermobranchiata;0;0.002999;
./datasets/SuffixArchivos/Mezcla//1000_3.txt;dermobranchiata;0;0.002999;
./datasets/SuffixArchivos/Mezcla//1000_4.txt;dermobranchiata;0;0.002999;
./datasets/SuffixArchivos/Mezcla//1000_5.txt;dermobranchiata;0;0.002999;
./datasets/SuffixArchivos/Mezcla//1000_6.txt;dermobranchiata;0;0.002999;
./datasets/SuffixArchivos/Mezcla//200.txt;dermobranchiata;0;0.002999;
./datasets/SuffixArchivos/Mezcla//200_2.txt;dermobranchiata;0;0.002999;
./datasets/SuffixArchivos/Mezcla//500.txt;dermobranchiata;0;0.002999;
./datasets/SuffixArchivos/Mezcla//500_2.txt;dermobranchiata;0;0.002999;
./datasets/SuffixArchivos/Mezcla//1000.txt;typhic;0;0.002012;
./datasets/SuffixArchivos/Mezcla//1000_2.txt;typhic;0;0.002012;
./datasets/SuffixArchivos/Mezcla//1000_3.txt;typhic;0;0.002012;
./datasets/SuffixArchivos/Mezcla//1000_4.txt;typhic;0;0.002012;
./datasets/SuffixArchivos/Mezcla//1000_5.txt;typhic;0;0.002012;
./datasets/SuffixArchivos/Mezcla//1000_6.txt;typhic;0;0.002012;
./datasets/SuffixArchivos/Mezcla//200.txt;typhic;0;0.002012;
./datasets/SuffixArchivos/Mezcla//200_2.txt;typhic;0;0.002012;
./datasets/SuffixArchivos/Mezcla//500.txt;typhic;0;0.002012;
./datasets/SuffixArchivos/Mezcla//500_2.txt;typhic;0;0.002012;
./datasets/SuffixArchivos/Mezcla//1000.txt;poststertorous;0;0.001998;
./datasets/SuffixArchivos/Mezcla//1000_2.txt;poststertorous;0;0.001998;
./datasets/SuffixArchivos/Mezcla//1000_3.txt;poststertorous;0;0.001998;
./datasets/SuffixArchivos/Mezcla//1000_4.txt;poststertorous;0;0.001998;
./datasets/SuffixArchivos/Mezcla//1000_5.txt;poststertorous;0;0.001998;
./datasets/SuffixArchivos/Mezcla//1000_6.txt;poststertorous;0;0.001998;
./datasets/SuffixArchivos/Mezcla//200.txt;poststertorous;0;0.001998;
./datasets/SuffixArchivos/Mezcla//200_2.txt;poststertorous;0;0.001998;
./datasets/SuffixArchivos/Mezcla//500.txt;poststertorous;0;0.001998;
./datasets/SuffixArchivos/Mezcla//500_2.txt;poststertorous;0;0.001998;
./datasets/SuffixArchivos/Mezcla//1000.txt;indevout;0;0.001999;
./datasets/SuffixArchivos/Mezcla//1000_2.txt;indevout;0;0.001999;
./datasets/SuffixArchivos/Mezcla//1000_3.txt;indevout;0;0.001999;
./datasets/SuffixArchivos/Mezcla//1000_4.txt;indevout;0;0.001999;
./datasets/SuffixArchivos/Mezcla//1000_5.txt;indevout;0;0.001999;
./datasets/SuffixArchivos/Mezcla//1000_6.txt;indevout;0;0.001999;
./datasets/SuffixArchivos/Mezcla//200.txt;indevout;0;0.001999;
./datasets/SuffixArchivos/Mezcla//200_2.txt;indevout;0;0.001999;
./datasets/SuffixArchivos/Mezcla//500.txt;indevout;0;0.001999;
./datasets/SuffixArchivos/Mezcla//500_2.txt;indevout;0;0.001999;
./datasets/SuffixArchivos/Mezcla//1000.txt;anatomicopathologic;0;0.001986;
./datasets/SuffixArchivos/Mezcla//1000_2.txt;anatomicopathologic;0;0.001986;
./datasets/SuffixArchivos/Mezcla//1000_3.txt;anatomicopathologic;0;0.001986;
./datasets/SuffixArchivos/Mezcla//1000_4.txt;anatomicopathologic;0;0.001986;
./datasets/SuffixArchivos/Mezcla//1000_5.txt;anatomicopathologic;0;0.001986;
./datasets/SuffixArchivos/Mezcla//1000_6.txt;anatomicopathologic;0;0.001986;
./datasets/SuffixArchivos/Mezcla//200.txt;anatomicopathologic;0;0.001986;
./datasets/SuffixArchivos/Mezcla//200_2.txt;anatomicopathologic;0;0.001986;
./datasets/SuffixArchivos/Mezcla//500.txt;anatomicopathologic;0;0.001986;
./datasets/SuffixArchivos/Mezcla//500_2.txt;anatomicopathologic;0;0.001986;
./datasets/SuffixArchivos/Mezcla//1000.txt;unimpenetrable;0;0.002011;
./datasets/SuffixArchivos/Mezcla//1000_2.txt;unimpenetrable;0;0.002011;
./datasets/SuffixArchivos/Mezcla//1000_3.txt;unimpenetrable;0;0.002011;
./datasets/SuffixArchivos/Mezcla//1000_4.txt;unimpenetrable;0;0.002011;
./datasets/SuffixArchivos/Mezcla//1000_5.txt;unimpenetrable;0;0.002011;
./datasets/SuffixArchivos/Mezcla//1000_6.txt;unimpenetrable;0;0.002011;
./datasets/SuffixArchivos/Mezcla//200.txt;unimpenetrable;0;0.002011;
./datasets/SuffixArchivos/Mezcla//200_2.txt;unimpenetrable;0;0.002011;
./datasets/SuffixArchivos/Mezcla//500.txt;unimpenetrable;0;0.002011;
./datasets/SuffixArchivos/Mezcla//500_2.txt;unimpenetrable;0;0.002011;
./datasets/SuffixArchivos/Mezcla//1000.txt;hoggy;0;0.002;
./datasets/SuffixArchivos/Mezcla//1000_2.txt;hoggy;0;0.002;
./datasets/SuffixArchivos/Mezcla//1000_3.txt;hoggy;0;0.002;
./datasets/SuffixArchivos/Mezcla//1000_4.txt;hoggy;0;0.002;
./datasets/SuffixArchivos/Mezcla//1000_5.txt;hoggy;0;0.002;
./datasets/SuffixArchivos/Mezcla//1000_6.txt;hoggy;0;0.002;
./datasets/SuffixArchivos/Mezcla//200.txt;hoggy;0;0.002;
./datasets/SuffixArchivos/Mezcla//200_2.txt;hoggy;0;0.002;
./datasets/SuffixArchivos/Mezcla//500.txt;hoggy;0;0.002;
./datasets/SuffixArchivos/Mezcla//500_2.txt;hoggy;0;0.002;
./datasets/SuffixArchivos/Mezcla//1000.txt;urrhodin;0;0.001998;
./datasets/SuffixArchivos/Mezcla//1000_2.txt;urrhodin;0;0.001998;
./datasets/SuffixArchivos/Mezcla//1000_3.txt;urrhodin;0;0.001998;
./datasets/SuffixArchivos/Mezcla//1000_4.txt;urrhodin;0;0.001998;
./datasets/SuffixArchivos/Mezcla//1000_5.txt;urrhodin;0;0.001998;
./datasets/SuffixArchivos/Mezcla//1000_6.txt;urrhodin;0;0.001998;
./datasets/SuffixArchivos/Mezcla//200.txt;urrhodin;0;0.001998;
./datasets/SuffixArchivos/Mezcla//200_2.txt;urrhodin;0;0.001998;
./datasets/SuffixArchivos/Mezcla//500.txt;urrhodin;0;0.001998;
./datasets/SuffixArchivos/Mezcla//500_2.txt;urrhodin;0;0.001998;
./datasets/SuffixArchivos/Mezcla//1000.txt;Dioecia;0;0.00198;
./datasets/SuffixArchivos/Mezcla//1000_2.txt;Dioecia;0;0.00198;
./datasets/SuffixArchivos/Mezcla//1000_3.txt;Dioecia;0;0.00198;
./datasets/SuffixArchivos/Mezcla//1000_4.txt;Dioecia;0;0.00198;
./datasets/SuffixArchivos/Mezcla//1000_5.txt;Dioecia;0;0.00198;
./datasets/SuffixArchivos/Mezcla//1000_6.txt;Dioecia;0;0.00198;
./datasets/SuffixArchivos/Mezcla//200.txt;Dioecia;0;0.00198;
./datasets/SuffixArchivos/Mezcla//200_2.txt;Dioecia;0;0.00198;
./datasets/SuffixArchivos/Mezcla//500.txt;Dioecia;0;0.00198;
./datasets/SuffixArchivos/Mezcla//500_2.txt;Dioecia;0;0.00198;
./datasets/SuffixArchivos/Mezcla//1000.txt;unchapter;0;0.002;
./datasets/SuffixArchivos/Mezcla//1000_2.txt;unchapter;0;0.002;
./datasets/SuffixArchivos/Mezcla//1000_3.txt;unchapter;0;0.002;
./datasets/SuffixArchivos/Mezcla//1000_4.txt;unchapter;0;0.002;
./datasets/SuffixArchivos/Mezcla//1000_5.txt;unchapter;0;0.002;
./datasets/SuffixArchivos/Mezcla//1000_6.txt;unchapter;0;0.002;
./datasets/SuffixArchivos/Mezcla//200.txt;unchapter;0;0.002;
./datasets/SuffixArchivos/Mezcla//200_2.txt;unchapter;0;0.002;
./datasets/SuffixArchivos/Mezcla//500.txt;unchapter;0;0.002;
./datasets/SuffixArchivos/Mezcla//500_2.txt;unchapter;0;0.002;
./datasets/SuffixArchivos/Mezcla//1000.txt;nonumbilicate;0;0.001999;
./datasets/SuffixArchivos/Mezcla//1000_2.txt;nonumbilicate;0;0.001999;
./datasets/SuffixArchivos/Mezcla//1000_3.txt;nonumbilicate;0;0.001999;
./datasets/SuffixArchivos/Mezcla//1000_4.txt;nonumbilicate;0;0.001999;
./datasets/SuffixArchivos/Mezcla//1000_5.txt;nonumbilicate;0;0.001999;
./datasets/SuffixArchivos/Mezcla//1000_6.txt;nonumbilicate;0;0.001999;
./datasets/SuffixArchivos/Mezcla//200.txt;nonumbilicate;0;0.001999;
./datasets/SuffixArchivos/Mezcla//200_2.txt;nonumbilicate;0;0.001999;
./datasets/SuffixArchivos/Mezcla//500.txt;nonumbilicate;0;0.001999;
./datasets/SuffixArchivos/Mezcla//500_2.txt;nonumbilicate;0;0.001999;
./datasets/SuffixArchivos/Mezcla//1000.txt;zwitterionic;0;0.001998;
./datasets/SuffixArchivos/Mezcla//1000_2.txt;zwitterionic;0;0.001998;
./datasets/SuffixArchivos/Mezcla//1000_3.txt;zwitterionic;0;0.001998;
./datasets/SuffixArchivos/Mezcla//1000_4.txt;zwitterionic;0;0.001998;
./datasets/SuffixArchivos/Mezcla//1000_5.txt;zwitterionic;0;0.001998;
./datasets/SuffixArchivos/Mezcla//1000_6.txt;zwitterionic;0;0.001998;
./datasets/SuffixArchivos/Mezcla//200.txt;zwitterionic;0;0.001998;
./datasets/SuffixArchivos/Mezcla//200_2.txt;zwitterionic;0;0.001998;
./datasets/SuffixArchivos/Mezcla//500.txt;zwitterionic;0;0.001998;
./datasets/SuffixArchivos/Mezcla//500_2.txt;zwitterionic;0;0.001998;
./datasets/SuffixArchivos/Mezcla//1000.txt;apportionable;0;0.002;
./datasets/SuffixArchivos/Mezcla//1000_2.txt;apportionable;0;0.002;
./datasets/SuffixArchivos/Mezcla//1000_3.txt;apportionable;0;0.002;
./datasets/SuffixArchivos/Mezcla//1000_4.txt;apportionable;0;0.002;
./datasets/SuffixArchivos/Mezcla//1000_5.txt;apportionable;0;0.002;
./datasets/SuffixArchivos/Mezcla//1000_6.txt;apportionable;0;0.002;
./datasets/SuffixArchivos/Mezcla//200.txt;apportionable;0;0.002;
./datasets/SuffixArchivos/Mezcla//200_2.txt;apportionable;0;0.002;
./datasets/SuffixArchivos/Mezcla//500.txt;apportionable;0;0.002;
./datasets/SuffixArchivos/Mezcla//500_2.txt;apportionable;0;0.002;
./datasets/SuffixArchivos/Mezcla//1000.txt;ferulic;0;0.001998;
./datasets/SuffixArchivos/Mezcla//1000_2.txt;ferulic;0;0.001998;
./datasets/SuffixArchivos/Mezcla//1000_3.txt;ferulic;0;0.001998;
./datasets/SuffixArchivos/Mezcla//1000_4.txt;ferulic;0;0.001998;
./datasets/SuffixArchivos/Mezcla//1000_5.txt;ferulic;0;0.001998;
./datasets/SuffixArchivos/Mezcla//1000_6.txt;ferulic;0;0.001998;
./datasets/SuffixArchivos/Mezcla//200.txt;ferulic;0;0.001998;
./datasets/SuffixArchivos/Mezcla//200_2.txt;ferulic;0;0.001998;
./datasets/SuffixArchivos/Mezcla//500.txt;ferulic;0;0.001998;
./datasets/SuffixArchivos/Mezcla//500_2.txt;ferulic;0;0.001998;
./datasets/SuffixArchivos/Mezcla//1000.txt;statefulness;0;0.001999;
./datasets/SuffixArchivos/Mezcla//1000_2.txt;statefulness;0;0.001999;
./datasets/SuffixArchivos/Mezcla//1000_3.txt;statefulness;0;0.001999;
./datasets/SuffixArchivos/Mezcla//1000_4.txt;statefulness;0;0.001999;
./datasets/SuffixArchivos/Mezcla//1000_5.txt;statefulness;0;0.001999;
./datasets/SuffixArchivos/Mezcla//1000_6.txt;statefulness;0;0.001999;
./datasets/SuffixArchivos/Mezcla//200.txt;statefulness;0;0.001999;
./datasets/SuffixArchivos/Mezcla//200_2.txt;statefulness;0;0.001999;
./datasets/SuffixArchivos/Mezcla//500.txt;statefulness;0;0.001999;
./datasets/SuffixArchivos/Mezcla//500_2.txt;statefulness;0;0.001999;
./datasets/SuffixArchivos/Mezcla//1000.txt;pharyngotonsillitis;0;0.001999;
./datasets/SuffixArchivos/Mezcla//1000_2.txt;pharyngotonsillitis;0;0.001999;
./datasets/SuffixArchivos/Mezcla//1000_3.txt;pharyngotonsillitis;0;0.001999;
./datasets/SuffixArchivos/Mezcla//1000_4.txt;pharyngotonsillitis;0;0.001999;
./datasets/SuffixArchivos/Mezcla//1000_5.txt;pharyngotonsillitis;0;0.001999;
./datasets/SuffixArchivos/Mezcla//1000_6.txt;pharyngotonsillitis;0;0.001999;
./datasets/SuffixArchivos/Mezcla//200.txt;pharyngotonsillitis;0;0.001999;
./datasets/SuffixArchivos/Mezcla//200_2.txt;pharyngotonsillitis;0;0.001999;
./datasets/SuffixArchivos/Mezcla//500.txt;pharyngotonsillitis;0;0.001999;
./datasets/SuffixArchivos/Mezcla//500_2.txt;pharyngotonsillitis;0;0.001999;
./datasets/SuffixArchivos/Mezcla//1000.txt;Mimulus;0;0.002009;
./datasets/SuffixArchivos/Mezcla//1000_2.txt;Mimulus;0;0.002009;
./datasets/SuffixArchivos/Mezcla//1000_3.txt;Mimulus;0;0.002009;
./datasets/SuffixArchivos/Mezcla//1000_4.txt;Mimulus;0;0.002009;
./datasets/SuffixArchivos/Mezcla//1000_5.txt;Mimulus;0;0.002009;
./datasets/SuffixArchivos/Mezcla//1000_6.txt;Mimulus;0;0.002009;
./datasets/SuffixArchivos/Mezcla//200.txt;Mimulus;0;0.002009;
./datasets/SuffixArchivos/Mezcla//200_2.txt;Mimulus;0;0.002009;
./datasets/SuffixArchivos/Mezcla//500.txt;Mimulus;0;0.002009;
./datasets/SuffixArchivos/Mezcla//500_2.txt;Mimulus;0;0.002009;
./datasets/SuffixArchivos/Mezcla//1000.txt;recce;0;0.00099;
./datasets/SuffixArchivos/Mezcla//1000_2.txt;recce;0;0.00099;
./datasets/SuffixArchivos/Mezcla//1000_3.txt;recce;0;0.00099;
./datasets/SuffixArchivos/Mezcla//1000_4.txt;recce;0;0.00099;
./datasets/SuffixArchivos/Mezcla//1000_5.txt;recce;0;0.00099;
./datasets/SuffixArchivos/Mezcla//1000_6.txt;recce;0;0.00099;
./datasets/SuffixArchivos/Mezcla//200.txt;recce;0;0.00099;
./datasets/SuffixArchivos/Mezcla//200_2.txt;recce;0;0.00099;
./datasets/SuffixArchivos/Mezcla//500.txt;recce;0;0.00099;
./datasets/SuffixArchivos/Mezcla//500_2.txt;recce;0;0.00099;
./datasets/SuffixArchivos/Mezcla//1000.txt;mutinously;0;0.001;
./datasets/SuffixArchivos/Mezcla//1000_2.txt;mutinously;0;0.001;
./datasets/SuffixArchivos/Mezcla//1000_3.txt;mutinously;0;0.001;
./datasets/SuffixArchivos/Mezcla//1000_4.txt;mutinously;0;0.001;
./datasets/SuffixArchivos/Mezcla//1000_5.txt;mutinously;0;0.001;
./datasets/SuffixArchivos/Mezcla//1000_6.txt;mutinously;0;0.001;
./datasets/SuffixArchivos/Mezcla//200.txt;mutinously;0;0.001;
./datasets/SuffixArchivos/Mezcla//200_2.txt;mutinously;0;0.001;
./datasets/SuffixArchivos/Mezcla//500.txt;mutinously;0;0.001;
./datasets/SuffixArchivos/Mezcla//500_2.txt;mutinously;0;0.001;
./datasets/SuffixArchivos/Mezcla//1000.txt;reboant;0;0.002;
./datasets/SuffixArchivos/Mezcla//1000_2.txt;reboant;0;0.002;
./datasets/SuffixArchivos/Mezcla//1000_3.txt;reboant;0;0.002;
./datasets/SuffixArchivos/Mezcla//1000_4.txt;reboant;0;0.002;
./datasets/SuffixArchivos/Mezcla//1000_5.txt;reboant;0;0.002;
./datasets/SuffixArchivos/Mezcla//1000_6.txt;reboant;0;0.002;
./datasets/SuffixArchivos/Mezcla//200.txt;reboant;0;0.002;
./datasets/SuffixArchivos/Mezcla//200_2.txt;reboant;0;0.002;
./datasets/SuffixArchivos/Mezcla//500.txt;reboant;0;0.002;
./datasets/SuffixArchivos/Mezcla//500_2.txt;reboant;0;0.002;
./datasets/SuffixArchivos/Mezcla//1000.txt;marshwort;0;0.000998;
./datasets/SuffixArchivos/Mezcla//1000_2.txt;marshwort;0;0.000998;
./datasets/SuffixArchivos/Mezcla//1000_3.txt;marshwort;0;0.000998;
./datasets/SuffixArchivos/Mezcla//1000_4.txt;marshwort;0;0.000998;
./datasets/SuffixArchivos/Mezcla//1000_5.txt;marshwort;0;0.000998;
./datasets/SuffixArchivos/Mezcla//1000_6.txt;marshwort;0;0.000998;
./datasets/SuffixArchivos/Mezcla//200.txt;marshwort;0;0.000998;
./datasets/SuffixArchivos/Mezcla//200_2.txt;marshwort;0;0.000998;
./datasets/SuffixArchivos/Mezcla//500.txt;marshwort;0;0.000998;
./datasets/SuffixArchivos/Mezcla//500_2.txt;marshwort;0;0.000998;
./datasets/SuffixArchivos/Mezcla//1000.txt;lupoid;0;0.001;
./datasets/SuffixArchivos/Mezcla//1000_2.txt;lupoid;0;0.001;
./datasets/SuffixArchivos/Mezcla//1000_3.txt;lupoid;0;0.001;
./datasets/SuffixArchivos/Mezcla//1000_4.txt;lupoid;0;0.001;
./datasets/SuffixArchivos/Mezcla//1000_5.txt;lupoid;0;0.001;
./datasets/SuffixArchivos/Mezcla//1000_6.txt;lupoid;0;0.001;
./datasets/SuffixArchivos/Mezcla//200.txt;lupoid;0;0.001;
./datasets/SuffixArchivos/Mezcla//200_2.txt;lupoid;0;0.001;
./datasets/SuffixArchivos/Mezcla//500.txt;lupoid;0;0.001;
./datasets/SuffixArchivos/Mezcla//500_2.txt;lupoid;0;0.001;
./datasets/SuffixArchivos/Mezcla//1000.txt;chromatophilic;0;0.001008;
./datasets/SuffixArchivos/Mezcla//1000_2.txt;chromatophilic;0;0.001008;
./datasets/SuffixArchivos/Mezcla//1000_3.txt;chromatophilic;0;0.001008;
./datasets/SuffixArchivos/Mezcla//1000_4.txt;chromatophilic;0;0.001008;
./datasets/SuffixArchivos/Mezcla//1000_5.txt;chromatophilic;0;0.001008;
./datasets/SuffixArchivos/Mezcla//1000_6.txt;chromatophilic;0;0.001008;
./datasets/SuffixArchivos/Mezcla//200.txt;chromatophilic;0;0.001008;
./datasets/SuffixArchivos/Mezcla//200_2.txt;chromatophilic;0;0.001008;
./datasets/SuffixArchivos/Mezcla//500.txt;chromatophilic;0;0.001008;
./datasets/SuffixArchivos/Mezcla//500_2.txt;chromatophilic;0;0.001008;
./datasets/SuffixArchivos/Mezcla//1000.txt;lauder;0;0.001988;
./datasets/SuffixArchivos/Mezcla//1000_2.txt;lauder;0;0.001988;
./datasets/SuffixArchivos/Mezcla//1000_3.txt;lauder;0;0.001988;
./datasets/SuffixArchivos/Mezcla//1000_4.txt;lauder;0;0.001988;
./datasets/SuffixArchivos/Mezcla//1000_5.txt;lauder;0;0.001988;
./datasets/SuffixArchivos/Mezcla//1000_6.txt;lauder;0;0.001988;
./datasets/SuffixArchivos/Mezcla//200.txt;lauder;0;0.001988;
./datasets/SuffixArchivos/Mezcla//200_2.txt;lauder;0;0.001988;
./datasets/SuffixArchivos/Mezcla//500.txt;lauder;0;0.001988;
./datasets/SuffixArchivos/Mezcla//500_2.txt;lauder;0;0.001988;
./datasets/SuffixArchivos/Mezcla//1000.txt;nirles;0;0.001999;
./datasets/SuffixArchivos/Mezcla//1000_2.txt;nirles;0;0.001999;
./datasets/SuffixArchivos/Mezcla//1000_3.txt;nirles;0;0.001999;
./datasets/SuffixArchivos/Mezcla//1000_4.txt;nirles;0;0.001999;
./datasets/SuffixArchivos/Mezcla//1000_5.txt;nirles;0;0.001999;
./datasets/SuffixArchivos/Mezcla//1000_6.txt;nirles;0;0.001999;
./datasets/SuffixArchivos/Mezcla//200.txt;nirles;0;0.001999;
./datasets/SuffixArchivos/Mezcla//200_2.txt;nirles;0;0.001999;
./datasets/SuffixArchivos/Mezcla//500.txt;nirles;0;0.001999;
./datasets/SuffixArchivos/Mezcla//500_2.txt;nirles;0;0.001999;
./datasets/SuffixArchivos/Mezcla//1000.txt;esthesiometer;0;0.001;
./datasets/SuffixArchivos/Mezcla//1000_2.txt;esthesiometer;0;0.001;
./datasets/SuffixArchivos/Mezcla//1000_3.txt;esthesiometer;0;0.001;
./datasets/SuffixArchivos/Mezcla//1000_4.txt;esthesiometer;0;0.001;
./datasets/SuffixArchivos/Mezcla//1000_5.txt;esthesiometer;0;0.001;
./datasets/SuffixArchivos/Mezcla//1000_6.txt;esthesiometer;0;0.001;
./datasets/SuffixArchivos/Mezcla//200.txt;esthesiometer;0;0.001;
./datasets/SuffixArchivos/Mezcla//200_2.txt;esthesiometer;0;0.001;
./datasets/SuffixArchivos/Mezcla//500.txt;esthesiometer;0;0.001;
./datasets/SuffixArchivos/Mezcla//500_2.txt;esthesiometer;0;0.001;
./datasets/SuffixArchivos/Mezcla//1000.txt;semisocial;0;0.002003;
./datasets/SuffixArchivos/Mezcla//1000_2.txt;semisocial;0;0.002003;
./datasets/SuffixArchivos/Mezcla//1000_3.txt;semisocial;0;0.002003;
./datasets/SuffixArchivos/Mezcla//1000_4.txt;semisocial;0;0.002003;
./datasets/SuffixArchivos/Mezcla//1000_5.txt;semisocial;0;0.002003;
./datasets/SuffixArchivos/Mezcla//1000_6.txt;semisocial;0;0.002003;
./datasets/SuffixArchivos/Mezcla//200.txt;semisocial;0;0.002003;
./datasets/SuffixArchivos/Mezcla//200_2.txt;semisocial;0;0.002003;
./datasets/SuffixArchivos/Mezcla//500.txt;semisocial;0;0.002003;
./datasets/SuffixArchivos/Mezcla//500_2.txt;semisocial;0;0.002003;
./datasets/SuffixArchivos/Mezcla//1000.txt;unbeing;0;0.000996;
./datasets/SuffixArchivos/Mezcla//1000_2.txt;unbeing;0;0.000996;
./datasets/SuffixArchivos/Mezcla//1000_3.txt;unbeing;0;0.000996;
./datasets/SuffixArchivos/Mezcla//1000_4.txt;unbeing;0;0.000996;
./datasets/SuffixArchivos/Mezcla//1000_5.txt;unbeing;0;0.000996;
./datasets/SuffixArchivos/Mezcla//1000_6.txt;unbeing;0;0.000996;
./datasets/SuffixArchivos/Mezcla//200.txt;unbeing;0;0.000996;
./datasets/SuffixArchivos/Mezcla//200_2.txt;unbeing;0;0.000996;
./datasets/SuffixArchivos/Mezcla//500.txt;unbeing;0;0.000996;
./datasets/SuffixArchivos/Mezcla//500_2.txt;unbeing;0;0.000996;
./datasets/SuffixArchivos/Mezcla//1000.txt;kangaroo;0;0.001997;
./datasets/SuffixArchivos/Mezcla//1000_2.txt;kangaroo;0;0.001997;
./datasets/SuffixArchivos/Mezcla//1000_3.txt;kangaroo;0;0.001997;
./datasets/SuffixArchivos/Mezcla//1000_4.txt;kangaroo;0;0.001997;
./datasets/SuffixArchivos/Mezcla//1000_5.txt;kangaroo;0;0.001997;
./datasets/SuffixArchivos/Mezcla//1000_6.txt;kangaroo;0;0.001997;
./datasets/SuffixArchivos/Mezcla//200.txt;kangaroo;0;0.001997;
./datasets/SuffixArchivos/Mezcla//200_2.txt;kangaroo;0;0.001997;
./datasets/SuffixArchivos/Mezcla//500.txt;kangaroo;0;0.001997;
./datasets/SuffixArchivos/Mezcla//500_2.txt;kangaroo;0;0.001997;
./datasets/SuffixArchivos/Mezcla//1000.txt;takosis;0;0.001001;
./datasets/SuffixArchivos/Mezcla//1000_2.txt;takosis;0;0.001001;
./datasets/SuffixArchivos/Mezcla//1000_3.txt;takosis;0;0.001001;
./datasets/SuffixArchivos/Mezcla//1000_4.txt;takosis;0;0.001001;
./datasets/SuffixArchivos/Mezcla//1000_5.txt;takosis;0;0.001001;
./datasets/SuffixArchivos/Mezcla//1000_6.txt;takosis;0;0.001001;
./datasets/SuffixArchivos/Mezcla//200.txt;takosis;0;0.001001;
./datasets/SuffixArchivos/Mezcla//200_2.txt;takosis;0;0.001001;
./datasets/SuffixArchivos/Mezcla//500.txt;takosis;0;0.001001;
./datasets/SuffixArchivos/Mezcla//500_2.txt;takosis;0;0.001001;
./datasets/SuffixArchivos/Mezcla//1000.txt;inconvertibility;0;0.001998;
./datasets/SuffixArchivos/Mezcla//1000_2.txt;inconvertibility;0;0.001998;
./datasets/SuffixArchivos/Mezcla//1000_3.txt;inconvertibility;0;0.001998;
./datasets/SuffixArchivos/Mezcla//1000_4.txt;inconvertibility;0;0.001998;
./datasets/SuffixArchivos/Mezcla//1000_5.txt;inconvertibility;0;0.001998;
./datasets/SuffixArchivos/Mezcla//1000_6.txt;inconvertibility;0;0.001998;
./datasets/SuffixArchivos/Mezcla//200.txt;inconvertibility;0;0.001998;
./datasets/SuffixArchivos/Mezcla//200_2.txt;inconvertibility;0;0.001998;
./datasets/SuffixArchivos/Mezcla//500.txt;inconvertibility;0;0.001998;
./datasets/SuffixArchivos/Mezcla//500_2.txt;inconvertibility;0;0.001998;
./datasets/SuffixArchivos/Mezcla//1000.txt;anesthetist;0;0.001;
./datasets/SuffixArchivos/Mezcla//1000_2.txt;anesthetist;0;0.001;
./datasets/SuffixArchivos/Mezcla//1000_3.txt;anesthetist;0;0.001;
./datasets/SuffixArchivos/Mezcla//1000_4.txt;anesthetist;0;0.001;
./datasets/SuffixArchivos/Mezcla//1000_5.txt;anesthetist;0;0.001;
./datasets/SuffixArchivos/Mezcla//1000_6.txt;anesthetist;0;0.001;
./datasets/SuffixArchivos/Mezcla//200.txt;anesthetist;0;0.001;
./datasets/SuffixArchivos/Mezcla//200_2.txt;anesthetist;0;0.001;
./datasets/SuffixArchivos/Mezcla//500.txt;anesthetist;0;0.001;
./datasets/SuffixArchivos/Mezcla//500_2.txt;anesthetist;0;0.001;
./datasets/SuffixArchivos/Mezcla//1000.txt;rumorproof;0;0.001001;
./datasets/SuffixArchivos/Mezcla//1000_2.txt;rumorproof;0;0.001001;
./datasets/SuffixArchivos/Mezcla//1000_3.txt;rumorproof;0;0.001001;
./datasets/SuffixArchivos/Mezcla//1000_4.txt;rumorproof;0;0.001001;
./datasets/SuffixArchivos/Mezcla//1000_5.txt;rumorproof;0;0.001001;
./datasets/SuffixArchivos/Mezcla//1000_6.txt;rumorproof;0;0.001001;
./datasets/SuffixArchivos/Mezcla//200.txt;rumorproof;0;0.001001;
./datasets/SuffixArchivos/Mezcla//200_2.txt;rumorproof;0;0.001001;
./datasets/SuffixArchivos/Mezcla//500.txt;rumorproof;0;0.001001;
./datasets/SuffixArchivos/Mezcla//500_2.txt;rumorproof;0;0.001001;
./datasets/SuffixArchivos/Mezcla//1000.txt;thoracoscopy;0;0.000999;
./datasets/SuffixArchivos/Mezcla//1000_2.txt;thoracoscopy;0;0.000999;
./datasets/SuffixArchivos/Mezcla//1000_3.txt;thoracoscopy;0;0.000999;
./datasets/SuffixArchivos/Mezcla//1000_4.txt;thoracoscopy;0;0.000999;
./datasets/SuffixArchivos/Mezcla//1000_5.txt;thoracoscopy;0;0.000999;
./datasets/SuffixArchivos/Mezcla//1000_6.txt;thoracoscopy;0;0.000999;
./datasets/SuffixArchivos/Mezcla//200.txt;thoracoscopy;0;0.000999;
./datasets/SuffixArchivos/Mezcla//200_2.txt;thoracoscopy;0;0.000999;
./datasets/SuffixArchivos/Mezcla//500.txt;thoracoscopy;0;0.000999;
./datasets/SuffixArchivos/Mezcla//500_2.txt;thoracoscopy;0;0.000999;
./datasets/SuffixArchivos/Mezcla//1000.txt;euphorbium;0;0.001;
./datasets/SuffixArchivos/Mezcla//1000_2.txt;euphorbium;0;0.001;
./datasets/SuffixArchivos/Mezcla//1000_3.txt;euphorbium;0;0.001;
./datasets/SuffixArchivos/Mezcla//1000_4.txt;euphorbium;0;0.001;
./datasets/SuffixArchivos/Mezcla//1000_5.txt;euphorbium;0;0.001;
./datasets/SuffixArchivos/Mezcla//1000_6.txt;euphorbium;0;0.001;
./datasets/SuffixArchivos/Mezcla//200.txt;euphorbium;0;0.001;
./datasets/SuffixArchivos/Mezcla//200_2.txt;euphorbium;0;0.001;
./datasets/SuffixArchivos/Mezcla//500.txt;euphorbium;0;0.001;
./datasets/SuffixArchivos/Mezcla//500_2.txt;euphorbium;0;0.001;
./datasets/SuffixArchivos/Mezcla//1000.txt;bizet;0;0.000999;
./datasets/SuffixArchivos/Mezcla//1000_2.txt;bizet;0;0.000999;
./datasets/SuffixArchivos/Mezcla//1000_3.txt;bizet;0;0.000999;
./datasets/SuffixArchivos/Mezcla//1000_4.txt;bizet;0;0.000999;
./datasets/SuffixArchivos/Mezcla//1000_5.txt;bizet;0;0.000999;
./datasets/SuffixArchivos/Mezcla//1000_6.txt;bizet;0;0.000999;
./datasets/SuffixArchivos/Mezcla//200.txt;bizet;0;0.000999;
./datasets/SuffixArchivos/Mezcla//200_2.txt;bizet;0;0.000999;
./datasets/SuffixArchivos/Mezcla//500.txt;bizet;0;0.000999;
./datasets/SuffixArchivos/Mezcla//500_2.txt;bizet;0;0.000999;
./datasets/SuffixArchivos/Mezcla//1000.txt;song;0;0.001;
./datasets/SuffixArchivos/Mezcla//1000_2.txt;song;0;0.001;
./datasets/SuffixArchivos/Mezcla//1000_3.txt;song;1;0.001;
./datasets/SuffixArchivos/Mezcla//1000_4.txt;song;0;0.001;
./datasets/SuffixArchivos/Mezcla//1000_5.txt;song;1;0.001;
./datasets/SuffixArchivos/Mezcla//1000_6.txt;song;1;0.001;
./datasets/SuffixArchivos/Mezcla//200.txt;song;1;0.001;
./datasets/SuffixArchivos/Mezcla//200_2.txt;song;0;0.001;
./datasets/SuffixArchivos/Mezcla//500.txt;song;0;0.001;
./datasets/SuffixArchivos/Mezcla//500_2.txt;song;6;0.001;
./datasets/SuffixArchivos/Mezcla//1000.txt;dolichocephali;0;0.000999;
./datasets/SuffixArchivos/Mezcla//1000_2.txt;dolichocephali;0;0.000999;
./datasets/SuffixArchivos/Mezcla//1000_3.txt;dolichocephali;0;0.000999;
./datasets/SuffixArchivos/Mezcla//1000_4.txt;dolichocephali;0;0.000999;
./datasets/SuffixArchivos/Mezcla//1000_5.txt;dolichocephali;0;0.000999;
./datasets/SuffixArchivos/Mezcla//1000_6.txt;dolichocephali;0;0.000999;
./datasets/SuffixArchivos/Mezcla//200.txt;dolichocephali;0;0.000999;
./datasets/SuffixArchivos/Mezcla//200_2.txt;dolichocephali;0;0.000999;
./datasets/SuffixArchivos/Mezcla//500.txt;dolichocephali;0;0.000999;
./datasets/SuffixArchivos/Mezcla//500_2.txt;dolichocephali;0;0.000999;
./datasets/SuffixArchivos/Mezcla//1000.txt;platemaker;0;0.001001;
./datasets/SuffixArchivos/Mezcla//1000_2.txt;platemaker;0;0.001001;
./datasets/SuffixArchivos/Mezcla//1000_3.txt;platemaker;0;0.001001;
./datasets/SuffixArchivos/Mezcla//1000_4.txt;platemaker;0;0.001001;
./datasets/SuffixArchivos/Mezcla//1000_5.txt;platemaker;0;0.001001;
./datasets/SuffixArchivos/Mezcla//1000_6.txt;platemaker;0;0.001001;
./datasets/SuffixArchivos/Mezcla//200.txt;platemaker;0;0.001001;
./datasets/SuffixArchivos/Mezcla//200_2.txt;platemaker;0;0.001001;
./datasets/SuffixArchivos/Mezcla//500.txt;platemaker;0;0.001001;
./datasets/SuffixArchivos/Mezcla//500_2.txt;platemaker;0;0.001001;
./datasets/SuffixArchivos/Mezcla//1000.txt;vesicupapular;0;0.001001;
./datasets/SuffixArchivos/Mezcla//1000_2.txt;vesicupapular;0;0.001001;
./datasets/SuffixArchivos/Mezcla//1000_3.txt;vesicupapular;0;0.001001;
./datasets/SuffixArchivos/Mezcla//1000_4.txt;vesicupapular;0;0.001001;
./datasets/SuffixArchivos/Mezcla//1000_5.txt;vesicupapular;0;0.001001;
./datasets/SuffixArchivos/Mezcla//1000_6.txt;vesicupapular;0;0.001001;
./datasets/SuffixArchivos/Mezcla//200.txt;vesicupapular;0;0.001001;
./datasets/SuffixArchivos/Mezcla//200_2.txt;vesicupapular;0;0.001001;
./datasets/SuffixArchivos/Mezcla//500.txt;vesicupapular;0;0.001001;
./datasets/SuffixArchivos/Mezcla//500_2.txt;vesicupapular;0;0.001001;
./datasets/SuffixArchivos/Mezcla//1000.txt;electroforming;0;0.000998;
./datasets/SuffixArchivos/Mezcla//1000_2.txt;electroforming;0;0.000998;
./datasets/SuffixArchivos/Mezcla//1000_3.txt;electroforming;0;0.000998;
./datasets/SuffixArchivos/Mezcla//1000_4.txt;electroforming;0;0.000998;
./datasets/SuffixArchivos/Mezcla//1000_5.txt;electroforming;0;0.000998;
./datasets/SuffixArchivos/Mezcla//1000_6.txt;electroforming;0;0.000998;
./datasets/SuffixArchivos/Mezcla//200.txt;electroforming;0;0.000998;
./datasets/SuffixArchivos/Mezcla//200_2.txt;electroforming;0;0.000998;
./datasets/SuffixArchivos/Mezcla//500.txt;electroforming;0;0.000998;
./datasets/SuffixArchivos/Mezcla//500_2.txt;electroforming;0;0.000998;
./datasets/SuffixArchivos/Mezcla//1000.txt;dilatingly;0;0.001;
./datasets/SuffixArchivos/Mezcla//1000_2.txt;dilatingly;0;0.001;
./datasets/SuffixArchivos/Mezcla//1000_3.txt;dilatingly;0;0.001;
./datasets/SuffixArchivos/Mezcla//1000_4.txt;dilatingly;0;0.001;
./datasets/SuffixArchivos/Mezcla//1000_5.txt;dilatingly;0;0.001;
./datasets/SuffixArchivos/Mezcla//1000_6.txt;dilatingly;0;0.001;
./datasets/SuffixArchivos/Mezcla//200.txt;dilatingly;0;0.001;
./datasets/SuffixArchivos/Mezcla//200_2.txt;dilatingly;0;0.001;
./datasets/SuffixArchivos/Mezcla//500.txt;dilatingly;0;0.001;
./datasets/SuffixArchivos/Mezcla//500_2.txt;dilatingly;0;0.001;
./datasets/SuffixArchivos/Mezcla//1000.txt;meethelp;0;0.001;
./datasets/SuffixArchivos/Mezcla//1000_2.txt;meethelp;0;0.001;
./datasets/SuffixArchivos/Mezcla//1000_3.txt;meethelp;0;0.001;
./datasets/SuffixArchivos/Mezcla//1000_4.txt;meethelp;0;0.001;
./datasets/SuffixArchivos/Mezcla//1000_5.txt;meethelp;0;0.001;
./datasets/SuffixArchivos/Mezcla//1000_6.txt;meethelp;0;0.001;
./datasets/SuffixArchivos/Mezcla//200.txt;meethelp;0;0.001;
./datasets/SuffixArchivos/Mezcla//200_2.txt;meethelp;0;0.001;
./datasets/SuffixArchivos/Mezcla//500.txt;meethelp;0;0.001;
./datasets/SuffixArchivos/Mezcla//500_2.txt;meethelp;0;0.001;
./datasets/SuffixArchivos/Mezcla//1000.txt;loincloth;0;0.000999;
./datasets/SuffixArchivos/Mezcla//1000_2.txt;loincloth;0;0.000999;
./datasets/SuffixArchivos/Mezcla//1000_3.txt;loincloth;0;0.000999;
./datasets/SuffixArchivos/Mezcla//1000_4.txt;loincloth;0;0.000999;
./datasets/SuffixArchivos/Mezcla//1000_5.txt;loincloth;0;0.000999;
./datasets/SuffixArchivos/Mezcla//1000_6.txt;loincloth;0;0.000999;
./datasets/SuffixArchivos/Mezcla//200.txt;loincloth;0;0.000999;
./datasets/SuffixArchivos/Mezcla//200_2.txt;loincloth;0;0.000999;
./datasets/SuffixArchivos/Mezcla//500.txt;loincloth;0;0.000999;
./datasets/SuffixArchivos/Mezcla//500_2.txt;loincloth;0;0.000999;
./datasets/SuffixArchivos/Mezcla//1000.txt;avowably;0;0.000999;
./datasets/SuffixArchivos/Mezcla//1000_2.txt;avowably;0;0.000999;
./datasets/SuffixArchivos/Mezcla//1000_3.txt;avowably;0;0.000999;
./datasets/SuffixArchivos/Mezcla//1000_4.txt;avowably;0;0.000999;
./datasets/SuffixArchivos/Mezcla//1000_5.txt;avowably;0;0.000999;
./datasets/SuffixArchivos/Mezcla//1000_6.txt;avowably;0;0.000999;
./datasets/SuffixArchivos/Mezcla//200.txt;avowably;0;0.000999;
./datasets/SuffixArchivos/Mezcla//200_2.txt;avowably;0;0.000999;
./datasets/SuffixArchivos/Mezcla//500.txt;avowably;0;0.000999;
./datasets/SuffixArchivos/Mezcla//500_2.txt;avowably;0;0.000999;
./datasets/SuffixArchivos/Mezcla//1000.txt;counterindicate;0;0.001987;
./datasets/SuffixArchivos/Mezcla//1000_2.txt;counterindicate;0;0.001987;
./datasets/SuffixArchivos/Mezcla//1000_3.txt;counterindicate;0;0.001987;
./datasets/SuffixArchivos/Mezcla//1000_4.txt;counterindicate;0;0.001987;
./datasets/SuffixArchivos/Mezcla//1000_5.txt;counterindicate;0;0.001987;
./datasets/SuffixArchivos/Mezcla//1000_6.txt;counterindicate;0;0.001987;
./datasets/SuffixArchivos/Mezcla//200.txt;counterindicate;0;0.001987;
./datasets/SuffixArchivos/Mezcla//200_2.txt;counterindicate;0;0.001987;
./datasets/SuffixArchivos/Mezcla//500.txt;counterindicate;0;0.001987;
./datasets/SuffixArchivos/Mezcla//500_2.txt;counterindicate;0;0.001987;
./datasets/SuffixArchivos/Mezcla//1000.txt;treacliness;0;0.001012;
./datasets/SuffixArchivos/Mezcla//1000_2.txt;treacliness;0;0.001012;
./datasets/SuffixArchivos/Mezcla//1000_3.txt;treacliness;0;0.001012;
./datasets/SuffixArchivos/Mezcla//1000_4.txt;treacliness;0;0.001012;
./datasets/SuffixArchivos/Mezcla//1000_5.txt;treacliness;0;0.001012;
./datasets/SuffixArchivos/Mezcla//1000_6.txt;treacliness;0;0.001012;
./datasets/SuffixArchivos/Mezcla//200.txt;treacliness;0;0.001012;
./datasets/SuffixArchivos/Mezcla//200_2.txt;treacliness;0;0.001012;
./datasets/SuffixArchivos/Mezcla//500.txt;treacliness;0;0.001012;
./datasets/SuffixArchivos/Mezcla//500_2.txt;treacliness;0;0.001012;
./datasets/SuffixArchivos/Mezcla//1000.txt;Epigonus;0;0.000999;
./datasets/SuffixArchivos/Mezcla//1000_2.txt;Epigonus;0;0.000999;
./datasets/SuffixArchivos/Mezcla//1000_3.txt;Epigonus;0;0.000999;
./datasets/SuffixArchivos/Mezcla//1000_4.txt;Epigonus;0;0.000999;
./datasets/SuffixArchivos/Mezcla//1000_5.txt;Epigonus;0;0.000999;
./datasets/SuffixArchivos/Mezcla//1000_6.txt;Epigonus;0;0.000999;
./datasets/SuffixArchivos/Mezcla//200.txt;Epigonus;0;0.000999;
./datasets/SuffixArchivos/Mezcla//200_2.txt;Epigonus;0;0.000999;
./datasets/SuffixArchivos/Mezcla//500.txt;Epigonus;0;0.000999;
./datasets/SuffixArchivos/Mezcla//500_2.txt;Epigonus;0;0.000999;
./datasets/SuffixArchivos/Mezcla//1000.txt;airmark;0;0.001;
./datasets/SuffixArchivos/Mezcla//1000_2.txt;airmark;0;0.001;
./datasets/SuffixArchivos/Mezcla//1000_3.txt;airmark;0;0.001;
./datasets/SuffixArchivos/Mezcla//1000_4.txt;airmark;0;0.001;
./datasets/SuffixArchivos/Mezcla//1000_5.txt;airmark;0;0.001;
./datasets/SuffixArchivos/Mezcla//1000_6.txt;airmark;0;0.001;
./datasets/SuffixArchivos/Mezcla//200.txt;airmark;0;0.001;
./datasets/SuffixArchivos/Mezcla//200_2.txt;airmark;0;0.001;
./datasets/SuffixArchivos/Mezcla//500.txt;airmark;0;0.001;
./datasets/SuffixArchivos/Mezcla//500_2.txt;airmark;0;0.001;
./datasets/SuffixArchivos/Mezcla//1000.txt;polarography;0;0.001;
./datasets/SuffixArchivos/Mezcla//1000_2.txt;polarography;0;0.001;
./datasets/SuffixArchivos/Mezcla//1000_3.txt;polarography;0;0.001;
./datasets/SuffixArchivos/Mezcla//1000_4.txt;polarography;0;0.001;
./datasets/SuffixArchivos/Mezcla//1000_5.txt;polarography;0;0.001;
./datasets/SuffixArchivos/Mezcla//1000_6.txt;polarography;0;0.001;
./datasets/SuffixArchivos/Mezcla//200.txt;polarography;0;0.001;
./datasets/SuffixArchivos/Mezcla//200_2.txt;polarography;0;0.001;
./datasets/SuffixArchivos/Mezcla//500.txt;polarography;0;0.001;
./datasets/SuffixArchivos/Mezcla//500_2.txt;polarography;0;0.001;
./datasets/SuffixArchivos/Mezcla//1000.txt;precomposition;0;0;
./datasets/SuffixArchivos/Mezcla//1000_2.txt;precomposition;0;0;
./datasets/SuffixArchivos/Mezcla//1000_3.txt;precomposition;0;0;
./datasets/SuffixArchivos/Mezcla//1000_4.txt;precomposition;0;0;
./datasets/SuffixArchivos/Mezcla//1000_5.txt;precomposition;0;0;
./datasets/SuffixArchivos/Mezcla//1000_6.txt;precomposition;0;0;
./datasets/SuffixArchivos/Mezcla//200.txt;precomposition;0;0;
./datasets/SuffixArchivos/Mezcla//200_2.txt;precomposition;0;0;
./datasets/SuffixArchivos/Mezcla//500.txt;precomposition;0;0;
./datasets/SuffixArchivos/Mezcla//500_2.txt;precomposition;0;0;
./datasets/SuffixArchivos/Mezcla//1000.txt;lemography;0;0.000999;
./datasets/SuffixArchivos/Mezcla//1000_2.txt;lemography;0;0.000999;
./datasets/SuffixArchivos/Mezcla//1000_3.txt;lemography;0;0.000999;
./datasets/SuffixArchivos/Mezcla//1000_4.txt;lemography;0;0.000999;
./datasets/SuffixArchivos/Mezcla//1000_5.txt;lemography;0;0.000999;
./datasets/SuffixArchivos/Mezcla//1000_6.txt;lemography;0;0.000999;
./datasets/SuffixArchivos/Mezcla//200.txt;lemography;0;0.000999;
./datasets/SuffixArchivos/Mezcla//200_2.txt;lemography;0;0.000999;
./datasets/SuffixArchivos/Mezcla//500.txt;lemography;0;0.000999;
./datasets/SuffixArchivos/Mezcla//500_2.txt;lemography;0;0.000999;
./datasets/SuffixArchivos/Mezcla//1000.txt;Apinage;0;0.00099;
./datasets/SuffixArchivos/Mezcla//1000_2.txt;Apinage;0;0.00099;
./datasets/SuffixArchivos/Mezcla//1000_3.txt;Apinage;0;0.00099;
./datasets/SuffixArchivos/Mezcla//1000_4.txt;Apinage;0;0.00099;
./datasets/SuffixArchivos/Mezcla//1000_5.txt;Apinage;0;0.00099;
./datasets/SuffixArchivos/Mezcla//1000_6.txt;Apinage;0;0.00099;
./datasets/SuffixArchivos/Mezcla//200.txt;Apinage;0;0.00099;
./datasets/SuffixArchivos/Mezcla//200_2.txt;Apinage;0;0.00099;
./datasets/SuffixArchivos/Mezcla//500.txt;Apinage;0;0.00099;
./datasets/SuffixArchivos/Mezcla//500_2.txt;Apinage;0;0.00099;
./datasets/SuffixArchivos/Mezcla//1000.txt;Taal;0;0.001003;
./datasets/SuffixArchivos/Mezcla//1000_2.txt;Taal;0;0.001003;
./datasets/SuffixArchivos/Mezcla//1000_3.txt;Taal;0;0.001003;
./datasets/SuffixArchivos/Mezcla//1000_4.txt;Taal;0;0.001003;
./datasets/SuffixArchivos/Mezcla//1000_5.txt;Taal;0;0.001003;
./datasets/SuffixArchivos/Mezcla//1000_6.txt;Taal;0;0.001003;
./datasets/SuffixArchivos/Mezcla//200.txt;Taal;0;0.001003;
./datasets/SuffixArchivos/Mezcla//200_2.txt;Taal;0;0.001003;
./datasets/SuffixArchivos/Mezcla//500.txt;Taal;0;0.001003;
./datasets/SuffixArchivos/Mezcla//500_2.txt;Taal;0;0.001003;
./datasets/SuffixArchivos/Mezcla//1000.txt;logology;0;0.001005;
./datasets/SuffixArchivos/Mezcla//1000_2.txt;logology;0;0.001005;
./datasets/SuffixArchivos/Mezcla//1000_3.txt;logology;0;0.001005;
./datasets/SuffixArchivos/Mezcla//1000_4.txt;logology;0;0.001005;
./datasets/SuffixArchivos/Mezcla//1000_5.txt;logology;0;0.001005;
./datasets/SuffixArchivos/Mezcla//1000_6.txt;logology;0;0.001005;
./datasets/SuffixArchivos/Mezcla//200.txt;logology;0;0.001005;
./datasets/SuffixArchivos/Mezcla//200_2.txt;logology;0;0.001005;
./datasets/SuffixArchivos/Mezcla//500.txt;logology;0;0.001005;
./datasets/SuffixArchivos/Mezcla//500_2.txt;logology;0;0.001005;
./datasets/SuffixArchivos/Mezcla//1000.txt;probeer;0;0.001;
./datasets/SuffixArchivos/Mezcla//1000_2.txt;probeer;0;0.001;
./datasets/SuffixArchivos/Mezcla//1000_3.txt;probeer;0;0.001;
./datasets/SuffixArchivos/Mezcla//1000_4.txt;probeer;0;0.001;
./datasets/SuffixArchivos/Mezcla//1000_5.txt;probeer;0;0.001;
./datasets/SuffixArchivos/Mezcla//1000_6.txt;probeer;0;0.001;
./datasets/SuffixArchivos/Mezcla//200.txt;probeer;0;0.001;
./datasets/SuffixArchivos/Mezcla//200_2.txt;probeer;0;0.001;
./datasets/SuffixArchivos/Mezcla//500.txt;probeer;0;0.001;
./datasets/SuffixArchivos/Mezcla//500_2.txt;probeer;0;0.001;
./datasets/SuffixArchivos/Mezcla//1000.txt;randomization;0;0.000999;
./datasets/SuffixArchivos/Mezcla//1000_2.txt;randomization;0;0.000999;
./datasets/SuffixArchivos/Mezcla//1000_3.txt;randomization;0;0.000999;
./datasets/SuffixArchivos/Mezcla//1000_4.txt;randomization;0;0.000999;
./datasets/SuffixArchivos/Mezcla//1000_5.txt;randomization;0;0.000999;
./datasets/SuffixArchivos/Mezcla//1000_6.txt;randomization;0;0.000999;
./datasets/SuffixArchivos/Mezcla//200.txt;randomization;0;0.000999;
./datasets/SuffixArchivos/Mezcla//200_2.txt;randomization;0;0.000999;
./datasets/SuffixArchivos/Mezcla//500.txt;randomization;0;0.000999;
./datasets/SuffixArchivos/Mezcla//500_2.txt;randomization;0;0.000999;
./datasets/SuffixArchivos/Mezcla//1000.txt;poditic;0;0;
./datasets/SuffixArchivos/Mezcla//1000_2.txt;poditic;0;0;
./datasets/SuffixArchivos/Mezcla//1000_3.txt;poditic;0;0;
./datasets/SuffixArchivos/Mezcla//1000_4.txt;poditic;0;0;
./datasets/SuffixArchivos/Mezcla//1000_5.txt;poditic;0;0;
./datasets/SuffixArchivos/Mezcla//1000_6.txt;poditic;0;0;
./datasets/SuffixArchivos/Mezcla//200.txt;poditic;0;0;
./datasets/SuffixArchivos/Mezcla//200_2.txt;poditic;0;0;
./datasets/SuffixArchivos/Mezcla//500.txt;poditic;0;0;
./datasets/SuffixArchivos/Mezcla//500_2.txt;poditic;0;0;
./datasets/SuffixArchivos/Mezcla//1000.txt;individualize;0;0.001;
./datasets/SuffixArchivos/Mezcla//1000_2.txt;individualize;0;0.001;
./datasets/SuffixArchivos/Mezcla//1000_3.txt;individualize;0;0.001;
./datasets/SuffixArchivos/Mezcla//1000_4.txt;individualize;0;0.001;
./datasets/SuffixArchivos/Mezcla//1000_5.txt;individualize;0;0.001;
./datasets/SuffixArchivos/Mezcla//1000_6.txt;individualize;0;0.001;
./datasets/SuffixArchivos/Mezcla//200.txt;individualize;0;0.001;
./datasets/SuffixArchivos/Mezcla//200_2.txt;individualize;0;0.001;
./datasets/SuffixArchivos/Mezcla//500.txt;individualize;0;0.001;
./datasets/SuffixArchivos/Mezcla//500_2.txt;individualize;0;0.001;
./datasets/SuffixArchivos/Mezcla//1000.txt;castigate;0;0.001004;
./datasets/SuffixArchivos/Mezcla//1000_2.txt;castigate;0;0.001004;
./datasets/SuffixArchivos/Mezcla//1000_3.txt;castigate;0;0.001004;
./datasets/SuffixArchivos/Mezcla//1000_4.txt;castigate;0;0.001004;
./datasets/SuffixArchivos/Mezcla//1000_5.txt;castigate;0;0.001004;
./datasets/SuffixArchivos/Mezcla//1000_6.txt;castigate;0;0.001004;
./datasets/SuffixArchivos/Mezcla//200.txt;castigate;0;0.001004;
./datasets/SuffixArchivos/Mezcla//200_2.txt;castigate;0;0.001004;
./datasets/SuffixArchivos/Mezcla//500.txt;castigate;0;0.001004;
./datasets/SuffixArchivos/Mezcla//500_2.txt;castigate;0;0.001004;
./datasets/SuffixArchivos/Mezcla//1000.txt;Biloculina;0;0.001982;
./datasets/SuffixArchivos/Mezcla//1000_2.txt;Biloculina;0;0.001982;
./datasets/SuffixArchivos/Mezcla//1000_3.txt;Biloculina;0;0.001982;
./datasets/SuffixArchivos/Mezcla//1000_4.txt;Biloculina;0;0.001982;
./datasets/SuffixArchivos/Mezcla//1000_5.txt;Biloculina;0;0.001982;
./datasets/SuffixArchivos/Mezcla//1000_6.txt;Biloculina;0;0.001982;
./datasets/SuffixArchivos/Mezcla//200.txt;Biloculina;0;0.001982;
./datasets/SuffixArchivos/Mezcla//200_2.txt;Biloculina;0;0.001982;
./datasets/SuffixArchivos/Mezcla//500.txt;Biloculina;0;0.001982;
./datasets/SuffixArchivos/Mezcla//500_2.txt;Biloculina;0;0.001982;
./datasets/SuffixArchivos/Mezcla//1000.txt;overscrub;0;0.001008;
./datasets/SuffixArchivos/Mezcla//1000_2.txt;overscrub;0;0.001008;
./datasets/SuffixArchivos/Mezcla//1000_3.txt;overscrub;0;0.001008;
./datasets/SuffixArchivos/Mezcla//1000_4.txt;overscrub;0;0.001008;
./datasets/SuffixArchivos/Mezcla//1000_5.txt;overscrub;0;0.001008;
./datasets/SuffixArchivos/Mezcla//1000_6.txt;overscrub;0;0.001008;
./datasets/SuffixArchivos/Mezcla//200.txt;overscrub;0;0.001008;
./datasets/SuffixArchivos/Mezcla//200_2.txt;overscrub;0;0.001008;
./datasets/SuffixArchivos/Mezcla//500.txt;overscrub;0;0.001008;
./datasets/SuffixArchivos/Mezcla//500_2.txt;overscrub;0;0.001008;
./datasets/SuffixArchivos/Mezcla//1000.txt;koolah;0;0.000999;
./datasets/SuffixArchivos/Mezcla//1000_2.txt;koolah;0;0.000999;
./datasets/SuffixArchivos/Mezcla//1000_3.txt;koolah;0;0.000999;
./datasets/SuffixArchivos/Mezcla//1000_4.txt;koolah;0;0.000999;
./datasets/SuffixArchivos/Mezcla//1000_5.txt;koolah;0;0.000999;
./datasets/SuffixArchivos/Mezcla//1000_6.txt;koolah;0;0.000999;
./datasets/SuffixArchivos/Mezcla//200.txt;koolah;0;0.000999;
./datasets/SuffixArchivos/Mezcla//200_2.txt;koolah;0;0.000999;
./datasets/SuffixArchivos/Mezcla//500.txt;koolah;0;0.000999;
./datasets/SuffixArchivos/Mezcla//500_2.txt;koolah;0;0.000999;
./datasets/SuffixArchivos/Mezcla//1000.txt;weetless;0;0.000999;
./datasets/SuffixArchivos/Mezcla//1000_2.txt;weetless;0;0.000999;
./datasets/SuffixArchivos/Mezcla//1000_3.txt;weetless;0;0.000999;
./datasets/SuffixArchivos/Mezcla//1000_4.txt;weetless;0;0.000999;
./datasets/SuffixArchivos/Mezcla//1000_5.txt;weetless;0;0.000999;
./datasets/SuffixArchivos/Mezcla//1000_6.txt;weetless;0;0.000999;
./datasets/SuffixArchivos/Mezcla//200.txt;weetless;0;0.000999;
./datasets/SuffixArchivos/Mezcla//200_2.txt;weetless;0;0.000999;
./datasets/SuffixArchivos/Mezcla//500.txt;weetless;0;0.000999;
./datasets/SuffixArchivos/Mezcla//500_2.txt;weetless;0;0.000999;
./datasets/SuffixArchivos/Mezcla//1000.txt;erased;0;0.000999;
./datasets/SuffixArchivos/Mezcla//1000_2.txt;erased;0;0.000999;
./datasets/SuffixArchivos/Mezcla//1000_3.txt;erased;0;0.000999;
./datasets/SuffixArchivos/Mezcla//1000_4.txt;erased;0;0.000999;
./datasets/SuffixArchivos/Mezcla//1000_5.txt;erased;0;0.000999;
./datasets/SuffixArchivos/Mezcla//1000_6.txt;erased;0;0.000999;
./datasets/SuffixArchivos/Mezcla//200.txt;erased;0;0.000999;
./datasets/SuffixArchivos/Mezcla//200_2.txt;erased;0;0.000999;
./datasets/SuffixArchivos/Mezcla//500.txt;erased;0;0.000999;
./datasets/SuffixArchivos/Mezcla//500_2.txt;erased;0;0.000999;
./datasets/SuffixArchivos/Mezcla//1000.txt;layery;0;0.000989;
./datasets/SuffixArchivos/Mezcla//1000_2.txt;layery;0;0.000989;
./datasets/SuffixArchivos/Mezcla//1000_3.txt;layery;0;0.000989;
./datasets/SuffixArchivos/Mezcla//1000_4.txt;layery;0;0.000989;
./datasets/SuffixArchivos/Mezcla//1000_5.txt;layery;0;0.000989;
./datasets/SuffixArchivos/Mezcla//1000_6.txt;layery;0;0.000989;
./datasets/SuffixArchivos/Mezcla//200.txt;layery;0;0.000989;
./datasets/SuffixArchivos/Mezcla//200_2.txt;layery;0;0.000989;
./datasets/SuffixArchivos/Mezcla//500.txt;layery;0;0.000989;
./datasets/SuffixArchivos/Mezcla//500_2.txt;layery;0;0.000989;
./datasets/SuffixArchivos/Mezcla//1000.txt;discontinuee;0;0.000996;
./datasets/SuffixArchivos/Mezcla//1000_2.txt;discontinuee;0;0.000996;
./datasets/SuffixArchivos/Mezcla//1000_3.txt;discontinuee;0;0.000996;
./datasets/SuffixArchivos/Mezcla//1000_4.txt;discontinuee;0;0.000996;
./datasets/SuffixArchivos/Mezcla//1000_5.txt;discontinuee;0;0.000996;
./datasets/SuffixArchivos/Mezcla//1000_6.txt;discontinuee;0;0.000996;
./datasets/SuffixArchivos/Mezcla//200.txt;discontinuee;0;0.000996;
./datasets/SuffixArchivos/Mezcla//200_2.txt;discontinuee;0;0.000996;
./datasets/SuffixArchivos/Mezcla//500.txt;discontinuee;0;0.000996;
./datasets/SuffixArchivos/Mezcla//500_2.txt;discontinuee;0;0.000996;
./datasets/SuffixArchivos/Mezcla//1000.txt;anaphylatoxin;0;0.001012;
./datasets/SuffixArchivos/Mezcla//1000_2.txt;anaphylatoxin;0;0.001012;
./datasets/SuffixArchivos/Mezcla//1000_3.txt;anaphylatoxin;0;0.001012;
./datasets/SuffixArchivos/Mezcla//1000_4.txt;anaphylatoxin;0;0.001012;
./datasets/SuffixArchivos/Mezcla//1000_5.txt;anaphylatoxin;0;0.001012;
./datasets/SuffixArchivos/Mezcla//1000_6.txt;anaphylatoxin;0;0.001012;
./datasets/SuffixArchivos/Mezcla//200.txt;anaphylatoxin;0;0.001012;
./datasets/SuffixArchivos/Mezcla//200_2.txt;anaphylatoxin;0;0.001012;
./datasets/SuffixArchivos/Mezcla//500.txt;anaphylatoxin;0;0.001012;
./datasets/SuffixArchivos/Mezcla//500_2.txt;anaphylatoxin;0;0.001012;
./datasets/SuffixArchivos/Mezcla//1000.txt;unwounded;0;0.001;
./datasets/SuffixArchivos/Mezcla//1000_2.txt;unwounded;0;0.001;
./datasets/SuffixArchivos/Mezcla//1000_3.txt;unwounded;0;0.001;
./datasets/SuffixArchivos/Mezcla//1000_4.txt;unwounded;0;0.001;
./datasets/SuffixArchivos/Mezcla//1000_5.txt;unwounded;0;0.001;
./datasets/SuffixArchivos/Mezcla//1000_6.txt;unwounded;0;0.001;
./datasets/SuffixArchivos/Mezcla//200.txt;unwounded;0;0.001;
./datasets/SuffixArchivos/Mezcla//200_2.txt;unwounded;0;0.001;
./datasets/SuffixArchivos/Mezcla//500.txt;unwounded;0;0.001;
./datasets/SuffixArchivos/Mezcla//500_2.txt;unwounded;0;0.001;
./datasets/SuffixArchivos/Mezcla//1000.txt;personalism;0;0.001;
./datasets/SuffixArchivos/Mezcla//1000_2.txt;personalism;0;0.001;
./datasets/SuffixArchivos/Mezcla//1000_3.txt;personalism;0;0.001;
./datasets/SuffixArchivos/Mezcla//1000_4.txt;personalism;0;0.001;
./datasets/SuffixArchivos/Mezcla//1000_5.txt;personalism;0;0.001;
./datasets/SuffixArchivos/Mezcla//1000_6.txt;personalism;0;0.001;
./datasets/SuffixArchivos/Mezcla//200.txt;personalism;0;0.001;
./datasets/SuffixArchivos/Mezcla//200_2.txt;personalism;0;0.001;
./datasets/SuffixArchivos/Mezcla//500.txt;personalism;0;0.001;
./datasets/SuffixArchivos/Mezcla//500_2.txt;personalism;0;0.001;
./datasets/SuffixArchivos/Mezcla//1000.txt;howitzer;0;0.001002;
./datasets/SuffixArchivos/Mezcla//1000_2.txt;howitzer;0;0.001002;
./datasets/SuffixArchivos/Mezcla//1000_3.txt;howitzer;0;0.001002;
./datasets/SuffixArchivos/Mezcla//1000_4.txt;howitzer;0;0.001002;
./datasets/SuffixArchivos/Mezcla//1000_5.txt;howitzer;0;0.001002;
./datasets/SuffixArchivos/Mezcla//1000_6.txt;howitzer;0;0.001002;
./datasets/SuffixArchivos/Mezcla//200.txt;howitzer;0;0.001002;
./datasets/SuffixArchivos/Mezcla//200_2.txt;howitzer;0;0.001002;
./datasets/SuffixArchivos/Mezcla//500.txt;howitzer;0;0.001002;
./datasets/SuffixArchivos/Mezcla//500_2.txt;howitzer;0;0.001002;
./datasets/SuffixArchivos/Mezcla//1000.txt;hexahydroxy;0;0.000998;
./datasets/SuffixArchivos/Mezcla//1000_2.txt;hexahydroxy;0;0.000998;
./datasets/SuffixArchivos/Mezcla//1000_3.txt;hexahydroxy;0;0.000998;
./datasets/SuffixArchivos/Mezcla//1000_4.txt;hexahydroxy;0;0.000998;
./datasets/SuffixArchivos/Mezcla//1000_5.txt;hexahydroxy;0;0.000998;
./datasets/SuffixArchivos/Mezcla//1000_6.txt;hexahydroxy;0;0.000998;
./datasets/SuffixArchivos/Mezcla//200.txt;hexahydroxy;0;0.000998;
./datasets/SuffixArchivos/Mezcla//200_2.txt;hexahydroxy;0;0.000998;
./datasets/SuffixArchivos/Mezcla//500.txt;hexahydroxy;0;0.000998;
./datasets/SuffixArchivos/Mezcla//500_2.txt;hexahydroxy;0;0.000998;
./datasets/SuffixArchivos/Mezcla//1000.txt;koku;0;0.000984;
./datasets/SuffixArchivos/Mezcla//1000_2.txt;koku;0;0.000984;
./datasets/SuffixArchivos/Mezcla//1000_3.txt;koku;0;0.000984;
./datasets/SuffixArchivos/Mezcla//1000_4.txt;koku;0;0.000984;
./datasets/SuffixArchivos/Mezcla//1000_5.txt;koku;0;0.000984;
./datasets/SuffixArchivos/Mezcla//1000_6.txt;koku;0;0.000984;
./datasets/SuffixArchivos/Mezcla//200.txt;koku;0;0.000984;
./datasets/SuffixArchivos/Mezcla//200_2.txt;koku;0;0.000984;
./datasets/SuffixArchivos/Mezcla//500.txt;koku;0;0.000984;
./datasets/SuffixArchivos/Mezcla//500_2.txt;koku;0;0.000984;
./datasets/SuffixArchivos/Mezcla//1000.txt;reamer;0;0.001;
./datasets/SuffixArchivos/Mezcla//1000_2.txt;reamer;0;0.001;
./datasets/SuffixArchivos/Mezcla//1000_3.txt;reamer;0;0.001;
./datasets/SuffixArchivos/Mezcla//1000_4.txt;reamer;0;0.001;
./datasets/SuffixArchivos/Mezcla//1000_5.txt;reamer;0;0.001;
./datasets/SuffixArchivos/Mezcla//1000_6.txt;reamer;0;0.001;
./datasets/SuffixArchivos/Mezcla//200.txt;reamer;0;0.001;
./datasets/SuffixArchivos/Mezcla//200_2.txt;reamer;0;0.001;
./datasets/SuffixArchivos/Mezcla//500.txt;reamer;0;0.001;
./datasets/SuffixArchivos/Mezcla//500_2.txt;reamer;0;0.001;
./datasets/SuffixArchivos/Mezcla//1000.txt;tonguiness;0;0.001001;
./datasets/SuffixArchivos/Mezcla//1000_2.txt;tonguiness;0;0.001001;
./datasets/SuffixArchivos/Mezcla//1000_3.txt;tonguiness;0;0.001001;
./datasets/SuffixArchivos/Mezcla//1000_4.txt;tonguiness;0;0.001001;
./datasets/SuffixArchivos/Mezcla//1000_5.txt;tonguiness;0;0.001001;
./datasets/SuffixArchivos/Mezcla//1000_6.txt;tonguiness;0;0.001001;
./datasets/SuffixArchivos/Mezcla//200.txt;tonguiness;0;0.001001;
./datasets/SuffixArchivos/Mezcla//200_2.txt;tonguiness;0;0.001001;
./datasets/SuffixArchivos/Mezcla//500.txt;tonguiness;0;0.001001;
./datasets/SuffixArchivos/Mezcla//500_2.txt;tonguiness;0;0.001001;
./datasets/SuffixArchivos/Mezcla//1000.txt;microgametocyte;0;0.001996;
./datasets/SuffixArchivos/Mezcla//1000_2.txt;microgametocyte;0;0.001996;
./datasets/SuffixArchivos/Mezcla//1000_3.txt;microgametocyte;0;0.001996;
./datasets/SuffixArchivos/Mezcla//1000_4.txt;microgametocyte;0;0.001996;
./datasets/SuffixArchivos/Mezcla//1000_5.txt;microgametocyte;0;0.001996;
./datasets/SuffixArchivos/Mezcla//1000_6.txt;microgametocyte;0;0.001996;
./datasets/SuffixArchivos/Mezcla//200.txt;microgametocyte;0;0.001996;
./datasets/SuffixArchivos/Mezcla//200_2.txt;microgametocyte;0;0.001996;
./datasets/SuffixArchivos/Mezcla//500.txt;microgametocyte;0;0.001996;
./datasets/SuffixArchivos/Mezcla//500_2.txt;microgametocyte;0;0.001996;
./datasets/SuffixArchivos/Mezcla//1000.txt;baba;0;0.001001;
./datasets/SuffixArchivos/Mezcla//1000_2.txt;baba;0;0.001001;
./datasets/SuffixArchivos/Mezcla//1000_3.txt;baba;0;0.001001;
./datasets/SuffixArchivos/Mezcla//1000_4.txt;baba;0;0.001001;
./datasets/SuffixArchivos/Mezcla//1000_5.txt;baba;0;0.001001;
./datasets/SuffixArchivos/Mezcla//1000_6.txt;baba;0;0.001001;
./datasets/SuffixArchivos/Mezcla//200.txt;baba;0;0.001001;
./datasets/SuffixArchivos/Mezcla//200_2.txt;baba;0;0.001001;
./datasets/SuffixArchivos/Mezcla//500.txt;baba;0;0.001001;
./datasets/SuffixArchivos/Mezcla//500_2.txt;baba;0;0.001001;
./datasets/SuffixArchivos/Mezcla//1000.txt;ludefisk;0;0.001;
./datasets/SuffixArchivos/Mezcla//1000_2.txt;ludefisk;0;0.001;
./datasets/SuffixArchivos/Mezcla//1000_3.txt;ludefisk;0;0.001;
./datasets/SuffixArchivos/Mezcla//1000_4.txt;ludefisk;0;0.001;
./datasets/SuffixArchivos/Mezcla//1000_5.txt;ludefisk;0;0.001;
./datasets/SuffixArchivos/Mezcla//1000_6.txt;ludefisk;0;0.001;
./datasets/SuffixArchivos/Mezcla//200.txt;ludefisk;0;0.001;
./datasets/SuffixArchivos/Mezcla//200_2.txt;ludefisk;0;0.001;
./datasets/SuffixArchivos/Mezcla//500.txt;ludefisk;0;0.001;
./datasets/SuffixArchivos/Mezcla//500_2.txt;ludefisk;0;0.001;
./datasets/SuffixArchivos/Mezcla//1000.txt;novelwright;0;0.001;
./datasets/SuffixArchivos/Mezcla//1000_2.txt;novelwright;0;0.001;
./datasets/SuffixArchivos/Mezcla//1000_3.txt;novelwright;0;0.001;
./datasets/SuffixArchivos/Mezcla//1000_4.txt;novelwright;0;0.001;
./datasets/SuffixArchivos/Mezcla//1000_5.txt;novelwright;0;0.001;
./datasets/SuffixArchivos/Mezcla//1000_6.txt;novelwright;0;0.001;
./datasets/SuffixArchivos/Mezcla//200.txt;novelwright;0;0.001;
./datasets/SuffixArchivos/Mezcla//200_2.txt;novelwright;0;0.001;
./datasets/SuffixArchivos/Mezcla//500.txt;novelwright;0;0.001;
./datasets/SuffixArchivos/Mezcla//500_2.txt;novelwright;0;0.001;
./datasets/SuffixArchivos/Mezcla//1000.txt;swinehull;0;0.001997;
./datasets/SuffixArchivos/Mezcla//1000_2.txt;swinehull;0;0.001997;
./datasets/SuffixArchivos/Mezcla//1000_3.txt;swinehull;0;0.001997;
./datasets/SuffixArchivos/Mezcla//1000_4.txt;swinehull;0;0.001997;
./datasets/SuffixArchivos/Mezcla//1000_5.txt;swinehull;0;0.001997;
./datasets/SuffixArchivos/Mezcla//1000_6.txt;swinehull;0;0.001997;
./datasets/SuffixArchivos/Mezcla//200.txt;swinehull;0;0.001997;
./datasets/SuffixArchivos/Mezcla//200_2.txt;swinehull;0;0.001997;
./datasets/SuffixArchivos/Mezcla//500.txt;swinehull;0;0.001997;
./datasets/SuffixArchivos/Mezcla//500_2.txt;swinehull;0;0.001997;
./datasets/SuffixArchivos/Mezcla//1000.txt;Odonata;0;0.001001;
./datasets/SuffixArchivos/Mezcla//1000_2.txt;Odonata;0;0.001001;
./datasets/SuffixArchivos/Mezcla//1000_3.txt;Odonata;0;0.001001;
./datasets/SuffixArchivos/Mezcla//1000_4.txt;Odonata;0;0.001001;
./datasets/SuffixArchivos/Mezcla//1000_5.txt;Odonata;0;0.001001;
./datasets/SuffixArchivos/Mezcla//1000_6.txt;Odonata;0;0.001001;
./datasets/SuffixArchivos/Mezcla//200.txt;Odonata;0;0.001001;
./datasets/SuffixArchivos/Mezcla//200_2.txt;Odonata;0;0.001001;
./datasets/SuffixArchivos/Mezcla//500.txt;Odonata;0;0.001001;
./datasets/SuffixArchivos/Mezcla//500_2.txt;Odonata;0;0.001001;
./datasets/SuffixArchivos/Mezcla//1000.txt;indefinable;0;0.000999;
./datasets/SuffixArchivos/Mezcla//1000_2.txt;indefinable;0;0.000999;
./datasets/SuffixArchivos/Mezcla//1000_3.txt;indefinable;0;0.000999;
./datasets/SuffixArchivos/Mezcla//1000_4.txt;indefinable;0;0.000999;
./datasets/SuffixArchivos/Mezcla//1000_5.txt;indefinable;0;0.000999;
./datasets/SuffixArchivos/Mezcla//1000_6.txt;indefinable;0;0.000999;
./datasets/SuffixArchivos/Mezcla//200.txt;indefinable;0;0.000999;
./datasets/SuffixArchivos/Mezcla//200_2.txt;indefinable;0;0.000999;
./datasets/SuffixArchivos/Mezcla//500.txt;indefinable;0;0.000999;
./datasets/SuffixArchivos/Mezcla//500_2.txt;indefinable;0;0.000999;
./datasets/SuffixArchivos/Mezcla//1000.txt;faineance;0;0.001;
./datasets/SuffixArchivos/Mezcla//1000_2.txt;faineance;0;0.001;
./datasets/SuffixArchivos/Mezcla//1000_3.txt;faineance;0;0.001;
./datasets/SuffixArchivos/Mezcla//1000_4.txt;faineance;0;0.001;
./datasets/SuffixArchivos/Mezcla//1000_5.txt;faineance;0;0.001;
./datasets/SuffixArchivos/Mezcla//1000_6.txt;faineance;0;0.001;
./datasets/SuffixArchivos/Mezcla//200.txt;faineance;0;0.001;
./datasets/SuffixArchivos/Mezcla//200_2.txt;faineance;0;0.001;
./datasets/SuffixArchivos/Mezcla//500.txt;faineance;0;0.001;
./datasets/SuffixArchivos/Mezcla//500_2.txt;faineance;0;0.001;
./datasets/SuffixArchivos/Mezcla//1000.txt;nidologist;0;0.000999;
./datasets/SuffixArchivos/Mezcla//1000_2.txt;nidologist;0;0.000999;
./datasets/SuffixArchivos/Mezcla//1000_3.txt;nidologist;0;0.000999;
./datasets/SuffixArchivos/Mezcla//1000_4.txt;nidologist;0;0.000999;
./datasets/SuffixArchivos/Mezcla//1000_5.txt;nidologist;0;0.000999;
./datasets/SuffixArchivos/Mezcla//1000_6.txt;nidologist;0;0.000999;
./datasets/SuffixArchivos/Mezcla//200.txt;nidologist;0;0.000999;
./datasets/SuffixArchivos/Mezcla//200_2.txt;nidologist;0;0.000999;
./datasets/SuffixArchivos/Mezcla//500.txt;nidologist;0;0.000999;
./datasets/SuffixArchivos/Mezcla//500_2.txt;nidologist;0;0.000999;
./datasets/SuffixArchivos/Mezcla//1000.txt;supracargo;0;0.001;
./datasets/SuffixArchivos/Mezcla//1000_2.txt;supracargo;0;0.001;
./datasets/SuffixArchivos/Mezcla//1000_3.txt;supracargo;0;0.001;
./datasets/SuffixArchivos/Mezcla//1000_4.txt;supracargo;0;0.001;
./datasets/SuffixArchivos/Mezcla//1000_5.txt;supracargo;0;0.001;
./datasets/SuffixArchivos/Mezcla//1000_6.txt;supracargo;0;0.001;
./datasets/SuffixArchivos/Mezcla//200.txt;supracargo;0;0.001;
./datasets/SuffixArchivos/Mezcla//200_2.txt;supracargo;0;0.001;
./datasets/SuffixArchivos/Mezcla//500.txt;supracargo;0;0.001;
./datasets/SuffixArchivos/Mezcla//500_2.txt;supracargo;0;0.001;
./datasets/SuffixArchivos/Mezcla//1000.txt;beriberic;0;0.001;
./datasets/SuffixArchivos/Mezcla//1000_2.txt;beriberic;0;0.001;
./datasets/SuffixArchivos/Mezcla//1000_3.txt;beriberic;0;0.001;
./datasets/SuffixArchivos/Mezcla//1000_4.txt;beriberic;0;0.001;
./datasets/SuffixArchivos/Mezcla//1000_5.txt;beriberic;0;0.001;
./datasets/SuffixArchivos/Mezcla//1000_6.txt;beriberic;0;0.001;
./datasets/SuffixArchivos/Mezcla//200.txt;beriberic;0;0.001;
./datasets/SuffixArchivos/Mezcla//200_2.txt;beriberic;0;0.001;
./datasets/SuffixArchivos/Mezcla//500.txt;beriberic;0;0.001;
./datasets/SuffixArchivos/Mezcla//500_2.txt;beriberic;0;0.001;
./datasets/SuffixArchivos/Mezcla//1000.txt;betso;0;0.000996;
./datasets/SuffixArchivos/Mezcla//1000_2.txt;betso;0;0.000996;
./datasets/SuffixArchivos/Mezcla//1000_3.txt;betso;0;0.000996;
./datasets/SuffixArchivos/Mezcla//1000_4.txt;betso;0;0.000996;
./datasets/SuffixArchivos/Mezcla//1000_5.txt;betso;0;0.000996;
./datasets/SuffixArchivos/Mezcla//1000_6.txt;betso;0;0.000996;
./datasets/SuffixArchivos/Mezcla//200.txt;betso;0;0.000996;
./datasets/SuffixArchivos/Mezcla//200_2.txt;betso;0;0.000996;
./datasets/SuffixArchivos/Mezcla//500.txt;betso;0;0.000996;
./datasets/SuffixArchivos/Mezcla//500_2.txt;betso;0;0.000996;
./datasets/SuffixArchivos/Mezcla//1000.txt;archheart;0;0.001001;
./datasets/SuffixArchivos/Mezcla//1000_2.txt;archheart;0;0.001001;
./datasets/SuffixArchivos/Mezcla//1000_3.txt;archheart;0;0.001001;
./datasets/SuffixArchivos/Mezcla//1000_4.txt;archheart;0;0.001001;
./datasets/SuffixArchivos/Mezcla//1000_5.txt;archheart;0;0.001001;
./datasets/SuffixArchivos/Mezcla//1000_6.txt;archheart;0;0.001001;
./datasets/SuffixArchivos/Mezcla//200.txt;archheart;0;0.001001;
./datasets/SuffixArchivos/Mezcla//200_2.txt;archheart;0;0.001001;
./datasets/SuffixArchivos/Mezcla//500.txt;archheart;0;0.001001;
./datasets/SuffixArchivos/Mezcla//500_2.txt;archheart;0;0.001001;
./datasets/SuffixArchivos/Mezcla//1000.txt;snary;0;0.000999;
./datasets/SuffixArchivos/Mezcla//1000_2.txt;snary;0;0.000999;
./datasets/SuffixArchivos/Mezcla//1000_3.txt;snary;0;0.000999;
./datasets/SuffixArchivos/Mezcla//1000_4.txt;snary;0;0.000999;
./datasets/SuffixArchivos/Mezcla//1000_5.txt;snary;0;0.000999;
./datasets/SuffixArchivos/Mezcla//1000_6.txt;snary;0;0.000999;
./datasets/SuffixArchivos/Mezcla//200.txt;snary;0;0.000999;
./datasets/SuffixArchivos/Mezcla//200_2.txt;snary;0;0.000999;
./datasets/SuffixArchivos/Mezcla//500.txt;snary;0;0.000999;
./datasets/SuffixArchivos/Mezcla//500_2.txt;snary;0;0.000999;
./datasets/SuffixArchivos/Mezcla//1000.txt;Viminal;0;0.000998;
./datasets/SuffixArchivos/Mezcla//1000_2.txt;Viminal;0;0.000998;
./datasets/SuffixArchivos/Mezcla//1000_3.txt;Viminal;0;0.000998;
./datasets/SuffixArchivos/Mezcla//1000_4.txt;Viminal;0;0.000998;
./datasets/SuffixArchivos/Mezcla//1000_5.txt;Viminal;0;0.000998;
./datasets/SuffixArchivos/Mezcla//1000_6.txt;Viminal;0;0.000998;
./datasets/SuffixArchivos/Mezcla//200.txt;Viminal;0;0.000998;
./datasets/SuffixArchivos/Mezcla//200_2.txt;Viminal;0;0.000998;
./datasets/SuffixArchivos/Mezcla//500.txt;Viminal;0;0.000998;
./datasets/SuffixArchivos/Mezcla//500_2.txt;Viminal;0;0.000998;
./datasets/SuffixArchivos/Mezcla//1000.txt;Pygopodidae;0;0.001019;
./datasets/SuffixArchivos/Mezcla//1000_2.txt;Pygopodidae;0;0.001019;
./datasets/SuffixArchivos/Mezcla//1000_3.txt;Pygopodidae;0;0.001019;
./datasets/SuffixArchivos/Mezcla//1000_4.txt;Pygopodidae;0;0.001019;
./datasets/SuffixArchivos/Mezcla//1000_5.txt;Pygopodidae;0;0.001019;
./datasets/SuffixArchivos/Mezcla//1000_6.txt;Pygopodidae;0;0.001019;
./datasets/SuffixArchivos/Mezcla//200.txt;Pygopodidae;0;0.001019;
./datasets/SuffixArchivos/Mezcla//200_2.txt;Pygopodidae;0;0.001019;
./datasets/SuffixArchivos/Mezcla//500.txt;Pygopodidae;0;0.001019;
./datasets/SuffixArchivos/Mezcla//500_2.txt;Pygopodidae;0;0.001019;
./datasets/SuffixArchivos/Mezcla//1000.txt;acetylenediurein;0;0.001015;
./datasets/SuffixArchivos/Mezcla//1000_2.txt;acetylenediurein;0;0.001015;
./datasets/SuffixArchivos/Mezcla//1000_3.txt;acetylenediurein;0;0.001015;
./datasets/SuffixArchivos/Mezcla//1000_4.txt;acetylenediurein;0;0.001015;
./datasets/SuffixArchivos/Mezcla//1000_5.txt;acetylenediurein;0;0.001015;
./datasets/SuffixArchivos/Mezcla//1000_6.txt;acetylenediurein;0;0.001015;
./datasets/SuffixArchivos/Mezcla//200.txt;acetylenediurein;0;0.001015;
./datasets/SuffixArchivos/Mezcla//200_2.txt;acetylenediurein;0;0.001015;
./datasets/SuffixArchivos/Mezcla//500.txt;acetylenediurein;0;0.001015;
./datasets/SuffixArchivos/Mezcla//500_2.txt;acetylenediurein;0;0.001015;
./datasets/SuffixArchivos/Mezcla//1000.txt;asphalt;0;0.000986;
./datasets/SuffixArchivos/Mezcla//1000_2.txt;asphalt;0;0.000986;
./datasets/SuffixArchivos/Mezcla//1000_3.txt;asphalt;0;0.000986;
./datasets/SuffixArchivos/Mezcla//1000_4.txt;asphalt;0;0.000986;
./datasets/SuffixArchivos/Mezcla//1000_5.txt;asphalt;0;0.000986;
./datasets/SuffixArchivos/Mezcla//1000_6.txt;asphalt;0;0.000986;
./datasets/SuffixArchivos/Mezcla//200.txt;asphalt;0;0.000986;
./datasets/SuffixArchivos/Mezcla//200_2.txt;asphalt;0;0.000986;
./datasets/SuffixArchivos/Mezcla//500.txt;asphalt;0;0.000986;
./datasets/SuffixArchivos/Mezcla//500_2.txt;asphalt;0;0.000986;
./datasets/SuffixArchivos/Mezcla//1000.txt;preimpress;0;0.001017;
./datasets/SuffixArchivos/Mezcla//1000_2.txt;preimpress;0;0.001017;
./datasets/SuffixArchivos/Mezcla//1000_3.txt;preimpress;0;0.001017;
./datasets/SuffixArchivos/Mezcla//1000_4.txt;preimpress;0;0.001017;
./datasets/SuffixArchivos/Mezcla//1000_5.txt;preimpress;0;0.001017;
./datasets/SuffixArchivos/Mezcla//1000_6.txt;preimpress;0;0.001017;
./datasets/SuffixArchivos/Mezcla//200.txt;preimpress;0;0.001017;
./datasets/SuffixArchivos/Mezcla//200_2.txt;preimpress;0;0.001017;
./datasets/SuffixArchivos/Mezcla//500.txt;preimpress;0;0.001017;
./datasets/SuffixArchivos/Mezcla//500_2.txt;preimpress;0;0.001017;
./datasets/SuffixArchivos/Mezcla//1000.txt;fountainlet;0;0.000981;
./datasets/SuffixArchivos/Mezcla//1000_2.txt;fountainlet;0;0.000981;
./datasets/SuffixArchivos/Mezcla//1000_3.txt;fountainlet;0;0.000981;
./datasets/SuffixArchivos/Mezcla//1000_4.txt;fountainlet;0;0.000981;
./datasets/SuffixArchivos/Mezcla//1000_5.txt;fountainlet;0;0.000981;
./datasets/SuffixArchivos/Mezcla//1000_6.txt;fountainlet;0;0.000981;
./datasets/SuffixArchivos/Mezcla//200.txt;fountainlet;0;0.000981;
./datasets/SuffixArchivos/Mezcla//200_2.txt;fountainlet;0;0.000981;
./datasets/SuffixArchivos/Mezcla//500.txt;fountainlet;0;0.000981;
./datasets/SuffixArchivos/Mezcla//500_2.txt;fountainlet;0;0.000981;
./datasets/SuffixArchivos/Mezcla//1000.txt;bejel;0;0.001001;
./datasets/SuffixArchivos/Mezcla//1000_2.txt;bejel;0;0.001001;
./datasets/SuffixArchivos/Mezcla//1000_3.txt;bejel;0;0.001001;
./datasets/SuffixArchivos/Mezcla//1000_4.txt;bejel;0;0.001001;
./datasets/SuffixArchivos/Mezcla//1000_5.txt;bejel;0;0.001001;
./datasets/SuffixArchivos/Mezcla//1000_6.txt;bejel;0;0.001001;
./datasets/SuffixArchivos/Mezcla//200.txt;bejel;0;0.001001;
./datasets/SuffixArchivos/Mezcla//200_2.txt;bejel;0;0.001001;
./datasets/SuffixArchivos/Mezcla//500.txt;bejel;0;0.001001;
./datasets/SuffixArchivos/Mezcla//500_2.txt;bejel;0;0.001001;
./datasets/SuffixArchivos/Mezcla//1000.txt;unpictorially;0;0.001011;
./datasets/SuffixArchivos/Mezcla//1000_2.txt;unpictorially;0;0.001011;
./datasets/SuffixArchivos/Mezcla//1000_3.txt;unpictorially;0;0.001011;
./datasets/SuffixArchivos/Mezcla//1000_4.txt;unpictorially;0;0.001011;
./datasets/SuffixArchivos/Mezcla//1000_5.txt;unpictorially;0;0.001011;
./datasets/SuffixArchivos/Mezcla//1000_6.txt;unpictorially;0;0.001011;
./datasets/SuffixArchivos/Mezcla//200.txt;unpictorially;0;0.001011;
./datasets/SuffixArchivos/Mezcla//200_2.txt;unpictorially;0;0.001011;
./datasets/SuffixArchivos/Mezcla//500.txt;unpictorially;0;0.001011;
./datasets/SuffixArchivos/Mezcla//500_2.txt;unpictorially;0;0.001011;
./datasets/SuffixArchivos/Mezcla//1000.txt;heliophyte;0;0.001;
./datasets/SuffixArchivos/Mezcla//1000_2.txt;heliophyte;0;0.001;
./datasets/SuffixArchivos/Mezcla//1000_3.txt;heliophyte;0;0.001;
./datasets/SuffixArchivos/Mezcla//1000_4.txt;heliophyte;0;0.001;
./datasets/SuffixArchivos/Mezcla//1000_5.txt;heliophyte;0;0.001;
./datasets/SuffixArchivos/Mezcla//1000_6.txt;heliophyte;0;0.001;
./datasets/SuffixArchivos/Mezcla//200.txt;heliophyte;0;0.001;
./datasets/SuffixArchivos/Mezcla//200_2.txt;heliophyte;0;0.001;
./datasets/SuffixArchivos/Mezcla//500.txt;heliophyte;0;0.001;
./datasets/SuffixArchivos/Mezcla//500_2.txt;heliophyte;0;0.001;
./datasets/SuffixArchivos/Mezcla//1000.txt;chimopeelagic;0;0;
./datasets/SuffixArchivos/Mezcla//1000_2.txt;chimopeelagic;0;0;
./datasets/SuffixArchivos/Mezcla//1000_3.txt;chimopeelagic;0;0;
./datasets/SuffixArchivos/Mezcla//1000_4.txt;chimopeelagic;0;0;
./datasets/SuffixArchivos/Mezcla//1000_5.txt;chimopeelagic;0;0;
./datasets/SuffixArchivos/Mezcla//1000_6.txt;chimopeelagic;0;0;
./datasets/SuffixArchivos/Mezcla//200.txt;chimopeelagic;0;0;
./datasets/SuffixArchivos/Mezcla//200_2.txt;chimopeelagic;0;0;
./datasets/SuffixArchivos/Mezcla//500.txt;chimopeelagic;0;0;
./datasets/SuffixArchivos/Mezcla//500_2.txt;chimopeelagic;0;0;
./datasets/SuffixArchivos/Mezcla//1000.txt;warison;0;0;
./datasets/SuffixArchivos/Mezcla//1000_2.txt;warison;0;0;
./datasets/SuffixArchivos/Mezcla//1000_3.txt;warison;0;0;
./datasets/SuffixArchivos/Mezcla//1000_4.txt;warison;0;0;
./datasets/SuffixArchivos/Mezcla//1000_5.txt;warison;0;0;
./datasets/SuffixArchivos/Mezcla//1000_6.txt;warison;0;0;
./datasets/SuffixArchivos/Mezcla//200.txt;warison;0;0;
./datasets/SuffixArchivos/Mezcla//200_2.txt;warison;0;0;
./datasets/SuffixArchivos/Mezcla//500.txt;warison;0;0;
./datasets/SuffixArchivos/Mezcla//500_2.txt;warison;0;0;
./datasets/SuffixArchivos/Mezcla//1000.txt;antivaccinist;0;0.001;
./datasets/SuffixArchivos/Mezcla//1000_2.txt;antivaccinist;0;0.001;
./datasets/SuffixArchivos/Mezcla//1000_3.txt;antivaccinist;0;0.001;
./datasets/SuffixArchivos/Mezcla//1000_4.txt;antivaccinist;0;0.001;
./datasets/SuffixArchivos/Mezcla//1000_5.txt;antivaccinist;0;0.001;
./datasets/SuffixArchivos/Mezcla//1000_6.txt;antivaccinist;0;0.001;
./datasets/SuffixArchivos/Mezcla//200.txt;antivaccinist;0;0.001;
./datasets/SuffixArchivos/Mezcla//200_2.txt;antivaccinist;0;0.001;
./datasets/SuffixArchivos/Mezcla//500.txt;antivaccinist;0;0.001;
./datasets/SuffixArchivos/Mezcla//500_2.txt;antivaccinist;0;0.001;
./datasets/SuffixArchivos/Mezcla//1000.txt;overtwine;0;0.000994;
./datasets/SuffixArchivos/Mezcla//1000_2.txt;overtwine;0;0.000994;
./datasets/SuffixArchivos/Mezcla//1000_3.txt;overtwine;0;0.000994;
./datasets/SuffixArchivos/Mezcla//1000_4.txt;overtwine;0;0.000994;
./datasets/SuffixArchivos/Mezcla//1000_5.txt;overtwine;0;0.000994;
./datasets/SuffixArchivos/Mezcla//1000_6.txt;overtwine;0;0.000994;
./datasets/SuffixArchivos/Mezcla//200.txt;overtwine;0;0.000994;
./datasets/SuffixArchivos/Mezcla//200_2.txt;overtwine;0;0.000994;
./datasets/SuffixArchivos/Mezcla//500.txt;overtwine;0;0.000994;
./datasets/SuffixArchivos/Mezcla//500_2.txt;overtwine;0;0.000994;
./datasets/SuffixArchivos/Mezcla//1000.txt;preremove;0;0.001008;
./datasets/SuffixArchivos/Mezcla//1000_2.txt;preremove;0;0.001008;
./datasets/SuffixArchivos/Mezcla//1000_3.txt;preremove;0;0.001008;
./datasets/SuffixArchivos/Mezcla//1000_4.txt;preremove;0;0.001008;
./datasets/SuffixArchivos/Mezcla//1000_5.txt;preremove;0;0.001008;
./datasets/SuffixArchivos/Mezcla//1000_6.txt;preremove;0;0.001008;
./datasets/SuffixArchivos/Mezcla//200.txt;preremove;0;0.001008;
./datasets/SuffixArchivos/Mezcla//200_2.txt;preremove;0;0.001008;
./datasets/SuffixArchivos/Mezcla//500.txt;preremove;0;0.001008;
./datasets/SuffixArchivos/Mezcla//500_2.txt;preremove;0;0.001008;
./datasets/SuffixArchivos/Mezcla//1000.txt;nerval;0;0;
./datasets/SuffixArchivos/Mezcla//1000_2.txt;nerval;0;0;
./datasets/SuffixArchivos/Mezcla//1000_3.txt;nerval;0;0;
./datasets/SuffixArchivos/Mezcla//1000_4.txt;nerval;0;0;
./datasets/SuffixArchivos/Mezcla//1000_5.txt;nerval;0;0;
./datasets/SuffixArchivos/Mezcla//1000_6.txt;nerval;0;0;
./datasets/SuffixArchivos/Mezcla//200.txt;nerval;0;0;
./datasets/SuffixArchivos/Mezcla//200_2.txt;nerval;0;0;
./datasets/SuffixArchivos/Mezcla//500.txt;nerval;0;0;
./datasets/SuffixArchivos/Mezcla//500_2.txt;nerval;0;0;
./datasets/SuffixArchivos/Mezcla//1000.txt;bufonite;0;0;
./datasets/SuffixArchivos/Mezcla//1000_2.txt;bufonite;0;0;
./datasets/SuffixArchivos/Mezcla//1000_3.txt;bufonite;0;0;
./datasets/SuffixArchivos/Mezcla//1000_4.txt;bufonite;0;0;
./datasets/SuffixArchivos/Mezcla//1000_5.txt;bufonite;0;0;
./datasets/SuffixArchivos/Mezcla//1000_6.txt;bufonite;0;0;
./datasets/SuffixArchivos/Mezcla//200.txt;bufonite;0;0;
./datasets/SuffixArchivos/Mezcla//200_2.txt;bufonite;0;0;
./datasets/SuffixArchivos/Mezcla//500.txt;bufonite;0;0;
./datasets/SuffixArchivos/Mezcla//500_2.txt;bufonite;0;0;
./datasets/SuffixArchivos/Mezcla//1000.txt;eradicator;0;0;
./datasets/SuffixArchivos/Mezcla//1000_2.txt;eradicator;0;0;
./datasets/SuffixArchivos/Mezcla//1000_3.txt;eradicator;0;0;
./datasets/SuffixArchivos/Mezcla//1000_4.txt;eradicator;0;0;
./datasets/SuffixArchivos/Mezcla//1000_5.txt;eradicator;0;0;
./datasets/SuffixArchivos/Mezcla//1000_6.txt;eradicator;0;0;
./datasets/SuffixArchivos/Mezcla//200.txt;eradicator;0;0;
./datasets/SuffixArchivos/Mezcla//200_2.txt;eradicator;0;0;
./datasets/SuffixArchivos/Mezcla//500.txt;eradicator;0;0;
./datasets/SuffixArchivos/Mezcla//500_2.txt;eradicator;0;0;
./datasets/SuffixArchivos/Mezcla//1000.txt;turtling;0;0.000994;
./datasets/SuffixArchivos/Mezcla//1000_2.txt;turtling;0;0.000994;
./datasets/SuffixArchivos/Mezcla//1000_3.txt;turtling;0;0.000994;
./datasets/SuffixArchivos/Mezcla//1000_4.txt;turtling;0;0.000994;
./datasets/SuffixArchivos/Mezcla//1000_5.txt;turtling;0;0.000994;
./datasets/SuffixArchivos/Mezcla//1000_6.txt;turtling;0;0.000994;
./datasets/SuffixArchivos/Mezcla//200.txt;turtling;0;0.000994;
./datasets/SuffixArchivos/Mezcla//200_2.txt;turtling;0;0.000994;
./datasets/SuffixArchivos/Mezcla//500.txt;turtling;0;0.000994;
./datasets/SuffixArchivos/Mezcla//500_2.txt;turtling;0;0.000994;
./datasets/SuffixArchivos/Mezcla//1000.txt;winrace;0;0;
./datasets/SuffixArchivos/Mezcla//1000_2.txt;winrace;0;0;
./datasets/SuffixArchivos/Mezcla//1000_3.txt;winrace;0;0;
./datasets/SuffixArchivos/Mezcla//1000_4.txt;winrace;0;0;
./datasets/SuffixArchivos/Mezcla//1000_5.txt;winrace;0;0;
./datasets/SuffixArchivos/Mezcla//1000_6.txt;winrace;0;0;
./datasets/SuffixArchivos/Mezcla//200.txt;winrace;0;0;
./datasets/SuffixArchivos/Mezcla//200_2.txt;winrace;0;0;
./datasets/SuffixArchivos/Mezcla//500.txt;winrace;0;0;
./datasets/SuffixArchivos/Mezcla//500_2.txt;winrace;0;0;
./datasets/SuffixArchivos/Mezcla//1000.txt;psychographic;0;0.000988;
./datasets/SuffixArchivos/Mezcla//1000_2.txt;psychographic;0;0.000988;
./datasets/SuffixArchivos/Mezcla//1000_3.txt;psychographic;0;0.000988;
./datasets/SuffixArchivos/Mezcla//1000_4.txt;psychographic;0;0.000988;
./datasets/SuffixArchivos/Mezcla//1000_5.txt;psychographic;0;0.000988;
./datasets/SuffixArchivos/Mezcla//1000_6.txt;psychographic;0;0.000988;
./datasets/SuffixArchivos/Mezcla//200.txt;psychographic;0;0.000988;
./datasets/SuffixArchivos/Mezcla//200_2.txt;psychographic;0;0.000988;
./datasets/SuffixArchivos/Mezcla//500.txt;psychographic;0;0.000988;
./datasets/SuffixArchivos/Mezcla//500_2.txt;psychographic;0;0.000988;
./datasets/SuffixArchivos/Mezcla//1000.txt;impalpably;0;0.001;
./datasets/SuffixArchivos/Mezcla//1000_2.txt;impalpably;0;0.001;
./datasets/SuffixArchivos/Mezcla//1000_3.txt;impalpably;0;0.001;
./datasets/SuffixArchivos/Mezcla//1000_4.txt;impalpably;0;0.001;
./datasets/SuffixArchivos/Mezcla//1000_5.txt;impalpably;0;0.001;
./datasets/SuffixArchivos/Mezcla//1000_6.txt;impalpably;0;0.001;
./datasets/SuffixArchivos/Mezcla//200.txt;impalpably;0;0.001;
./datasets/SuffixArchivos/Mezcla//200_2.txt;impalpably;0;0.001;
./datasets/SuffixArchivos/Mezcla//500.txt;impalpably;0;0.001;
./datasets/SuffixArchivos/Mezcla//500_2.txt;impalpably;0;0.001;
./datasets/SuffixArchivos/Mezcla//1000.txt;amygdalase;0;0.000999;
./datasets/SuffixArchivos/Mezcla//1000_2.txt;amygdalase;0;0.000999;
./datasets/SuffixArchivos/Mezcla//1000_3.txt;amygdalase;0;0.000999;
./datasets/SuffixArchivos/Mezcla//1000_4.txt;amygdalase;0;0.000999;
./datasets/SuffixArchivos/Mezcla//1000_5.txt;amygdalase;0;0.000999;
./datasets/SuffixArchivos/Mezcla//1000_6.txt;amygdalase;0;0.000999;
./datasets/SuffixArchivos/Mezcla//200.txt;amygdalase;0;0.000999;
./datasets/SuffixArchivos/Mezcla//200_2.txt;amygdalase;0;0.000999;
./datasets/SuffixArchivos/Mezcla//500.txt;amygdalase;0;0.000999;
./datasets/SuffixArchivos/Mezcla//500_2.txt;amygdalase;0;0.000999;
./datasets/SuffixArchivos/Mezcla//1000.txt;Octogynia;0;0.000999;
./datasets/SuffixArchivos/Mezcla//1000_2.txt;Octogynia;0;0.000999;
./datasets/SuffixArchivos/Mezcla//1000_3.txt;Octogynia;0;0.000999;
./datasets/SuffixArchivos/Mezcla//1000_4.txt;Octogynia;0;0.000999;
./datasets/SuffixArchivos/Mezcla//1000_5.txt;Octogynia;0;0.000999;
./datasets/SuffixArchivos/Mezcla//1000_6.txt;Octogynia;0;0.000999;
./datasets/SuffixArchivos/Mezcla//200.txt;Octogynia;0;0.000999;
./datasets/SuffixArchivos/Mezcla//200_2.txt;Octogynia;0;0.000999;
./datasets/SuffixArchivos/Mezcla//500.txt;Octogynia;0;0.000999;
./datasets/SuffixArchivos/Mezcla//500_2.txt;Octogynia;0;0.000999;
./datasets/SuffixArchivos/Mezcla//1000.txt;brimming;1;0;
./datasets/SuffixArchivos/Mezcla//1000_2.txt;brimming;0;0;
./datasets/SuffixArchivos/Mezcla//1000_3.txt;brimming;0;0;
./datasets/SuffixArchivos/Mezcla//1000_4.txt;brimming;0;0;
./datasets/SuffixArchivos/Mezcla//1000_5.txt;brimming;0;0;
./datasets/SuffixArchivos/Mezcla//1000_6.txt;brimming;0;0;
./datasets/SuffixArchivos/Mezcla//200.txt;brimming;0;0;
./datasets/SuffixArchivos/Mezcla//200_2.txt;brimming;0;0;
./datasets/SuffixArchivos/Mezcla//500.txt;brimming;0;0;
./datasets/SuffixArchivos/Mezcla//500_2.txt;brimming;0;0;
./datasets/SuffixArchivos/Mezcla//1000.txt;grist;0;0;
./datasets/SuffixArchivos/Mezcla//1000_2.txt;grist;0;0;
./datasets/SuffixArchivos/Mezcla//1000_3.txt;grist;0;0;
./datasets/SuffixArchivos/Mezcla//1000_4.txt;grist;0;0;
./datasets/SuffixArchivos/Mezcla//1000_5.txt;grist;0;0;
./datasets/SuffixArchivos/Mezcla//1000_6.txt;grist;0;0;
./datasets/SuffixArchivos/Mezcla//200.txt;grist;0;0;
./datasets/SuffixArchivos/Mezcla//200_2.txt;grist;0;0;
./datasets/SuffixArchivos/Mezcla//500.txt;grist;0;0;
./datasets/SuffixArchivos/Mezcla//500_2.txt;grist;0;0;
./datasets/SuffixArchivos/Mezcla//1000.txt;casave;0;0;
./datasets/SuffixArchivos/Mezcla//1000_2.txt;casave;0;0;
./datasets/SuffixArchivos/Mezcla//1000_3.txt;casave;0;0;
./datasets/SuffixArchivos/Mezcla//1000_4.txt;casave;0;0;
./datasets/SuffixArchivos/Mezcla//1000_5.txt;casave;0;0;
./datasets/SuffixArchivos/Mezcla//1000_6.txt;casave;0;0;
./datasets/SuffixArchivos/Mezcla//200.txt;casave;0;0;
./datasets/SuffixArchivos/Mezcla//200_2.txt;casave;0;0;
./datasets/SuffixArchivos/Mezcla//500.txt;casave;0;0;
./datasets/SuffixArchivos/Mezcla//500_2.txt;casave;0;0;
./datasets/SuffixArchivos/Mezcla//1000.txt;brazilein;0;0.001001;
./datasets/SuffixArchivos/Mezcla//1000_2.txt;brazilein;0;0.001001;
./datasets/SuffixArchivos/Mezcla//1000_3.txt;brazilein;0;0.001001;
./datasets/SuffixArchivos/Mezcla//1000_4.txt;brazilein;0;0.001001;
./datasets/SuffixArchivos/Mezcla//1000_5.txt;brazilein;0;0.001001;
./datasets/SuffixArchivos/Mezcla//1000_6.txt;brazilein;0;0.001001;
./datasets/SuffixArchivos/Mezcla//200.txt;brazilein;0;0.001001;
./datasets/SuffixArchivos/Mezcla//200_2.txt;brazilein;0;0.001001;
./datasets/SuffixArchivos/Mezcla//500.txt;brazilein;0;0.001001;
./datasets/SuffixArchivos/Mezcla//500_2.txt;brazilein;0;0.001001;
./datasets/SuffixArchivos/Mezcla//1000.txt;afluking;0;0.000999;
./datasets/SuffixArchivos/Mezcla//1000_2.txt;afluking;0;0.000999;
./datasets/SuffixArchivos/Mezcla//1000_3.txt;afluking;0;0.000999;
./datasets/SuffixArchivos/Mezcla//1000_4.txt;afluking;0;0.000999;
./datasets/SuffixArchivos/Mezcla//1000_5.txt;afluking;0;0.000999;
./datasets/SuffixArchivos/Mezcla//1000_6.txt;afluking;0;0.000999;
./datasets/SuffixArchivos/Mezcla//200.txt;afluking;0;0.000999;
./datasets/SuffixArchivos/Mezcla//200_2.txt;afluking;0;0.000999;
./datasets/SuffixArchivos/Mezcla//500.txt;afluking;0;0.000999;
./datasets/SuffixArchivos/Mezcla//500_2.txt;afluking;0;0.000999;
./datasets/SuffixArchivos/Mezcla//1000.txt;meliceris;0;0.000999;
./datasets/SuffixArchivos/Mezcla//1000_2.txt;meliceris;0;0.000999;
./datasets/SuffixArchivos/Mezcla//1000_3.txt;meliceris;0;0.000999;
./datasets/SuffixArchivos/Mezcla//1000_4.txt;meliceris;0;0.000999;
./datasets/SuffixArchivos/Mezcla//1000_5.txt;meliceris;0;0.000999;
./datasets/SuffixArchivos/Mezcla//1000_6.txt;meliceris;0;0.000999;
./datasets/SuffixArchivos/Mezcla//200.txt;meliceris;0;0.000999;
./datasets/SuffixArchivos/Mezcla//200_2.txt;meliceris;0;0.000999;
./datasets/SuffixArchivos/Mezcla//500.txt;meliceris;0;0.000999;
./datasets/SuffixArchivos/Mezcla//500_2.txt;meliceris;0;0.000999;
./datasets/SuffixArchivos/Mezcla//1000.txt;portative;0;0.001;
./datasets/SuffixArchivos/Mezcla//1000_2.txt;portative;0;0.001;
./datasets/SuffixArchivos/Mezcla//1000_3.txt;portative;0;0.001;
./datasets/SuffixArchivos/Mezcla//1000_4.txt;portative;0;0.001;
./datasets/SuffixArchivos/Mezcla//1000_5.txt;portative;0;0.001;
./datasets/SuffixArchivos/Mezcla//1000_6.txt;portative;0;0.001;
./datasets/SuffixArchivos/Mezcla//200.txt;portative;0;0.001;
./datasets/SuffixArchivos/Mezcla//200_2.txt;portative;0;0.001;
./datasets/SuffixArchivos/Mezcla//500.txt;portative;0;0.001;
./datasets/SuffixArchivos/Mezcla//500_2.txt;portative;0;0.001;
./datasets/SuffixArchivos/Mezcla//1000.txt;unsteck;0;0;
./datasets/SuffixArchivos/Mezcla//1000_2.txt;unsteck;0;0;
./datasets/SuffixArchivos/Mezcla//1000_3.txt;unsteck;0;0;
./datasets/SuffixArchivos/Mezcla//1000_4.txt;unsteck;0;0;
./datasets/SuffixArchivos/Mezcla//1000_5.txt;unsteck;0;0;
./datasets/SuffixArchivos/Mezcla//1000_6.txt;unsteck;0;0;
./datasets/SuffixArchivos/Mezcla//200.txt;unsteck;0;0;
./datasets/SuffixArchivos/Mezcla//200_2.txt;unsteck;0;0;
./datasets/SuffixArchivos/Mezcla//500.txt;unsteck;0;0;
./datasets/SuffixArchivos/Mezcla//500_2.txt;unsteck;0;0;
./datasets/SuffixArchivos/Mezcla//1000.txt;Madelon;0;0;
./datasets/SuffixArchivos/Mezcla//1000_2.txt;Madelon;0;0;
./datasets/SuffixArchivos/Mezcla//1000_3.txt;Madelon;0;0;
./datasets/SuffixArchivos/Mezcla//1000_4.txt;Madelon;0;0;
./datasets/SuffixArchivos/Mezcla//1000_5.txt;Madelon;0;0;
./datasets/SuffixArchivos/Mezcla//1000_6.txt;Madelon;0;0;
./datasets/SuffixArchivos/Mezcla//200.txt;Madelon;0;0;
./datasets/SuffixArchivos/Mezcla//200_2.txt;Madelon;0;0;
./datasets/SuffixArchivos/Mezcla//500.txt;Madelon;0;0;
./datasets/SuffixArchivos/Mezcla//500_2.txt;Madelon;0;0;
./datasets/SuffixArchivos/Mezcla//1000.txt;barramunda;0;0;
./datasets/SuffixArchivos/Mezcla//1000_2.txt;barramunda;0;0;
./datasets/SuffixArchivos/Mezcla//1000_3.txt;barramunda;0;0;
./datasets/SuffixArchivos/Mezcla//1000_4.txt;barramunda;0;0;
./datasets/SuffixArchivos/Mezcla//1000_5.txt;barramunda;0;0;
./datasets/SuffixArchivos/Mezcla//1000_6.txt;barramunda;0;0;
./datasets/SuffixArchivos/Mezcla//200.txt;barramunda;0;0;
./datasets/SuffixArchivos/Mezcla//200_2.txt;barramunda;0;0;
./datasets/SuffixArchivos/Mezcla//500.txt;barramunda;0;0;
./datasets/SuffixArchivos/Mezcla//500_2.txt;barramunda;0;0;
./datasets/SuffixArchivos/Mezcla//1000.txt;optotechnics;0;0.001;
./datasets/SuffixArchivos/Mezcla//1000_2.txt;optotechnics;0;0.001;
./datasets/SuffixArchivos/Mezcla//1000_3.txt;optotechnics;0;0.001;
./datasets/SuffixArchivos/Mezcla//1000_4.txt;optotechnics;0;0.001;
./datasets/SuffixArchivos/Mezcla//1000_5.txt;optotechnics;0;0.001;
./datasets/SuffixArchivos/Mezcla//1000_6.txt;optotechnics;0;0.001;
./datasets/SuffixArchivos/Mezcla//200.txt;optotechnics;0;0.001;
./datasets/SuffixArchivos/Mezcla//200_2.txt;optotechnics;0;0.001;
./datasets/SuffixArchivos/Mezcla//500.txt;optotechnics;0;0.001;
./datasets/SuffixArchivos/Mezcla//500_2.txt;optotechnics;0;0.001;
./datasets/SuffixArchivos/Mezcla//1000.txt;metapterygium;0;0.001;
./datasets/SuffixArchivos/Mezcla//1000_2.txt;metapterygium;0;0.001;
./datasets/SuffixArchivos/Mezcla//1000_3.txt;metapterygium;0;0.001;
./datasets/SuffixArchivos/Mezcla//1000_4.txt;metapterygium;0;0.001;
./datasets/SuffixArchivos/Mezcla//1000_5.txt;metapterygium;0;0.001;
./datasets/SuffixArchivos/Mezcla//1000_6.txt;metapterygium;0;0.001;
./datasets/SuffixArchivos/Mezcla//200.txt;metapterygium;0;0.001;
./datasets/SuffixArchivos/Mezcla//200_2.txt;metapterygium;0;0.001;
./datasets/SuffixArchivos/Mezcla//500.txt;metapterygium;0;0.001;
./datasets/SuffixArchivos/Mezcla//500_2.txt;metapterygium;0;0.001;
./datasets/SuffixArchivos/Mezcla//1000.txt;unromanticalness;0;0.000999;
./datasets/SuffixArchivos/Mezcla//1000_2.txt;unromanticalness;0;0.000999;
./datasets/SuffixArchivos/Mezcla//1000_3.txt;unromanticalness;0;0.000999;
./datasets/SuffixArchivos/Mezcla//1000_4.txt;unromanticalness;0;0.000999;
./datasets/SuffixArchivos/Mezcla//1000_5.txt;unromanticalness;0;0.000999;
./datasets/SuffixArchivos/Mezcla//1000_6.txt;unromanticalness;0;0.000999;
./datasets/SuffixArchivos/Mezcla//200.txt;unromanticalness;0;0.000999;
./datasets/SuffixArchivos/Mezcla//200_2.txt;unromanticalness;0;0.000999;
./datasets/SuffixArchivos/Mezcla//500.txt;unromanticalness;0;0.000999;
./datasets/SuffixArchivos/Mezcla//500_2.txt;unromanticalness;0;0.000999;
./datasets/SuffixArchivos/Mezcla//1000.txt;Jacobinism;0;0;
./datasets/SuffixArchivos/Mezcla//1000_2.txt;Jacobinism;0;0;
./datasets/SuffixArchivos/Mezcla//1000_3.txt;Jacobinism;0;0;
./datasets/SuffixArchivos/Mezcla//1000_4.txt;Jacobinism;0;0;
./datasets/SuffixArchivos/Mezcla//1000_5.txt;Jacobinism;0;0;
./datasets/SuffixArchivos/Mezcla//1000_6.txt;Jacobinism;0;0;
./datasets/SuffixArchivos/Mezcla//200.txt;Jacobinism;0;0;
./datasets/SuffixArchivos/Mezcla//200_2.txt;Jacobinism;0;0;
./datasets/SuffixArchivos/Mezcla//500.txt;Jacobinism;0;0;
./datasets/SuffixArchivos/Mezcla//500_2.txt;Jacobinism;0;0;
./datasets/SuffixArchivos/Mezcla//1000.txt;pricklingly;0;0;
./datasets/SuffixArchivos/Mezcla//1000_2.txt;pricklingly;0;0;
./datasets/SuffixArchivos/Mezcla//1000_3.txt;pricklingly;0;0;
./datasets/SuffixArchivos/Mezcla//1000_4.txt;pricklingly;0;0;
./datasets/SuffixArchivos/Mezcla//1000_5.txt;pricklingly;0;0;
./datasets/SuffixArchivos/Mezcla//1000_6.txt;pricklingly;0;0;
./datasets/SuffixArchivos/Mezcla//200.txt;pricklingly;0;0;
./datasets/SuffixArchivos/Mezcla//200_2.txt;pricklingly;0;0;
./datasets/SuffixArchivos/Mezcla//500.txt;pricklingly;0;0;
./datasets/SuffixArchivos/Mezcla//500_2.txt;pricklingly;0;0;
./datasets/SuffixArchivos/Mezcla//1000.txt;blameless;0;0.001;
./datasets/SuffixArchivos/Mezcla//1000_2.txt;blameless;0;0.001;
./datasets/SuffixArchivos/Mezcla//1000_3.txt;blameless;0;0.001;
./datasets/SuffixArchivos/Mezcla//1000_4.txt;blameless;0;0.001;
./datasets/SuffixArchivos/Mezcla//1000_5.txt;blameless;0;0.001;
./datasets/SuffixArchivos/Mezcla//1000_6.txt;blameless;0;0.001;
./datasets/SuffixArchivos/Mezcla//200.txt;blameless;0;0.001;
./datasets/SuffixArchivos/Mezcla//200_2.txt;blameless;0;0.001;
./datasets/SuffixArchivos/Mezcla//500.txt;blameless;0;0.001;
./datasets/SuffixArchivos/Mezcla//500_2.txt;blameless;0;0.001;
./datasets/SuffixArchivos/Mezcla//1000.txt;elderhood;0;0.000999;
./datasets/SuffixArchivos/Mezcla//1000_2.txt;elderhood;0;0.000999;
./datasets/SuffixArchivos/Mezcla//1000_3.txt;elderhood;0;0.000999;
./datasets/SuffixArchivos/Mezcla//1000_4.txt;elderhood;0;0.000999;
./datasets/SuffixArchivos/Mezcla//1000_5.txt;elderhood;0;0.000999;
./datasets/SuffixArchivos/Mezcla//1000_6.txt;elderhood;0;0.000999;
./datasets/SuffixArchivos/Mezcla//200.txt;elderhood;0;0.000999;
./datasets/SuffixArchivos/Mezcla//200_2.txt;elderhood;0;0.000999;
./datasets/SuffixArchivos/Mezcla//500.txt;elderhood;0;0.000999;
./datasets/SuffixArchivos/Mezcla//500_2.txt;elderhood;0;0.000999;
./datasets/SuffixArchivos/Mezcla//1000.txt;committeewoman;0;0.001;
./datasets/SuffixArchivos/Mezcla//1000_2.txt;committeewoman;0;0.001;
./datasets/SuffixArchivos/Mezcla//1000_3.txt;committeewoman;0;0.001;
./datasets/SuffixArchivos/Mezcla//1000_4.txt;committeewoman;0;0.001;
./datasets/SuffixArchivos/Mezcla//1000_5.txt;committeewoman;0;0.001;
./datasets/SuffixArchivos/Mezcla//1000_6.txt;committeewoman;0;0.001;
./datasets/SuffixArchivos/Mezcla//200.txt;committeewoman;0;0.001;
./datasets/SuffixArchivos/Mezcla//200_2.txt;committeewoman;0;0.001;
./datasets/SuffixArchivos/Mezcla//500.txt;committeewoman;0;0.001;
./datasets/SuffixArchivos/Mezcla//500_2.txt;committeewoman;0;0.001;
./datasets/SuffixArchivos/Mezcla//1000.txt;comicocynical;0;0.000999;
./datasets/SuffixArchivos/Mezcla//1000_2.txt;comicocynical;0;0.000999;
./datasets/SuffixArchivos/Mezcla//1000_3.txt;comicocynical;0;0.000999;
./datasets/SuffixArchivos/Mezcla//1000_4.txt;comicocynical;0;0.000999;
./datasets/SuffixArchivos/Mezcla//1000_5.txt;comicocynical;0;0.000999;
./datasets/SuffixArchivos/Mezcla//1000_6.txt;comicocynical;0;0.000999;
./datasets/SuffixArchivos/Mezcla//200.txt;comicocynical;0;0.000999;
./datasets/SuffixArchivos/Mezcla//200_2.txt;comicocynical;0;0.000999;
./datasets/SuffixArchivos/Mezcla//500.txt;comicocynical;0;0.000999;
./datasets/SuffixArchivos/Mezcla//500_2.txt;comicocynical;0;0.000999;
./datasets/SuffixArchivos/Mezcla//1000.txt;aggrate;0;0.001;
./datasets/SuffixArchivos/Mezcla//1000_2.txt;aggrate;0;0.001;
./datasets/SuffixArchivos/Mezcla//1000_3.txt;aggrate;0;0.001;
./datasets/SuffixArchivos/Mezcla//1000_4.txt;aggrate;0;0.001;
./datasets/SuffixArchivos/Mezcla//1000_5.txt;aggrate;0;0.001;
./datasets/SuffixArchivos/Mezcla//1000_6.txt;aggrate;0;0.001;
./datasets/SuffixArchivos/Mezcla//200.txt;aggrate;0;0.001;
./datasets/SuffixArchivos/Mezcla//200_2.txt;aggrate;0;0.001;
./datasets/SuffixArchivos/Mezcla//500.txt;aggrate;0;0.001;
./datasets/SuffixArchivos/Mezcla//500_2.txt;aggrate;0;0.001;
./datasets/SuffixArchivos/Mezcla//1000.txt;stentoronic;0;0.000998;
./datasets/SuffixArchivos/Mezcla//1000_2.txt;stentoronic;0;0.000998;
./datasets/SuffixArchivos/Mezcla//1000_3.txt;stentoronic;0;0.000998;
./datasets/SuffixArchivos/Mezcla//1000_4.txt;stentoronic;0;0.000998;
./datasets/SuffixArchivos/Mezcla//1000_5.txt;stentoronic;0;0.000998;
./datasets/SuffixArchivos/Mezcla//1000_6.txt;stentoronic;0;0.000998;
./datasets/SuffixArchivos/Mezcla//200.txt;stentoronic;0;0.000998;
./datasets/SuffixArchivos/Mezcla//200_2.txt;stentoronic;0;0.000998;
./datasets/SuffixArchivos/Mezcla//500.txt;stentoronic;0;0.000998;
./datasets/SuffixArchivos/Mezcla//500_2.txt;stentoronic;0;0.000998;
./datasets/SuffixArchivos/Mezcla//1000.txt;flatwise;0;0.001;
./datasets/SuffixArchivos/Mezcla//1000_2.txt;flatwise;0;0.001;
./datasets/SuffixArchivos/Mezcla//1000_3.txt;flatwise;0;0.001;
./datasets/SuffixArchivos/Mezcla//1000_4.txt;flatwise;0;0.001;
./datasets/SuffixArchivos/Mezcla//1000_5.txt;flatwise;0;0.001;
./datasets/SuffixArchivos/Mezcla//1000_6.txt;flatwise;0;0.001;
./datasets/SuffixArchivos/Mezcla//200.txt;flatwise;0;0.001;
./datasets/SuffixArchivos/Mezcla//200_2.txt;flatwise;0;0.001;
./datasets/SuffixArchivos/Mezcla//500.txt;flatwise;0;0.001;
./datasets/SuffixArchivos/Mezcla//500_2.txt;flatwise;0;0.001;
./datasets/SuffixArchivos/Mezcla//1000.txt;bipyridyl;0;0.001;
./datasets/SuffixArchivos/Mezcla//1000_2.txt;bipyridyl;0;0.001;
./datasets/SuffixArchivos/Mezcla//1000_3.txt;bipyridyl;0;0.001;
./datasets/SuffixArchivos/Mezcla//1000_4.txt;bipyridyl;0;0.001;
./datasets/SuffixArchivos/Mezcla//1000_5.txt;bipyridyl;0;0.001;
./datasets/SuffixArchivos/Mezcla//1000_6.txt;bipyridyl;0;0.001;
./datasets/SuffixArchivos/Mezcla//200.txt;bipyridyl;0;0.001;
./datasets/SuffixArchivos/Mezcla//200_2.txt;bipyridyl;0;0.001;
./datasets/SuffixArchivos/Mezcla//500.txt;bipyridyl;0;0.001;
./datasets/SuffixArchivos/Mezcla//500_2.txt;bipyridyl;0;0.001;
./datasets/SuffixArchivos/Mezcla//1000.txt;untastable;0;0.000996;
./datasets/SuffixArchivos/Mezcla//1000_2.txt;untastable;0;0.000996;
./datasets/SuffixArchivos/Mezcla//1000_3.txt;untastable;0;0.000996;
./datasets/SuffixArchivos/Mezcla//1000_4.txt;untastable;0;0.000996;
./datasets/SuffixArchivos/Mezcla//1000_5.txt;untastable;0;0.000996;
./datasets/SuffixArchivos/Mezcla//1000_6.txt;untastable;0;0.000996;
./datasets/SuffixArchivos/Mezcla//200.txt;untastable;0;0.000996;
./datasets/SuffixArchivos/Mezcla//200_2.txt;untastable;0;0.000996;
./datasets/SuffixArchivos/Mezcla//500.txt;untastable;0;0.000996;
./datasets/SuffixArchivos/Mezcla//500_2.txt;untastable;0;0.000996;
./datasets/SuffixArchivos/Mezcla//1000.txt;aegerian;0;0;
./datasets/SuffixArchivos/Mezcla//1000_2.txt;aegerian;0;0;
./datasets/SuffixArchivos/Mezcla//1000_3.txt;aegerian;0;0;
./datasets/SuffixArchivos/Mezcla//1000_4.txt;aegerian;0;0;
./datasets/SuffixArchivos/Mezcla//1000_5.txt;aegerian;0;0;
./datasets/SuffixArchivos/Mezcla//1000_6.txt;aegerian;0;0;
./datasets/SuffixArchivos/Mezcla//200.txt;aegerian;0;0;
./datasets/SuffixArchivos/Mezcla//200_2.txt;aegerian;0;0;
./datasets/SuffixArchivos/Mezcla//500.txt;aegerian;0;0;
./datasets/SuffixArchivos/Mezcla//500_2.txt;aegerian;0;0;
./datasets/SuffixArchivos/Mezcla//1000.txt;unmistrusted;0;0;
./datasets/SuffixArchivos/Mezcla//1000_2.txt;unmistrusted;0;0;
./datasets/SuffixArchivos/Mezcla//1000_3.txt;unmistrusted;0;0;
./datasets/SuffixArchivos/Mezcla//1000_4.txt;unmistrusted;0;0;
./datasets/SuffixArchivos/Mezcla//1000_5.txt;unmistrusted;0;0;
./datasets/SuffixArchivos/Mezcla//1000_6.txt;unmistrusted;0;0;
./datasets/SuffixArchivos/Mezcla//200.txt;unmistrusted;0;0;
./datasets/SuffixArchivos/Mezcla//200_2.txt;unmistrusted;0;0;
./datasets/SuffixArchivos/Mezcla//500.txt;unmistrusted;0;0;
./datasets/SuffixArchivos/Mezcla//500_2.txt;unmistrusted;0;0;
./datasets/SuffixArchivos/Mezcla//1000.txt;quadrigamist;0;0.000999;
./datasets/SuffixArchivos/Mezcla//1000_2.txt;quadrigamist;0;0.000999;
./datasets/SuffixArchivos/Mezcla//1000_3.txt;quadrigamist;0;0.000999;
./datasets/SuffixArchivos/Mezcla//1000_4.txt;quadrigamist;0;0.000999;
./datasets/SuffixArchivos/Mezcla//1000_5.txt;quadrigamist;0;0.000999;
./datasets/SuffixArchivos/Mezcla//1000_6.txt;quadrigamist;0;0.000999;
./datasets/SuffixArchivos/Mezcla//200.txt;quadrigamist;0;0.000999;
./datasets/SuffixArchivos/Mezcla//200_2.txt;quadrigamist;0;0.000999;
./datasets/SuffixArchivos/Mezcla//500.txt;quadrigamist;0;0.000999;
./datasets/SuffixArchivos/Mezcla//500_2.txt;quadrigamist;0;0.000999;
./datasets/SuffixArchivos/Mezcla//1000.txt;Meleagrinae;0;0.001;
./datasets/SuffixArchivos/Mezcla//1000_2.txt;Meleagrinae;0;0.001;
./datasets/SuffixArchivos/Mezcla//1000_3.txt;Meleagrinae;0;0.001;
./datasets/SuffixArchivos/Mezcla//1000_4.txt;Meleagrinae;0;0.001;
./datasets/SuffixArchivos/Mezcla//1000_5.txt;Meleagrinae;0;0.001;
./datasets/SuffixArchivos/Mezcla//1000_6.txt;Meleagrinae;0;0.001;
./datasets/SuffixArchivos/Mezcla//200.txt;Meleagrinae;0;0.001;
./datasets/SuffixArchivos/Mezcla//200_2.txt;Meleagrinae;0;0.001;
./datasets/SuffixArchivos/Mezcla//500.txt;Meleagrinae;0;0.001;
./datasets/SuffixArchivos/Mezcla//500_2.txt;Meleagrinae;0;0.001;
./datasets/SuffixArchivos/Mezcla//1000.txt;helvite;0;0.001001;
./datasets/SuffixArchivos/Mezcla//1000_2.txt;helvite;0;0.001001;
./datasets/SuffixArchivos/Mezcla//1000_3.txt;helvite;0;0.001001;
./datasets/SuffixArchivos/Mezcla//1000_4.txt;helvite;0;0.001001;
./datasets/SuffixArchivos/Mezcla//1000_5.txt;helvite;0;0.001001;
./datasets/SuffixArchivos/Mezcla//1000_6.txt;helvite;0;0.001001;
./datasets/SuffixArchivos/Mezcla//200.txt;helvite;0;0.001001;
./datasets/SuffixArchivos/Mezcla//200_2.txt;helvite;0;0.001001;
./datasets/SuffixArchivos/Mezcla//500.txt;helvite;0;0.001001;
./datasets/SuffixArchivos/Mezcla//500_2.txt;helvite;0;0.001001;
./datasets/SuffixArchivos/Mezcla//1000.txt;neuralist;0;0;
./datasets/SuffixArchivos/Mezcla//1000_2.txt;neuralist;0;0;
./datasets/SuffixArchivos/Mezcla//1000_3.txt;neuralist;0;0;
./datasets/SuffixArchivos/Mezcla//1000_4.txt;neuralist;0;0;
./datasets/SuffixArchivos/Mezcla//1000_5.txt;neuralist;0;0;
./datasets/SuffixArchivos/Mezcla//1000_6.txt;neuralist;0;0;
./datasets/SuffixArchivos/Mezcla//200.txt;neuralist;0;0;
./datasets/SuffixArchivos/Mezcla//200_2.txt;neuralist;0;0;
./datasets/SuffixArchivos/Mezcla//500.txt;neuralist;0;0;
./datasets/SuffixArchivos/Mezcla//500_2.txt;neuralist;0;0;
./datasets/SuffixArchivos/Mezcla//1000.txt;Swietenia;0;0;
./datasets/SuffixArchivos/Mezcla//1000_2.txt;Swietenia;0;0;
./datasets/SuffixArchivos/Mezcla//1000_3.txt;Swietenia;0;0;
./datasets/SuffixArchivos/Mezcla//1000_4.txt;Swietenia;0;0;
./datasets/SuffixArchivos/Mezcla//1000_5.txt;Swietenia;0;0;
./datasets/SuffixArchivos/Mezcla//1000_6.txt;Swietenia;0;0;
./datasets/SuffixArchivos/Mezcla//200.txt;Swietenia;0;0;
./datasets/SuffixArchivos/Mezcla//200_2.txt;Swietenia;0;0;
./datasets/SuffixArchivos/Mezcla//500.txt;Swietenia;0;0;
./datasets/SuffixArchivos/Mezcla//500_2.txt;Swietenia;0;0;
./datasets/SuffixArchivos/Mezcla//1000.txt;unpleadable;0;0.000999;
./datasets/SuffixArchivos/Mezcla//1000_2.txt;unpleadable;0;0.000999;
./datasets/SuffixArchivos/Mezcla//1000_3.txt;unpleadable;0;0.000999;
./datasets/SuffixArchivos/Mezcla//1000_4.txt;unpleadable;0;0.000999;
./datasets/SuffixArchivos/Mezcla//1000_5.txt;unpleadable;0;0.000999;
./datasets/SuffixArchivos/Mezcla//1000_6.txt;unpleadable;0;0.000999;
./datasets/SuffixArchivos/Mezcla//200.txt;unpleadable;0;0.000999;
./datasets/SuffixArchivos/Mezcla//200_2.txt;unpleadable;0;0.000999;
./datasets/SuffixArchivos/Mezcla//500.txt;unpleadable;0;0.000999;
./datasets/SuffixArchivos/Mezcla//500_2.txt;unpleadable;0;0.000999;
./datasets/SuffixArchivos/Mezcla//1000.txt;colorably;0;0;
./datasets/SuffixArchivos/Mezcla//1000_2.txt;colorably;0;0;
./datasets/SuffixArchivos/Mezcla//1000_3.txt;colorably;0;0;
./datasets/SuffixArchivos/Mezcla//1000_4.txt;colorably;0;0;
./datasets/SuffixArchivos/Mezcla//1000_5.txt;colorably;0;0;
./datasets/SuffixArchivos/Mezcla//1000_6.txt;colorably;0;0;
./datasets/SuffixArchivos/Mezcla//200.txt;colorably;0;0;
./datasets/SuffixArchivos/Mezcla//200_2.txt;colorably;0;0;
./datasets/SuffixArchivos/Mezcla//500.txt;colorably;0;0;
./datasets/SuffixArchivos/Mezcla//500_2.txt;colorably;0;0;
./datasets/SuffixArchivos/Mezcla//1000.txt;mogilalism;0;0.000999;
./datasets/SuffixArchivos/Mezcla//1000_2.txt;mogilalism;0;0.000999;
./datasets/SuffixArchivos/Mezcla//1000_3.txt;mogilalism;0;0.000999;
./datasets/SuffixArchivos/Mezcla//1000_4.txt;mogilalism;0;0.000999;
./datasets/SuffixArchivos/Mezcla//1000_5.txt;mogilalism;0;0.000999;
./datasets/SuffixArchivos/Mezcla//1000_6.txt;mogilalism;0;0.000999;
./datasets/SuffixArchivos/Mezcla//200.txt;mogilalism;0;0.000999;
./datasets/SuffixArchivos/Mezcla//200_2.txt;mogilalism;0;0.000999;
./datasets/SuffixArchivos/Mezcla//500.txt;mogilalism;0;0.000999;
./datasets/SuffixArchivos/Mezcla//500_2.txt;mogilalism;0;0.000999;
./datasets/SuffixArchivos/Mezcla//1000.txt;consequently;0;0.001;
./datasets/SuffixArchivos/Mezcla//1000_2.txt;consequently;0;0.001;
./datasets/SuffixArchivos/Mezcla//1000_3.txt;consequently;0;0.001;
./datasets/SuffixArchivos/Mezcla//1000_4.txt;consequently;0;0.001;
./datasets/SuffixArchivos/Mezcla//1000_5.txt;consequently;0;0.001;
./datasets/SuffixArchivos/Mezcla//1000_6.txt;consequently;0;0.001;
./datasets/SuffixArchivos/Mezcla//200.txt;consequently;0;0.001;
./datasets/SuffixArchivos/Mezcla//200_2.txt;consequently;0;0.001;
./datasets/SuffixArchivos/Mezcla//500.txt;consequently;0;0.001;
./datasets/SuffixArchivos/Mezcla//500_2.txt;consequently;0;0.001;
./datasets/SuffixArchivos/Mezcla//1000.txt;atamasco;0;0.000999;
./datasets/SuffixArchivos/Mezcla//1000_2.txt;atamasco;0;0.000999;
./datasets/SuffixArchivos/Mezcla//1000_3.txt;atamasco;0;0.000999;
./datasets/SuffixArchivos/Mezcla//1000_4.txt;atamasco;0;0.000999;
./datasets/SuffixArchivos/Mezcla//1000_5.txt;atamasco;0;0.000999;
./datasets/SuffixArchivos/Mezcla//1000_6.txt;atamasco;0;0.000999;
./datasets/SuffixArchivos/Mezcla//200.txt;atamasco;0;0.000999;
./datasets/SuffixArchivos/Mezcla//200_2.txt;atamasco;0;0.000999;
./datasets/SuffixArchivos/Mezcla//500.txt;atamasco;0;0.000999;
./datasets/SuffixArchivos/Mezcla//500_2.txt;atamasco;0;0.000999;
./datasets/SuffixArchivos/Mezcla//1000.txt;inhospitality;0;0;
./datasets/SuffixArchivos/Mezcla//1000_2.txt;inhospitality;0;0;
./datasets/SuffixArchivos/Mezcla//1000_3.txt;inhospitality;0;0;
./datasets/SuffixArchivos/Mezcla//1000_4.txt;inhospitality;0;0;
./datasets/SuffixArchivos/Mezcla//1000_5.txt;inhospitality;0;0;
./datasets/SuffixArchivos/Mezcla//1000_6.txt;inhospitality;0;0;
./datasets/SuffixArchivos/Mezcla//200.txt;inhospitality;0;0;
./datasets/SuffixArchivos/Mezcla//200_2.txt;inhospitality;0;0;
./datasets/SuffixArchivos/Mezcla//500.txt;inhospitality;0;0;
./datasets/SuffixArchivos/Mezcla//500_2.txt;inhospitality;0;0;
./datasets/SuffixArchivos/Mezcla//1000.txt;noncarnivorous;0;0.001;
./datasets/SuffixArchivos/Mezcla//1000_2.txt;noncarnivorous;0;0.001;
./datasets/SuffixArchivos/Mezcla//1000_3.txt;noncarnivorous;0;0.001;
./datasets/SuffixArchivos/Mezcla//1000_4.txt;noncarnivorous;0;0.001;
./datasets/SuffixArchivos/Mezcla//1000_5.txt;noncarnivorous;0;0.001;
./datasets/SuffixArchivos/Mezcla//1000_6.txt;noncarnivorous;0;0.001;
./datasets/SuffixArchivos/Mezcla//200.txt;noncarnivorous;0;0.001;
./datasets/SuffixArchivos/Mezcla//200_2.txt;noncarnivorous;0;0.001;
./datasets/SuffixArchivos/Mezcla//500.txt;noncarnivorous;0;0.001;
./datasets/SuffixArchivos/Mezcla//500_2.txt;noncarnivorous;0;0.001;
./datasets/SuffixArchivos/Mezcla//1000.txt;counterruin;0;0.000999;
./datasets/SuffixArchivos/Mezcla//1000_2.txt;counterruin;0;0.000999;
./datasets/SuffixArchivos/Mezcla//1000_3.txt;counterruin;0;0.000999;
./datasets/SuffixArchivos/Mezcla//1000_4.txt;counterruin;0;0.000999;
./datasets/SuffixArchivos/Mezcla//1000_5.txt;counterruin;0;0.000999;
./datasets/SuffixArchivos/Mezcla//1000_6.txt;counterruin;0;0.000999;
./datasets/SuffixArchivos/Mezcla//200.txt;counterruin;0;0.000999;
./datasets/SuffixArchivos/Mezcla//200_2.txt;counterruin;0;0.000999;
./datasets/SuffixArchivos/Mezcla//500.txt;counterruin;0;0.000999;
./datasets/SuffixArchivos/Mezcla//500_2.txt;counterruin;0;0.000999;
./datasets/SuffixArchivos/Mezcla//1000.txt;gryposis;0;0;
./datasets/SuffixArchivos/Mezcla//1000_2.txt;gryposis;0;0;
./datasets/SuffixArchivos/Mezcla//1000_3.txt;gryposis;0;0;
./datasets/SuffixArchivos/Mezcla//1000_4.txt;gryposis;0;0;
./datasets/SuffixArchivos/Mezcla//1000_5.txt;gryposis;0;0;
./datasets/SuffixArchivos/Mezcla//1000_6.txt;gryposis;0;0;
./datasets/SuffixArchivos/Mezcla//200.txt;gryposis;0;0;
./datasets/SuffixArchivos/Mezcla//200_2.txt;gryposis;0;0;
./datasets/SuffixArchivos/Mezcla//500.txt;gryposis;0;0;
./datasets/SuffixArchivos/Mezcla//500_2.txt;gryposis;0;0;
./datasets/SuffixArchivos/Mezcla//1000.txt;ringe;0;0;
./datasets/SuffixArchivos/Mezcla//1000_2.txt;ringe;0;0;
./datasets/SuffixArchivos/Mezcla//1000_3.txt;ringe;0;0;
./datasets/SuffixArchivos/Mezcla//1000_4.txt;ringe;0;0;
./datasets/SuffixArchivos/Mezcla//1000_5.txt;ringe;0;0;
./datasets/SuffixArchivos/Mezcla//1000_6.txt;ringe;0;0;
./datasets/SuffixArchivos/Mezcla//200.txt;ringe;0;0;
./datasets/SuffixArchivos/Mezcla//200_2.txt;ringe;0;0;
./datasets/SuffixArchivos/Mezcla//500.txt;ringe;0;0;
./datasets/SuffixArchivos/Mezcla//500_2.txt;ringe;0;0;
./datasets/SuffixArchivos/Mezcla//1000.txt;displeasedly;0;0.000999;
./datasets/SuffixArchivos/Mezcla//1000_2.txt;displeasedly;0;0.000999;
./datasets/SuffixArchivos/Mezcla//1000_3.txt;displeasedly;0;0.000999;
./datasets/SuffixArchivos/Mezcla//1000_4.txt;displeasedly;0;0.000999;
./datasets/SuffixArchivos/Mezcla//1000_5.txt;displeasedly;0;0.000999;
./datasets/SuffixArchivos/Mezcla//1000_6.txt;displeasedly;0;0.000999;
./datasets/SuffixArchivos/Mezcla//200.txt;displeasedly;0;0.000999;
./datasets/SuffixArchivos/Mezcla//200_2.txt;displeasedly;0;0.000999;
./datasets/SuffixArchivos/Mezcla//500.txt;displeasedly;0;0.000999;
./datasets/SuffixArchivos/Mezcla//500_2.txt;displeasedly;0;0.000999;
./datasets/SuffixArchivos/Mezcla//1000.txt;incenter;0;0.000999;
./datasets/SuffixArchivos/Mezcla//1000_2.txt;incenter;0;0.000999;
./datasets/SuffixArchivos/Mezcla//1000_3.txt;incenter;0;0.000999;
./datasets/SuffixArchivos/Mezcla//1000_4.txt;incenter;0;0.000999;
./datasets/SuffixArchivos/Mezcla//1000_5.txt;incenter;0;0.000999;
./datasets/SuffixArchivos/Mezcla//1000_6.txt;incenter;0;0.000999;
./datasets/SuffixArchivos/Mezcla//200.txt;incenter;0;0.000999;
./datasets/SuffixArchivos/Mezcla//200_2.txt;incenter;0;0.000999;
./datasets/SuffixArchivos/Mezcla//500.txt;incenter;0;0.000999;
./datasets/SuffixArchivos/Mezcla//500_2.txt;incenter;0;0.000999;
./datasets/SuffixArchivos/Mezcla//1000.txt;gallycrow;0;0;
./datasets/SuffixArchivos/Mezcla//1000_2.txt;gallycrow;0;0;
./datasets/SuffixArchivos/Mezcla//1000_3.txt;gallycrow;0;0;
./datasets/SuffixArchivos/Mezcla//1000_4.txt;gallycrow;0;0;
./datasets/SuffixArchivos/Mezcla//1000_5.txt;gallycrow;0;0;
./datasets/SuffixArchivos/Mezcla//1000_6.txt;gallycrow;0;0;
./datasets/SuffixArchivos/Mezcla//200.txt;gallycrow;0;0;
./datasets/SuffixArchivos/Mezcla//200_2.txt;gallycrow;0;0;
./datasets/SuffixArchivos/Mezcla//500.txt;gallycrow;0;0;
./datasets/SuffixArchivos/Mezcla//500_2.txt;gallycrow;0;0;
./datasets/SuffixArchivos/Mezcla//1000.txt;whincow;0;0.001;
./datasets/SuffixArchivos/Mezcla//1000_2.txt;whincow;0;0.001;
./datasets/SuffixArchivos/Mezcla//1000_3.txt;whincow;0;0.001;
./datasets/SuffixArchivos/Mezcla//1000_4.txt;whincow;0;0.001;
./datasets/SuffixArchivos/Mezcla//1000_5.txt;whincow;0;0.001;
./datasets/SuffixArchivos/Mezcla//1000_6.txt;whincow;0;0.001;
./datasets/SuffixArchivos/Mezcla//200.txt;whincow;0;0.001;
./datasets/SuffixArchivos/Mezcla//200_2.txt;whincow;0;0.001;
./datasets/SuffixArchivos/Mezcla//500.txt;whincow;0;0.001;
./datasets/SuffixArchivos/Mezcla//500_2.txt;whincow;0;0.001;
./datasets/SuffixArchivos/Mezcla//1000.txt;repudiationist;0;0;
./datasets/SuffixArchivos/Mezcla//1000_2.txt;repudiationist;0;0;
./datasets/SuffixArchivos/Mezcla//1000_3.txt;repudiationist;0;0;
./datasets/SuffixArchivos/Mezcla//1000_4.txt;repudiationist;0;0;
./datasets/SuffixArchivos/Mezcla//1000_5.txt;repudiationist;0;0;
./datasets/SuffixArchivos/Mezcla//1000_6.txt;repudiationist;0;0;
./datasets/SuffixArchivos/Mezcla//200.txt;repudiationist;0;0;
./datasets/SuffixArchivos/Mezcla//200_2.txt;repudiationist;0;0;
./datasets/SuffixArchivos/Mezcla//500.txt;repudiationist;0;0;
./datasets/SuffixArchivos/Mezcla//500_2.txt;repudiationist;0;0;
./datasets/SuffixArchivos/Mezcla//1000.txt;unagile;0;0;
./datasets/SuffixArchivos/Mezcla//1000_2.txt;unagile;0;0;
./datasets/SuffixArchivos/Mezcla//1000_3.txt;unagile;0;0;
./datasets/SuffixArchivos/Mezcla//1000_4.txt;unagile;0;0;
./datasets/SuffixArchivos/Mezcla//1000_5.txt;unagile;0;0;
./datasets/SuffixArchivos/Mezcla//1000_6.txt;unagile;0;0;
./datasets/SuffixArchivos/Mezcla//200.txt;unagile;0;0;
./datasets/SuffixArchivos/Mezcla//200_2.txt;unagile;0;0;
./datasets/SuffixArchivos/Mezcla//500.txt;unagile;0;0;
./datasets/SuffixArchivos/Mezcla//500_2.txt;unagile;0;0;
./datasets/SuffixArchivos/Mezcla//1000.txt;chaplain;0;0.001;
./datasets/SuffixArchivos/Mezcla//1000_2.txt;chaplain;0;0.001;
./datasets/SuffixArchivos/Mezcla//1000_3.txt;chaplain;0;0.001;
./datasets/SuffixArchivos/Mezcla//1000_4.txt;chaplain;0;0.001;
./datasets/SuffixArchivos/Mezcla//1000_5.txt;chaplain;0;0.001;
./datasets/SuffixArchivos/Mezcla//1000_6.txt;chaplain;0;0.001;
./datasets/SuffixArchivos/Mezcla//200.txt;chaplain;0;0.001;
./datasets/SuffixArchivos/Mezcla//200_2.txt;chaplain;0;0.001;
./datasets/SuffixArchivos/Mezcla//500.txt;chaplain;0;0.001;
./datasets/SuffixArchivos/Mezcla//500_2.txt;chaplain;0;0.001;
./datasets/SuffixArchivos/Mezcla//1000.txt;bekerchief;0;0;
./datasets/SuffixArchivos/Mezcla//1000_2.txt;bekerchief;0;0;
./datasets/SuffixArchivos/Mezcla//1000_3.txt;bekerchief;0;0;
./datasets/SuffixArchivos/Mezcla//1000_4.txt;bekerchief;0;0;
./datasets/SuffixArchivos/Mezcla//1000_5.txt;bekerchief;0;0;
./datasets/SuffixArchivos/Mezcla//1000_6.txt;bekerchief;0;0;
./datasets/SuffixArchivos/Mezcla//200.txt;bekerchief;0;0;
./datasets/SuffixArchivos/Mezcla//200_2.txt;bekerchief;0;0;
./datasets/SuffixArchivos/Mezcla//500.txt;bekerchief;0;0;
./datasets/SuffixArchivos/Mezcla//500_2.txt;bekerchief;0;0;
./datasets/SuffixArchivos/Mezcla//1000.txt;subproduct;0;0;
./datasets/SuffixArchivos/Mezcla//1000_2.txt;subproduct;0;0;
./datasets/SuffixArchivos/Mezcla//1000_3.txt;subproduct;0;0;
./datasets/SuffixArchivos/Mezcla//1000_4.txt;subproduct;0;0;
./datasets/SuffixArchivos/Mezcla//1000_5.txt;subproduct;0;0;
./datasets/SuffixArchivos/Mezcla//1000_6.txt;subproduct;0;0;
./datasets/SuffixArchivos/Mezcla//200.txt;subproduct;0;0;
./datasets/SuffixArchivos/Mezcla//200_2.txt;subproduct;0;0;
./datasets/SuffixArchivos/Mezcla//500.txt;subproduct;0;0;
./datasets/SuffixArchivos/Mezcla//500_2.txt;subproduct;0;0;
./datasets/SuffixArchivos/Mezcla//1000.txt;pointingly;0;0.000999;
./datasets/SuffixArchivos/Mezcla//1000_2.txt;pointingly;0;0.000999;
./datasets/SuffixArchivos/Mezcla//1000_3.txt;pointingly;0;0.000999;
./datasets/SuffixArchivos/Mezcla//1000_4.txt;pointingly;0;0.000999;
./datasets/SuffixArchivos/Mezcla//1000_5.txt;pointingly;0;0.000999;
./datasets/SuffixArchivos/Mezcla//1000_6.txt;pointingly;0;0.000999;
./datasets/SuffixArchivos/Mezcla//200.txt;pointingly;0;0.000999;
./datasets/SuffixArchivos/Mezcla//200_2.txt;pointingly;0;0.000999;
./datasets/SuffixArchivos/Mezcla//500.txt;pointingly;0;0.000999;
./datasets/SuffixArchivos/Mezcla//500_2.txt;pointingly;0;0.000999;
./datasets/SuffixArchivos/Mezcla//1000.txt;Physonectae;0;0;
./datasets/SuffixArchivos/Mezcla//1000_2.txt;Physonectae;0;0;
./datasets/SuffixArchivos/Mezcla//1000_3.txt;Physonectae;0;0;
./datasets/SuffixArchivos/Mezcla//1000_4.txt;Physonectae;0;0;
./datasets/SuffixArchivos/Mezcla//1000_5.txt;Physonectae;0;0;
./datasets/SuffixArchivos/Mezcla//1000_6.txt;Physonectae;0;0;
./datasets/SuffixArchivos/Mezcla//200.txt;Physonectae;0;0;
./datasets/SuffixArchivos/Mezcla//200_2.txt;Physonectae;0;0;
./datasets/SuffixArchivos/Mezcla//500.txt;Physonectae;0;0;
./datasets/SuffixArchivos/Mezcla//500_2.txt;Physonectae;0;0;
./datasets/SuffixArchivos/Mezcla//1000.txt;bumpingly;0;0;
./datasets/SuffixArchivos/Mezcla//1000_2.txt;bumpingly;0;0;
./datasets/SuffixArchivos/Mezcla//1000_3.txt;bumpingly;0;0;
./datasets/SuffixArchivos/Mezcla//1000_4.txt;bumpingly;0;0;
./datasets/SuffixArchivos/Mezcla//1000_5.txt;bumpingly;0;0;
./datasets/SuffixArchivos/Mezcla//1000_6.txt;bumpingly;0;0;
./datasets/SuffixArchivos/Mezcla//200.txt;bumpingly;0;0;
./datasets/SuffixArchivos/Mezcla//200_2.txt;bumpingly;0;0;
./datasets/SuffixArchivos/Mezcla//500.txt;bumpingly;0;0;
./datasets/SuffixArchivos/Mezcla//500_2.txt;bumpingly;0;0;
./datasets/SuffixArchivos/Mezcla//1000.txt;hateful;0;0.000999;
./datasets/SuffixArchivos/Mezcla//1000_2.txt;hateful;0;0.000999;
./datasets/SuffixArchivos/Mezcla//1000_3.txt;hateful;0;0.000999;
./datasets/SuffixArchivos/Mezcla//1000_4.txt;hateful;0;0.000999;
./datasets/SuffixArchivos/Mezcla//1000_5.txt;hateful;0;0.000999;
./datasets/SuffixArchivos/Mezcla//1000_6.txt;hateful;0;0.000999;
./datasets/SuffixArchivos/Mezcla//200.txt;hateful;0;0.000999;
./datasets/SuffixArchivos/Mezcla//200_2.txt;hateful;0;0.000999;
./datasets/SuffixArchivos/Mezcla//500.txt;hateful;0;0.000999;
./datasets/SuffixArchivos/Mezcla//500_2.txt;hateful;0;0.000999;
./datasets/SuffixArchivos/Mezcla//1000.txt;endogenous;0;0.001;
./datasets/SuffixArchivos/Mezcla//1000_2.txt;endogenous;0;0.001;
./datasets/SuffixArchivos/Mezcla//1000_3.txt;endogenous;0;0.001;
./datasets/SuffixArchivos/Mezcla//1000_4.txt;endogenous;0;0.001;
./datasets/SuffixArchivos/Mezcla//1000_5.txt;endogenous;0;0.001;
./datasets/SuffixArchivos/Mezcla//1000_6.txt;endogenous;0;0.001;
./datasets/SuffixArchivos/Mezcla//200.txt;endogenous;0;0.001;
./datasets/SuffixArchivos/Mezcla//200_2.txt;endogenous;0;0.001;
./datasets/SuffixArchivos/Mezcla//500.txt;endogenous;0;0.001;
./datasets/SuffixArchivos/Mezcla//500_2.txt;endogenous;0;0.001;
./datasets/SuffixArchivos/Mezcla//1000.txt;facticide;0;0;
./datasets/SuffixArchivos/Mezcla//1000_2.txt;facticide;0;0;
./datasets/SuffixArchivos/Mezcla//1000_3.txt;facticide;0;0;
./datasets/SuffixArchivos/Mezcla//1000_4.txt;facticide;0;0;
./datasets/SuffixArchivos/Mezcla//1000_5.txt;facticide;0;0;
./datasets/SuffixArchivos/Mezcla//1000_6.txt;facticide;0;0;
./datasets/SuffixArchivos/Mezcla//200.txt;facticide;0;0;
./datasets/SuffixArchivos/Mezcla//200_2.txt;facticide;0;0;
./datasets/SuffixArchivos/Mezcla//500.txt;facticide;0;0;
./datasets/SuffixArchivos/Mezcla//500_2.txt;facticide;0;0;
./datasets/SuffixArchivos/Mezcla//1000.txt;velours;0;0.000999;
./datasets/SuffixArchivos/Mezcla//1000_2.txt;velours;0;0.000999;
./datasets/SuffixArchivos/Mezcla//1000_3.txt;velours;0;0.000999;
./datasets/SuffixArchivos/Mezcla//1000_4.txt;velours;0;0.000999;
./datasets/SuffixArchivos/Mezcla//1000_5.txt;velours;0;0.000999;
./datasets/SuffixArchivos/Mezcla//1000_6.txt;velours;0;0.000999;
./datasets/SuffixArchivos/Mezcla//200.txt;velours;0;0.000999;
./datasets/SuffixArchivos/Mezcla//200_2.txt;velours;0;0.000999;
./datasets/SuffixArchivos/Mezcla//500.txt;velours;0;0.000999;
./datasets/SuffixArchivos/Mezcla//500_2.txt;velours;0;0.000999;
./datasets/SuffixArchivos/Mezcla//1000.txt;carmoisin;0;0.000999;
./datasets/SuffixArchivos/Mezcla//1000_2.txt;carmoisin;0;0.000999;
./datasets/SuffixArchivos/Mezcla//1000_3.txt;carmoisin;0;0.000999;
./datasets/SuffixArchivos/Mezcla//1000_4.txt;carmoisin;0;0.000999;
./datasets/SuffixArchivos/Mezcla//1000_5.txt;carmoisin;0;0.000999;
./datasets/SuffixArchivos/Mezcla//1000_6.txt;carmoisin;0;0.000999;
./datasets/SuffixArchivos/Mezcla//200.txt;carmoisin;0;0.000999;
./datasets/SuffixArchivos/Mezcla//200_2.txt;carmoisin;0;0.000999;
./datasets/SuffixArchivos/Mezcla//500.txt;carmoisin;0;0.000999;
./datasets/SuffixArchivos/Mezcla//500_2.txt;carmoisin;0;0.000999;
./datasets/SuffixArchivos/Mezcla//1000.txt;reaccomplish;0;0;
./datasets/SuffixArchivos/Mezcla//1000_2.txt;reaccomplish;0;0;
./datasets/SuffixArchivos/Mezcla//1000_3.txt;reaccomplish;0;0;
./datasets/SuffixArchivos/Mezcla//1000_4.txt;reaccomplish;0;0;
./datasets/SuffixArchivos/Mezcla//1000_5.txt;reaccomplish;0;0;
./datasets/SuffixArchivos/Mezcla//1000_6.txt;reaccomplish;0;0;
./datasets/SuffixArchivos/Mezcla//200.txt;reaccomplish;0;0;
./datasets/SuffixArchivos/Mezcla//200_2.txt;reaccomplish;0;0;
./datasets/SuffixArchivos/Mezcla//500.txt;reaccomplish;0;0;
./datasets/SuffixArchivos/Mezcla//500_2.txt;reaccomplish;0;0;
./datasets/SuffixArchivos/Mezcla//1000.txt;protistic;0;0.001;
./datasets/SuffixArchivos/Mezcla//1000_2.txt;protistic;0;0.001;
./datasets/SuffixArchivos/Mezcla//1000_3.txt;protistic;0;0.001;
./datasets/SuffixArchivos/Mezcla//1000_4.txt;protistic;0;0.001;
./datasets/SuffixArchivos/Mezcla//1000_5.txt;protistic;0;0.001;
./datasets/SuffixArchivos/Mezcla//1000_6.txt;protistic;0;0.001;
./datasets/SuffixArchivos/Mezcla//200.txt;protistic;0;0.001;
./datasets/SuffixArchivos/Mezcla//200_2.txt;protistic;0;0.001;
./datasets/SuffixArchivos/Mezcla//500.txt;protistic;0;0.001;
./datasets/SuffixArchivos/Mezcla//500_2.txt;protistic;0;0.001;
./datasets/SuffixArchivos/Mezcla//1000.txt;recuperance;0;0.000999;
./datasets/SuffixArchivos/Mezcla//1000_2.txt;recuperance;0;0.000999;
./datasets/SuffixArchivos/Mezcla//1000_3.txt;recuperance;0;0.000999;
./datasets/SuffixArchivos/Mezcla//1000_4.txt;recuperance;0;0.000999;
./datasets/SuffixArchivos/Mezcla//1000_5.txt;recuperance;0;0.000999;
./datasets/SuffixArchivos/Mezcla//1000_6.txt;recuperance;0;0.000999;
./datasets/SuffixArchivos/Mezcla//200.txt;recuperance;0;0.000999;
./datasets/SuffixArchivos/Mezcla//200_2.txt;recuperance;0;0.000999;
./datasets/SuffixArchivos/Mezcla//500.txt;recuperance;0;0.000999;
./datasets/SuffixArchivos/Mezcla//500_2.txt;recuperance;0;0.000999;
./datasets/SuffixArchivos/Mezcla//1000.txt;tech;0;0;
./datasets/SuffixArchivos/Mezcla//1000_2.txt;tech;0;0;
./datasets/SuffixArchivos/Mezcla//1000_3.txt;tech;0;0;
./datasets/SuffixArchivos/Mezcla//1000_4.txt;tech;0;0;
./datasets/SuffixArchivos/Mezcla//1000_5.txt;tech;0;0;
./datasets/SuffixArchivos/Mezcla//1000_6.txt;tech;0;0;
./datasets/SuffixArchivos/Mezcla//200.txt;tech;0;0;
./datasets/SuffixArchivos/Mezcla//200_2.txt;tech;0;0;
./datasets/SuffixArchivos/Mezcla//500.txt;tech;0;0;
./datasets/SuffixArchivos/Mezcla//500_2.txt;tech;0;0;
./datasets/SuffixArchivos/Mezcla//1000.txt;withywind;0;0.001;
./datasets/SuffixArchivos/Mezcla//1000_2.txt;withywind;0;0.001;
./datasets/SuffixArchivos/Mezcla//1000_3.txt;withywind;0;0.001;
./datasets/SuffixArchivos/Mezcla//1000_4.txt;withywind;0;0.001;
./datasets/SuffixArchivos/Mezcla//1000_5.txt;withywind;0;0.001;
./datasets/SuffixArchivos/Mezcla//1000_6.txt;withywind;0;0.001;
./datasets/SuffixArchivos/Mezcla//200.txt;withywind;0;0.001;
./datasets/SuffixArchivos/Mezcla//200_2.txt;withywind;0;0.001;
./datasets/SuffixArchivos/Mezcla//500.txt;withywind;0;0.001;
./datasets/SuffixArchivos/Mezcla//500_2.txt;withywind;0;0.001;
./datasets/SuffixArchivos/Mezcla//1000.txt;Galen;0;0.000999;
./datasets/SuffixArchivos/Mezcla//1000_2.txt;Galen;0;0.000999;
./datasets/SuffixArchivos/Mezcla//1000_3.txt;Galen;0;0.000999;
./datasets/SuffixArchivos/Mezcla//1000_4.txt;Galen;0;0.000999;
./datasets/SuffixArchivos/Mezcla//1000_5.txt;Galen;0;0.000999;
./datasets/SuffixArchivos/Mezcla//1000_6.txt;Galen;0;0.000999;
./datasets/SuffixArchivos/Mezcla//200.txt;Galen;0;0.000999;
./datasets/SuffixArchivos/Mezcla//200_2.txt;Galen;0;0.000999;
./datasets/SuffixArchivos/Mezcla//500.txt;Galen;0;0.000999;
./datasets/SuffixArchivos/Mezcla//500_2.txt;Galen;0;0.000999;
./datasets/SuffixArchivos/Mezcla//1000.txt;Slavistic;0;0.001;
./datasets/SuffixArchivos/Mezcla//1000_2.txt;Slavistic;0;0.001;
./datasets/SuffixArchivos/Mezcla//1000_3.txt;Slavistic;0;0.001;
./datasets/SuffixArchivos/Mezcla//1000_4.txt;Slavistic;0;0.001;
./datasets/SuffixArchivos/Mezcla//1000_5.txt;Slavistic;0;0.001;
./datasets/SuffixArchivos/Mezcla//1000_6.txt;Slavistic;0;0.001;
./datasets/SuffixArchivos/Mezcla//200.txt;Slavistic;0;0.001;
./datasets/SuffixArchivos/Mezcla//200_2.txt;Slavistic;0;0.001;
./datasets/SuffixArchivos/Mezcla//500.txt;Slavistic;0;0.001;
./datasets/SuffixArchivos/Mezcla//500_2.txt;Slavistic;0;0.001;
./datasets/SuffixArchivos/Mezcla//1000.txt;escropulo;0;0;
./datasets/SuffixArchivos/Mezcla//1000_2.txt;escropulo;0;0;
./datasets/SuffixArchivos/Mezcla//1000_3.txt;escropulo;0;0;
./datasets/SuffixArchivos/Mezcla//1000_4.txt;escropulo;0;0;
./datasets/SuffixArchivos/Mezcla//1000_5.txt;escropulo;0;0;
./datasets/SuffixArchivos/Mezcla//1000_6.txt;escropulo;0;0;
./datasets/SuffixArchivos/Mezcla//200.txt;escropulo;0;0;
./datasets/SuffixArchivos/Mezcla//200_2.txt;escropulo;0;0;
./datasets/SuffixArchivos/Mezcla//500.txt;escropulo;0;0;
./datasets/SuffixArchivos/Mezcla//500_2.txt;escropulo;0;0;
./datasets/SuffixArchivos/Mezcla//1000.txt;deglutination;0;0.000999;
./datasets/SuffixArchivos/Mezcla//1000_2.txt;deglutination;0;0.000999;
./datasets/SuffixArchivos/Mezcla//1000_3.txt;deglutination;0;0.000999;
./datasets/SuffixArchivos/Mezcla//1000_4.txt;deglutination;0;0.000999;
./datasets/SuffixArchivos/Mezcla//1000_5.txt;deglutination;0;0.000999;
./datasets/SuffixArchivos/Mezcla//1000_6.txt;deglutination;0;0.000999;
./datasets/SuffixArchivos/Mezcla//200.txt;deglutination;0;0.000999;
./datasets/SuffixArchivos/Mezcla//200_2.txt;deglutination;0;0.000999;
./datasets/SuffixArchivos/Mezcla//500.txt;deglutination;0;0.000999;
./datasets/SuffixArchivos/Mezcla//500_2.txt;deglutination;0;0.000999;
./datasets/SuffixArchivos/Mezcla//1000.txt;hydramnios;0;0.001;
./datasets/SuffixArchivos/Mezcla//1000_2.txt;hydramnios;0;0.001;
./datasets/SuffixArchivos/Mezcla//1000_3.txt;hydramnios;0;0.001;
./datasets/SuffixArchivos/Mezcla//1000_4.txt;hydramnios;0;0.001;
./datasets/SuffixArchivos/Mezcla//1000_5.txt;hydramnios;0;0.001;
./datasets/SuffixArchivos/Mezcla//1000_6.txt;hydramnios;0;0.001;
./datasets/SuffixArchivos/Mezcla//200.txt;hydramnios;0;0.001;
./datasets/SuffixArchivos/Mezcla//200_2.txt;hydramnios;0;0.001;
./datasets/SuffixArchivos/Mezcla//500.txt;hydramnios;0;0.001;
./datasets/SuffixArchivos/Mezcla//500_2.txt;hydramnios;0;0.001;
./datasets/SuffixArchivos/Mezcla//1000.txt;Amphion;0;0;
./datasets/SuffixArchivos/Mezcla//1000_2.txt;Amphion;0;0;
./datasets/SuffixArchivos/Mezcla//1000_3.txt;Amphion;0;0;
./datasets/SuffixArchivos/Mezcla//1000_4.txt;Amphion;0;0;
./datasets/SuffixArchivos/Mezcla//1000_5.txt;Amphion;0;0;
./datasets/SuffixArchivos/Mezcla//1000_6.txt;Amphion;0;0;
./datasets/SuffixArchivos/Mezcla//200.txt;Amphion;0;0;
./datasets/SuffixArchivos/Mezcla//200_2.txt;Amphion;0;0;
./datasets/SuffixArchivos/Mezcla//500.txt;Amphion;0;0;
./datasets/SuffixArchivos/Mezcla//500_2.txt;Amphion;0;0;
./datasets/SuffixArchivos/Mezcla//1000.txt;beguilement;0;0.000999;
./datasets/SuffixArchivos/Mezcla//1000_2.txt;beguilement;0;0.000999;
./datasets/SuffixArchivos/Mezcla//1000_3.txt;beguilement;0;0.000999;
./datasets/SuffixArchivos/Mezcla//1000_4.txt;beguilement;0;0.000999;
./datasets/SuffixArchivos/Mezcla//1000_5.txt;beguilement;0;0.000999;
./datasets/SuffixArchivos/Mezcla//1000_6.txt;beguilement;0;0.000999;
./datasets/SuffixArchivos/Mezcla//200.txt;beguilement;0;0.000999;
./datasets/SuffixArchivos/Mezcla//200_2.txt;beguilement;0;0.000999;
./datasets/SuffixArchivos/Mezcla//500.txt;beguilement;0;0.000999;
./datasets/SuffixArchivos/Mezcla//500_2.txt;beguilement;0;0.000999;
./datasets/SuffixArchivos/Mezcla//1000.txt;glottiscope;0;0.000999;
./datasets/SuffixArchivos/Mezcla//1000_2.txt;glottiscope;0;0.000999;
./datasets/SuffixArchivos/Mezcla//1000_3.txt;glottiscope;0;0.000999;
./datasets/SuffixArchivos/Mezcla//1000_4.txt;glottiscope;0;0.000999;
./datasets/SuffixArchivos/Mezcla//1000_5.txt;glottiscope;0;0.000999;
./datasets/SuffixArchivos/Mezcla//1000_6.txt;glottiscope;0;0.000999;
./datasets/SuffixArchivos/Mezcla//200.txt;glottiscope;0;0.000999;
./datasets/SuffixArchivos/Mezcla//200_2.txt;glottiscope;0;0.000999;
./datasets/SuffixArchivos/Mezcla//500.txt;glottiscope;0;0.000999;
./datasets/SuffixArchivos/Mezcla//500_2.txt;glottiscope;0;0.000999;
./datasets/SuffixArchivos/Mezcla//1000.txt;propagation;0;0;
./datasets/SuffixArchivos/Mezcla//1000_2.txt;propagation;0;0;
./datasets/SuffixArchivos/Mezcla//1000_3.txt;propagation;0;0;
./datasets/SuffixArchivos/Mezcla//1000_4.txt;propagation;0;0;
./datasets/SuffixArchivos/Mezcla//1000_5.txt;propagation;0;0;
./datasets/SuffixArchivos/Mezcla//1000_6.txt;propagation;0;0;
./datasets/SuffixArchivos/Mezcla//200.txt;propagation;0;0;
./datasets/SuffixArchivos/Mezcla//200_2.txt;propagation;0;0;
./datasets/SuffixArchivos/Mezcla//500.txt;propagation;0;0;
./datasets/SuffixArchivos/Mezcla//500_2.txt;propagation;0;0;
./datasets/SuffixArchivos/Mezcla//1000.txt;entrancement;0;0.001;
./datasets/SuffixArchivos/Mezcla//1000_2.txt;entrancement;0;0.001;
./datasets/SuffixArchivos/Mezcla//1000_3.txt;entrancement;0;0.001;
./datasets/SuffixArchivos/Mezcla//1000_4.txt;entrancement;0;0.001;
./datasets/SuffixArchivos/Mezcla//1000_5.txt;entrancement;0;0.001;
./datasets/SuffixArchivos/Mezcla//1000_6.txt;entrancement;0;0.001;
./datasets/SuffixArchivos/Mezcla//200.txt;entrancement;0;0.001;
./datasets/SuffixArchivos/Mezcla//200_2.txt;entrancement;0;0.001;
./datasets/SuffixArchivos/Mezcla//500.txt;entrancement;0;0.001;
./datasets/SuffixArchivos/Mezcla//500_2.txt;entrancement;0;0.001;
./datasets/SuffixArchivos/Mezcla//1000.txt;disbelief;0;0;
./datasets/SuffixArchivos/Mezcla//1000_2.txt;disbelief;0;0;
./datasets/SuffixArchivos/Mezcla//1000_3.txt;disbelief;0;0;
./datasets/SuffixArchivos/Mezcla//1000_4.txt;disbelief;0;0;
./datasets/SuffixArchivos/Mezcla//1000_5.txt;disbelief;0;0;
./datasets/SuffixArchivos/Mezcla//1000_6.txt;disbelief;0;0;
./datasets/SuffixArchivos/Mezcla//200.txt;disbelief;0;0;
./datasets/SuffixArchivos/Mezcla//200_2.txt;disbelief;0;0;
./datasets/SuffixArchivos/Mezcla//500.txt;disbelief;0;0;
./datasets/SuffixArchivos/Mezcla//500_2.txt;disbelief;0;0;
./datasets/SuffixArchivos/Mezcla//1000.txt;goatlike;0;0;
./datasets/SuffixArchivos/Mezcla//1000_2.txt;goatlike;0;0;
./datasets/SuffixArchivos/Mezcla//1000_3.txt;goatlike;0;0;
./datasets/SuffixArchivos/Mezcla//1000_4.txt;goatlike;0;0;
./datasets/SuffixArchivos/Mezcla//1000_5.txt;goatlike;0;0;
./datasets/SuffixArchivos/Mezcla//1000_6.txt;goatlike;0;0;
./datasets/SuffixArchivos/Mezcla//200.txt;goatlike;0;0;
./datasets/SuffixArchivos/Mezcla//200_2.txt;goatlike;0;0;
./datasets/SuffixArchivos/Mezcla//500.txt;goatlike;0;0;
./datasets/SuffixArchivos/Mezcla//500_2.txt;goatlike;0;0;
./datasets/SuffixArchivos/Mezcla//1000.txt;Tanyoan;0;0.001;
./datasets/SuffixArchivos/Mezcla//1000_2.txt;Tanyoan;0;0.001;
./datasets/SuffixArchivos/Mezcla//1000_3.txt;Tanyoan;0;0.001;
./datasets/SuffixArchivos/Mezcla//1000_4.txt;Tanyoan;0;0.001;
./datasets/SuffixArchivos/Mezcla//1000_5.txt;Tanyoan;0;0.001;
./datasets/SuffixArchivos/Mezcla//1000_6.txt;Tanyoan;0;0.001;
./datasets/SuffixArchivos/Mezcla//200.txt;Tanyoan;0;0.001;
./datasets/SuffixArchivos/Mezcla//200_2.txt;Tanyoan;0;0.001;
./datasets/SuffixArchivos/Mezcla//500.txt;Tanyoan;0;0.001;
./datasets/SuffixArchivos/Mezcla//500_2.txt;Tanyoan;0;0.001;
./datasets/SuffixArchivos/Mezcla//1000.txt;thecium;0;0;
./datasets/SuffixArchivos/Mezcla//1000_2.txt;thecium;0;0;
./datasets/SuffixArchivos/Mezcla//1000_3.txt;thecium;0;0;
./datasets/SuffixArchivos/Mezcla//1000_4.txt;thecium;0;0;
./datasets/SuffixArchivos/Mezcla//1000_5.txt;thecium;0;0;
./datasets/SuffixArchivos/Mezcla//1000_6.txt;thecium;0;0;
./datasets/SuffixArchivos/Mezcla//200.txt;thecium;0;0;
./datasets/SuffixArchivos/Mezcla//200_2.txt;thecium;0;0;
./datasets/SuffixArchivos/Mezcla//500.txt;thecium;0;0;
./datasets/SuffixArchivos/Mezcla//500_2.txt;thecium;0;0;
./datasets/SuffixArchivos/Mezcla//1000.txt;deforciant;0;0.000999;
./datasets/SuffixArchivos/Mezcla//1000_2.txt;deforciant;0;0.000999;
./datasets/SuffixArchivos/Mezcla//1000_3.txt;deforciant;0;0.000999;
./datasets/SuffixArchivos/Mezcla//1000_4.txt;deforciant;0;0.000999;
./datasets/SuffixArchivos/Mezcla//1000_5.txt;deforciant;0;0.000999;
./datasets/SuffixArchivos/Mezcla//1000_6.txt;deforciant;0;0.000999;
./datasets/SuffixArchivos/Mezcla//200.txt;deforciant;0;0.000999;
./datasets/SuffixArchivos/Mezcla//200_2.txt;deforciant;0;0.000999;
./datasets/SuffixArchivos/Mezcla//500.txt;deforciant;0;0.000999;
./datasets/SuffixArchivos/Mezcla//500_2.txt;deforciant;0;0.000999;
./datasets/SuffixArchivos/Mezcla//1000.txt;coachwhip;0;0.001;
./datasets/SuffixArchivos/Mezcla//1000_2.txt;coachwhip;0;0.001;
./datasets/SuffixArchivos/Mezcla//1000_3.txt;coachwhip;0;0.001;
./datasets/SuffixArchivos/Mezcla//1000_4.txt;coachwhip;0;0.001;
./datasets/SuffixArchivos/Mezcla//1000_5.txt;coachwhip;0;0.001;
./datasets/SuffixArchivos/Mezcla//1000_6.txt;coachwhip;0;0.001;
./datasets/SuffixArchivos/Mezcla//200.txt;coachwhip;0;0.001;
./datasets/SuffixArchivos/Mezcla//200_2.txt;coachwhip;0;0.001;
./datasets/SuffixArchivos/Mezcla//500.txt;coachwhip;0;0.001;
./datasets/SuffixArchivos/Mezcla//500_2.txt;coachwhip;0;0.001;
./datasets/SuffixArchivos/Mezcla//1000.txt;enviableness;0;0;
./datasets/SuffixArchivos/Mezcla//1000_2.txt;enviableness;0;0;
./datasets/SuffixArchivos/Mezcla//1000_3.txt;enviableness;0;0;
./datasets/SuffixArchivos/Mezcla//1000_4.txt;enviableness;0;0;
./datasets/SuffixArchivos/Mezcla//1000_5.txt;enviableness;0;0;
./datasets/SuffixArchivos/Mezcla//1000_6.txt;enviableness;0;0;
./datasets/SuffixArchivos/Mezcla//200.txt;enviableness;0;0;
./datasets/SuffixArchivos/Mezcla//200_2.txt;enviableness;0;0;
./datasets/SuffixArchivos/Mezcla//500.txt;enviableness;0;0;
./datasets/SuffixArchivos/Mezcla//500_2.txt;enviableness;0;0;
./datasets/SuffixArchivos/Mezcla//1000.txt;duroquinone;0;0;
./datasets/SuffixArchivos/Mezcla//1000_2.txt;duroquinone;0;0;
./datasets/SuffixArchivos/Mezcla//1000_3.txt;duroquinone;0;0;
./datasets/SuffixArchivos/Mezcla//1000_4.txt;duroquinone;0;0;
./datasets/SuffixArchivos/Mezcla//1000_5.txt;duroquinone;0;0;
./datasets/SuffixArchivos/Mezcla//1000_6.txt;duroquinone;0;0;
./datasets/SuffixArchivos/Mezcla//200.txt;duroquinone;0;0;
./datasets/SuffixArchivos/Mezcla//200_2.txt;duroquinone;0;0;
./datasets/SuffixArchivos/Mezcla//500.txt;duroquinone;0;0;
./datasets/SuffixArchivos/Mezcla//500_2.txt;duroquinone;0;0;
./datasets/SuffixArchivos/Mezcla//1000.txt;smirchy;0;0.000999;
./datasets/SuffixArchivos/Mezcla//1000_2.txt;smirchy;0;0.000999;
./datasets/SuffixArchivos/Mezcla//1000_3.txt;smirchy;0;0.000999;
./datasets/SuffixArchivos/Mezcla//1000_4.txt;smirchy;0;0.000999;
./datasets/SuffixArchivos/Mezcla//1000_5.txt;smirchy;0;0.000999;
./datasets/SuffixArchivos/Mezcla//1000_6.txt;smirchy;0;0.000999;
./datasets/SuffixArchivos/Mezcla//200.txt;smirchy;0;0.000999;
./datasets/SuffixArchivos/Mezcla//200_2.txt;smirchy;0;0.000999;
./datasets/SuffixArchivos/Mezcla//500.txt;smirchy;0;0.000999;
./datasets/SuffixArchivos/Mezcla//500_2.txt;smirchy;0;0.000999;
./datasets/SuffixArchivos/Mezcla//1000.txt;whisky;0;0;
./datasets/SuffixArchivos/Mezcla//1000_2.txt;whisky;0;0;
./datasets/SuffixArchivos/Mezcla//1000_3.txt;whisky;0;0;
./datasets/SuffixArchivos/Mezcla//1000_4.txt;whisky;0;0;
./datasets/SuffixArchivos/Mezcla//1000_5.txt;whisky;0;0;
./datasets/SuffixArchivos/Mezcla//1000_6.txt;whisky;0;0;
./datasets/SuffixArchivos/Mezcla//200.txt;whisky;0;0;
./datasets/SuffixArchivos/Mezcla//200_2.txt;whisky;0;0;
./datasets/SuffixArchivos/Mezcla//500.txt;whisky;0;0;
./datasets/SuffixArchivos/Mezcla//500_2.txt;whisky;0;0;
./datasets/SuffixArchivos/Mezcla//1000.txt;forcing;0;0;
./datasets/SuffixArchivos/Mezcla//1000_2.txt;forcing;0;0;
./datasets/SuffixArchivos/Mezcla//1000_3.txt;forcing;0;0;
./datasets/SuffixArchivos/Mezcla//1000_4.txt;forcing;0;0;
./datasets/SuffixArchivos/Mezcla//1000_5.txt;forcing;0;0;
./datasets/SuffixArchivos/Mezcla//1000_6.txt;forcing;0;0;
./datasets/SuffixArchivos/Mezcla//200.txt;forcing;0;0;
./datasets/SuffixArchivos/Mezcla//200_2.txt;forcing;0;0;
./datasets/SuffixArchivos/Mezcla//500.txt;forcing;0;0;
./datasets/SuffixArchivos/Mezcla//500_2.txt;forcing;0;0;
./datasets/SuffixArchivos/Mezcla//1000.txt;homosystemic;0;0;
./datasets/SuffixArchivos/Mezcla//1000_2.txt;homosystemic;0;0;
./datasets/SuffixArchivos/Mezcla//1000_3.txt;homosystemic;0;0;
./datasets/SuffixArchivos/Mezcla//1000_4.txt;homosystemic;0;0;
./datasets/SuffixArchivos/Mezcla//1000_5.txt;homosystemic;0;0;
./datasets/SuffixArchivos/Mezcla//1000_6.txt;homosystemic;0;0;
./datasets/SuffixArchivos/Mezcla//200.txt;homosystemic;0;0;
./datasets/SuffixArchivos/Mezcla//200_2.txt;homosystemic;0;0;
./datasets/SuffixArchivos/Mezcla//500.txt;homosystemic;0;0;
./datasets/SuffixArchivos/Mezcla//500_2.txt;homosystemic;0;0;
./datasets/SuffixArchivos/Mezcla//1000.txt;underact;0;0;
./datasets/SuffixArchivos/Mezcla//1000_2.txt;underact;0;0;
./datasets/SuffixArchivos/Mezcla//1000_3.txt;underact;0;0;
./datasets/SuffixArchivos/Mezcla//1000_4.txt;underact;0;0;
./datasets/SuffixArchivos/Mezcla//1000_5.txt;underact;0;0;
./datasets/SuffixArchivos/Mezcla//1000_6.txt;underact;0;0;
./datasets/SuffixArchivos/Mezcla//200.txt;underact;0;0;
./datasets/SuffixArchivos/Mezcla//200_2.txt;underact;0;0;
./datasets/SuffixArchivos/Mezcla//500.txt;underact;0;0;
./datasets/SuffixArchivos/Mezcla//500_2.txt;underact;0;0;
./datasets/SuffixArchivos/Mezcla//1000.txt;autosyndesis;0;0.000999;
./datasets/SuffixArchivos/Mezcla//1000_2.txt;autosyndesis;0;0.000999;
./datasets/SuffixArchivos/Mezcla//1000_3.txt;autosyndesis;0;0.000999;
./datasets/SuffixArchivos/Mezcla//1000_4.txt;autosyndesis;0;0.000999;
./datasets/SuffixArchivos/Mezcla//1000_5.txt;autosyndesis;0;0.000999;
./datasets/SuffixArchivos/Mezcla//1000_6.txt;autosyndesis;0;0.000999;
./datasets/SuffixArchivos/Mezcla//200.txt;autosyndesis;0;0.000999;
./datasets/SuffixArchivos/Mezcla//200_2.txt;autosyndesis;0;0.000999;
./datasets/SuffixArchivos/Mezcla//500.txt;autosyndesis;0;0.000999;
./datasets/SuffixArchivos/Mezcla//500_2.txt;autosyndesis;0;0.000999;
./datasets/SuffixArchivos/Mezcla//1000.txt;sybaritism;0;0;
./datasets/SuffixArchivos/Mezcla//1000_2.txt;sybaritism;0;0;
./datasets/SuffixArchivos/Mezcla//1000_3.txt;sybaritism;0;0;
./datasets/SuffixArchivos/Mezcla//1000_4.txt;sybaritism;0;0;
./datasets/SuffixArchivos/Mezcla//1000_5.txt;sybaritism;0;0;
./datasets/SuffixArchivos/Mezcla//1000_6.txt;sybaritism;0;0;
./datasets/SuffixArchivos/Mezcla//200.txt;sybaritism;0;0;
./datasets/SuffixArchivos/Mezcla//200_2.txt;sybaritism;0;0;
./datasets/SuffixArchivos/Mezcla//500.txt;sybaritism;0;0;
./datasets/SuffixArchivos/Mezcla//500_2.txt;sybaritism;0;0;
./datasets/SuffixArchivos/Mezcla//1000.txt;scorching;0;0.001;
./datasets/SuffixArchivos/Mezcla//1000_2.txt;scorching;0;0.001;
./datasets/SuffixArchivos/Mezcla//1000_3.txt;scorching;0;0.001;
./datasets/SuffixArchivos/Mezcla//1000_4.txt;scorching;0;0.001;
./datasets/SuffixArchivos/Mezcla//1000_5.txt;scorching;0;0.001;
./datasets/SuffixArchivos/Mezcla//1000_6.txt;scorching;0;0.001;
./datasets/SuffixArchivos/Mezcla//200.txt;scorching;0;0.001;
./datasets/SuffixArchivos/Mezcla//200_2.txt;scorching;0;0.001;
./datasets/SuffixArchivos/Mezcla//500.txt;scorching;1;0.001;
./datasets/SuffixArchivos/Mezcla//500_2.txt;scorching;0;0.001;
./datasets/SuffixArchivos/Mezcla//1000.txt;testiere;0;0;
./datasets/SuffixArchivos/Mezcla//1000_2.txt;testiere;0;0;
./datasets/SuffixArchivos/Mezcla//1000_3.txt;testiere;0;0;
./datasets/SuffixArchivos/Mezcla//1000_4.txt;testiere;0;0;
./datasets/SuffixArchivos/Mezcla//1000_5.txt;testiere;0;0;
./datasets/SuffixArchivos/Mezcla//1000_6.txt;testiere;0;0;
./datasets/SuffixArchivos/Mezcla//200.txt;testiere;0;0;
./datasets/SuffixArchivos/Mezcla//200_2.txt;testiere;0;0;
./datasets/SuffixArchivos/Mezcla//500.txt;testiere;0;0;
./datasets/SuffixArchivos/Mezcla//500_2.txt;testiere;0;0;
./datasets/SuffixArchivos/Mezcla//1000.txt;nonporphyritic;0;0.001;
./datasets/SuffixArchivos/Mezcla//1000_2.txt;nonporphyritic;0;0.001;
./datasets/SuffixArchivos/Mezcla//1000_3.txt;nonporphyritic;0;0.001;
./datasets/SuffixArchivos/Mezcla//1000_4.txt;nonporphyritic;0;0.001;
./datasets/SuffixArchivos/Mezcla//1000_5.txt;nonporphyritic;0;0.001;
./datasets/SuffixArchivos/Mezcla//1000_6.txt;nonporphyritic;0;0.001;
./datasets/SuffixArchivos/Mezcla//200.txt;nonporphyritic;0;0.001;
./datasets/SuffixArchivos/Mezcla//200_2.txt;nonporphyritic;0;0.001;
./datasets/SuffixArchivos/Mezcla//500.txt;nonporphyritic;0;0.001;
./datasets/SuffixArchivos/Mezcla//500_2.txt;nonporphyritic;0;0.001;
./datasets/SuffixArchivos/Mezcla//1000.txt;cephalhematoma;0;0.001004;
./datasets/SuffixArchivos/Mezcla//1000_2.txt;cephalhematoma;0;0.001004;
./datasets/SuffixArchivos/Mezcla//1000_3.txt;cephalhematoma;0;0.001004;
./datasets/SuffixArchivos/Mezcla//1000_4.txt;cephalhematoma;0;0.001004;
./datasets/SuffixArchivos/Mezcla//1000_5.txt;cephalhematoma;0;0.001004;
./datasets/SuffixArchivos/Mezcla//1000_6.txt;cephalhematoma;0;0.001004;
./datasets/SuffixArchivos/Mezcla//200.txt;cephalhematoma;0;0.001004;
./datasets/SuffixArchivos/Mezcla//200_2.txt;cephalhematoma;0;0.001004;
./datasets/SuffixArchivos/Mezcla//500.txt;cephalhematoma;0;0.001004;
./datasets/SuffixArchivos/Mezcla//500_2.txt;cephalhematoma;0;0.001004;
./datasets/SuffixArchivos/Mezcla//1000.txt;oxyquinoline;0;0.000995;
./datasets/SuffixArchivos/Mezcla//1000_2.txt;oxyquinoline;0;0.000995;
./datasets/SuffixArchivos/Mezcla//1000_3.txt;oxyquinoline;0;0.000995;
./datasets/SuffixArchivos/Mezcla//1000_4.txt;oxyquinoline;0;0.000995;
./datasets/SuffixArchivos/Mezcla//1000_5.txt;oxyquinoline;0;0.000995;
./datasets/SuffixArchivos/Mezcla//1000_6.txt;oxyquinoline;0;0.000995;
./datasets/SuffixArchivos/Mezcla//200.txt;oxyquinoline;0;0.000995;
./datasets/SuffixArchivos/Mezcla//200_2.txt;oxyquinoline;0;0.000995;
./datasets/SuffixArchivos/Mezcla//500.txt;oxyquinoline;0;0.000995;
./datasets/SuffixArchivos/Mezcla//500_2.txt;oxyquinoline;0;0.000995;
./datasets/SuffixArchivos/Mezcla//1000.txt;azo;0;0;
./datasets/SuffixArchivos/Mezcla//1000_2.txt;azo;0;0;
./datasets/SuffixArchivos/Mezcla//1000_3.txt;azo;0;0;
./datasets/SuffixArchivos/Mezcla//1000_4.txt;azo;0;0;
./datasets/SuffixArchivos/Mezcla//1000_5.txt;azo;0;0;
./datasets/SuffixArchivos/Mezcla//1000_6.txt;azo;0;0;
./datasets/SuffixArchivos/Mezcla//200.txt;azo;0;0;
./datasets/SuffixArchivos/Mezcla//200_2.txt;azo;0;0;
./datasets/SuffixArchivos/Mezcla//500.txt;azo;0;0;
./datasets/SuffixArchivos/Mezcla//500_2.txt;azo;0;0;
./datasets/SuffixArchivos/Mezcla//1000.txt;scrimshorn;0;0.000999;
./datasets/SuffixArchivos/Mezcla//1000_2.txt;scrimshorn;0;0.000999;
./datasets/SuffixArchivos/Mezcla//1000_3.txt;scrimshorn;0;0.000999;
./datasets/SuffixArchivos/Mezcla//1000_4.txt;scrimshorn;0;0.000999;
./datasets/SuffixArchivos/Mezcla//1000_5.txt;scrimshorn;0;0.000999;
./datasets/SuffixArchivos/Mezcla//1000_6.txt;scrimshorn;0;0.000999;
./datasets/SuffixArchivos/Mezcla//200.txt;scrimshorn;0;0.000999;
./datasets/SuffixArchivos/Mezcla//200_2.txt;scrimshorn;0;0.000999;
./datasets/SuffixArchivos/Mezcla//500.txt;scrimshorn;0;0.000999;
./datasets/SuffixArchivos/Mezcla//500_2.txt;scrimshorn;0;0.000999;
./datasets/SuffixArchivos/Mezcla//1000.txt;unreeling;0;0;
./datasets/SuffixArchivos/Mezcla//1000_2.txt;unreeling;0;0;
./datasets/SuffixArchivos/Mezcla//1000_3.txt;unreeling;0;0;
./datasets/SuffixArchivos/Mezcla//1000_4.txt;unreeling;0;0;
./datasets/SuffixArchivos/Mezcla//1000_5.txt;unreeling;0;0;
./datasets/SuffixArchivos/Mezcla//1000_6.txt;unreeling;0;0;
./datasets/SuffixArchivos/Mezcla//200.txt;unreeling;0;0;
./datasets/SuffixArchivos/Mezcla//200_2.txt;unreeling;0;0;
./datasets/SuffixArchivos/Mezcla//500.txt;unreeling;0;0;
./datasets/SuffixArchivos/Mezcla//500_2.txt;unreeling;0;0;
./datasets/SuffixArchivos/Mezcla//1000.txt;burnt;0;0.000999;
./datasets/SuffixArchivos/Mezcla//1000_2.txt;burnt;0;0.000999;
./datasets/SuffixArchivos/Mezcla//1000_3.txt;burnt;0;0.000999;
./datasets/SuffixArchivos/Mezcla//1000_4.txt;burnt;0;0.000999;
./datasets/SuffixArchivos/Mezcla//1000_5.txt;burnt;0;0.000999;
./datasets/SuffixArchivos/Mezcla//1000_6.txt;burnt;0;0.000999;
./datasets/SuffixArchivos/Mezcla//200.txt;burnt;0;0.000999;
./datasets/SuffixArchivos/Mezcla//200_2.txt;burnt;0;0.000999;
./datasets/SuffixArchivos/Mezcla//500.txt;burnt;0;0.000999;
./datasets/SuffixArchivos/Mezcla//500_2.txt;burnt;0;0.000999;
./datasets/SuffixArchivos/Mezcla//1000.txt;kilocycle;0;0;
./datasets/SuffixArchivos/Mezcla//1000_2.txt;kilocycle;0;0;
./datasets/SuffixArchivos/Mezcla//1000_3.txt;kilocycle;0;0;
./datasets/SuffixArchivos/Mezcla//1000_4.txt;kilocycle;0;0;
./datasets/SuffixArchivos/Mezcla//1000_5.txt;kilocycle;0;0;
./datasets/SuffixArchivos/Mezcla//1000_6.txt;kilocycle;0;0;
./datasets/SuffixArchivos/Mezcla//200.txt;kilocycle;0;0;
./datasets/SuffixArchivos/Mezcla//200_2.txt;kilocycle;0;0;
./datasets/SuffixArchivos/Mezcla//500.txt;kilocycle;0;0;
./datasets/SuffixArchivos/Mezcla//500_2.txt;kilocycle;0;0;
./datasets/SuffixArchivos/Mezcla//1000.txt;lactenin;0;0;
./datasets/SuffixArchivos/Mezcla//1000_2.txt;lactenin;0;0;
./datasets/SuffixArchivos/Mezcla//1000_3.txt;lactenin;0;0;
./datasets/SuffixArchivos/Mezcla//1000_4.txt;lactenin;0;0;
./datasets/SuffixArchivos/Mezcla//1000_5.txt;lactenin;0;0;
./datasets/SuffixArchivos/Mezcla//1000_6.txt;lactenin;0;0;
./datasets/SuffixArchivos/Mezcla//200.txt;lactenin;0;0;
./datasets/SuffixArchivos/Mezcla//200_2.txt;lactenin;0;0;
./datasets/SuffixArchivos/Mezcla//500.txt;lactenin;0;0;
./datasets/SuffixArchivos/Mezcla//500_2.txt;lactenin;0;0;
./datasets/SuffixArchivos/Mezcla//1000.txt;Decimus;0;0.000999;
./datasets/SuffixArchivos/Mezcla//1000_2.txt;Decimus;0;0.000999;
./datasets/SuffixArchivos/Mezcla//1000_3.txt;Decimus;0;0.000999;
./datasets/SuffixArchivos/Mezcla//1000_4.txt;Decimus;0;0.000999;
./datasets/SuffixArchivos/Mezcla//1000_5.txt;Decimus;0;0.000999;
./datasets/SuffixArchivos/Mezcla//1000_6.txt;Decimus;0;0.000999;
./datasets/SuffixArchivos/Mezcla//200.txt;Decimus;0;0.000999;
./datasets/SuffixArchivos/Mezcla//200_2.txt;Decimus;0;0.000999;
./datasets/SuffixArchivos/Mezcla//500.txt;Decimus;0;0.000999;
./datasets/SuffixArchivos/Mezcla//500_2.txt;Decimus;0;0.000999;
./datasets/SuffixArchivos/Mezcla//1000.txt;patter;0;0;
./datasets/SuffixArchivos/Mezcla//1000_2.txt;patter;0;0;
./datasets/SuffixArchivos/Mezcla//1000_3.txt;patter;0;0;
./datasets/SuffixArchivos/Mezcla//1000_4.txt;patter;0;0;
./datasets/SuffixArchivos/Mezcla//1000_5.txt;patter;0;0;
./datasets/SuffixArchivos/Mezcla//1000_6.txt;patter;0;0;
./datasets/SuffixArchivos/Mezcla//200.txt;patter;0;0;
./datasets/SuffixArchivos/Mezcla//200_2.txt;patter;0;0;
./datasets/SuffixArchivos/Mezcla//500.txt;patter;0;0;
./datasets/SuffixArchivos/Mezcla//500_2.txt;patter;0;0;
./datasets/SuffixArchivos/Mezcla//1000.txt;jetbead;0;0.000999;
./datasets/SuffixArchivos/Mezcla//1000_2.txt;jetbead;0;0.000999;
./datasets/SuffixArchivos/Mezcla//1000_3.txt;jetbead;0;0.000999;
./datasets/SuffixArchivos/Mezcla//1000_4.txt;jetbead;0;0.000999;
./datasets/SuffixArchivos/Mezcla//1000_5.txt;jetbead;0;0.000999;
./datasets/SuffixArchivos/Mezcla//1000_6.txt;jetbead;0;0.000999;
./datasets/SuffixArchivos/Mezcla//200.txt;jetbead;0;0.000999;
./datasets/SuffixArchivos/Mezcla//200_2.txt;jetbead;0;0.000999;
./datasets/SuffixArchivos/Mezcla//500.txt;jetbead;0;0.000999;
./datasets/SuffixArchivos/Mezcla//500_2.txt;jetbead;0;0.000999;
./datasets/SuffixArchivos/Mezcla//1000.txt;Pygidium;0;0;
./datasets/SuffixArchivos/Mezcla//1000_2.txt;Pygidium;0;0;
./datasets/SuffixArchivos/Mezcla//1000_3.txt;Pygidium;0;0;
./datasets/SuffixArchivos/Mezcla//1000_4.txt;Pygidium;0;0;
./datasets/SuffixArchivos/Mezcla//1000_5.txt;Pygidium;0;0;
./datasets/SuffixArchivos/Mezcla//1000_6.txt;Pygidium;0;0;
./datasets/SuffixArchivos/Mezcla//200.txt;Pygidium;0;0;
./datasets/SuffixArchivos/Mezcla//200_2.txt;Pygidium;0;0;
./datasets/SuffixArchivos/Mezcla//500.txt;Pygidium;0;0;
./datasets/SuffixArchivos/Mezcla//500_2.txt;Pygidium;0;0;
./datasets/SuffixArchivos/Mezcla//1000.txt;bitterroot;0;0.001;
./datasets/SuffixArchivos/Mezcla//1000_2.txt;bitterroot;0;0.001;
./datasets/SuffixArchivos/Mezcla//1000_3.txt;bitterroot;0;0.001;
./datasets/SuffixArchivos/Mezcla//1000_4.txt;bitterroot;0;0.001;
./datasets/SuffixArchivos/Mezcla//1000_5.txt;bitterroot;0;0.001;
./datasets/SuffixArchivos/Mezcla//1000_6.txt;bitterroot;0;0.001;
./datasets/SuffixArchivos/Mezcla//200.txt;bitterroot;0;0.001;
./datasets/SuffixArchivos/Mezcla//200_2.txt;bitterroot;0;0.001;
./datasets/SuffixArchivos/Mezcla//500.txt;bitterroot;0;0.001;
./datasets/SuffixArchivos/Mezcla//500_2.txt;bitterroot;0;0.001;
./datasets/SuffixArchivos/Mezcla//1000.txt;thoke;0;0;
./datasets/SuffixArchivos/Mezcla//1000_2.txt;thoke;0;0;
./datasets/SuffixArchivos/Mezcla//1000_3.txt;thoke;0;0;
./datasets/SuffixArchivos/Mezcla//1000_4.txt;thoke;0;0;
./datasets/SuffixArchivos/Mezcla//1000_5.txt;thoke;0;0;
./datasets/SuffixArchivos/Mezcla//1000_6.txt;thoke;0;0;
./datasets/SuffixArchivos/Mezcla//200.txt;thoke;0;0;
./datasets/SuffixArchivos/Mezcla//200_2.txt;thoke;0;0;
./datasets/SuffixArchivos/Mezcla//500.txt;thoke;0;0;
./datasets/SuffixArchivos/Mezcla//500_2.txt;thoke;0;0;
./datasets/SuffixArchivos/Mezcla//1000.txt;septated;0;0;
./datasets/SuffixArchivos/Mezcla//1000_2.txt;septated;0;0;
./datasets/SuffixArchivos/Mezcla//1000_3.txt;septated;0;0;
./datasets/SuffixArchivos/Mezcla//1000_4.txt;septated;0;0;
./datasets/SuffixArchivos/Mezcla//1000_5.txt;septated;0;0;
./datasets/SuffixArchivos/Mezcla//1000_6.txt;septated;0;0;
./datasets/SuffixArchivos/Mezcla//200.txt;septated;0;0;
./datasets/SuffixArchivos/Mezcla//200_2.txt;septated;0;0;
./datasets/SuffixArchivos/Mezcla//500.txt;septated;0;0;
./datasets/SuffixArchivos/Mezcla//500_2.txt;septated;0;0;
./datasets/SuffixArchivos/Mezcla//1000.txt;trinodal;0;0.000998;
./datasets/SuffixArchivos/Mezcla//1000_2.txt;trinodal;0;0.000998;
./datasets/SuffixArchivos/Mezcla//1000_3.txt;trinodal;0;0.000998;
./datasets/SuffixArchivos/Mezcla//1000_4.txt;trinodal;0;0.000998;
./datasets/SuffixArchivos/Mezcla//1000_5.txt;trinodal;0;0.000998;
./datasets/SuffixArchivos/Mezcla//1000_6.txt;trinodal;0;0.000998;
./datasets/SuffixArchivos/Mezcla//200.txt;trinodal;0;0.000998;
./datasets/SuffixArchivos/Mezcla//200_2.txt;trinodal;0;0.000998;
./datasets/SuffixArchivos/Mezcla//500.txt;trinodal;0;0.000998;
./datasets/SuffixArchivos/Mezcla//500_2.txt;trinodal;0;0.000998;
./datasets/SuffixArchivos/Mezcla//1000.txt;qualitied;0;0;
./datasets/SuffixArchivos/Mezcla//1000_2.txt;qualitied;0;0;
./datasets/SuffixArchivos/Mezcla//1000_3.txt;qualitied;0;0;
./datasets/SuffixArchivos/Mezcla//1000_4.txt;qualitied;0;0;
./datasets/SuffixArchivos/Mezcla//1000_5.txt;qualitied;0;0;
./datasets/SuffixArchivos/Mezcla//1000_6.txt;qualitied;0;0;
./datasets/SuffixArchivos/Mezcla//200.txt;qualitied;0;0;
./datasets/SuffixArchivos/Mezcla//200_2.txt;qualitied;0;0;
./datasets/SuffixArchivos/Mezcla//500.txt;qualitied;0;0;
./datasets/SuffixArchivos/Mezcla//500_2.txt;qualitied;0;0;
./datasets/SuffixArchivos/Mezcla//1000.txt;gotten;0;0.000999;
./datasets/SuffixArchivos/Mezcla//1000_2.txt;gotten;0;0.000999;
./datasets/SuffixArchivos/Mezcla//1000_3.txt;gotten;0;0.000999;
./datasets/SuffixArchivos/Mezcla//1000_4.txt;gotten;1;0.000999;
./datasets/SuffixArchivos/Mezcla//1000_5.txt;gotten;1;0.000999;
./datasets/SuffixArchivos/Mezcla//1000_6.txt;gotten;0;0.000999;
./datasets/SuffixArchivos/Mezcla//200.txt;gotten;0;0.000999;
./datasets/SuffixArchivos/Mezcla//200_2.txt;gotten;0;0.000999;
./datasets/SuffixArchivos/Mezcla//500.txt;gotten;0;0.000999;
./datasets/SuffixArchivos/Mezcla//500_2.txt;gotten;0;0.000999;
./datasets/SuffixArchivos/Mezcla//1000.txt;unclassable;0;0;
./datasets/SuffixArchivos/Mezcla//1000_2.txt;unclassable;0;0;
./datasets/SuffixArchivos/Mezcla//1000_3.txt;unclassable;0;0;
./datasets/SuffixArchivos/Mezcla//1000_4.txt;unclassable;0;0;
./datasets/SuffixArchivos/Mezcla//1000_5.txt;unclassable;0;0;
./datasets/SuffixArchivos/Mezcla//1000_6.txt;unclassable;0;0;
./datasets/SuffixArchivos/Mezcla//200.txt;unclassable;0;0;
./datasets/SuffixArchivos/Mezcla//200_2.txt;unclassable;0;0;
./datasets/SuffixArchivos/Mezcla//500.txt;unclassable;0;0;
./datasets/SuffixArchivos/Mezcla//500_2.txt;unclassable;0;0;
./datasets/SuffixArchivos/Mezcla//1000.txt;Akhissar;0;0.001;
./datasets/SuffixArchivos/Mezcla//1000_2.txt;Akhissar;0;0.001;
./datasets/SuffixArchivos/Mezcla//1000_3.txt;Akhissar;0;0.001;
./datasets/SuffixArchivos/Mezcla//1000_4.txt;Akhissar;0;0.001;
./datasets/SuffixArchivos/Mezcla//1000_5.txt;Akhissar;0;0.001;
./datasets/SuffixArchivos/Mezcla//1000_6.txt;Akhissar;0;0.001;
./datasets/SuffixArchivos/Mezcla//200.txt;Akhissar;0;0.001;
./datasets/SuffixArchivos/Mezcla//200_2.txt;Akhissar;0;0.001;
./datasets/SuffixArchivos/Mezcla//500.txt;Akhissar;0;0.001;
./datasets/SuffixArchivos/Mezcla//500_2.txt;Akhissar;0;0.001;
./datasets/SuffixArchivos/Mezcla//1000.txt;wholewise;0;0.001;
./datasets/SuffixArchivos/Mezcla//1000_2.txt;wholewise;0;0.001;
./datasets/SuffixArchivos/Mezcla//1000_3.txt;wholewise;0;0.001;
./datasets/SuffixArchivos/Mezcla//1000_4.txt;wholewise;0;0.001;
./datasets/SuffixArchivos/Mezcla//1000_5.txt;wholewise;0;0.001;
./datasets/SuffixArchivos/Mezcla//1000_6.txt;wholewise;0;0.001;
./datasets/SuffixArchivos/Mezcla//200.txt;wholewise;0;0.001;
./datasets/SuffixArchivos/Mezcla//200_2.txt;wholewise;0;0.001;
./datasets/SuffixArchivos/Mezcla//500.txt;wholewise;0;0.001;
./datasets/SuffixArchivos/Mezcla//500_2.txt;wholewise;0;0.001;
./datasets/SuffixArchivos/Mezcla//1000.txt;curse;0;0;
./datasets/SuffixArchivos/Mezcla//1000_2.txt;curse;0;0;
./datasets/SuffixArchivos/Mezcla//1000_3.txt;curse;0;0;
./datasets/SuffixArchivos/Mezcla//1000_4.txt;curse;0;0;
./datasets/SuffixArchivos/Mezcla//1000_5.txt;curse;0;0;
./datasets/SuffixArchivos/Mezcla//1000_6.txt;curse;0;0;
./datasets/SuffixArchivos/Mezcla//200.txt;curse;0;0;
./datasets/SuffixArchivos/Mezcla//200_2.txt;curse;0;0;
./datasets/SuffixArchivos/Mezcla//500.txt;curse;1;0;
./datasets/SuffixArchivos/Mezcla//500_2.txt;curse;0;0;
./datasets/SuffixArchivos/Mezcla//1000.txt;organophyly;0;0.000998;
./datasets/SuffixArchivos/Mezcla//1000_2.txt;organophyly;0;0.000998;
./datasets/SuffixArchivos/Mezcla//1000_3.txt;organophyly;0;0.000998;
./datasets/SuffixArchivos/Mezcla//1000_4.txt;organophyly;0;0.000998;
./datasets/SuffixArchivos/Mezcla//1000_5.txt;organophyly;0;0.000998;
./datasets/SuffixArchivos/Mezcla//1000_6.txt;organophyly;0;0.000998;
./datasets/SuffixArchivos/Mezcla//200.txt;organophyly;0;0.000998;
./datasets/SuffixArchivos/Mezcla//200_2.txt;organophyly;0;0.000998;
./datasets/SuffixArchivos/Mezcla//500.txt;organophyly;0;0.000998;
./datasets/SuffixArchivos/Mezcla//500_2.txt;organophyly;0;0.000998;
./datasets/SuffixArchivos/Mezcla//1000.txt;teleseme;0;0;
./datasets/SuffixArchivos/Mezcla//1000_2.txt;teleseme;0;0;
./datasets/SuffixArchivos/Mezcla//1000_3.txt;teleseme;0;0;
./datasets/SuffixArchivos/Mezcla//1000_4.txt;teleseme;0;0;
./datasets/SuffixArchivos/Mezcla//1000_5.txt;teleseme;0;0;
./datasets/SuffixArchivos/Mezcla//1000_6.txt;teleseme;0;0;
./datasets/SuffixArchivos/Mezcla//200.txt;teleseme;0;0;
./datasets/SuffixArchivos/Mezcla//200_2.txt;teleseme;0;0;
./datasets/SuffixArchivos/Mezcla//500.txt;teleseme;0;0;
./datasets/SuffixArchivos/Mezcla//500_2.txt;teleseme;0;0;
./datasets/SuffixArchivos/Mezcla//1000.txt;heptitol;0;0.001;
./datasets/SuffixArchivos/Mezcla//1000_2.txt;heptitol;0;0.001;
./datasets/SuffixArchivos/Mezcla//1000_3.txt;heptitol;0;0.001;
./datasets/SuffixArchivos/Mezcla//1000_4.txt;heptitol;0;0.001;
./datasets/SuffixArchivos/Mezcla//1000_5.txt;heptitol;0;0.001;
./datasets/SuffixArchivos/Mezcla//1000_6.txt;heptitol;0;0.001;
./datasets/SuffixArchivos/Mezcla//200.txt;heptitol;0;0.001;
./datasets/SuffixArchivos/Mezcla//200_2.txt;heptitol;0;0.001;
./datasets/SuffixArchivos/Mezcla//500.txt;heptitol;0;0.001;
./datasets/SuffixArchivos/Mezcla//500_2.txt;heptitol;0;0.001;
./datasets/SuffixArchivos/Mezcla//1000.txt;whitehass;0;0;
./datasets/SuffixArchivos/Mezcla//1000_2.txt;whitehass;0;0;
./datasets/SuffixArchivos/Mezcla//1000_3.txt;whitehass;0;0;
./datasets/SuffixArchivos/Mezcla//1000_4.txt;whitehass;0;0;
./datasets/SuffixArchivos/Mezcla//1000_5.txt;whitehass;0;0;
./datasets/SuffixArchivos/Mezcla//1000_6.txt;whitehass;0;0;
./datasets/SuffixArchivos/Mezcla//200.txt;whitehass;0;0;
./datasets/SuffixArchivos/Mezcla//200_2.txt;whitehass;0;0;
./datasets/SuffixArchivos/Mezcla//500.txt;whitehass;0;0;
./datasets/SuffixArchivos/Mezcla//500_2.txt;whitehass;0;0;
./datasets/SuffixArchivos/Mezcla//1000.txt;asclepiadeous;0;0.000999;
./datasets/SuffixArchivos/Mezcla//1000_2.txt;asclepiadeous;0;0.000999;
./datasets/SuffixArchivos/Mezcla//1000_3.txt;asclepiadeous;0;0.000999;
./datasets/SuffixArchivos/Mezcla//1000_4.txt;asclepiadeous;0;0.000999;
./datasets/SuffixArchivos/Mezcla//1000_5.txt;asclepiadeous;0;0.000999;
./datasets/SuffixArchivos/Mezcla//1000_6.txt;asclepiadeous;0;0.000999;
./datasets/SuffixArchivos/Mezcla//200.txt;asclepiadeous;0;0.000999;
./datasets/SuffixArchivos/Mezcla//200_2.txt;asclepiadeous;0;0.000999;
./datasets/SuffixArchivos/Mezcla//500.txt;asclepiadeous;0;0.000999;
./datasets/SuffixArchivos/Mezcla//500_2.txt;asclepiadeous;0;0.000999;
./datasets/SuffixArchivos/Mezcla//1000.txt;labionasal;0;0;
./datasets/SuffixArchivos/Mezcla//1000_2.txt;labionasal;0;0;
./datasets/SuffixArchivos/Mezcla//1000_3.txt;labionasal;0;0;
./datasets/SuffixArchivos/Mezcla//1000_4.txt;labionasal;0;0;
./datasets/SuffixArchivos/Mezcla//1000_5.txt;labionasal;0;0;
./datasets/SuffixArchivos/Mezcla//1000_6.txt;labionasal;0;0;
./datasets/SuffixArchivos/Mezcla//200.txt;labionasal;0;0;
./datasets/SuffixArchivos/Mezcla//200_2.txt;labionasal;0;0;
./datasets/SuffixArchivos/Mezcla//500.txt;labionasal;0;0;
./datasets/SuffixArchivos/Mezcla//500_2.txt;labionasal;0;0;
./datasets/SuffixArchivos/Mezcla//1000.txt;presumptuous;0;0.001001;
./datasets/SuffixArchivos/Mezcla//1000_2.txt;presumptuous;0;0.001001;
./datasets/SuffixArchivos/Mezcla//1000_3.txt;presumptuous;0;0.001001;
./datasets/SuffixArchivos/Mezcla//1000_4.txt;presumptuous;0;0.001001;
./datasets/SuffixArchivos/Mezcla//1000_5.txt;presumptuous;0;0.001001;
./datasets/SuffixArchivos/Mezcla//1000_6.txt;presumptuous;0;0.001001;
./datasets/SuffixArchivos/Mezcla//200.txt;presumptuous;0;0.001001;
./datasets/SuffixArchivos/Mezcla//200_2.txt;presumptuous;0;0.001001;
./datasets/SuffixArchivos/Mezcla//500.txt;presumptuous;0;0.001001;
./datasets/SuffixArchivos/Mezcla//500_2.txt;presumptuous;0;0.001001;
./datasets/SuffixArchivos/Mezcla//1000.txt;triketo;0;0.001003;
./datasets/SuffixArchivos/Mezcla//1000_2.txt;triketo;0;0.001003;
./datasets/SuffixArchivos/Mezcla//1000_3.txt;triketo;0;0.001003;
./datasets/SuffixArchivos/Mezcla//1000_4.txt;triketo;0;0.001003;
./datasets/SuffixArchivos/Mezcla//1000_5.txt;triketo;0;0.001003;
./datasets/SuffixArchivos/Mezcla//1000_6.txt;triketo;0;0.001003;
./datasets/SuffixArchivos/Mezcla//200.txt;triketo;0;0.001003;
./datasets/SuffixArchivos/Mezcla//200_2.txt;triketo;0;0.001003;
./datasets/SuffixArchivos/Mezcla//500.txt;triketo;0;0.001003;
./datasets/SuffixArchivos/Mezcla//500_2.txt;triketo;0;0.001003;
./datasets/SuffixArchivos/Mezcla//1000.txt;thrombolymphangitis;0;0;
./datasets/SuffixArchivos/Mezcla//1000_2.txt;thrombolymphangitis;0;0;
./datasets/SuffixArchivos/Mezcla//1000_3.txt;thrombolymphangitis;0;0;
./datasets/SuffixArchivos/Mezcla//1000_4.txt;thrombolymphangitis;0;0;
./datasets/SuffixArchivos/Mezcla//1000_5.txt;thrombolymphangitis;0;0;
./datasets/SuffixArchivos/Mezcla//1000_6.txt;thrombolymphangitis;0;0;
./datasets/SuffixArchivos/Mezcla//200.txt;thrombolymphangitis;0;0;
./datasets/SuffixArchivos/Mezcla//200_2.txt;thrombolymphangitis;0;0;
./datasets/SuffixArchivos/Mezcla//500.txt;thrombolymphangitis;0;0;
./datasets/SuffixArchivos/Mezcla//500_2.txt;thrombolymphangitis;0;0;
./datasets/SuffixArchivos/Mezcla//1000.txt;spokeswomanship;0;0;
./datasets/SuffixArchivos/Mezcla//1000_2.txt;spokeswomanship;0;0;
./datasets/SuffixArchivos/Mezcla//1000_3.txt;spokeswomanship;0;0;
./datasets/SuffixArchivos/Mezcla//1000_4.txt;spokeswomanship;0;0;
./datasets/SuffixArchivos/Mezcla//1000_5.txt;spokeswomanship;0;0;
./datasets/SuffixArchivos/Mezcla//1000_6.txt;spokeswomanship;0;0;
./datasets/SuffixArchivos/Mezcla//200.txt;spokeswomanship;0;0;
./datasets/SuffixArchivos/Mezcla//200_2.txt;spokeswomanship;0;0;
./datasets/SuffixArchivos/Mezcla//500.txt;spokeswomanship;0;0;
./datasets/SuffixArchivos/Mezcla//500_2.txt;spokeswomanship;0;0;
./datasets/SuffixArchivos/Mezcla//1000.txt;unprejudicial;0;0.000999;
./datasets/SuffixArchivos/Mezcla//1000_2.txt;unprejudicial;0;0.000999;
./datasets/SuffixArchivos/Mezcla//1000_3.txt;unprejudicial;0;0.000999;
./datasets/SuffixArchivos/Mezcla//1000_4.txt;unprejudicial;0;0.000999;
./datasets/SuffixArchivos/Mezcla//1000_5.txt;unprejudicial;0;0.000999;
./datasets/SuffixArchivos/Mezcla//1000_6.txt;unprejudicial;0;0.000999;
./datasets/SuffixArchivos/Mezcla//200.txt;unprejudicial;0;0.000999;
./datasets/SuffixArchivos/Mezcla//200_2.txt;unprejudicial;0;0.000999;
./datasets/SuffixArchivos/Mezcla//500.txt;unprejudicial;0;0.000999;
./datasets/SuffixArchivos/Mezcla//500_2.txt;unprejudicial;0;0.000999;
./datasets/SuffixArchivos/Mezcla//1000.txt;ungoverned;0;0;
./datasets/SuffixArchivos/Mezcla//1000_2.txt;ungoverned;0;0;
./datasets/SuffixArchivos/Mezcla//1000_3.txt;ungoverned;0;0;
./datasets/SuffixArchivos/Mezcla//1000_4.txt;ungoverned;0;0;
./datasets/SuffixArchivos/Mezcla//1000_5.txt;ungoverned;0;0;
./datasets/SuffixArchivos/Mezcla//1000_6.txt;ungoverned;0;0;
./datasets/SuffixArchivos/Mezcla//200.txt;ungoverned;0;0;
./datasets/SuffixArchivos/Mezcla//200_2.txt;ungoverned;0;0;
./datasets/SuffixArchivos/Mezcla//500.txt;ungoverned;0;0;
./datasets/SuffixArchivos/Mezcla//500_2.txt;ungoverned;0;0;
./datasets/SuffixArchivos/Mezcla//1000.txt;nonrectangular;0;0.001;
./datasets/SuffixArchivos/Mezcla//1000_2.txt;nonrectangular;0;0.001;
./datasets/SuffixArchivos/Mezcla//1000_3.txt;nonrectangular;0;0.001;
./datasets/SuffixArchivos/Mezcla//1000_4.txt;nonrectangular;0;0.001;
./datasets/SuffixArchivos/Mezcla//1000_5.txt;nonrectangular;0;0.001;
./datasets/SuffixArchivos/Mezcla//1000_6.txt;nonrectangular;0;0.001;
./datasets/SuffixArchivos/Mezcla//200.txt;nonrectangular;0;0.001;
./datasets/SuffixArchivos/Mezcla//200_2.txt;nonrectangular;0;0.001;
./datasets/SuffixArchivos/Mezcla//500.txt;nonrectangular;0;0.001;
./datasets/SuffixArchivos/Mezcla//500_2.txt;nonrectangular;0;0.001;
./datasets/SuffixArchivos/Mezcla//1000.txt;pleocrystalline;0;0;
./datasets/SuffixArchivos/Mezcla//1000_2.txt;pleocrystalline;0;0;
./datasets/SuffixArchivos/Mezcla//1000_3.txt;pleocrystalline;0;0;
./datasets/SuffixArchivos/Mezcla//1000_4.txt;pleocrystalline;0;0;
./datasets/SuffixArchivos/Mezcla//1000_5.txt;pleocrystalline;0;0;
./datasets/SuffixArchivos/Mezcla//1000_6.txt;pleocrystalline;0;0;
./datasets/SuffixArchivos/Mezcla//200.txt;pleocrystalline;0;0;
./datasets/SuffixArchivos/Mezcla//200_2.txt;pleocrystalline;0;0;
./datasets/SuffixArchivos/Mezcla//500.txt;pleocrystalline;0;0;
./datasets/SuffixArchivos/Mezcla//500_2.txt;pleocrystalline;0;0;
./datasets/SuffixArchivos/Mezcla//1000.txt;slurbow;0;0.000999;
./datasets/SuffixArchivos/Mezcla//1000_2.txt;slurbow;0;0.000999;
./datasets/SuffixArchivos/Mezcla//1000_3.txt;slurbow;0;0.000999;
./datasets/SuffixArchivos/Mezcla//1000_4.txt;slurbow;0;0.000999;
./datasets/SuffixArchivos/Mezcla//1000_5.txt;slurbow;0;0.000999;
./datasets/SuffixArchivos/Mezcla//1000_6.txt;slurbow;0;0.000999;
./datasets/SuffixArchivos/Mezcla//200.txt;slurbow;0;0.000999;
./datasets/SuffixArchivos/Mezcla//200_2.txt;slurbow;0;0.000999;
./datasets/SuffixArchivos/Mezcla//500.txt;slurbow;0;0.000999;
./datasets/SuffixArchivos/Mezcla//500_2.txt;slurbow;0;0.000999;
./datasets/SuffixArchivos/Mezcla//1000.txt;unhandsome;0;0;
./datasets/SuffixArchivos/Mezcla//1000_2.txt;unhandsome;0;0;
./datasets/SuffixArchivos/Mezcla//1000_3.txt;unhandsome;0;0;
./datasets/SuffixArchivos/Mezcla//1000_4.txt;unhandsome;0;0;
./datasets/SuffixArchivos/Mezcla//1000_5.txt;unhandsome;0;0;
./datasets/SuffixArchivos/Mezcla//1000_6.txt;unhandsome;0;0;
./datasets/SuffixArchivos/Mezcla//200.txt;unhandsome;0;0;
./datasets/SuffixArchivos/Mezcla//200_2.txt;unhandsome;0;0;
./datasets/SuffixArchivos/Mezcla//500.txt;unhandsome;0;0;
./datasets/SuffixArchivos/Mezcla//500_2.txt;unhandsome;0;0;
./datasets/SuffixArchivos/Mezcla//1000.txt;scoliotic;0;0.001;
./datasets/SuffixArchivos/Mezcla//1000_2.txt;scoliotic;0;0.001;
./datasets/SuffixArchivos/Mezcla//1000_3.txt;scoliotic;0;0.001;
./datasets/SuffixArchivos/Mezcla//1000_4.txt;scoliotic;0;0.001;
./datasets/SuffixArchivos/Mezcla//1000_5.txt;scoliotic;0;0.001;
./datasets/SuffixArchivos/Mezcla//1000_6.txt;scoliotic;0;0.001;
./datasets/SuffixArchivos/Mezcla//200.txt;scoliotic;0;0.001;
./datasets/SuffixArchivos/Mezcla//200_2.txt;scoliotic;0;0.001;
./datasets/SuffixArchivos/Mezcla//500.txt;scoliotic;0;0.001;
./datasets/SuffixArchivos/Mezcla//500_2.txt;scoliotic;0;0.001;
./datasets/SuffixArchivos/Mezcla//1000.txt;phreatophyte;0;0;
./datasets/SuffixArchivos/Mezcla//1000_2.txt;phreatophyte;0;0;
./datasets/SuffixArchivos/Mezcla//1000_3.txt;phreatophyte;0;0;
./datasets/SuffixArchivos/Mezcla//1000_4.txt;phreatophyte;0;0;
./datasets/SuffixArchivos/Mezcla//1000_5.txt;phreatophyte;0;0;
./datasets/SuffixArchivos/Mezcla//1000_6.txt;phreatophyte;0;0;
./datasets/SuffixArchivos/Mezcla//200.txt;phreatophyte;0;0;
./datasets/SuffixArchivos/Mezcla//200_2.txt;phreatophyte;0;0;
./datasets/SuffixArchivos/Mezcla//500.txt;phreatophyte;0;0;
./datasets/SuffixArchivos/Mezcla//500_2.txt;phreatophyte;0;0;
./datasets/SuffixArchivos/Mezcla//1000.txt;criminalistics;0;0;
./datasets/SuffixArchivos/Mezcla//1000_2.txt;criminalistics;0;0;
./datasets/SuffixArchivos/Mezcla//1000_3.txt;criminalistics;0;0;
./datasets/SuffixArchivos/Mezcla//1000_4.txt;criminalistics;0;0;
./datasets/SuffixArchivos/Mezcla//1000_5.txt;criminalistics;0;0;
./datasets/SuffixArchivos/Mezcla//1000_6.txt;criminalistics;0;0;
./datasets/SuffixArchivos/Mezcla//200.txt;criminalistics;0;0;
./datasets/SuffixArchivos/Mezcla//200_2.txt;criminalistics;0;0;
./datasets/SuffixArchivos/Mezcla//500.txt;criminalistics;0;0;
./datasets/SuffixArchivos/Mezcla//500_2.txt;criminalistics;0;0;
./datasets/SuffixArchivos/Mezcla//1000.txt;imitability;0;0.001;
./datasets/SuffixArchivos/Mezcla//1000_2.txt;imitability;0;0.001;
./datasets/SuffixArchivos/Mezcla//1000_3.txt;imitability;0;0.001;
./datasets/SuffixArchivos/Mezcla//1000_4.txt;imitability;0;0.001;
./datasets/SuffixArchivos/Mezcla//1000_5.txt;imitability;0;0.001;
./datasets/SuffixArchivos/Mezcla//1000_6.txt;imitability;0;0.001;
./datasets/SuffixArchivos/Mezcla//200.txt;imitability;0;0.001;
./datasets/SuffixArchivos/Mezcla//200_2.txt;imitability;0;0.001;
./datasets/SuffixArchivos/Mezcla//500.txt;imitability;0;0.001;
./datasets/SuffixArchivos/Mezcla//500_2.txt;imitability;0;0.001;
./datasets/SuffixArchivos/Mezcla//1000.txt;zygozoospore;0;0;
./datasets/SuffixArchivos/Mezcla//1000_2.txt;zygozoospore;0;0;
./datasets/SuffixArchivos/Mezcla//1000_3.txt;zygozoospore;0;0;
./datasets/SuffixArchivos/Mezcla//1000_4.txt;zygozoospore;0;0;
./datasets/SuffixArchivos/Mezcla//1000_5.txt;zygozoospore;0;0;
./datasets/SuffixArchivos/Mezcla//1000_6.txt;zygozoospore;0;0;
./datasets/SuffixArchivos/Mezcla//200.txt;zygozoospore;0;0;
./datasets/SuffixArchivos/Mezcla//200_2.txt;zygozoospore;0;0;
./datasets/SuffixArchivos/Mezcla//500.txt;zygozoospore;0;0;
./datasets/SuffixArchivos/Mezcla//500_2.txt;zygozoospore;0;0;
./datasets/SuffixArchivos/Mezcla//1000.txt;nonliability;0;0;
./datasets/SuffixArchivos/Mezcla//1000_2.txt;nonliability;0;0;
./datasets/SuffixArchivos/Mezcla//1000_3.txt;nonliability;0;0;
./datasets/SuffixArchivos/Mezcla//1000_4.txt;nonliability;0;0;
./datasets/SuffixArchivos/Mezcla//1000_5.txt;nonliability;0;0;
./datasets/SuffixArchivos/Mezcla//1000_6.txt;nonliability;0;0;
./datasets/SuffixArchivos/Mezcla//200.txt;nonliability;0;0;
./datasets/SuffixArchivos/Mezcla//200_2.txt;nonliability;0;0;
./datasets/SuffixArchivos/Mezcla//500.txt;nonliability;0;0;
./datasets/SuffixArchivos/Mezcla//500_2.txt;nonliability;0;0;
./datasets/SuffixArchivos/Mezcla//1000.txt;disafforestation;0;0.001008;
./datasets/SuffixArchivos/Mezcla//1000_2.txt;disafforestation;0;0.001008;
./datasets/SuffixArchivos/Mezcla//1000_3.txt;disafforestation;0;0.001008;
./datasets/SuffixArchivos/Mezcla//1000_4.txt;disafforestation;0;0.001008;
./datasets/SuffixArchivos/Mezcla//1000_5.txt;disafforestation;0;0.001008;
./datasets/SuffixArchivos/Mezcla//1000_6.txt;disafforestation;0;0.001008;
./datasets/SuffixArchivos/Mezcla//200.txt;disafforestation;0;0.001008;
./datasets/SuffixArchivos/Mezcla//200_2.txt;disafforestation;0;0.001008;
./datasets/SuffixArchivos/Mezcla//500.txt;disafforestation;0;0.001008;
./datasets/SuffixArchivos/Mezcla//500_2.txt;disafforestation;0;0.001008;
./datasets/SuffixArchivos/Mezcla//1000.txt;epigenetic;0;0;
./datasets/SuffixArchivos/Mezcla//1000_2.txt;epigenetic;0;0;
./datasets/SuffixArchivos/Mezcla//1000_3.txt;epigenetic;0;0;
./datasets/SuffixArchivos/Mezcla//1000_4.txt;epigenetic;0;0;
./datasets/SuffixArchivos/Mezcla//1000_5.txt;epigenetic;0;0;
./datasets/SuffixArchivos/Mezcla//1000_6.txt;epigenetic;0;0;
./datasets/SuffixArchivos/Mezcla//200.txt;epigenetic;0;0;
./datasets/SuffixArchivos/Mezcla//200_2.txt;epigenetic;0;0;
./datasets/SuffixArchivos/Mezcla//500.txt;epigenetic;0;0;
./datasets/SuffixArchivos/Mezcla//500_2.txt;epigenetic;0;0;
./datasets/SuffixArchivos/Mezcla//1000.txt;Aves;0;0;
./datasets/SuffixArchivos/Mezcla//1000_2.txt;Aves;0;0;
./datasets/SuffixArchivos/Mezcla//1000_3.txt;Aves;0;0;
./datasets/SuffixArchivos/Mezcla//1000_4.txt;Aves;0;0;
./datasets/SuffixArchivos/Mezcla//1000_5.txt;Aves;0;0;
./datasets/SuffixArchivos/Mezcla//1000_6.txt;Aves;0;0;
./datasets/SuffixArchivos/Mezcla//200.txt;Aves;0;0;
./datasets/SuffixArchivos/Mezcla//200_2.txt;Aves;0;0;
./datasets/SuffixArchivos/Mezcla//500.txt;Aves;0;0;
./datasets/SuffixArchivos/Mezcla//500_2.txt;Aves;0;0;
./datasets/SuffixArchivos/Mezcla//1000.txt;schistaceous;0;0;
./datasets/SuffixArchivos/Mezcla//1000_2.txt;schistaceous;0;0;
./datasets/SuffixArchivos/Mezcla//1000_3.txt;schistaceous;0;0;
./datasets/SuffixArchivos/Mezcla//1000_4.txt;schistaceous;0;0;
./datasets/SuffixArchivos/Mezcla//1000_5.txt;schistaceous;0;0;
./datasets/SuffixArchivos/Mezcla//1000_6.txt;schistaceous;0;0;
./datasets/SuffixArchivos/Mezcla//200.txt;schistaceous;0;0;
./datasets/SuffixArchivos/Mezcla//200_2.txt;schistaceous;0;0;
./datasets/SuffixArchivos/Mezcla//500.txt;schistaceous;0;0;
./datasets/SuffixArchivos/Mezcla//500_2.txt;schistaceous;0;0;
./datasets/SuffixArchivos/Mezcla//1000.txt;verbomania;0;0;
./datasets/SuffixArchivos/Mezcla//1000_2.txt;verbomania;0;0;
./datasets/SuffixArchivos/Mezcla//1000_3.txt;verbomania;0;0;
./datasets/SuffixArchivos/Mezcla//1000_4.txt;verbomania;0;0;
./datasets/SuffixArchivos/Mezcla//1000_5.txt;verbomania;0;0;
./datasets/SuffixArchivos/Mezcla//1000_6.txt;verbomania;0;0;
./datasets/SuffixArchivos/Mezcla//200.txt;verbomania;0;0;
./datasets/SuffixArchivos/Mezcla//200_2.txt;verbomania;0;0;
./datasets/SuffixArchivos/Mezcla//500.txt;verbomania;0;0;
./datasets/SuffixArchivos/Mezcla//500_2.txt;verbomania;0;0;
./datasets/SuffixArchivos/Mezcla//1000.txt;epitenon;0;0;
./datasets/SuffixArchivos/Mezcla//1000_2.txt;epitenon;0;0;
./datasets/SuffixArchivos/Mezcla//1000_3.txt;epitenon;0;0;
./datasets/SuffixArchivos/Mezcla//1000_4.txt;epitenon;0;0;
./datasets/SuffixArchivos/Mezcla//1000_5.txt;epitenon;0;0;
./datasets/SuffixArchivos/Mezcla//1000_6.txt;epitenon;0;0;
./datasets/SuffixArchivos/Mezcla//200.txt;epitenon;0;0;
./datasets/SuffixArchivos/Mezcla//200_2.txt;epitenon;0;0;
./datasets/SuffixArchivos/Mezcla//500.txt;epitenon;0;0;
./datasets/SuffixArchivos/Mezcla//500_2.txt;epitenon;0;0;
./datasets/SuffixArchivos/Mezcla//1000.txt;proscriber;0;0;
./datasets/SuffixArchivos/Mezcla//1000_2.txt;proscriber;0;0;
./datasets/SuffixArchivos/Mezcla//1000_3.txt;proscriber;0;0;
./datasets/SuffixArchivos/Mezcla//1000_4.txt;proscriber;0;0;
./datasets/SuffixArchivos/Mezcla//1000_5.txt;proscriber;0;0;
./datasets/SuffixArchivos/Mezcla//1000_6.txt;proscriber;0;0;
./datasets/SuffixArchivos/Mezcla//200.txt;proscriber;0;0;
./datasets/SuffixArchivos/Mezcla//200_2.txt;proscriber;0;0;
./datasets/SuffixArchivos/Mezcla//500.txt;proscriber;0;0;
./datasets/SuffixArchivos/Mezcla//500_2.txt;proscriber;0;0;
./datasets/SuffixArchivos/Mezcla//1000.txt;histology;0;0;
./datasets/SuffixArchivos/Mezcla//1000_2.txt;histology;0;0;
./datasets/SuffixArchivos/Mezcla//1000_3.txt;histology;0;0;
./datasets/SuffixArchivos/Mezcla//1000_4.txt;histology;0;0;
./datasets/SuffixArchivos/Mezcla//1000_5.txt;histology;0;0;
./datasets/SuffixArchivos/Mezcla//1000_6.txt;histology;0;0;
./datasets/SuffixArchivos/Mezcla//200.txt;histology;0;0;
./datasets/SuffixArchivos/Mezcla//200_2.txt;histology;0;0;
./datasets/SuffixArchivos/Mezcla//500.txt;histology;0;0;
./datasets/SuffixArchivos/Mezcla//500_2.txt;histology;0;0;
./datasets/SuffixArchivos/Mezcla//1000.txt;propulsion;0;0;
./datasets/SuffixArchivos/Mezcla//1000_2.txt;propulsion;0;0;
./datasets/SuffixArchivos/Mezcla//1000_3.txt;propulsion;0;0;
./datasets/SuffixArchivos/Mezcla//1000_4.txt;propulsion;0;0;
./datasets/SuffixArchivos/Mezcla//1000_5.txt;propulsion;0;0;
./datasets/SuffixArchivos/Mezcla//1000_6.txt;propulsion;0;0;
./datasets/SuffixArchivos/Mezcla//200.txt;propulsion;0;0;
./datasets/SuffixArchivos/Mezcla//200_2.txt;propulsion;0;0;
./datasets/SuffixArchivos/Mezcla//500.txt;propulsion;0;0;
./datasets/SuffixArchivos/Mezcla//500_2.txt;propulsion;0;0;
./datasets/SuffixArchivos/Mezcla//1000.txt;elaidinic;0;0;
./datasets/SuffixArchivos/Mezcla//1000_2.txt;elaidinic;0;0;
./datasets/SuffixArchivos/Mezcla//1000_3.txt;elaidinic;0;0;
./datasets/SuffixArchivos/Mezcla//1000_4.txt;elaidinic;0;0;
./datasets/SuffixArchivos/Mezcla//1000_5.txt;elaidinic;0;0;
./datasets/SuffixArchivos/Mezcla//1000_6.txt;elaidinic;0;0;
./datasets/SuffixArchivos/Mezcla//200.txt;elaidinic;0;0;
./datasets/SuffixArchivos/Mezcla//200_2.txt;elaidinic;0;0;
./datasets/SuffixArchivos/Mezcla//500.txt;elaidinic;0;0;
./datasets/SuffixArchivos/Mezcla//500_2.txt;elaidinic;0;0;
./datasets/SuffixArchivos/Mezcla//1000.txt;driftless;0;0.001;
./datasets/SuffixArchivos/Mezcla//1000_2.txt;driftless;0;0.001;
./datasets/SuffixArchivos/Mezcla//1000_3.txt;driftless;0;0.001;
./datasets/SuffixArchivos/Mezcla//1000_4.txt;driftless;0;0.001;
./datasets/SuffixArchivos/Mezcla//1000_5.txt;driftless;0;0.001;
./datasets/SuffixArchivos/Mezcla//1000_6.txt;driftless;0;0.001;
./datasets/SuffixArchivos/Mezcla//200.txt;driftless;0;0.001;
./datasets/SuffixArchivos/Mezcla//200_2.txt;driftless;0;0.001;
./datasets/SuffixArchivos/Mezcla//500.txt;driftless;0;0.001;
./datasets/SuffixArchivos/Mezcla//500_2.txt;driftless;0;0.001;
./datasets/SuffixArchivos/Mezcla//1000.txt;upcover;0;0;
./datasets/SuffixArchivos/Mezcla//1000_2.txt;upcover;0;0;
./datasets/SuffixArchivos/Mezcla//1000_3.txt;upcover;0;0;
./datasets/SuffixArchivos/Mezcla//1000_4.txt;upcover;0;0;
./datasets/SuffixArchivos/Mezcla//1000_5.txt;upcover;0;0;
./datasets/SuffixArchivos/Mezcla//1000_6.txt;upcover;0;0;
./datasets/SuffixArchivos/Mezcla//200.txt;upcover;0;0;
./datasets/SuffixArchivos/Mezcla//200_2.txt;upcover;0;0;
./datasets/SuffixArchivos/Mezcla//500.txt;upcover;0;0;
./datasets/SuffixArchivos/Mezcla//500_2.txt;upcover;0;0;
./datasets/SuffixArchivos/Mezcla//1000.txt;duteous;0;0.000999;
./datasets/SuffixArchivos/Mezcla//1000_2.txt;duteous;0;0.000999;
./datasets/SuffixArchivos/Mezcla//1000_3.txt;duteous;0;0.000999;
./datasets/SuffixArchivos/Mezcla//1000_4.txt;duteous;0;0.000999;
./datasets/SuffixArchivos/Mezcla//1000_5.txt;duteous;0;0.000999;
./datasets/SuffixArchivos/Mezcla//1000_6.txt;duteous;0;0.000999;
./datasets/SuffixArchivos/Mezcla//200.txt;duteous;0;0.000999;
./datasets/SuffixArchivos/Mezcla//200_2.txt;duteous;0;0.000999;
./datasets/SuffixArchivos/Mezcla//500.txt;duteous;0;0.000999;
./datasets/SuffixArchivos/Mezcla//500_2.txt;duteous;0;0.000999;
./datasets/SuffixArchivos/Mezcla//1000.txt;distasteful;0;0.001001;
./datasets/SuffixArchivos/Mezcla//1000_2.txt;distasteful;0;0.001001;
./datasets/SuffixArchivos/Mezcla//1000_3.txt;distasteful;0;0.001001;
./datasets/SuffixArchivos/Mezcla//1000_4.txt;distasteful;0;0.001001;
./datasets/SuffixArchivos/Mezcla//1000_5.txt;distasteful;0;0.001001;
./datasets/SuffixArchivos/Mezcla//1000_6.txt;distasteful;0;0.001001;
./datasets/SuffixArchivos/Mezcla//200.txt;distasteful;0;0.001001;
./datasets/SuffixArchivos/Mezcla//200_2.txt;distasteful;0;0.001001;
./datasets/SuffixArchivos/Mezcla//500.txt;distasteful;0;0.001001;
./datasets/SuffixArchivos/Mezcla//500_2.txt;distasteful;0;0.001001;
./datasets/SuffixArchivos/Mezcla//1000.txt;dermatoxerasia;0;0;
./datasets/SuffixArchivos/Mezcla//1000_2.txt;dermatoxerasia;0;0;
./datasets/SuffixArchivos/Mezcla//1000_3.txt;dermatoxerasia;0;0;
./datasets/SuffixArchivos/Mezcla//1000_4.txt;dermatoxerasia;0;0;
./datasets/SuffixArchivos/Mezcla//1000_5.txt;dermatoxerasia;0;0;
./datasets/SuffixArchivos/Mezcla//1000_6.txt;dermatoxerasia;0;0;
./datasets/SuffixArchivos/Mezcla//200.txt;dermatoxerasia;0;0;
./datasets/SuffixArchivos/Mezcla//200_2.txt;dermatoxerasia;0;0;
./datasets/SuffixArchivos/Mezcla//500.txt;dermatoxerasia;0;0;
./datasets/SuffixArchivos/Mezcla//500_2.txt;dermatoxerasia;0;0;
./datasets/SuffixArchivos/Mezcla//1000.txt;Kaibartha;0;0;
./datasets/SuffixArchivos/Mezcla//1000_2.txt;Kaibartha;0;0;
./datasets/SuffixArchivos/Mezcla//1000_3.txt;Kaibartha;0;0;
./datasets/SuffixArchivos/Mezcla//1000_4.txt;Kaibartha;0;0;
./datasets/SuffixArchivos/Mezcla//1000_5.txt;Kaibartha;0;0;
./datasets/SuffixArchivos/Mezcla//1000_6.txt;Kaibartha;0;0;
./datasets/SuffixArchivos/Mezcla//200.txt;Kaibartha;0;0;
./datasets/SuffixArchivos/Mezcla//200_2.txt;Kaibartha;0;0;
./datasets/SuffixArchivos/Mezcla//500.txt;Kaibartha;0;0;
./datasets/SuffixArchivos/Mezcla//500_2.txt;Kaibartha;0;0;
./datasets/SuffixArchivos/Mezcla//1000.txt;spydom;0;0;
./datasets/SuffixArchivos/Mezcla//1000_2.txt;spydom;0;0;
./datasets/SuffixArchivos/Mezcla//1000_3.txt;spydom;0;0;
./datasets/SuffixArchivos/Mezcla//1000_4.txt;spydom;0;0;
./datasets/SuffixArchivos/Mezcla//1000_5.txt;spydom;0;0;
./datasets/SuffixArchivos/Mezcla//1000_6.txt;spydom;0;0;
./datasets/SuffixArchivos/Mezcla//200.txt;spydom;0;0;
./datasets/SuffixArchivos/Mezcla//200_2.txt;spydom;0;0;
./datasets/SuffixArchivos/Mezcla//500.txt;spydom;0;0;
./datasets/SuffixArchivos/Mezcla//500_2.txt;spydom;0;0;
./datasets/SuffixArchivos/Mezcla//1000.txt;tonsor;0;0;
./datasets/SuffixArchivos/Mezcla//1000_2.txt;tonsor;0;0;
./datasets/SuffixArchivos/Mezcla//1000_3.txt;tonsor;0;0;
./datasets/SuffixArchivos/Mezcla//1000_4.txt;tonsor;0;0;
./datasets/SuffixArchivos/Mezcla//1000_5.txt;tonsor;0;0;
./datasets/SuffixArchivos/Mezcla//1000_6.txt;tonsor;0;0;
./datasets/SuffixArchivos/Mezcla//200.txt;tonsor;0;0;
./datasets/SuffixArchivos/Mezcla//200_2.txt;tonsor;0;0;
./datasets/SuffixArchivos/Mezcla//500.txt;tonsor;0;0;
./datasets/SuffixArchivos/Mezcla//500_2.txt;tonsor;0;0;
./datasets/SuffixArchivos/Mezcla//1000.txt;paedogenesis;0;0;
./datasets/SuffixArchivos/Mezcla//1000_2.txt;paedogenesis;0;0;
./datasets/SuffixArchivos/Mezcla//1000_3.txt;paedogenesis;0;0;
./datasets/SuffixArchivos/Mezcla//1000_4.txt;paedogenesis;0;0;
./datasets/SuffixArchivos/Mezcla//1000_5.txt;paedogenesis;0;0;
./datasets/SuffixArchivos/Mezcla//1000_6.txt;paedogenesis;0;0;
./datasets/SuffixArchivos/Mezcla//200.txt;paedogenesis;0;0;
./datasets/SuffixArchivos/Mezcla//200_2.txt;paedogenesis;0;0;
./datasets/SuffixArchivos/Mezcla//500.txt;paedogenesis;0;0;
./datasets/SuffixArchivos/Mezcla//500_2.txt;paedogenesis;0;0;
./datasets/SuffixArchivos/Mezcla//1000.txt;anticipatory;0;0.000999;
./datasets/SuffixArchivos/Mezcla//1000_2.txt;anticipatory;0;0.000999;
./datasets/SuffixArchivos/Mezcla//1000_3.txt;anticipatory;0;0.000999;
./datasets/SuffixArchivos/Mezcla//1000_4.txt;anticipatory;0;0.000999;
./datasets/SuffixArchivos/Mezcla//1000_5.txt;anticipatory;0;0.000999;
./datasets/SuffixArchivos/Mezcla//1000_6.txt;anticipatory;0;0.000999;
./datasets/SuffixArchivos/Mezcla//200.txt;anticipatory;0;0.000999;
./datasets/SuffixArchivos/Mezcla//200_2.txt;anticipatory;0;0.000999;
./datasets/SuffixArchivos/Mezcla//500.txt;anticipatory;0;0.000999;
./datasets/SuffixArchivos/Mezcla//500_2.txt;anticipatory;0;0.000999;
./datasets/SuffixArchivos/Mezcla//1000.txt;unastonished;0;0;
./datasets/SuffixArchivos/Mezcla//1000_2.txt;unastonished;0;0;
./datasets/SuffixArchivos/Mezcla//1000_3.txt;unastonished;0;0;
./datasets/SuffixArchivos/Mezcla//1000_4.txt;unastonished;0;0;
./datasets/SuffixArchivos/Mezcla//1000_5.txt;unastonished;0;0;
./datasets/SuffixArchivos/Mezcla//1000_6.txt;unastonished;0;0;
./datasets/SuffixArchivos/Mezcla//200.txt;unastonished;0;0;
./datasets/SuffixArchivos/Mezcla//200_2.txt;unastonished;0;0;
./datasets/SuffixArchivos/Mezcla//500.txt;unastonished;0;0;
./datasets/SuffixArchivos/Mezcla//500_2.txt;unastonished;0;0;
./datasets/SuffixArchivos/Mezcla//1000.txt;Blackbeard;0;0.001;
./datasets/SuffixArchivos/Mezcla//1000_2.txt;Blackbeard;0;0.001;
./datasets/SuffixArchivos/Mezcla//1000_3.txt;Blackbeard;0;0.001;
./datasets/SuffixArchivos/Mezcla//1000_4.txt;Blackbeard;0;0.001;
./datasets/SuffixArchivos/Mezcla//1000_5.txt;Blackbeard;0;0.001;
./datasets/SuffixArchivos/Mezcla//1000_6.txt;Blackbeard;0;0.001;
./datasets/SuffixArchivos/Mezcla//200.txt;Blackbeard;0;0.001;
./datasets/SuffixArchivos/Mezcla//200_2.txt;Blackbeard;0;0.001;
./datasets/SuffixArchivos/Mezcla//500.txt;Blackbeard;0;0.001;
./datasets/SuffixArchivos/Mezcla//500_2.txt;Blackbeard;0;0.001;
./datasets/SuffixArchivos/Mezcla//1000.txt;gradient;0;0;
./datasets/SuffixArchivos/Mezcla//1000_2.txt;gradient;0;0;
./datasets/SuffixArchivos/Mezcla//1000_3.txt;gradient;0;0;
./datasets/SuffixArchivos/Mezcla//1000_4.txt;gradient;0;0;
./datasets/SuffixArchivos/Mezcla//1000_5.txt;gradient;0;0;
./datasets/SuffixArchivos/Mezcla//1000_6.txt;gradient;0;0;
./datasets/SuffixArchivos/Mezcla//200.txt;gradient;0;0;
./datasets/SuffixArchivos/Mezcla//200_2.txt;gradient;0;0;
./datasets/SuffixArchivos/Mezcla//500.txt;gradient;0;0;
./datasets/SuffixArchivos/Mezcla//500_2.txt;gradient;0;0;
./datasets/SuffixArchivos/Mezcla//1000.txt;metachemistry;0;0.000999;
./datasets/SuffixArchivos/Mezcla//1000_2.txt;metachemistry;0;0.000999;
./datasets/SuffixArchivos/Mezcla//1000_3.txt;metachemistry;0;0.000999;
./datasets/SuffixArchivos/Mezcla//1000_4.txt;metachemistry;0;0.000999;
./datasets/SuffixArchivos/Mezcla//1000_5.txt;metachemistry;0;0.000999;
./datasets/SuffixArchivos/Mezcla//1000_6.txt;metachemistry;0;0.000999;
./datasets/SuffixArchivos/Mezcla//200.txt;metachemistry;0;0.000999;
./datasets/SuffixArchivos/Mezcla//200_2.txt;metachemistry;0;0.000999;
./datasets/SuffixArchivos/Mezcla//500.txt;metachemistry;0;0.000999;
./datasets/SuffixArchivos/Mezcla//500_2.txt;metachemistry;0;0.000999;
./datasets/SuffixArchivos/Mezcla//1000.txt;caravan;0;0;
./datasets/SuffixArchivos/Mezcla//1000_2.txt;caravan;0;0;
./datasets/SuffixArchivos/Mezcla//1000_3.txt;caravan;0;0;
./datasets/SuffixArchivos/Mezcla//1000_4.txt;caravan;0;0;
./datasets/SuffixArchivos/Mezcla//1000_5.txt;caravan;0;0;
./datasets/SuffixArchivos/Mezcla//1000_6.txt;caravan;0;0;
./datasets/SuffixArchivos/Mezcla//200.txt;caravan;0;0;
./datasets/SuffixArchivos/Mezcla//200_2.txt;caravan;0;0;
./datasets/SuffixArchivos/Mezcla//500.txt;caravan;0;0;
./datasets/SuffixArchivos/Mezcla//500_2.txt;caravan;0;0;
./datasets/SuffixArchivos/Mezcla//1000.txt;circumnutate;0;0.001;
./datasets/SuffixArchivos/Mezcla//1000_2.txt;circumnutate;0;0.001;
./datasets/SuffixArchivos/Mezcla//1000_3.txt;circumnutate;0;0.001;
./datasets/SuffixArchivos/Mezcla//1000_4.txt;circumnutate;0;0.001;
./datasets/SuffixArchivos/Mezcla//1000_5.txt;circumnutate;0;0.001;
./datasets/SuffixArchivos/Mezcla//1000_6.txt;circumnutate;0;0.001;
./datasets/SuffixArchivos/Mezcla//200.txt;circumnutate;0;0.001;
./datasets/SuffixArchivos/Mezcla//200_2.txt;circumnutate;0;0.001;
./datasets/SuffixArchivos/Mezcla//500.txt;circumnutate;0;0.001;
./datasets/SuffixArchivos/Mezcla//500_2.txt;circumnutate;0;0.001;
./datasets/SuffixArchivos/Mezcla//1000.txt;infract;0;0;
./datasets/SuffixArchivos/Mezcla//1000_2.txt;infract;0;0;
./datasets/SuffixArchivos/Mezcla//1000_3.txt;infract;0;0;
./datasets/SuffixArchivos/Mezcla//1000_4.txt;infract;0;0;
./datasets/SuffixArchivos/Mezcla//1000_5.txt;infract;0;0;
./datasets/SuffixArchivos/Mezcla//1000_6.txt;infract;0;0;
./datasets/SuffixArchivos/Mezcla//200.txt;infract;0;0;
./datasets/SuffixArchivos/Mezcla//200_2.txt;infract;0;0;
./datasets/SuffixArchivos/Mezcla//500.txt;infract;0;0;
./datasets/SuffixArchivos/Mezcla//500_2.txt;infract;0;0;
./datasets/SuffixArchivos/Mezcla//1000.txt;adenia;0;0.000999;
./datasets/SuffixArchivos/Mezcla//1000_2.txt;adenia;0;0.000999;
./datasets/SuffixArchivos/Mezcla//1000_3.txt;adenia;0;0.000999;
./datasets/SuffixArchivos/Mezcla//1000_4.txt;adenia;0;0.000999;
./datasets/SuffixArchivos/Mezcla//1000_5.txt;adenia;0;0.000999;
./datasets/SuffixArchivos/Mezcla//1000_6.txt;adenia;0;0.000999;
./datasets/SuffixArchivos/Mezcla//200.txt;adenia;0;0.000999;
./datasets/SuffixArchivos/Mezcla//200_2.txt;adenia;0;0.000999;
./datasets/SuffixArchivos/Mezcla//500.txt;adenia;0;0.000999;
./datasets/SuffixArchivos/Mezcla//500_2.txt;adenia;0;0.000999;
./datasets/SuffixArchivos/Mezcla//1000.txt;louse;0;0;
./datasets/SuffixArchivos/Mezcla//1000_2.txt;louse;0;0;
./datasets/SuffixArchivos/Mezcla//1000_3.txt;louse;0;0;
./datasets/SuffixArchivos/Mezcla//1000_4.txt;louse;0;0;
./datasets/SuffixArchivos/Mezcla//1000_5.txt;louse;0;0;
./datasets/SuffixArchivos/Mezcla//1000_6.txt;louse;0;0;
./datasets/SuffixArchivos/Mezcla//200.txt;louse;0;0;
./datasets/SuffixArchivos/Mezcla//200_2.txt;louse;0;0;
./datasets/SuffixArchivos/Mezcla//500.txt;louse;0;0;
./datasets/SuffixArchivos/Mezcla//500_2.txt;louse;0;0;
./datasets/SuffixArchivos/Mezcla//1000.txt;koel;0;0;
./datasets/SuffixArchivos/Mezcla//1000_2.txt;koel;0;0;
./datasets/SuffixArchivos/Mezcla//1000_3.txt;koel;0;0;
./datasets/SuffixArchivos/Mezcla//1000_4.txt;koel;0;0;
./datasets/SuffixArchivos/Mezcla//1000_5.txt;koel;0;0;
./datasets/SuffixArchivos/Mezcla//1000_6.txt;koel;0;0;
./datasets/SuffixArchivos/Mezcla//200.txt;koel;0;0;
./datasets/SuffixArchivos/Mezcla//200_2.txt;koel;0;0;
./datasets/SuffixArchivos/Mezcla//500.txt;koel;0;0;
./datasets/SuffixArchivos/Mezcla//500_2.txt;koel;0;0;
./datasets/SuffixArchivos/Mezcla//1000.txt;tributyrin;0;0.000998;
./datasets/SuffixArchivos/Mezcla//1000_2.txt;tributyrin;0;0.000998;
./datasets/SuffixArchivos/Mezcla//1000_3.txt;tributyrin;0;0.000998;
./datasets/SuffixArchivos/Mezcla//1000_4.txt;tributyrin;0;0.000998;
./datasets/SuffixArchivos/Mezcla//1000_5.txt;tributyrin;0;0.000998;
./datasets/SuffixArchivos/Mezcla//1000_6.txt;tributyrin;0;0.000998;
./datasets/SuffixArchivos/Mezcla//200.txt;tributyrin;0;0.000998;
./datasets/SuffixArchivos/Mezcla//200_2.txt;tributyrin;0;0.000998;
./datasets/SuffixArchivos/Mezcla//500.txt;tributyrin;0;0.000998;
./datasets/SuffixArchivos/Mezcla//500_2.txt;tributyrin;0;0.000998;
./datasets/SuffixArchivos/Mezcla//1000.txt;lifey;0;0;
./datasets/SuffixArchivos/Mezcla//1000_2.txt;lifey;0;0;
./datasets/SuffixArchivos/Mezcla//1000_3.txt;lifey;0;0;
./datasets/SuffixArchivos/Mezcla//1000_4.txt;lifey;0;0;
./datasets/SuffixArchivos/Mezcla//1000_5.txt;lifey;0;0;
./datasets/SuffixArchivos/Mezcla//1000_6.txt;lifey;0;0;
./datasets/SuffixArchivos/Mezcla//200.txt;lifey;0;0;
./datasets/SuffixArchivos/Mezcla//200_2.txt;lifey;0;0;
./datasets/SuffixArchivos/Mezcla//500.txt;lifey;0;0;
./datasets/SuffixArchivos/Mezcla//500_2.txt;lifey;0;0;
./datasets/SuffixArchivos/Mezcla//1000.txt;Desmidiaceae;0;0;
./datasets/SuffixArchivos/Mezcla//1000_2.txt;Desmidiaceae;0;0;
./datasets/SuffixArchivos/Mezcla//1000_3.txt;Desmidiaceae;0;0;
./datasets/SuffixArchivos/Mezcla//1000_4.txt;Desmidiaceae;0;0;
./datasets/SuffixArchivos/Mezcla//1000_5.txt;Desmidiaceae;0;0;
./datasets/SuffixArchivos/Mezcla//1000_6.txt;Desmidiaceae;0;0;
./datasets/SuffixArchivos/Mezcla//200.txt;Desmidiaceae;0;0;
./datasets/SuffixArchivos/Mezcla//200_2.txt;Desmidiaceae;0;0;
./datasets/SuffixArchivos/Mezcla//500.txt;Desmidiaceae;0;0;
./datasets/SuffixArchivos/Mezcla//500_2.txt;Desmidiaceae;0;0;
./datasets/SuffixArchivos/Mezcla//1000.txt;vinelet;0;0;
./datasets/SuffixArchivos/Mezcla//1000_2.txt;vinelet;0;0;
./datasets/SuffixArchivos/Mezcla//1000_3.txt;vinelet;0;0;
./datasets/SuffixArchivos/Mezcla//1000_4.txt;vinelet;0;0;
./datasets/SuffixArchivos/Mezcla//1000_5.txt;vinelet;0;0;
./datasets/SuffixArchivos/Mezcla//1000_6.txt;vinelet;0;0;
./datasets/SuffixArchivos/Mezcla//200.txt;vinelet;0;0;
./datasets/SuffixArchivos/Mezcla//200_2.txt;vinelet;0;0;
./datasets/SuffixArchivos/Mezcla//500.txt;vinelet;0;0;
./datasets/SuffixArchivos/Mezcla//500_2.txt;vinelet;0;0;
./datasets/SuffixArchivos/Mezcla//1000.txt;ingrowth;0;0;
./datasets/SuffixArchivos/Mezcla//1000_2.txt;ingrowth;0;0;
./datasets/SuffixArchivos/Mezcla//1000_3.txt;ingrowth;0;0;
./datasets/SuffixArchivos/Mezcla//1000_4.txt;ingrowth;0;0;
./datasets/SuffixArchivos/Mezcla//1000_5.txt;ingrowth;0;0;
./datasets/SuffixArchivos/Mezcla//1000_6.txt;ingrowth;0;0;
./datasets/SuffixArchivos/Mezcla//200.txt;ingrowth;0;0;
./datasets/SuffixArchivos/Mezcla//200_2.txt;ingrowth;0;0;
./datasets/SuffixArchivos/Mezcla//500.txt;ingrowth;0;0;
./datasets/SuffixArchivos/Mezcla//500_2.txt;ingrowth;0;0;
./datasets/SuffixArchivos/Mezcla//1000.txt;uniovulate;0;0;
./datasets/SuffixArchivos/Mezcla//1000_2.txt;uniovulate;0;0;
./datasets/SuffixArchivos/Mezcla//1000_3.txt;uniovulate;0;0;
./datasets/SuffixArchivos/Mezcla//1000_4.txt;uniovulate;0;0;
./datasets/SuffixArchivos/Mezcla//1000_5.txt;uniovulate;0;0;
./datasets/SuffixArchivos/Mezcla//1000_6.txt;uniovulate;0;0;
./datasets/SuffixArchivos/Mezcla//200.txt;uniovulate;0;0;
./datasets/SuffixArchivos/Mezcla//200_2.txt;uniovulate;0;0;
./datasets/SuffixArchivos/Mezcla//500.txt;uniovulate;0;0;
./datasets/SuffixArchivos/Mezcla//500_2.txt;uniovulate;0;0;
./datasets/SuffixArchivos/Mezcla//1000.txt;toying;0;0;
./datasets/SuffixArchivos/Mezcla//1000_2.txt;toying;0;0;
./datasets/SuffixArchivos/Mezcla//1000_3.txt;toying;0;0;
./datasets/SuffixArchivos/Mezcla//1000_4.txt;toying;0;0;
./datasets/SuffixArchivos/Mezcla//1000_5.txt;toying;0;0;
./datasets/SuffixArchivos/Mezcla//1000_6.txt;toying;0;0;
./datasets/SuffixArchivos/Mezcla//200.txt;toying;0;0;
./datasets/SuffixArchivos/Mezcla//200_2.txt;toying;0;0;
./datasets/SuffixArchivos/Mezcla//500.txt;toying;0;0;
./datasets/SuffixArchivos/Mezcla//500_2.txt;toying;0;0;
./datasets/SuffixArchivos/Mezcla//1000.txt;nonretentive;0;0;
./datasets/SuffixArchivos/Mezcla//1000_2.txt;nonretentive;0;0;
./datasets/SuffixArchivos/Mezcla//1000_3.txt;nonretentive;0;0;
./datasets/SuffixArchivos/Mezcla//1000_4.txt;nonretentive;0;0;
./datasets/SuffixArchivos/Mezcla//1000_5.txt;nonretentive;0;0;
./datasets/SuffixArchivos/Mezcla//1000_6.txt;nonretentive;0;0;
./datasets/SuffixArchivos/Mezcla//200.txt;nonretentive;0;0;
./datasets/SuffixArchivos/Mezcla//200_2.txt;nonretentive;0;0;
./datasets/SuffixArchivos/Mezcla//500.txt;nonretentive;0;0;
./datasets/SuffixArchivos/Mezcla//500_2.txt;nonretentive;0;0;
./datasets/SuffixArchivos/Mezcla//1000.txt;conjunct;0;0;
./datasets/SuffixArchivos/Mezcla//1000_2.txt;conjunct;0;0;
./datasets/SuffixArchivos/Mezcla//1000_3.txt;conjunct;0;0;
./datasets/SuffixArchivos/Mezcla//1000_4.txt;conjunct;0;0;
./datasets/SuffixArchivos/Mezcla//1000_5.txt;conjunct;0;0;
./datasets/SuffixArchivos/Mezcla//1000_6.txt;conjunct;0;0;
./datasets/SuffixArchivos/Mezcla//200.txt;conjunct;0;0;
./datasets/SuffixArchivos/Mezcla//200_2.txt;conjunct;0;0;
./datasets/SuffixArchivos/Mezcla//500.txt;conjunct;0;0;
./datasets/SuffixArchivos/Mezcla//500_2.txt;conjunct;0;0;
./datasets/SuffixArchivos/Mezcla//1000.txt;pinnaglobin;0;0;
./datasets/SuffixArchivos/Mezcla//1000_2.txt;pinnaglobin;0;0;
./datasets/SuffixArchivos/Mezcla//1000_3.txt;pinnaglobin;0;0;
./datasets/SuffixArchivos/Mezcla//1000_4.txt;pinnaglobin;0;0;
./datasets/SuffixArchivos/Mezcla//1000_5.txt;pinnaglobin;0;0;
./datasets/SuffixArchivos/Mezcla//1000_6.txt;pinnaglobin;0;0;
./datasets/SuffixArchivos/Mezcla//200.txt;pinnaglobin;0;0;
./datasets/SuffixArchivos/Mezcla//200_2.txt;pinnaglobin;0;0;
./datasets/SuffixArchivos/Mezcla//500.txt;pinnaglobin;0;0;
./datasets/SuffixArchivos/Mezcla//500_2.txt;pinnaglobin;0;0;
./datasets/SuffixArchivos/Mezcla//1000.txt;vastity;0;0;
./datasets/SuffixArchivos/Mezcla//1000_2.txt;vastity;0;0;
./datasets/SuffixArchivos/Mezcla//1000_3.txt;vastity;0;0;
./datasets/SuffixArchivos/Mezcla//1000_4.txt;vastity;0;0;
./datasets/SuffixArchivos/Mezcla//1000_5.txt;vastity;0;0;
./datasets/SuffixArchivos/Mezcla//1000_6.txt;vastity;0;0;
./datasets/SuffixArchivos/Mezcla//200.txt;vastity;0;0;
./datasets/SuffixArchivos/Mezcla//200_2.txt;vastity;0;0;
./datasets/SuffixArchivos/Mezcla//500.txt;vastity;0;0;
./datasets/SuffixArchivos/Mezcla//500_2.txt;vastity;0;0;
./datasets/SuffixArchivos/Mezcla//1000.txt;appendicle;0;0;
./datasets/SuffixArchivos/Mezcla//1000_2.txt;appendicle;0;0;
./datasets/SuffixArchivos/Mezcla//1000_3.txt;appendicle;0;0;
./datasets/SuffixArchivos/Mezcla//1000_4.txt;appendicle;0;0;
./datasets/SuffixArchivos/Mezcla//1000_5.txt;appendicle;0;0;
./datasets/SuffixArchivos/Mezcla//1000_6.txt;appendicle;0;0;
./datasets/SuffixArchivos/Mezcla//200.txt;appendicle;0;0;
./datasets/SuffixArchivos/Mezcla//200_2.txt;appendicle;0;0;
./datasets/SuffixArchivos/Mezcla//500.txt;appendicle;0;0;
./datasets/SuffixArchivos/Mezcla//500_2.txt;appendicle;0;0;
./datasets/SuffixArchivos/Mezcla//1000.txt;redecline;0;0;
./datasets/SuffixArchivos/Mezcla//1000_2.txt;redecline;0;0;
./datasets/SuffixArchivos/Mezcla//1000_3.txt;redecline;0;0;
./datasets/SuffixArchivos/Mezcla//1000_4.txt;redecline;0;0;
./datasets/SuffixArchivos/Mezcla//1000_5.txt;redecline;0;0;
./datasets/SuffixArchivos/Mezcla//1000_6.txt;redecline;0;0;
./datasets/SuffixArchivos/Mezcla//200.txt;redecline;0;0;
./datasets/SuffixArchivos/Mezcla//200_2.txt;redecline;0;0;
./datasets/SuffixArchivos/Mezcla//500.txt;redecline;0;0;
./datasets/SuffixArchivos/Mezcla//500_2.txt;redecline;0;0;
./datasets/SuffixArchivos/Mezcla//1000.txt;trekker;0;0.000999;
./datasets/SuffixArchivos/Mezcla//1000_2.txt;trekker;0;0.000999;
./datasets/SuffixArchivos/Mezcla//1000_3.txt;trekker;0;0.000999;
./datasets/SuffixArchivos/Mezcla//1000_4.txt;trekker;0;0.000999;
./datasets/SuffixArchivos/Mezcla//1000_5.txt;trekker;0;0.000999;
./datasets/SuffixArchivos/Mezcla//1000_6.txt;trekker;0;0.000999;
./datasets/SuffixArchivos/Mezcla//200.txt;trekker;0;0.000999;
./datasets/SuffixArchivos/Mezcla//200_2.txt;trekker;0;0.000999;
./datasets/SuffixArchivos/Mezcla//500.txt;trekker;0;0.000999;
./datasets/SuffixArchivos/Mezcla//500_2.txt;trekker;0;0.000999;
./datasets/SuffixArchivos/Mezcla//1000.txt;hereby;0;0.001007;
./datasets/SuffixArchivos/Mezcla//1000_2.txt;hereby;0;0.001007;
./datasets/SuffixArchivos/Mezcla//1000_3.txt;hereby;0;0.001007;
./datasets/SuffixArchivos/Mezcla//1000_4.txt;hereby;0;0.001007;
./datasets/SuffixArchivos/Mezcla//1000_5.txt;hereby;0;0.001007;
./datasets/SuffixArchivos/Mezcla//1000_6.txt;hereby;0;0.001007;
./datasets/SuffixArchivos/Mezcla//200.txt;hereby;0;0.001007;
./datasets/SuffixArchivos/Mezcla//200_2.txt;hereby;0;0.001007;
./datasets/SuffixArchivos/Mezcla//500.txt;hereby;0;0.001007;
./datasets/SuffixArchivos/Mezcla//500_2.txt;hereby;0;0.001007;
./datasets/SuffixArchivos/Mezcla//1000.txt;dicatalexis;0;0;
./datasets/SuffixArchivos/Mezcla//1000_2.txt;dicatalexis;0;0;
./datasets/SuffixArchivos/Mezcla//1000_3.txt;dicatalexis;0;0;
./datasets/SuffixArchivos/Mezcla//1000_4.txt;dicatalexis;0;0;
./datasets/SuffixArchivos/Mezcla//1000_5.txt;dicatalexis;0;0;
./datasets/SuffixArchivos/Mezcla//1000_6.txt;dicatalexis;0;0;
./datasets/SuffixArchivos/Mezcla//200.txt;dicatalexis;0;0;
./datasets/SuffixArchivos/Mezcla//200_2.txt;dicatalexis;0;0;
./datasets/SuffixArchivos/Mezcla//500.txt;dicatalexis;0;0;
./datasets/SuffixArchivos/Mezcla//500_2.txt;dicatalexis;0;0;
./datasets/SuffixArchivos/Mezcla//1000.txt;slackerism;0;0.001004;
./datasets/SuffixArchivos/Mezcla//1000_2.txt;slackerism;0;0.001004;
./datasets/SuffixArchivos/Mezcla//1000_3.txt;slackerism;0;0.001004;
./datasets/SuffixArchivos/Mezcla//1000_4.txt;slackerism;0;0.001004;
./datasets/SuffixArchivos/Mezcla//1000_5.txt;slackerism;0;0.001004;
./datasets/SuffixArchivos/Mezcla//1000_6.txt;slackerism;0;0.001004;
./datasets/SuffixArchivos/Mezcla//200.txt;slackerism;0;0.001004;
./datasets/SuffixArchivos/Mezcla//200_2.txt;slackerism;0;0.001004;
./datasets/SuffixArchivos/Mezcla//500.txt;slackerism;0;0.001004;
./datasets/SuffixArchivos/Mezcla//500_2.txt;slackerism;0;0.001004;
./datasets/SuffixArchivos/Mezcla//1000.txt;inaxon;0;0;
./datasets/SuffixArchivos/Mezcla//1000_2.txt;inaxon;0;0;
./datasets/SuffixArchivos/Mezcla//1000_3.txt;inaxon;0;0;
./datasets/SuffixArchivos/Mezcla//1000_4.txt;inaxon;0;0;
./datasets/SuffixArchivos/Mezcla//1000_5.txt;inaxon;0;0;
./datasets/SuffixArchivos/Mezcla//1000_6.txt;inaxon;0;0;
./datasets/SuffixArchivos/Mezcla//200.txt;inaxon;0;0;
./datasets/SuffixArchivos/Mezcla//200_2.txt;inaxon;0;0;
./datasets/SuffixArchivos/Mezcla//500.txt;inaxon;0;0;
./datasets/SuffixArchivos/Mezcla//500_2.txt;inaxon;0;0;
./datasets/SuffixArchivos/Mezcla//1000.txt;tribase;0;0;
./datasets/SuffixArchivos/Mezcla//1000_2.txt;tribase;0;0;
./datasets/SuffixArchivos/Mezcla//1000_3.txt;tribase;0;0;
./datasets/SuffixArchivos/Mezcla//1000_4.txt;tribase;0;0;
./datasets/SuffixArchivos/Mezcla//1000_5.txt;tribase;0;0;
./datasets/SuffixArchivos/Mezcla//1000_6.txt;tribase;0;0;
./datasets/SuffixArchivos/Mezcla//200.txt;tribase;0;0;
./datasets/SuffixArchivos/Mezcla//200_2.txt;tribase;0;0;
./datasets/SuffixArchivos/Mezcla//500.txt;tribase;0;0;
./datasets/SuffixArchivos/Mezcla//500_2.txt;tribase;0;0;
./datasets/SuffixArchivos/Mezcla//1000.txt;cryptostome;0;0;
./datasets/SuffixArchivos/Mezcla//1000_2.txt;cryptostome;0;0;
./datasets/SuffixArchivos/Mezcla//1000_3.txt;cryptostome;0;0;
./datasets/SuffixArchivos/Mezcla//1000_4.txt;cryptostome;0;0;
./datasets/SuffixArchivos/Mezcla//1000_5.txt;cryptostome;0;0;
./datasets/SuffixArchivos/Mezcla//1000_6.txt;cryptostome;0;0;
./datasets/SuffixArchivos/Mezcla//200.txt;cryptostome;0;0;
./datasets/SuffixArchivos/Mezcla//200_2.txt;cryptostome;0;0;
./datasets/SuffixArchivos/Mezcla//500.txt;cryptostome;0;0;
./datasets/SuffixArchivos/Mezcla//500_2.txt;cryptostome;0;0;
./datasets/SuffixArchivos/Mezcla//1000.txt;nonpresbyter;0;0.001012;
./datasets/SuffixArchivos/Mezcla//1000_2.txt;nonpresbyter;0;0.001012;
./datasets/SuffixArchivos/Mezcla//1000_3.txt;nonpresbyter;0;0.001012;
./datasets/SuffixArchivos/Mezcla//1000_4.txt;nonpresbyter;0;0.001012;
./datasets/SuffixArchivos/Mezcla//1000_5.txt;nonpresbyter;0;0.001012;
./datasets/SuffixArchivos/Mezcla//1000_6.txt;nonpresbyter;0;0.001012;
./datasets/SuffixArchivos/Mezcla//200.txt;nonpresbyter;0;0.001012;
./datasets/SuffixArchivos/Mezcla//200_2.txt;nonpresbyter;0;0.001012;
./datasets/SuffixArchivos/Mezcla//500.txt;nonpresbyter;0;0.001012;
./datasets/SuffixArchivos/Mezcla//500_2.txt;nonpresbyter;0;0.001012;
./datasets/SuffixArchivos/Mezcla//1000.txt;breezily;0;0;
./datasets/SuffixArchivos/Mezcla//1000_2.txt;breezily;0;0;
./datasets/SuffixArchivos/Mezcla//1000_3.txt;breezily;0;0;
./datasets/SuffixArchivos/Mezcla//1000_4.txt;breezily;0;0;
./datasets/SuffixArchivos/Mezcla//1000_5.txt;breezily;0;0;
./datasets/SuffixArchivos/Mezcla//1000_6.txt;breezily;0;0;
./datasets/SuffixArchivos/Mezcla//200.txt;breezily;0;0;
./datasets/SuffixArchivos/Mezcla//200_2.txt;breezily;0;0;
./datasets/SuffixArchivos/Mezcla//500.txt;breezily;0;0;
./datasets/SuffixArchivos/Mezcla//500_2.txt;breezily;0;0;
./datasets/SuffixArchivos/Mezcla//1000.txt;opusculum;0;0;
./datasets/SuffixArchivos/Mezcla//1000_2.txt;opusculum;0;0;
./datasets/SuffixArchivos/Mezcla//1000_3.txt;opusculum;0;0;
./datasets/SuffixArchivos/Mezcla//1000_4.txt;opusculum;0;0;
./datasets/SuffixArchivos/Mezcla//1000_5.txt;opusculum;0;0;
./datasets/SuffixArchivos/Mezcla//1000_6.txt;opusculum;0;0;
./datasets/SuffixArchivos/Mezcla//200.txt;opusculum;0;0;
./datasets/SuffixArchivos/Mezcla//200_2.txt;opusculum;0;0;
./datasets/SuffixArchivos/Mezcla//500.txt;opusculum;0;0;
./datasets/SuffixArchivos/Mezcla//500_2.txt;opusculum;0;0;
./datasets/SuffixArchivos/Mezcla//1000.txt;methought;0;0;
./datasets/SuffixArchivos/Mezcla//1000_2.txt;methought;0;0;
./datasets/SuffixArchivos/Mezcla//1000_3.txt;methought;0;0;
./datasets/SuffixArchivos/Mezcla//1000_4.txt;methought;0;0;
./datasets/SuffixArchivos/Mezcla//1000_5.txt;methought;0;0;
./datasets/SuffixArchivos/Mezcla//1000_6.txt;methought;0;0;
./datasets/SuffixArchivos/Mezcla//200.txt;methought;0;0;
./datasets/SuffixArchivos/Mezcla//200_2.txt;methought;0;0;
./datasets/SuffixArchivos/Mezcla//500.txt;methought;0;0;
./datasets/SuffixArchivos/Mezcla//500_2.txt;methought;0;0;
./datasets/SuffixArchivos/Mezcla//1000.txt;yarl;0;0;
./datasets/SuffixArchivos/Mezcla//1000_2.txt;yarl;0;0;
./datasets/SuffixArchivos/Mezcla//1000_3.txt;yarl;0;0;
./datasets/SuffixArchivos/Mezcla//1000_4.txt;yarl;0;0;
./datasets/SuffixArchivos/Mezcla//1000_5.txt;yarl;0;0;
./datasets/SuffixArchivos/Mezcla//1000_6.txt;yarl;0;0;
./datasets/SuffixArchivos/Mezcla//200.txt;yarl;0;0;
./datasets/SuffixArchivos/Mezcla//200_2.txt;yarl;0;0;
./datasets/SuffixArchivos/Mezcla//500.txt;yarl;0;0;
./datasets/SuffixArchivos/Mezcla//500_2.txt;yarl;0;0;
./datasets/SuffixArchivos/Mezcla//1000.txt;fringent;0;0;
./datasets/SuffixArchivos/Mezcla//1000_2.txt;fringent;0;0;
./datasets/SuffixArchivos/Mezcla//1000_3.txt;fringent;0;0;
./datasets/SuffixArchivos/Mezcla//1000_4.txt;fringent;0;0;
./datasets/SuffixArchivos/Mezcla//1000_5.txt;fringent;0;0;
./datasets/SuffixArchivos/Mezcla//1000_6.txt;fringent;0;0;
./datasets/SuffixArchivos/Mezcla//200.txt;fringent;0;0;
./datasets/SuffixArchivos/Mezcla//200_2.txt;fringent;0;0;
./datasets/SuffixArchivos/Mezcla//500.txt;fringent;0;0;
./datasets/SuffixArchivos/Mezcla//500_2.txt;fringent;0;0;
./datasets/SuffixArchivos/Mezcla//1000.txt;forsooth;0;0.000999;
./datasets/SuffixArchivos/Mezcla//1000_2.txt;forsooth;0;0.000999;
./datasets/SuffixArchivos/Mezcla//1000_3.txt;forsooth;0;0.000999;
./datasets/SuffixArchivos/Mezcla//1000_4.txt;forsooth;0;0.000999;
./datasets/SuffixArchivos/Mezcla//1000_5.txt;forsooth;0;0.000999;
./datasets/SuffixArchivos/Mezcla//1000_6.txt;forsooth;0;0.000999;
./datasets/SuffixArchivos/Mezcla//200.txt;forsooth;0;0.000999;
./datasets/SuffixArchivos/Mezcla//200_2.txt;forsooth;0;0.000999;
./datasets/SuffixArchivos/Mezcla//500.txt;forsooth;0;0.000999;
./datasets/SuffixArchivos/Mezcla//500_2.txt;forsooth;0;0.000999;
./datasets/SuffixArchivos/Mezcla//1000.txt;plicater;0;0;
./datasets/SuffixArchivos/Mezcla//1000_2.txt;plicater;0;0;
./datasets/SuffixArchivos/Mezcla//1000_3.txt;plicater;0;0;
./datasets/SuffixArchivos/Mezcla//1000_4.txt;plicater;0;0;
./datasets/SuffixArchivos/Mezcla//1000_5.txt;plicater;0;0;
./datasets/SuffixArchivos/Mezcla//1000_6.txt;plicater;0;0;
./datasets/SuffixArchivos/Mezcla//200.txt;plicater;0;0;
./datasets/SuffixArchivos/Mezcla//200_2.txt;plicater;0;0;
./datasets/SuffixArchivos/Mezcla//500.txt;plicater;0;0;
./datasets/SuffixArchivos/Mezcla//500_2.txt;plicater;0;0;
./datasets/SuffixArchivos/Mezcla//1000.txt;balneotherapeutics;0;0.000999;
./datasets/SuffixArchivos/Mezcla//1000_2.txt;balneotherapeutics;0;0.000999;
./datasets/SuffixArchivos/Mezcla//1000_3.txt;balneotherapeutics;0;0.000999;
./datasets/SuffixArchivos/Mezcla//1000_4.txt;balneotherapeutics;0;0.000999;
./datasets/SuffixArchivos/Mezcla//1000_5.txt;balneotherapeutics;0;0.000999;
./datasets/SuffixArchivos/Mezcla//1000_6.txt;balneotherapeutics;0;0.000999;
./datasets/SuffixArchivos/Mezcla//200.txt;balneotherapeutics;0;0.000999;
./datasets/SuffixArchivos/Mezcla//200_2.txt;balneotherapeutics;0;0.000999;
./datasets/SuffixArchivos/Mezcla//500.txt;balneotherapeutics;0;0.000999;
./datasets/SuffixArchivos/Mezcla//500_2.txt;balneotherapeutics;0;0.000999;
./datasets/SuffixArchivos/Mezcla//1000.txt;uredosporic;0;0;
./datasets/SuffixArchivos/Mezcla//1000_2.txt;uredosporic;0;0;
./datasets/SuffixArchivos/Mezcla//1000_3.txt;uredosporic;0;0;
./datasets/SuffixArchivos/Mezcla//1000_4.txt;uredosporic;0;0;
./datasets/SuffixArchivos/Mezcla//1000_5.txt;uredosporic;0;0;
./datasets/SuffixArchivos/Mezcla//1000_6.txt;uredosporic;0;0;
./datasets/SuffixArchivos/Mezcla//200.txt;uredosporic;0;0;
./datasets/SuffixArchivos/Mezcla//200_2.txt;uredosporic;0;0;
./datasets/SuffixArchivos/Mezcla//500.txt;uredosporic;0;0;
./datasets/SuffixArchivos/Mezcla//500_2.txt;uredosporic;0;0;
./datasets/SuffixArchivos/Mezcla//1000.txt;perceptive;0;0.001;
./datasets/SuffixArchivos/Mezcla//1000_2.txt;perceptive;0;0.001;
./datasets/SuffixArchivos/Mezcla//1000_3.txt;perceptive;0;0.001;
./datasets/SuffixArchivos/Mezcla//1000_4.txt;perceptive;0;0.001;
./datasets/SuffixArchivos/Mezcla//1000_5.txt;perceptive;0;0.001;
./datasets/SuffixArchivos/Mezcla//1000_6.txt;perceptive;0;0.001;
./datasets/SuffixArchivos/Mezcla//200.txt;perceptive;0;0.001;
./datasets/SuffixArchivos/Mezcla//200_2.txt;perceptive;0;0.001;
./datasets/SuffixArchivos/Mezcla//500.txt;perceptive;0;0.001;
./datasets/SuffixArchivos/Mezcla//500_2.txt;perceptive;0;0.001;
./datasets/SuffixArchivos/Mezcla//1000.txt;embouchure;0;0;
./datasets/SuffixArchivos/Mezcla//1000_2.txt;embouchure;0;0;
./datasets/SuffixArchivos/Mezcla//1000_3.txt;embouchure;0;0;
./datasets/SuffixArchivos/Mezcla//1000_4.txt;embouchure;0;0;
./datasets/SuffixArchivos/Mezcla//1000_5.txt;embouchure;0;0;
./datasets/SuffixArchivos/Mezcla//1000_6.txt;embouchure;0;0;
./datasets/SuffixArchivos/Mezcla//200.txt;embouchure;0;0;
./datasets/SuffixArchivos/Mezcla//200_2.txt;embouchure;0;0;
./datasets/SuffixArchivos/Mezcla//500.txt;embouchure;0;0;
./datasets/SuffixArchivos/Mezcla//500_2.txt;embouchure;0;0;
./datasets/SuffixArchivos/Mezcla//1000.txt;heterolysis;0;0;
./datasets/SuffixArchivos/Mezcla//1000_2.txt;heterolysis;0;0;
./datasets/SuffixArchivos/Mezcla//1000_3.txt;heterolysis;0;0;
./datasets/SuffixArchivos/Mezcla//1000_4.txt;heterolysis;0;0;
./datasets/SuffixArchivos/Mezcla//1000_5.txt;heterolysis;0;0;
./datasets/SuffixArchivos/Mezcla//1000_6.txt;heterolysis;0;0;
./datasets/SuffixArchivos/Mezcla//200.txt;heterolysis;0;0;
./datasets/SuffixArchivos/Mezcla//200_2.txt;heterolysis;0;0;
./datasets/SuffixArchivos/Mezcla//500.txt;heterolysis;0;0;
./datasets/SuffixArchivos/Mezcla//500_2.txt;heterolysis;0;0;
./datasets/SuffixArchivos/Mezcla//1000.txt;imperence;0;0.001012;
./datasets/SuffixArchivos/Mezcla//1000_2.txt;imperence;0;0.001012;
./datasets/SuffixArchivos/Mezcla//1000_3.txt;imperence;0;0.001012;
./datasets/SuffixArchivos/Mezcla//1000_4.txt;imperence;0;0.001012;
./datasets/SuffixArchivos/Mezcla//1000_5.txt;imperence;0;0.001012;
./datasets/SuffixArchivos/Mezcla//1000_6.txt;imperence;0;0.001012;
./datasets/SuffixArchivos/Mezcla//200.txt;imperence;0;0.001012;
./datasets/SuffixArchivos/Mezcla//200_2.txt;imperence;0;0.001012;
./datasets/SuffixArchivos/Mezcla//500.txt;imperence;0;0.001012;
./datasets/SuffixArchivos/Mezcla//500_2.txt;imperence;0;0.001012;
./datasets/SuffixArchivos/Mezcla//1000.txt;perfervidness;0;0;
./datasets/SuffixArchivos/Mezcla//1000_2.txt;perfervidness;0;0;
./datasets/SuffixArchivos/Mezcla//1000_3.txt;perfervidness;0;0;
./datasets/SuffixArchivos/Mezcla//1000_4.txt;perfervidness;0;0;
./datasets/SuffixArchivos/Mezcla//1000_5.txt;perfervidness;0;0;
./datasets/SuffixArchivos/Mezcla//1000_6.txt;perfervidness;0;0;
./datasets/SuffixArchivos/Mezcla//200.txt;perfervidness;0;0;
./datasets/SuffixArchivos/Mezcla//200_2.txt;perfervidness;0;0;
./datasets/SuffixArchivos/Mezcla//500.txt;perfervidness;0;0;
./datasets/SuffixArchivos/Mezcla//500_2.txt;perfervidness;0;0;
./datasets/SuffixArchivos/Mezcla//1000.txt;pobs;0;0.000999;
./datasets/SuffixArchivos/Mezcla//1000_2.txt;pobs;0;0.000999;
./datasets/SuffixArchivos/Mezcla//1000_3.txt;pobs;0;0.000999;
./datasets/SuffixArchivos/Mezcla//1000_4.txt;pobs;0;0.000999;
./datasets/SuffixArchivos/Mezcla//1000_5.txt;pobs;0;0.000999;
./datasets/SuffixArchivos/Mezcla//1000_6.txt;pobs;0;0.000999;
./datasets/SuffixArchivos/Mezcla//200.txt;pobs;0;0.000999;
./datasets/SuffixArchivos/Mezcla//200_2.txt;pobs;0;0.000999;
./datasets/SuffixArchivos/Mezcla//500.txt;pobs;0;0.000999;
./datasets/SuffixArchivos/Mezcla//500_2.txt;pobs;0;0.000999;
./datasets/SuffixArchivos/Mezcla//1000.txt;thorax;0;0;
./datasets/SuffixArchivos/Mezcla//1000_2.txt;thorax;0;0;
./datasets/SuffixArchivos/Mezcla//1000_3.txt;thorax;0;0;
./datasets/SuffixArchivos/Mezcla//1000_4.txt;thorax;0;0;
./datasets/SuffixArchivos/Mezcla//1000_5.txt;thorax;0;0;
./datasets/SuffixArchivos/Mezcla//1000_6.txt;thorax;0;0;
./datasets/SuffixArchivos/Mezcla//200.txt;thorax;0;0;
./datasets/SuffixArchivos/Mezcla//200_2.txt;thorax;0;0;
./datasets/SuffixArchivos/Mezcla//500.txt;thorax;0;0;
./datasets/SuffixArchivos/Mezcla//500_2.txt;thorax;0;0;
./datasets/SuffixArchivos/Mezcla//1000.txt;perikronion;0;0;
./datasets/SuffixArchivos/Mezcla//1000_2.txt;perikronion;0;0;
./datasets/SuffixArchivos/Mezcla//1000_3.txt;perikronion;0;0;
./datasets/SuffixArchivos/Mezcla//1000_4.txt;perikronion;0;0;
./datasets/SuffixArchivos/Mezcla//1000_5.txt;perikronion;0;0;
./datasets/SuffixArchivos/Mezcla//1000_6.txt;perikronion;0;0;
./datasets/SuffixArchivos/Mezcla//200.txt;perikronion;0;0;
./datasets/SuffixArchivos/Mezcla//200_2.txt;perikronion;0;0;
./datasets/SuffixArchivos/Mezcla//500.txt;perikronion;0;0;
./datasets/SuffixArchivos/Mezcla//500_2.txt;perikronion;0;0;
./datasets/SuffixArchivos/Mezcla//1000.txt;charlatanic;0;0;
./datasets/SuffixArchivos/Mezcla//1000_2.txt;charlatanic;0;0;
./datasets/SuffixArchivos/Mezcla//1000_3.txt;charlatanic;0;0;
./datasets/SuffixArchivos/Mezcla//1000_4.txt;charlatanic;0;0;
./datasets/SuffixArchivos/Mezcla//1000_5.txt;charlatanic;0;0;
./datasets/SuffixArchivos/Mezcla//1000_6.txt;charlatanic;0;0;
./datasets/SuffixArchivos/Mezcla//200.txt;charlatanic;0;0;
./datasets/SuffixArchivos/Mezcla//200_2.txt;charlatanic;0;0;
./datasets/SuffixArchivos/Mezcla//500.txt;charlatanic;0;0;
./datasets/SuffixArchivos/Mezcla//500_2.txt;charlatanic;0;0;
./datasets/SuffixArchivos/Mezcla//1000.txt;Bonapartism;0;0;
./datasets/SuffixArchivos/Mezcla//1000_2.txt;Bonapartism;0;0;
./datasets/SuffixArchivos/Mezcla//1000_3.txt;Bonapartism;0;0;
./datasets/SuffixArchivos/Mezcla//1000_4.txt;Bonapartism;0;0;
./datasets/SuffixArchivos/Mezcla//1000_5.txt;Bonapartism;0;0;
./datasets/SuffixArchivos/Mezcla//1000_6.txt;Bonapartism;0;0;
./datasets/SuffixArchivos/Mezcla//200.txt;Bonapartism;0;0;
./datasets/SuffixArchivos/Mezcla//200_2.txt;Bonapartism;0;0;
./datasets/SuffixArchivos/Mezcla//500.txt;Bonapartism;0;0;
./datasets/SuffixArchivos/Mezcla//500_2.txt;Bonapartism;0;0;
./datasets/SuffixArchivos/Mezcla//1000.txt;whilom;0;0;
./datasets/SuffixArchivos/Mezcla//1000_2.txt;whilom;0;0;
./datasets/SuffixArchivos/Mezcla//1000_3.txt;whilom;0;0;
./datasets/SuffixArchivos/Mezcla//1000_4.txt;whilom;0;0;
./datasets/SuffixArchivos/Mezcla//1000_5.txt;whilom;0;0;
./datasets/SuffixArchivos/Mezcla//1000_6.txt;whilom;0;0;
./datasets/SuffixArchivos/Mezcla//200.txt;whilom;0;0;
./datasets/SuffixArchivos/Mezcla//200_2.txt;whilom;0;0;
./datasets/SuffixArchivos/Mezcla//500.txt;whilom;0;0;
./datasets/SuffixArchivos/Mezcla//500_2.txt;whilom;0;0;
./datasets/SuffixArchivos/Mezcla//1000.txt;outferret;0;0.000998;
./datasets/SuffixArchivos/Mezcla//1000_2.txt;outferret;0;0.000998;
./datasets/SuffixArchivos/Mezcla//1000_3.txt;outferret;0;0.000998;
./datasets/SuffixArchivos/Mezcla//1000_4.txt;outferret;0;0.000998;
./datasets/SuffixArchivos/Mezcla//1000_5.txt;outferret;0;0.000998;
./datasets/SuffixArchivos/Mezcla//1000_6.txt;outferret;0;0.000998;
./datasets/SuffixArchivos/Mezcla//200.txt;outferret;0;0.000998;
./datasets/SuffixArchivos/Mezcla//200_2.txt;outferret;0;0.000998;
./datasets/SuffixArchivos/Mezcla//500.txt;outferret;0;0.000998;
./datasets/SuffixArchivos/Mezcla//500_2.txt;outferret;0;0.000998;
./datasets/SuffixArchivos/Mezcla//1000.txt;kelty;0;0;
./datasets/SuffixArchivos/Mezcla//1000_2.txt;kelty;0;0;
./datasets/SuffixArchivos/Mezcla//1000_3.txt;kelty;0;0;
./datasets/SuffixArchivos/Mezcla//1000_4.txt;kelty;0;0;
./datasets/SuffixArchivos/Mezcla//1000_5.txt;kelty;0;0;
./datasets/SuffixArchivos/Mezcla//1000_6.txt;kelty;0;0;
./datasets/SuffixArchivos/Mezcla//200.txt;kelty;0;0;
./datasets/SuffixArchivos/Mezcla//200_2.txt;kelty;0;0;
./datasets/SuffixArchivos/Mezcla//500.txt;kelty;0;0;
./datasets/SuffixArchivos/Mezcla//500_2.txt;kelty;0;0;
./datasets/SuffixArchivos/Mezcla//1000.txt;macrospore;0;0.000999;
./datasets/SuffixArchivos/Mezcla//1000_2.txt;macrospore;0;0.000999;
./datasets/SuffixArchivos/Mezcla//1000_3.txt;macrospore;0;0.000999;
./datasets/SuffixArchivos/Mezcla//1000_4.txt;macrospore;0;0.000999;
./datasets/SuffixArchivos/Mezcla//1000_5.txt;macrospore;0;0.000999;
./datasets/SuffixArchivos/Mezcla//1000_6.txt;macrospore;0;0.000999;
./datasets/SuffixArchivos/Mezcla//200.txt;macrospore;0;0.000999;
./datasets/SuffixArchivos/Mezcla//200_2.txt;macrospore;0;0.000999;
./datasets/SuffixArchivos/Mezcla//500.txt;macrospore;0;0.000999;
./datasets/SuffixArchivos/Mezcla//500_2.txt;macrospore;0;0.000999;
./datasets/SuffixArchivos/Mezcla//1000.txt;predisposedly;0;0;
./datasets/SuffixArchivos/Mezcla//1000_2.txt;predisposedly;0;0;
./datasets/SuffixArchivos/Mezcla//1000_3.txt;predisposedly;0;0;
./datasets/SuffixArchivos/Mezcla//1000_4.txt;predisposedly;0;0;
./datasets/SuffixArchivos/Mezcla//1000_5.txt;predisposedly;0;0;
./datasets/SuffixArchivos/Mezcla//1000_6.txt;predisposedly;0;0;
./datasets/SuffixArchivos/Mezcla//200.txt;predisposedly;0;0;
./datasets/SuffixArchivos/Mezcla//200_2.txt;predisposedly;0;0;
./datasets/SuffixArchivos/Mezcla//500.txt;predisposedly;0;0;
./datasets/SuffixArchivos/Mezcla//500_2.txt;predisposedly;0;0;
./datasets/SuffixArchivos/Mezcla//1000.txt;squawk;0;0.000986;
./datasets/SuffixArchivos/Mezcla//1000_2.txt;squawk;0;0.000986;
./datasets/SuffixArchivos/Mezcla//1000_3.txt;squawk;0;0.000986;
./datasets/SuffixArchivos/Mezcla//1000_4.txt;squawk;0;0.000986;
./datasets/SuffixArchivos/Mezcla//1000_5.txt;squawk;0;0.000986;
./datasets/SuffixArchivos/Mezcla//1000_6.txt;squawk;0;0.000986;
./datasets/SuffixArchivos/Mezcla//200.txt;squawk;0;0.000986;
./datasets/SuffixArchivos/Mezcla//200_2.txt;squawk;0;0.000986;
./datasets/SuffixArchivos/Mezcla//500.txt;squawk;0;0.000986;
./datasets/SuffixArchivos/Mezcla//500_2.txt;squawk;0;0.000986;
./datasets/SuffixArchivos/Mezcla//1000.txt;extrafoliaceous;0;0;
./datasets/SuffixArchivos/Mezcla//1000_2.txt;extrafoliaceous;0;0;
./datasets/SuffixArchivos/Mezcla//1000_3.txt;extrafoliaceous;0;0;
./datasets/SuffixArchivos/Mezcla//1000_4.txt;extrafoliaceous;0;0;
./datasets/SuffixArchivos/Mezcla//1000_5.txt;extrafoliaceous;0;0;
./datasets/SuffixArchivos/Mezcla//1000_6.txt;extrafoliaceous;0;0;
./datasets/SuffixArchivos/Mezcla//200.txt;extrafoliaceous;0;0;
./datasets/SuffixArchivos/Mezcla//200_2.txt;extrafoliaceous;0;0;
./datasets/SuffixArchivos/Mezcla//500.txt;extrafoliaceous;0;0;
./datasets/SuffixArchivos/Mezcla//500_2.txt;extrafoliaceous;0;0;
./datasets/SuffixArchivos/Mezcla//1000.txt;inveteracy;0;0.001;
./datasets/SuffixArchivos/Mezcla//1000_2.txt;inveteracy;0;0.001;
./datasets/SuffixArchivos/Mezcla//1000_3.txt;inveteracy;0;0.001;
./datasets/SuffixArchivos/Mezcla//1000_4.txt;inveteracy;0;0.001;
./datasets/SuffixArchivos/Mezcla//1000_5.txt;inveteracy;0;0.001;
./datasets/SuffixArchivos/Mezcla//1000_6.txt;inveteracy;0;0.001;
./datasets/SuffixArchivos/Mezcla//200.txt;inveteracy;0;0.001;
./datasets/SuffixArchivos/Mezcla//200_2.txt;inveteracy;0;0.001;
./datasets/SuffixArchivos/Mezcla//500.txt;inveteracy;0;0.001;
./datasets/SuffixArchivos/Mezcla//500_2.txt;inveteracy;0;0.001;
./datasets/SuffixArchivos/Mezcla//1000.txt;obtect;0;0.000999;
./datasets/SuffixArchivos/Mezcla//1000_2.txt;obtect;0;0.000999;
./datasets/SuffixArchivos/Mezcla//1000_3.txt;obtect;0;0.000999;
./datasets/SuffixArchivos/Mezcla//1000_4.txt;obtect;0;0.000999;
./datasets/SuffixArchivos/Mezcla//1000_5.txt;obtect;0;0.000999;
./datasets/SuffixArchivos/Mezcla//1000_6.txt;obtect;0;0.000999;
./datasets/SuffixArchivos/Mezcla//200.txt;obtect;0;0.000999;
./datasets/SuffixArchivos/Mezcla//200_2.txt;obtect;0;0.000999;
./datasets/SuffixArchivos/Mezcla//500.txt;obtect;0;0.000999;
./datasets/SuffixArchivos/Mezcla//500_2.txt;obtect;0;0.000999;
./datasets/SuffixArchivos/Mezcla//1000.txt;decoyer;0;0;
./datasets/SuffixArchivos/Mezcla//1000_2.txt;decoyer;0;0;
./datasets/SuffixArchivos/Mezcla//1000_3.txt;decoyer;0;0;
./datasets/SuffixArchivos/Mezcla//1000_4.txt;decoyer;0;0;
./datasets/SuffixArchivos/Mezcla//1000_5.txt;decoyer;0;0;
./datasets/SuffixArchivos/Mezcla//1000_6.txt;decoyer;0;0;
./datasets/SuffixArchivos/Mezcla//200.txt;decoyer;0;0;
./datasets/SuffixArchivos/Mezcla//200_2.txt;decoyer;0;0;
./datasets/SuffixArchivos/Mezcla//500.txt;decoyer;0;0;
./datasets/SuffixArchivos/Mezcla//500_2.txt;decoyer;0;0;
./datasets/SuffixArchivos/Mezcla//1000.txt;Pelecaniformes;0;0;
./datasets/SuffixArchivos/Mezcla//1000_2.txt;Pelecaniformes;0;0;
./datasets/SuffixArchivos/Mezcla//1000_3.txt;Pelecaniformes;0;0;
./datasets/SuffixArchivos/Mezcla//1000_4.txt;Pelecaniformes;0;0;
./datasets/SuffixArchivos/Mezcla//1000_5.txt;Pelecaniformes;0;0;
./datasets/SuffixArchivos/Mezcla//1000_6.txt;Pelecaniformes;0;0;
./datasets/SuffixArchivos/Mezcla//200.txt;Pelecaniformes;0;0;
./datasets/SuffixArchivos/Mezcla//200_2.txt;Pelecaniformes;0;0;
./datasets/SuffixArchivos/Mezcla//500.txt;Pelecaniformes;0;0;
./datasets/SuffixArchivos/Mezcla//500_2.txt;Pelecaniformes;0;0;
./datasets/SuffixArchivos/Mezcla//1000.txt;dodecane;0;0;
./datasets/SuffixArchivos/Mezcla//1000_2.txt;dodecane;0;0;
./datasets/SuffixArchivos/Mezcla//1000_3.txt;dodecane;0;0;
./datasets/SuffixArchivos/Mezcla//1000_4.txt;dodecane;0;0;
./datasets/SuffixArchivos/Mezcla//1000_5.txt;dodecane;0;0;
./datasets/SuffixArchivos/Mezcla//1000_6.txt;dodecane;0;0;
./datasets/SuffixArchivos/Mezcla//200.txt;dodecane;0;0;
./datasets/SuffixArchivos/Mezcla//200_2.txt;dodecane;0;0;
./datasets/SuffixArchivos/Mezcla//500.txt;dodecane;0;0;
./datasets/SuffixArchivos/Mezcla//500_2.txt;dodecane;0;0;
./datasets/SuffixArchivos/Mezcla//1000.txt;gambet;0;0;
./datasets/SuffixArchivos/Mezcla//1000_2.txt;gambet;0;0;
./datasets/SuffixArchivos/Mezcla//1000_3.txt;gambet;0;0;
./datasets/SuffixArchivos/Mezcla//1000_4.txt;gambet;0;0;
./datasets/SuffixArchivos/Mezcla//1000_5.txt;gambet;0;0;
./datasets/SuffixArchivos/Mezcla//1000_6.txt;gambet;0;0;
./datasets/SuffixArchivos/Mezcla//200.txt;gambet;0;0;
./datasets/SuffixArchivos/Mezcla//200_2.txt;gambet;0;0;
./datasets/SuffixArchivos/Mezcla//500.txt;gambet;0;0;
./datasets/SuffixArchivos/Mezcla//500_2.txt;gambet;0;0;
./datasets/SuffixArchivos/Mezcla//1000.txt;electrodynamism;0;0;
./datasets/SuffixArchivos/Mezcla//1000_2.txt;electrodynamism;0;0;
./datasets/SuffixArchivos/Mezcla//1000_3.txt;electrodynamism;0;0;
./datasets/SuffixArchivos/Mezcla//1000_4.txt;electrodynamism;0;0;
./datasets/SuffixArchivos/Mezcla//1000_5.txt;electrodynamism;0;0;
./datasets/SuffixArchivos/Mezcla//1000_6.txt;electrodynamism;0;0;
./datasets/SuffixArchivos/Mezcla//200.txt;electrodynamism;0;0;
./datasets/SuffixArchivos/Mezcla//200_2.txt;electrodynamism;0;0;
./datasets/SuffixArchivos/Mezcla//500.txt;electrodynamism;0;0;
./datasets/SuffixArchivos/Mezcla//500_2.txt;electrodynamism;0;0;
./datasets/SuffixArchivos/Mezcla//1000.txt;henter;0;0;
./datasets/SuffixArchivos/Mezcla//1000_2.txt;henter;0;0;
./datasets/SuffixArchivos/Mezcla//1000_3.txt;henter;0;0;
./datasets/SuffixArchivos/Mezcla//1000_4.txt;henter;0;0;
./datasets/SuffixArchivos/Mezcla//1000_5.txt;henter;0;0;
./datasets/SuffixArchivos/Mezcla//1000_6.txt;henter;0;0;
./datasets/SuffixArchivos/Mezcla//200.txt;henter;0;0;
./datasets/SuffixArchivos/Mezcla//200_2.txt;henter;0;0;
./datasets/SuffixArchivos/Mezcla//500.txt;henter;0;0;
./datasets/SuffixArchivos/Mezcla//500_2.txt;henter;0;0;
./datasets/SuffixArchivos/Mezcla//1000.txt;sunless;0;0.000999;
./datasets/SuffixArchivos/Mezcla//1000_2.txt;sunless;0;0.000999;
./datasets/SuffixArchivos/Mezcla//1000_3.txt;sunless;0;0.000999;
./datasets/SuffixArchivos/Mezcla//1000_4.txt;sunless;0;0.000999;
./datasets/SuffixArchivos/Mezcla//1000_5.txt;sunless;0;0.000999;
./datasets/SuffixArchivos/Mezcla//1000_6.txt;sunless;0;0.000999;
./datasets/SuffixArchivos/Mezcla//200.txt;sunless;0;0.000999;
./datasets/SuffixArchivos/Mezcla//200_2.txt;sunless;0;0.000999;
./datasets/SuffixArchivos/Mezcla//500.txt;sunless;0;0.000999;
./datasets/SuffixArchivos/Mezcla//500_2.txt;sunless;0;0.000999;
./datasets/SuffixArchivos/Mezcla//1000.txt;burroweed;0;0;
./datasets/SuffixArchivos/Mezcla//1000_2.txt;burroweed;0;0;
./datasets/SuffixArchivos/Mezcla//1000_3.txt;burroweed;0;0;
./datasets/SuffixArchivos/Mezcla//1000_4.txt;burroweed;0;0;
./datasets/SuffixArchivos/Mezcla//1000_5.txt;burroweed;0;0;
./datasets/SuffixArchivos/Mezcla//1000_6.txt;burroweed;0;0;
./datasets/SuffixArchivos/Mezcla//200.txt;burroweed;0;0;
./datasets/SuffixArchivos/Mezcla//200_2.txt;burroweed;0;0;
./datasets/SuffixArchivos/Mezcla//500.txt;burroweed;0;0;
./datasets/SuffixArchivos/Mezcla//500_2.txt;burroweed;0;0;
./datasets/SuffixArchivos/Mezcla//1000.txt;busket;0;0;
./datasets/SuffixArchivos/Mezcla//1000_2.txt;busket;0;0;
./datasets/SuffixArchivos/Mezcla//1000_3.txt;busket;0;0;
./datasets/SuffixArchivos/Mezcla//1000_4.txt;busket;0;0;
./datasets/SuffixArchivos/Mezcla//1000_5.txt;busket;0;0;
./datasets/SuffixArchivos/Mezcla//1000_6.txt;busket;0;0;
./datasets/SuffixArchivos/Mezcla//200.txt;busket;0;0;
./datasets/SuffixArchivos/Mezcla//200_2.txt;busket;0;0;
./datasets/SuffixArchivos/Mezcla//500.txt;busket;0;0;
./datasets/SuffixArchivos/Mezcla//500_2.txt;busket;0;0;
./datasets/SuffixArchivos/Mezcla//1000.txt;trepidatory;0;0;
./datasets/SuffixArchivos/Mezcla//1000_2.txt;trepidatory;0;0;
./datasets/SuffixArchivos/Mezcla//1000_3.txt;trepidatory;0;0;
./datasets/SuffixArchivos/Mezcla//1000_4.txt;trepidatory;0;0;
./datasets/SuffixArchivos/Mezcla//1000_5.txt;trepidatory;0;0;
./datasets/SuffixArchivos/Mezcla//1000_6.txt;trepidatory;0;0;
./datasets/SuffixArchivos/Mezcla//200.txt;trepidatory;0;0;
./datasets/SuffixArchivos/Mezcla//200_2.txt;trepidatory;0;0;
./datasets/SuffixArchivos/Mezcla//500.txt;trepidatory;0;0;
./datasets/SuffixArchivos/Mezcla//500_2.txt;trepidatory;0;0;
./datasets/SuffixArchivos/Mezcla//1000.txt;fermerer;0;0.001;
./datasets/SuffixArchivos/Mezcla//1000_2.txt;fermerer;0;0.001;
./datasets/SuffixArchivos/Mezcla//1000_3.txt;fermerer;0;0.001;
./datasets/SuffixArchivos/Mezcla//1000_4.txt;fermerer;0;0.001;
./datasets/SuffixArchivos/Mezcla//1000_5.txt;fermerer;0;0.001;
./datasets/SuffixArchivos/Mezcla//1000_6.txt;fermerer;0;0.001;
./datasets/SuffixArchivos/Mezcla//200.txt;fermerer;0;0.001;
./datasets/SuffixArchivos/Mezcla//200_2.txt;fermerer;0;0.001;
./datasets/SuffixArchivos/Mezcla//500.txt;fermerer;0;0.001;
./datasets/SuffixArchivos/Mezcla//500_2.txt;fermerer;0;0.001;
./datasets/SuffixArchivos/Mezcla//1000.txt;prewound;0;0;
./datasets/SuffixArchivos/Mezcla//1000_2.txt;prewound;0;0;
./datasets/SuffixArchivos/Mezcla//1000_3.txt;prewound;0;0;
./datasets/SuffixArchivos/Mezcla//1000_4.txt;prewound;0;0;
./datasets/SuffixArchivos/Mezcla//1000_5.txt;prewound;0;0;
./datasets/SuffixArchivos/Mezcla//1000_6.txt;prewound;0;0;
./datasets/SuffixArchivos/Mezcla//200.txt;prewound;0;0;
./datasets/SuffixArchivos/Mezcla//200_2.txt;prewound;0;0;
./datasets/SuffixArchivos/Mezcla//500.txt;prewound;0;0;
./datasets/SuffixArchivos/Mezcla//500_2.txt;prewound;0;0;
./datasets/SuffixArchivos/Mezcla//1000.txt;thrifty;0;0.000999;
./datasets/SuffixArchivos/Mezcla//1000_2.txt;thrifty;0;0.000999;
./datasets/SuffixArchivos/Mezcla//1000_3.txt;thrifty;0;0.000999;
./datasets/SuffixArchivos/Mezcla//1000_4.txt;thrifty;0;0.000999;
./datasets/SuffixArchivos/Mezcla//1000_5.txt;thrifty;0;0.000999;
./datasets/SuffixArchivos/Mezcla//1000_6.txt;thrifty;0;0.000999;
./datasets/SuffixArchivos/Mezcla//200.txt;thrifty;0;0.000999;
./datasets/SuffixArchivos/Mezcla//200_2.txt;thrifty;0;0.000999;
./datasets/SuffixArchivos/Mezcla//500.txt;thrifty;0;0.000999;
./datasets/SuffixArchivos/Mezcla//500_2.txt;thrifty;0;0.000999;
./datasets/SuffixArchivos/Mezcla//1000.txt;twibil;0;0;
./datasets/SuffixArchivos/Mezcla//1000_2.txt;twibil;0;0;
./datasets/SuffixArchivos/Mezcla//1000_3.txt;twibil;0;0;
./datasets/SuffixArchivos/Mezcla//1000_4.txt;twibil;0;0;
./datasets/SuffixArchivos/Mezcla//1000_5.txt;twibil;0;0;
./datasets/SuffixArchivos/Mezcla//1000_6.txt;twibil;0;0;
./datasets/SuffixArchivos/Mezcla//200.txt;twibil;0;0;
./datasets/SuffixArchivos/Mezcla//200_2.txt;twibil;0;0;
./datasets/SuffixArchivos/Mezcla//500.txt;twibil;0;0;
./datasets/SuffixArchivos/Mezcla//500_2.txt;twibil;0;0;
./datasets/SuffixArchivos/Mezcla//1000.txt;amateur;0;0;
./datasets/SuffixArchivos/Mezcla//1000_2.txt;amateur;0;0;
./datasets/SuffixArchivos/Mezcla//1000_3.txt;amateur;0;0;
./datasets/SuffixArchivos/Mezcla//1000_4.txt;amateur;0;0;
./datasets/SuffixArchivos/Mezcla//1000_5.txt;amateur;0;0;
./datasets/SuffixArchivos/Mezcla//1000_6.txt;amateur;0;0;
./datasets/SuffixArchivos/Mezcla//200.txt;amateur;0;0;
./datasets/SuffixArchivos/Mezcla//200_2.txt;amateur;0;0;
./datasets/SuffixArchivos/Mezcla//500.txt;amateur;0;0;
./datasets/SuffixArchivos/Mezcla//500_2.txt;amateur;0;0;
./datasets/SuffixArchivos/Mezcla//1000.txt;myasthenia;0;0.001005;
./datasets/SuffixArchivos/Mezcla//1000_2.txt;myasthenia;0;0.001005;
./datasets/SuffixArchivos/Mezcla//1000_3.txt;myasthenia;0;0.001005;
./datasets/SuffixArchivos/Mezcla//1000_4.txt;myasthenia;0;0.001005;
./datasets/SuffixArchivos/Mezcla//1000_5.txt;myasthenia;0;0.001005;
./datasets/SuffixArchivos/Mezcla//1000_6.txt;myasthenia;0;0.001005;
./datasets/SuffixArchivos/Mezcla//200.txt;myasthenia;0;0.001005;
./datasets/SuffixArchivos/Mezcla//200_2.txt;myasthenia;0;0.001005;
./datasets/SuffixArchivos/Mezcla//500.txt;myasthenia;0;0.001005;
./datasets/SuffixArchivos/Mezcla//500_2.txt;myasthenia;0;0.001005;
./datasets/SuffixArchivos/Mezcla//1000.txt;goave;0;0;
./datasets/SuffixArchivos/Mezcla//1000_2.txt;goave;0;0;
./datasets/SuffixArchivos/Mezcla//1000_3.txt;goave;0;0;
./datasets/SuffixArchivos/Mezcla//1000_4.txt;goave;0;0;
./datasets/SuffixArchivos/Mezcla//1000_5.txt;goave;0;0;
./datasets/SuffixArchivos/Mezcla//1000_6.txt;goave;0;0;
./datasets/SuffixArchivos/Mezcla//200.txt;goave;0;0;
./datasets/SuffixArchivos/Mezcla//200_2.txt;goave;0;0;
./datasets/SuffixArchivos/Mezcla//500.txt;goave;0;0;
./datasets/SuffixArchivos/Mezcla//500_2.txt;goave;0;0;
./datasets/SuffixArchivos/Mezcla//1000.txt;toolmark;0;0.00099;
./datasets/SuffixArchivos/Mezcla//1000_2.txt;toolmark;0;0.00099;
./datasets/SuffixArchivos/Mezcla//1000_3.txt;toolmark;0;0.00099;
./datasets/SuffixArchivos/Mezcla//1000_4.txt;toolmark;0;0.00099;
./datasets/SuffixArchivos/Mezcla//1000_5.txt;toolmark;0;0.00099;
./datasets/SuffixArchivos/Mezcla//1000_6.txt;toolmark;0;0.00099;
./datasets/SuffixArchivos/Mezcla//200.txt;toolmark;0;0.00099;
./datasets/SuffixArchivos/Mezcla//200_2.txt;toolmark;0;0.00099;
./datasets/SuffixArchivos/Mezcla//500.txt;toolmark;0;0.00099;
./datasets/SuffixArchivos/Mezcla//500_2.txt;toolmark;0;0.00099;
./datasets/SuffixArchivos/Mezcla//1000.txt;ornithon;0;0;
./datasets/SuffixArchivos/Mezcla//1000_2.txt;ornithon;0;0;
./datasets/SuffixArchivos/Mezcla//1000_3.txt;ornithon;0;0;
./datasets/SuffixArchivos/Mezcla//1000_4.txt;ornithon;0;0;
./datasets/SuffixArchivos/Mezcla//1000_5.txt;ornithon;0;0;
./datasets/SuffixArchivos/Mezcla//1000_6.txt;ornithon;0;0;
./datasets/SuffixArchivos/Mezcla//200.txt;ornithon;0;0;
./datasets/SuffixArchivos/Mezcla//200_2.txt;ornithon;0;0;
./datasets/SuffixArchivos/Mezcla//500.txt;ornithon;0;0;
./datasets/SuffixArchivos/Mezcla//500_2.txt;ornithon;0;0;
./datasets/SuffixArchivos/Mezcla//1000.txt;geminately;0;0.000999;
./datasets/SuffixArchivos/Mezcla//1000_2.txt;geminately;0;0.000999;
./datasets/SuffixArchivos/Mezcla//1000_3.txt;geminately;0;0.000999;
./datasets/SuffixArchivos/Mezcla//1000_4.txt;geminately;0;0.000999;
./datasets/SuffixArchivos/Mezcla//1000_5.txt;geminately;0;0.000999;
./datasets/SuffixArchivos/Mezcla//1000_6.txt;geminately;0;0.000999;
./datasets/SuffixArchivos/Mezcla//200.txt;geminately;0;0.000999;
./datasets/SuffixArchivos/Mezcla//200_2.txt;geminately;0;0.000999;
./datasets/SuffixArchivos/Mezcla//500.txt;geminately;0;0.000999;
./datasets/SuffixArchivos/Mezcla//500_2.txt;geminately;0;0.000999;
./datasets/SuffixArchivos/Mezcla//1000.txt;unrhymed;0;0;
./datasets/SuffixArchivos/Mezcla//1000_2.txt;unrhymed;0;0;
./datasets/SuffixArchivos/Mezcla//1000_3.txt;unrhymed;0;0;
./datasets/SuffixArchivos/Mezcla//1000_4.txt;unrhymed;0;0;
./datasets/SuffixArchivos/Mezcla//1000_5.txt;unrhymed;0;0;
./datasets/SuffixArchivos/Mezcla//1000_6.txt;unrhymed;0;0;
./datasets/SuffixArchivos/Mezcla//200.txt;unrhymed;0;0;
./datasets/SuffixArchivos/Mezcla//200_2.txt;unrhymed;0;0;
./datasets/SuffixArchivos/Mezcla//500.txt;unrhymed;0;0;
./datasets/SuffixArchivos/Mezcla//500_2.txt;unrhymed;0;0;
./datasets/SuffixArchivos/Mezcla//1000.txt;Serridentines;0;0.001;
./datasets/SuffixArchivos/Mezcla//1000_2.txt;Serridentines;0;0.001;
./datasets/SuffixArchivos/Mezcla//1000_3.txt;Serridentines;0;0.001;
./datasets/SuffixArchivos/Mezcla//1000_4.txt;Serridentines;0;0.001;
./datasets/SuffixArchivos/Mezcla//1000_5.txt;Serridentines;0;0.001;
./datasets/SuffixArchivos/Mezcla//1000_6.txt;Serridentines;0;0.001;
./datasets/SuffixArchivos/Mezcla//200.txt;Serridentines;0;0.001;
./datasets/SuffixArchivos/Mezcla//200_2.txt;Serridentines;0;0.001;
./datasets/SuffixArchivos/Mezcla//500.txt;Serridentines;0;0.001;
./datasets/SuffixArchivos/Mezcla//500_2.txt;Serridentines;0;0.001;
./datasets/SuffixArchivos/Mezcla//1000.txt;presbyopia;0;0;
./datasets/SuffixArchivos/Mezcla//1000_2.txt;presbyopia;0;0;
./datasets/SuffixArchivos/Mezcla//1000_3.txt;presbyopia;0;0;
./datasets/SuffixArchivos/Mezcla//1000_4.txt;presbyopia;0;0;
./datasets/SuffixArchivos/Mezcla//1000_5.txt;presbyopia;0;0;
./datasets/SuffixArchivos/Mezcla//1000_6.txt;presbyopia;0;0;
./datasets/SuffixArchivos/Mezcla//200.txt;presbyopia;0;0;
./datasets/SuffixArchivos/Mezcla//200_2.txt;presbyopia;0;0;
./datasets/SuffixArchivos/Mezcla//500.txt;presbyopia;0;0;
./datasets/SuffixArchivos/Mezcla//500_2.txt;presbyopia;0;0;
./datasets/SuffixArchivos/Mezcla//1000.txt;unoperably;0;0;
./datasets/SuffixArchivos/Mezcla//1000_2.txt;unoperably;0;0;
./datasets/SuffixArchivos/Mezcla//1000_3.txt;unoperably;0;0;
./datasets/SuffixArchivos/Mezcla//1000_4.txt;unoperably;0;0;
./datasets/SuffixArchivos/Mezcla//1000_5.txt;unoperably;0;0;
./datasets/SuffixArchivos/Mezcla//1000_6.txt;unoperably;0;0;
./datasets/SuffixArchivos/Mezcla//200.txt;unoperably;0;0;
./datasets/SuffixArchivos/Mezcla//200_2.txt;unoperably;0;0;
./datasets/SuffixArchivos/Mezcla//500.txt;unoperably;0;0;
./datasets/SuffixArchivos/Mezcla//500_2.txt;unoperably;0;0;
./datasets/SuffixArchivos/Mezcla//1000.txt;preventer;0;0;
./datasets/SuffixArchivos/Mezcla//1000_2.txt;preventer;0;0;
./datasets/SuffixArchivos/Mezcla//1000_3.txt;preventer;0;0;
./datasets/SuffixArchivos/Mezcla//1000_4.txt;preventer;0;0;
./datasets/SuffixArchivos/Mezcla//1000_5.txt;preventer;0;0;
./datasets/SuffixArchivos/Mezcla//1000_6.txt;preventer;0;0;
./datasets/SuffixArchivos/Mezcla//200.txt;preventer;0;0;
./datasets/SuffixArchivos/Mezcla//200_2.txt;preventer;0;0;
./datasets/SuffixArchivos/Mezcla//500.txt;preventer;0;0;
./datasets/SuffixArchivos/Mezcla//500_2.txt;preventer;0;0;
./datasets/SuffixArchivos/Mezcla//1000.txt;salten;0;0;
./datasets/SuffixArchivos/Mezcla//1000_2.txt;salten;0;0;
./datasets/SuffixArchivos/Mezcla//1000_3.txt;salten;0;0;
./datasets/SuffixArchivos/Mezcla//1000_4.txt;salten;0;0;
./datasets/SuffixArchivos/Mezcla//1000_5.txt;salten;0;0;
./datasets/SuffixArchivos/Mezcla//1000_6.txt;salten;0;0;
./datasets/SuffixArchivos/Mezcla//200.txt;salten;0;0;
./datasets/SuffixArchivos/Mezcla//200_2.txt;salten;0;0;
./datasets/SuffixArchivos/Mezcla//500.txt;salten;0;0;
./datasets/SuffixArchivos/Mezcla//500_2.txt;salten;0;0;
./datasets/SuffixArchivos/Mezcla//1000.txt;grimily;0;0.000999;
./datasets/SuffixArchivos/Mezcla//1000_2.txt;grimily;0;0.000999;
./datasets/SuffixArchivos/Mezcla//1000_3.txt;grimily;0;0.000999;
./datasets/SuffixArchivos/Mezcla//1000_4.txt;grimily;0;0.000999;
./datasets/SuffixArchivos/Mezcla//1000_5.txt;grimily;0;0.000999;
./datasets/SuffixArchivos/Mezcla//1000_6.txt;grimily;0;0.000999;
./datasets/SuffixArchivos/Mezcla//200.txt;grimily;0;0.000999;
./datasets/SuffixArchivos/Mezcla//200_2.txt;grimily;0;0.000999;
./datasets/SuffixArchivos/Mezcla//500.txt;grimily;0;0.000999;
./datasets/SuffixArchivos/Mezcla//500_2.txt;grimily;0;0.000999;
./datasets/SuffixArchivos/Mezcla//1000.txt;conduplicated;0;0;
./datasets/SuffixArchivos/Mezcla//1000_2.txt;conduplicated;0;0;
./datasets/SuffixArchivos/Mezcla//1000_3.txt;conduplicated;0;0;
./datasets/SuffixArchivos/Mezcla//1000_4.txt;conduplicated;0;0;
./datasets/SuffixArchivos/Mezcla//1000_5.txt;conduplicated;0;0;
./datasets/SuffixArchivos/Mezcla//1000_6.txt;conduplicated;0;0;
./datasets/SuffixArchivos/Mezcla//200.txt;conduplicated;0;0;
./datasets/SuffixArchivos/Mezcla//200_2.txt;conduplicated;0;0;
./datasets/SuffixArchivos/Mezcla//500.txt;conduplicated;0;0;
./datasets/SuffixArchivos/Mezcla//500_2.txt;conduplicated;0;0;
./datasets/SuffixArchivos/Mezcla//1000.txt;theomania;0;0;
./datasets/SuffixArchivos/Mezcla//1000_2.txt;theomania;0;0;
./datasets/SuffixArchivos/Mezcla//1000_3.txt;theomania;0;0;
./datasets/SuffixArchivos/Mezcla//1000_4.txt;theomania;0;0;
./datasets/SuffixArchivos/Mezcla//1000_5.txt;theomania;0;0;
./datasets/SuffixArchivos/Mezcla//1000_6.txt;theomania;0;0;
./datasets/SuffixArchivos/Mezcla//200.txt;theomania;0;0;
./datasets/SuffixArchivos/Mezcla//200_2.txt;theomania;0;0;
./datasets/SuffixArchivos/Mezcla//500.txt;theomania;0;0;
./datasets/SuffixArchivos/Mezcla//500_2.txt;theomania;0;0;
./datasets/SuffixArchivos/Mezcla//1000.txt;gyromagnetic;0;0.000999;
./datasets/SuffixArchivos/Mezcla//1000_2.txt;gyromagnetic;0;0.000999;
./datasets/SuffixArchivos/Mezcla//1000_3.txt;gyromagnetic;0;0.000999;
./datasets/SuffixArchivos/Mezcla//1000_4.txt;gyromagnetic;0;0.000999;
./datasets/SuffixArchivos/Mezcla//1000_5.txt;gyromagnetic;0;0.000999;
./datasets/SuffixArchivos/Mezcla//1000_6.txt;gyromagnetic;0;0.000999;
./datasets/SuffixArchivos/Mezcla//200.txt;gyromagnetic;0;0.000999;
./datasets/SuffixArchivos/Mezcla//200_2.txt;gyromagnetic;0;0.000999;
./datasets/SuffixArchivos/Mezcla//500.txt;gyromagnetic;0;0.000999;
./datasets/SuffixArchivos/Mezcla//500_2.txt;gyromagnetic;0;0.000999;
./datasets/SuffixArchivos/Mezcla//1000.txt;antimycotic;0;0;
./datasets/SuffixArchivos/Mezcla//1000_2.txt;antimycotic;0;0;
./datasets/SuffixArchivos/Mezcla//1000_3.txt;antimycotic;0;0;
./datasets/SuffixArchivos/Mezcla//1000_4.txt;antimycotic;0;0;
./datasets/SuffixArchivos/Mezcla//1000_5.txt;antimycotic;0;0;
./datasets/SuffixArchivos/Mezcla//1000_6.txt;antimycotic;0;0;
./datasets/SuffixArchivos/Mezcla//200.txt;antimycotic;0;0;
./datasets/SuffixArchivos/Mezcla//200_2.txt;antimycotic;0;0;
./datasets/SuffixArchivos/Mezcla//500.txt;antimycotic;0;0;
./datasets/SuffixArchivos/Mezcla//500_2.txt;antimycotic;0;0;
./datasets/SuffixArchivos/Mezcla//1000.txt;malacanthid;0;0.001;
./datasets/SuffixArchivos/Mezcla//1000_2.txt;malacanthid;0;0.001;
./datasets/SuffixArchivos/Mezcla//1000_3.txt;malacanthid;0;0.001;
./datasets/SuffixArchivos/Mezcla//1000_4.txt;malacanthid;0;0.001;
./datasets/SuffixArchivos/Mezcla//1000_5.txt;malacanthid;0;0.001;
./datasets/SuffixArchivos/Mezcla//1000_6.txt;malacanthid;0;0.001;
./datasets/SuffixArchivos/Mezcla//200.txt;malacanthid;0;0.001;
./datasets/SuffixArchivos/Mezcla//200_2.txt;malacanthid;0;0.001;
./datasets/SuffixArchivos/Mezcla//500.txt;malacanthid;0;0.001;
./datasets/SuffixArchivos/Mezcla//500_2.txt;malacanthid;0;0.001;
./datasets/SuffixArchivos/Mezcla//1000.txt;sensationistic;0;0;
./datasets/SuffixArchivos/Mezcla//1000_2.txt;sensationistic;0;0;
./datasets/SuffixArchivos/Mezcla//1000_3.txt;sensationistic;0;0;
./datasets/SuffixArchivos/Mezcla//1000_4.txt;sensationistic;0;0;
./datasets/SuffixArchivos/Mezcla//1000_5.txt;sensationistic;0;0;
./datasets/SuffixArchivos/Mezcla//1000_6.txt;sensationistic;0;0;
./datasets/SuffixArchivos/Mezcla//200.txt;sensationistic;0;0;
./datasets/SuffixArchivos/Mezcla//200_2.txt;sensationistic;0;0;
./datasets/SuffixArchivos/Mezcla//500.txt;sensationistic;0;0;
./datasets/SuffixArchivos/Mezcla//500_2.txt;sensationistic;0;0;
./datasets/SuffixArchivos/Mezcla//1000.txt;vibraculoid;0;0.000999;
./datasets/SuffixArchivos/Mezcla//1000_2.txt;vibraculoid;0;0.000999;
./datasets/SuffixArchivos/Mezcla//1000_3.txt;vibraculoid;0;0.000999;
./datasets/SuffixArchivos/Mezcla//1000_4.txt;vibraculoid;0;0.000999;
./datasets/SuffixArchivos/Mezcla//1000_5.txt;vibraculoid;0;0.000999;
./datasets/SuffixArchivos/Mezcla//1000_6.txt;vibraculoid;0;0.000999;
./datasets/SuffixArchivos/Mezcla//200.txt;vibraculoid;0;0.000999;
./datasets/SuffixArchivos/Mezcla//200_2.txt;vibraculoid;0;0.000999;
./datasets/SuffixArchivos/Mezcla//500.txt;vibraculoid;0;0.000999;
./datasets/SuffixArchivos/Mezcla//500_2.txt;vibraculoid;0;0.000999;
./datasets/SuffixArchivos/Mezcla//1000.txt;eater;0;0;
./datasets/SuffixArchivos/Mezcla//1000_2.txt;eater;0;0;
./datasets/SuffixArchivos/Mezcla//1000_3.txt;eater;0;0;
./datasets/SuffixArchivos/Mezcla//1000_4.txt;eater;0;0;
./datasets/SuffixArchivos/Mezcla//1000_5.txt;eater;1;0;
./datasets/SuffixArchivos/Mezcla//1000_6.txt;eater;0;0;
./datasets/SuffixArchivos/Mezcla//200.txt;eater;0;0;
./datasets/SuffixArchivos/Mezcla//200_2.txt;eater;0;0;
./datasets/SuffixArchivos/Mezcla//500.txt;eater;1;0;
./datasets/SuffixArchivos/Mezcla//500_2.txt;eater;0;0;
./datasets/SuffixArchivos/Mezcla//1000.txt;zig;0;0;
./datasets/SuffixArchivos/Mezcla//1000_2.txt;zig;0;0;
./datasets/SuffixArchivos/Mezcla//1000_3.txt;zig;0;0;
./datasets/SuffixArchivos/Mezcla//1000_4.txt;zig;0;0;
./datasets/SuffixArchivos/Mezcla//1000_5.txt;zig;0;0;
./datasets/SuffixArchivos/Mezcla//1000_6.txt;zig;0;0;
./datasets/SuffixArchivos/Mezcla//200.txt;zig;0;0;
./datasets/SuffixArchivos/Mezcla//200_2.txt;zig;0;0;
./datasets/SuffixArchivos/Mezcla//500.txt;zig;0;0;
./datasets/SuffixArchivos/Mezcla//500_2.txt;zig;0;0;
./datasets/SuffixArchivos/Mezcla//1000.txt;bordello;0;0;
./datasets/SuffixArchivos/Mezcla//1000_2.txt;bordello;0;0;
./datasets/SuffixArchivos/Mezcla//1000_3.txt;bordello;0;0;
./datasets/SuffixArchivos/Mezcla//1000_4.txt;bordello;0;0;
./datasets/SuffixArchivos/Mezcla//1000_5.txt;bordello;0;0;
./datasets/SuffixArchivos/Mezcla//1000_6.txt;bordello;0;0;
./datasets/SuffixArchivos/Mezcla//200.txt;bordello;0;0;
./datasets/SuffixArchivos/Mezcla//200_2.txt;bordello;0;0;
./datasets/SuffixArchivos/Mezcla//500.txt;bordello;0;0;
./datasets/SuffixArchivos/Mezcla//500_2.txt;bordello;0;0;
./datasets/SuffixArchivos/Mezcla//1000.txt;hounding;0;0.001;
./datasets/SuffixArchivos/Mezcla//1000_2.txt;hounding;0;0.001;
./datasets/SuffixArchivos/Mezcla//1000_3.txt;hounding;0;0.001;
./datasets/SuffixArchivos/Mezcla//1000_4.txt;hounding;0;0.001;
./datasets/SuffixArchivos/Mezcla//1000_5.txt;hounding;0;0.001;
./datasets/SuffixArchivos/Mezcla//1000_6.txt;hounding;0;0.001;
./datasets/SuffixArchivos/Mezcla//200.txt;hounding;0;0.001;
./datasets/SuffixArchivos/Mezcla//200_2.txt;hounding;0;0.001;
./datasets/SuffixArchivos/Mezcla//500.txt;hounding;0;0.001;
./datasets/SuffixArchivos/Mezcla//500_2.txt;hounding;0;0.001;
./datasets/SuffixArchivos/Mezcla//1000.txt;outweary;0;0;
./datasets/SuffixArchivos/Mezcla//1000_2.txt;outweary;0;0;
./datasets/SuffixArchivos/Mezcla//1000_3.txt;outweary;0;0;
./datasets/SuffixArchivos/Mezcla//1000_4.txt;outweary;0;0;
./datasets/SuffixArchivos/Mezcla//1000_5.txt;outweary;0;0;
./datasets/SuffixArchivos/Mezcla//1000_6.txt;outweary;0;0;
./datasets/SuffixArchivos/Mezcla//200.txt;outweary;0;0;
./datasets/SuffixArchivos/Mezcla//200_2.txt;outweary;0;0;
./datasets/SuffixArchivos/Mezcla//500.txt;outweary;0;0;
./datasets/SuffixArchivos/Mezcla//500_2.txt;outweary;0;0;
./datasets/SuffixArchivos/Mezcla//1000.txt;hoyle;0;0.000999;
./datasets/SuffixArchivos/Mezcla//1000_2.txt;hoyle;0;0.000999;
./datasets/SuffixArchivos/Mezcla//1000_3.txt;hoyle;0;0.000999;
./datasets/SuffixArchivos/Mezcla//1000_4.txt;hoyle;0;0.000999;
./datasets/SuffixArchivos/Mezcla//1000_5.txt;hoyle;0;0.000999;
./datasets/SuffixArchivos/Mezcla//1000_6.txt;hoyle;0;0.000999;
./datasets/SuffixArchivos/Mezcla//200.txt;hoyle;0;0.000999;
./datasets/SuffixArchivos/Mezcla//200_2.txt;hoyle;0;0.000999;
./datasets/SuffixArchivos/Mezcla//500.txt;hoyle;0;0.000999;
./datasets/SuffixArchivos/Mezcla//500_2.txt;hoyle;0;0.000999;
./datasets/SuffixArchivos/Mezcla//1000.txt;nonrendition;0;0;
./datasets/SuffixArchivos/Mezcla//1000_2.txt;nonrendition;0;0;
./datasets/SuffixArchivos/Mezcla//1000_3.txt;nonrendition;0;0;
./datasets/SuffixArchivos/Mezcla//1000_4.txt;nonrendition;0;0;
./datasets/SuffixArchivos/Mezcla//1000_5.txt;nonrendition;0;0;
./datasets/SuffixArchivos/Mezcla//1000_6.txt;nonrendition;0;0;
./datasets/SuffixArchivos/Mezcla//200.txt;nonrendition;0;0;
./datasets/SuffixArchivos/Mezcla//200_2.txt;nonrendition;0;0;
./datasets/SuffixArchivos/Mezcla//500.txt;nonrendition;0;0;
./datasets/SuffixArchivos/Mezcla//500_2.txt;nonrendition;0;0;
./datasets/SuffixArchivos/Mezcla//1000.txt;potlike;0;0.001;
./datasets/SuffixArchivos/Mezcla//1000_2.txt;potlike;0;0.001;
./datasets/SuffixArchivos/Mezcla//1000_3.txt;potlike;0;0.001;
./datasets/SuffixArchivos/Mezcla//1000_4.txt;potlike;0;0.001;
./datasets/SuffixArchivos/Mezcla//1000_5.txt;potlike;0;0.001;
./datasets/SuffixArchivos/Mezcla//1000_6.txt;potlike;0;0.001;
./datasets/SuffixArchivos/Mezcla//200.txt;potlike;0;0.001;
./datasets/SuffixArchivos/Mezcla//200_2.txt;potlike;0;0.001;
./datasets/SuffixArchivos/Mezcla//500.txt;potlike;0;0.001;
./datasets/SuffixArchivos/Mezcla//500_2.txt;potlike;0;0.001;
./datasets/SuffixArchivos/Mezcla//1000.txt;surflike;0;0;
./datasets/SuffixArchivos/Mezcla//1000_2.txt;surflike;0;0;
./datasets/SuffixArchivos/Mezcla//1000_3.txt;surflike;0;0;
./datasets/SuffixArchivos/Mezcla//1000_4.txt;surflike;0;0;
./datasets/SuffixArchivos/Mezcla//1000_5.txt;surflike;0;0;
./datasets/SuffixArchivos/Mezcla//1000_6.txt;surflike;0;0;
./datasets/SuffixArchivos/Mezcla//200.txt;surflike;0;0;
./datasets/SuffixArchivos/Mezcla//200_2.txt;surflike;0;0;
./datasets/SuffixArchivos/Mezcla//500.txt;surflike;0;0;
./datasets/SuffixArchivos/Mezcla//500_2.txt;surflike;0;0;
./datasets/SuffixArchivos/Mezcla//1000.txt;rubification;0;0;
./datasets/SuffixArchivos/Mezcla//1000_2.txt;rubification;0;0;
./datasets/SuffixArchivos/Mezcla//1000_3.txt;rubification;0;0;
./datasets/SuffixArchivos/Mezcla//1000_4.txt;rubification;0;0;
./datasets/SuffixArchivos/Mezcla//1000_5.txt;rubification;0;0;
./datasets/SuffixArchivos/Mezcla//1000_6.txt;rubification;0;0;
./datasets/SuffixArchivos/Mezcla//200.txt;rubification;0;0;
./datasets/SuffixArchivos/Mezcla//200_2.txt;rubification;0;0;
./datasets/SuffixArchivos/Mezcla//500.txt;rubification;0;0;
./datasets/SuffixArchivos/Mezcla//500_2.txt;rubification;0;0;
./datasets/SuffixArchivos/Mezcla//1000.txt;dulcifluous;0;0;
./datasets/SuffixArchivos/Mezcla//1000_2.txt;dulcifluous;0;0;
./datasets/SuffixArchivos/Mezcla//1000_3.txt;dulcifluous;0;0;
./datasets/SuffixArchivos/Mezcla//1000_4.txt;dulcifluous;0;0;
./datasets/SuffixArchivos/Mezcla//1000_5.txt;dulcifluous;0;0;
./datasets/SuffixArchivos/Mezcla//1000_6.txt;dulcifluous;0;0;
./datasets/SuffixArchivos/Mezcla//200.txt;dulcifluous;0;0;
./datasets/SuffixArchivos/Mezcla//200_2.txt;dulcifluous;0;0;
./datasets/SuffixArchivos/Mezcla//500.txt;dulcifluous;0;0;
./datasets/SuffixArchivos/Mezcla//500_2.txt;dulcifluous;0;0;
./datasets/SuffixArchivos/Mezcla//1000.txt;Saturnalian;0;0.001;
./datasets/SuffixArchivos/Mezcla//1000_2.txt;Saturnalian;0;0.001;
./datasets/SuffixArchivos/Mezcla//1000_3.txt;Saturnalian;0;0.001;
./datasets/SuffixArchivos/Mezcla//1000_4.txt;Saturnalian;0;0.001;
./datasets/SuffixArchivos/Mezcla//1000_5.txt;Saturnalian;0;0.001;
./datasets/SuffixArchivos/Mezcla//1000_6.txt;Saturnalian;0;0.001;
./datasets/SuffixArchivos/Mezcla//200.txt;Saturnalian;0;0.001;
./datasets/SuffixArchivos/Mezcla//200_2.txt;Saturnalian;0;0.001;
./datasets/SuffixArchivos/Mezcla//500.txt;Saturnalian;0;0.001;
./datasets/SuffixArchivos/Mezcla//500_2.txt;Saturnalian;0;0.001;
./datasets/SuffixArchivos/Mezcla//1000.txt;unconfidence;0;0;
./datasets/SuffixArchivos/Mezcla//1000_2.txt;unconfidence;0;0;
./datasets/SuffixArchivos/Mezcla//1000_3.txt;unconfidence;0;0;
./datasets/SuffixArchivos/Mezcla//1000_4.txt;unconfidence;0;0;
./datasets/SuffixArchivos/Mezcla//1000_5.txt;unconfidence;0;0;
./datasets/SuffixArchivos/Mezcla//1000_6.txt;unconfidence;0;0;
./datasets/SuffixArchivos/Mezcla//200.txt;unconfidence;0;0;
./datasets/SuffixArchivos/Mezcla//200_2.txt;unconfidence;0;0;
./datasets/SuffixArchivos/Mezcla//500.txt;unconfidence;0;0;
./datasets/SuffixArchivos/Mezcla//500_2.txt;unconfidence;0;0;
./datasets/SuffixArchivos/Mezcla//1000.txt;Apneumona;0;0.001001;
./datasets/SuffixArchivos/Mezcla//1000_2.txt;Apneumona;0;0.001001;
./datasets/SuffixArchivos/Mezcla//1000_3.txt;Apneumona;0;0.001001;
./datasets/SuffixArchivos/Mezcla//1000_4.txt;Apneumona;0;0.001001;
./datasets/SuffixArchivos/Mezcla//1000_5.txt;Apneumona;0;0.001001;
./datasets/SuffixArchivos/Mezcla//1000_6.txt;Apneumona;0;0.001001;
./datasets/SuffixArchivos/Mezcla//200.txt;Apneumona;0;0.001001;
./datasets/SuffixArchivos/Mezcla//200_2.txt;Apneumona;0;0.001001;
./datasets/SuffixArchivos/Mezcla//500.txt;Apneumona;0;0.001001;
./datasets/SuffixArchivos/Mezcla//500_2.txt;Apneumona;0;0.001001;
./datasets/SuffixArchivos/Mezcla//1000.txt;hedgy;0;0;
./datasets/SuffixArchivos/Mezcla//1000_2.txt;hedgy;0;0;
./datasets/SuffixArchivos/Mezcla//1000_3.txt;hedgy;0;0;
./datasets/SuffixArchivos/Mezcla//1000_4.txt;hedgy;0;0;
./datasets/SuffixArchivos/Mezcla//1000_5.txt;hedgy;0;0;
./datasets/SuffixArchivos/Mezcla//1000_6.txt;hedgy;0;0;
./datasets/SuffixArchivos/Mezcla//200.txt;hedgy;0;0;
./datasets/SuffixArchivos/Mezcla//200_2.txt;hedgy;0;0;
./datasets/SuffixArchivos/Mezcla//500.txt;hedgy;0;0;
./datasets/SuffixArchivos/Mezcla//500_2.txt;hedgy;0;0;
./datasets/SuffixArchivos/Mezcla//1000.txt;subharmonic;0;0;
./datasets/SuffixArchivos/Mezcla//1000_2.txt;subharmonic;0;0;
./datasets/SuffixArchivos/Mezcla//1000_3.txt;subharmonic;0;0;
./datasets/SuffixArchivos/Mezcla//1000_4.txt;subharmonic;0;0;
./datasets/SuffixArchivos/Mezcla//1000_5.txt;subharmonic;0;0;
./datasets/SuffixArchivos/Mezcla//1000_6.txt;subharmonic;0;0;
./datasets/SuffixArchivos/Mezcla//200.txt;subharmonic;0;0;
./datasets/SuffixArchivos/Mezcla//200_2.txt;subharmonic;0;0;
./datasets/SuffixArchivos/Mezcla//500.txt;subharmonic;0;0;
./datasets/SuffixArchivos/Mezcla//500_2.txt;subharmonic;0;0;
./datasets/SuffixArchivos/Mezcla//1000.txt;undisputed;0;0;
./datasets/SuffixArchivos/Mezcla//1000_2.txt;undisputed;0;0;
./datasets/SuffixArchivos/Mezcla//1000_3.txt;undisputed;0;0;
./datasets/SuffixArchivos/Mezcla//1000_4.txt;undisputed;0;0;
./datasets/SuffixArchivos/Mezcla//1000_5.txt;undisputed;0;0;
./datasets/SuffixArchivos/Mezcla//1000_6.txt;undisputed;0;0;
./datasets/SuffixArchivos/Mezcla//200.txt;undisputed;0;0;
./datasets/SuffixArchivos/Mezcla//200_2.txt;undisputed;0;0;
./datasets/SuffixArchivos/Mezcla//500.txt;undisputed;0;0;
./datasets/SuffixArchivos/Mezcla//500_2.txt;undisputed;0;0;
./datasets/SuffixArchivos/Mezcla//1000.txt;monotypic;0;0;
./datasets/SuffixArchivos/Mezcla//1000_2.txt;monotypic;0;0;
./datasets/SuffixArchivos/Mezcla//1000_3.txt;monotypic;0;0;
./datasets/SuffixArchivos/Mezcla//1000_4.txt;monotypic;0;0;
./datasets/SuffixArchivos/Mezcla//1000_5.txt;monotypic;0;0;
./datasets/SuffixArchivos/Mezcla//1000_6.txt;monotypic;0;0;
./datasets/SuffixArchivos/Mezcla//200.txt;monotypic;0;0;
./datasets/SuffixArchivos/Mezcla//200_2.txt;monotypic;0;0;
./datasets/SuffixArchivos/Mezcla//500.txt;monotypic;0;0;
./datasets/SuffixArchivos/Mezcla//500_2.txt;monotypic;0;0;
./datasets/SuffixArchivos/Mezcla//1000.txt;pontifex;0;0;
./datasets/SuffixArchivos/Mezcla//1000_2.txt;pontifex;0;0;
./datasets/SuffixArchivos/Mezcla//1000_3.txt;pontifex;0;0;
./datasets/SuffixArchivos/Mezcla//1000_4.txt;pontifex;0;0;
./datasets/SuffixArchivos/Mezcla//1000_5.txt;pontifex;0;0;
./datasets/SuffixArchivos/Mezcla//1000_6.txt;pontifex;0;0;
./datasets/SuffixArchivos/Mezcla//200.txt;pontifex;0;0;
./datasets/SuffixArchivos/Mezcla//200_2.txt;pontifex;0;0;
./datasets/SuffixArchivos/Mezcla//500.txt;pontifex;0;0;
./datasets/SuffixArchivos/Mezcla//500_2.txt;pontifex;0;0;
./datasets/SuffixArchivos/Mezcla//1000.txt;Phalarism;0;0;
./datasets/SuffixArchivos/Mezcla//1000_2.txt;Phalarism;0;0;
./datasets/SuffixArchivos/Mezcla//1000_3.txt;Phalarism;0;0;
./datasets/SuffixArchivos/Mezcla//1000_4.txt;Phalarism;0;0;
./datasets/SuffixArchivos/Mezcla//1000_5.txt;Phalarism;0;0;
./datasets/SuffixArchivos/Mezcla//1000_6.txt;Phalarism;0;0;
./datasets/SuffixArchivos/Mezcla//200.txt;Phalarism;0;0;
./datasets/SuffixArchivos/Mezcla//200_2.txt;Phalarism;0;0;
./datasets/SuffixArchivos/Mezcla//500.txt;Phalarism;0;0;
./datasets/SuffixArchivos/Mezcla//500_2.txt;Phalarism;0;0;
./datasets/SuffixArchivos/Mezcla//1000.txt;precursive;0;0;
./datasets/SuffixArchivos/Mezcla//1000_2.txt;precursive;0;0;
./datasets/SuffixArchivos/Mezcla//1000_3.txt;precursive;0;0;
./datasets/SuffixArchivos/Mezcla//1000_4.txt;precursive;0;0;
./datasets/SuffixArchivos/Mezcla//1000_5.txt;precursive;0;0;
./datasets/SuffixArchivos/Mezcla//1000_6.txt;precursive;0;0;
./datasets/SuffixArchivos/Mezcla//200.txt;precursive;0;0;
./datasets/SuffixArchivos/Mezcla//200_2.txt;precursive;0;0;
./datasets/SuffixArchivos/Mezcla//500.txt;precursive;0;0;
./datasets/SuffixArchivos/Mezcla//500_2.txt;precursive;0;0;
./datasets/SuffixArchivos/Mezcla//1000.txt;uncock;0;0.001;
./datasets/SuffixArchivos/Mezcla//1000_2.txt;uncock;0;0.001;
./datasets/SuffixArchivos/Mezcla//1000_3.txt;uncock;0;0.001;
./datasets/SuffixArchivos/Mezcla//1000_4.txt;uncock;0;0.001;
./datasets/SuffixArchivos/Mezcla//1000_5.txt;uncock;0;0.001;
./datasets/SuffixArchivos/Mezcla//1000_6.txt;uncock;0;0.001;
./datasets/SuffixArchivos/Mezcla//200.txt;uncock;0;0.001;
./datasets/SuffixArchivos/Mezcla//200_2.txt;uncock;0;0.001;
./datasets/SuffixArchivos/Mezcla//500.txt;uncock;0;0.001;
./datasets/SuffixArchivos/Mezcla//500_2.txt;uncock;0;0.001;
./datasets/SuffixArchivos/Mezcla//1000.txt;echinoderm;0;0;
./datasets/SuffixArchivos/Mezcla//1000_2.txt;echinoderm;0;0;
./datasets/SuffixArchivos/Mezcla//1000_3.txt;echinoderm;0;0;
./datasets/SuffixArchivos/Mezcla//1000_4.txt;echinoderm;0;0;
./datasets/SuffixArchivos/Mezcla//1000_5.txt;echinoderm;0;0;
./datasets/SuffixArchivos/Mezcla//1000_6.txt;echinoderm;0;0;
./datasets/SuffixArchivos/Mezcla//200.txt;echinoderm;0;0;
./datasets/SuffixArchivos/Mezcla//200_2.txt;echinoderm;0;0;
./datasets/SuffixArchivos/Mezcla//500.txt;echinoderm;0;0;
./datasets/SuffixArchivos/Mezcla//500_2.txt;echinoderm;0;0;
./datasets/SuffixArchivos/Mezcla//1000.txt;antu;0;0.000999;
./datasets/SuffixArchivos/Mezcla//1000_2.txt;antu;0;0.000999;
./datasets/SuffixArchivos/Mezcla//1000_3.txt;antu;0;0.000999;
./datasets/SuffixArchivos/Mezcla//1000_4.txt;antu;0;0.000999;
./datasets/SuffixArchivos/Mezcla//1000_5.txt;antu;0;0.000999;
./datasets/SuffixArchivos/Mezcla//1000_6.txt;antu;0;0.000999;
./datasets/SuffixArchivos/Mezcla//200.txt;antu;0;0.000999;
./datasets/SuffixArchivos/Mezcla//200_2.txt;antu;0;0.000999;
./datasets/SuffixArchivos/Mezcla//500.txt;antu;0;0.000999;
./datasets/SuffixArchivos/Mezcla//500_2.txt;antu;0;0.000999;
./datasets/SuffixArchivos/Mezcla//1000.txt;rollick;0;0.001;
./datasets/SuffixArchivos/Mezcla//1000_2.txt;rollick;0;0.001;
./datasets/SuffixArchivos/Mezcla//1000_3.txt;rollick;0;0.001;
./datasets/SuffixArchivos/Mezcla//1000_4.txt;rollick;0;0.001;
./datasets/SuffixArchivos/Mezcla//1000_5.txt;rollick;0;0.001;
./datasets/SuffixArchivos/Mezcla//1000_6.txt;rollick;0;0.001;
./datasets/SuffixArchivos/Mezcla//200.txt;rollick;0;0.001;
./datasets/SuffixArchivos/Mezcla//200_2.txt;rollick;0;0.001;
./datasets/SuffixArchivos/Mezcla//500.txt;rollick;0;0.001;
./datasets/SuffixArchivos/Mezcla//500_2.txt;rollick;0;0.001;
./datasets/SuffixArchivos/Mezcla//1000.txt;natricine;0;0;
./datasets/SuffixArchivos/Mezcla//1000_2.txt;natricine;0;0;
./datasets/SuffixArchivos/Mezcla//1000_3.txt;natricine;0;0;
./datasets/SuffixArchivos/Mezcla//1000_4.txt;natricine;0;0;
./datasets/SuffixArchivos/Mezcla//1000_5.txt;natricine;0;0;
./datasets/SuffixArchivos/Mezcla//1000_6.txt;natricine;0;0;
./datasets/SuffixArchivos/Mezcla//200.txt;natricine;0;0;
./datasets/SuffixArchivos/Mezcla//200_2.txt;natricine;0;0;
./datasets/SuffixArchivos/Mezcla//500.txt;natricine;0;0;
./datasets/SuffixArchivos/Mezcla//500_2.txt;natricine;0;0;
./datasets/SuffixArchivos/Mezcla//1000.txt;presuperintendence;0;0.000999;
./datasets/SuffixArchivos/Mezcla//1000_2.txt;presuperintendence;0;0.000999;
./datasets/SuffixArchivos/Mezcla//1000_3.txt;presuperintendence;0;0.000999;
./datasets/SuffixArchivos/Mezcla//1000_4.txt;presuperintendence;0;0.000999;
./datasets/SuffixArchivos/Mezcla//1000_5.txt;presuperintendence;0;0.000999;
./datasets/SuffixArchivos/Mezcla//1000_6.txt;presuperintendence;0;0.000999;
./datasets/SuffixArchivos/Mezcla//200.txt;presuperintendence;0;0.000999;
./datasets/SuffixArchivos/Mezcla//200_2.txt;presuperintendence;0;0.000999;
./datasets/SuffixArchivos/Mezcla//500.txt;presuperintendence;0;0.000999;
./datasets/SuffixArchivos/Mezcla//500_2.txt;presuperintendence;0;0.000999;
./datasets/SuffixArchivos/Mezcla//1000.txt;pinnaclet;0;0;
./datasets/SuffixArchivos/Mezcla//1000_2.txt;pinnaclet;0;0;
./datasets/SuffixArchivos/Mezcla//1000_3.txt;pinnaclet;0;0;
./datasets/SuffixArchivos/Mezcla//1000_4.txt;pinnaclet;0;0;
./datasets/SuffixArchivos/Mezcla//1000_5.txt;pinnaclet;0;0;
./datasets/SuffixArchivos/Mezcla//1000_6.txt;pinnaclet;0;0;
./datasets/SuffixArchivos/Mezcla//200.txt;pinnaclet;0;0;
./datasets/SuffixArchivos/Mezcla//200_2.txt;pinnaclet;0;0;
./datasets/SuffixArchivos/Mezcla//500.txt;pinnaclet;0;0;
./datasets/SuffixArchivos/Mezcla//500_2.txt;pinnaclet;0;0;
./datasets/SuffixArchivos/Mezcla//1000.txt;precondemnation;0;0.001;
./datasets/SuffixArchivos/Mezcla//1000_2.txt;precondemnation;0;0.001;
./datasets/SuffixArchivos/Mezcla//1000_3.txt;precondemnation;0;0.001;
./datasets/SuffixArchivos/Mezcla//1000_4.txt;precondemnation;0;0.001;
./datasets/SuffixArchivos/Mezcla//1000_5.txt;precondemnation;0;0.001;
./datasets/SuffixArchivos/Mezcla//1000_6.txt;precondemnation;0;0.001;
./datasets/SuffixArchivos/Mezcla//200.txt;precondemnation;0;0.001;
./datasets/SuffixArchivos/Mezcla//200_2.txt;precondemnation;0;0.001;
./datasets/SuffixArchivos/Mezcla//500.txt;precondemnation;0;0.001;
./datasets/SuffixArchivos/Mezcla//500_2.txt;precondemnation;0;0.001;
./datasets/SuffixArchivos/Mezcla//1000.txt;Atheriogaea;0;0;
./datasets/SuffixArchivos/Mezcla//1000_2.txt;Atheriogaea;0;0;
./datasets/SuffixArchivos/Mezcla//1000_3.txt;Atheriogaea;0;0;
./datasets/SuffixArchivos/Mezcla//1000_4.txt;Atheriogaea;0;0;
./datasets/SuffixArchivos/Mezcla//1000_5.txt;Atheriogaea;0;0;
./datasets/SuffixArchivos/Mezcla//1000_6.txt;Atheriogaea;0;0;
./datasets/SuffixArchivos/Mezcla//200.txt;Atheriogaea;0;0;
./datasets/SuffixArchivos/Mezcla//200_2.txt;Atheriogaea;0;0;
./datasets/SuffixArchivos/Mezcla//500.txt;Atheriogaea;0;0;
./datasets/SuffixArchivos/Mezcla//500_2.txt;Atheriogaea;0;0;
./datasets/SuffixArchivos/Mezcla//1000.txt;volumescope;0;0.000999;
./datasets/SuffixArchivos/Mezcla//1000_2.txt;volumescope;0;0.000999;
./datasets/SuffixArchivos/Mezcla//1000_3.txt;volumescope;0;0.000999;
./datasets/SuffixArchivos/Mezcla//1000_4.txt;volumescope;0;0.000999;
./datasets/SuffixArchivos/Mezcla//1000_5.txt;volumescope;0;0.000999;
./datasets/SuffixArchivos/Mezcla//1000_6.txt;volumescope;0;0.000999;
./datasets/SuffixArchivos/Mezcla//200.txt;volumescope;0;0.000999;
./datasets/SuffixArchivos/Mezcla//200_2.txt;volumescope;0;0.000999;
./datasets/SuffixArchivos/Mezcla//500.txt;volumescope;0;0.000999;
./datasets/SuffixArchivos/Mezcla//500_2.txt;volumescope;0;0.000999;
./datasets/SuffixArchivos/Mezcla//1000.txt;Austrophilism;0;0;
./datasets/SuffixArchivos/Mezcla//1000_2.txt;Austrophilism;0;0;
./datasets/SuffixArchivos/Mezcla//1000_3.txt;Austrophilism;0;0;
./datasets/SuffixArchivos/Mezcla//1000_4.txt;Austrophilism;0;0;
./datasets/SuffixArchivos/Mezcla//1000_5.txt;Austrophilism;0;0;
./datasets/SuffixArchivos/Mezcla//1000_6.txt;Austrophilism;0;0;
./datasets/SuffixArchivos/Mezcla//200.txt;Austrophilism;0;0;
./datasets/SuffixArchivos/Mezcla//200_2.txt;Austrophilism;0;0;
./datasets/SuffixArchivos/Mezcla//500.txt;Austrophilism;0;0;
./datasets/SuffixArchivos/Mezcla//500_2.txt;Austrophilism;0;0;
./datasets/SuffixArchivos/Mezcla//1000.txt;stinking;0;0;
./datasets/SuffixArchivos/Mezcla//1000_2.txt;stinking;0;0;
./datasets/SuffixArchivos/Mezcla//1000_3.txt;stinking;0;0;
./datasets/SuffixArchivos/Mezcla//1000_4.txt;stinking;0;0;
./datasets/SuffixArchivos/Mezcla//1000_5.txt;stinking;0;0;
./datasets/SuffixArchivos/Mezcla//1000_6.txt;stinking;0;0;
./datasets/SuffixArchivos/Mezcla//200.txt;stinking;0;0;
./datasets/SuffixArchivos/Mezcla//200_2.txt;stinking;0;0;
./datasets/SuffixArchivos/Mezcla//500.txt;stinking;0;0;
./datasets/SuffixArchivos/Mezcla//500_2.txt;stinking;0;0;
./datasets/SuffixArchivos/Mezcla//1000.txt;wildness;0;0.00099;
./datasets/SuffixArchivos/Mezcla//1000_2.txt;wildness;0;0.00099;
./datasets/SuffixArchivos/Mezcla//1000_3.txt;wildness;0;0.00099;
./datasets/SuffixArchivos/Mezcla//1000_4.txt;wildness;0;0.00099;
./datasets/SuffixArchivos/Mezcla//1000_5.txt;wildness;0;0.00099;
./datasets/SuffixArchivos/Mezcla//1000_6.txt;wildness;0;0.00099;
./datasets/SuffixArchivos/Mezcla//200.txt;wildness;0;0.00099;
./datasets/SuffixArchivos/Mezcla//200_2.txt;wildness;0;0.00099;
./datasets/SuffixArchivos/Mezcla//500.txt;wildness;0;0.00099;
./datasets/SuffixArchivos/Mezcla//500_2.txt;wildness;0;0.00099;
./datasets/SuffixArchivos/Mezcla//1000.txt;noncoloring;0;0;
./datasets/SuffixArchivos/Mezcla//1000_2.txt;noncoloring;0;0;
./datasets/SuffixArchivos/Mezcla//1000_3.txt;noncoloring;0;0;
./datasets/SuffixArchivos/Mezcla//1000_4.txt;noncoloring;0;0;
./datasets/SuffixArchivos/Mezcla//1000_5.txt;noncoloring;0;0;
./datasets/SuffixArchivos/Mezcla//1000_6.txt;noncoloring;0;0;
./datasets/SuffixArchivos/Mezcla//200.txt;noncoloring;0;0;
./datasets/SuffixArchivos/Mezcla//200_2.txt;noncoloring;0;0;
./datasets/SuffixArchivos/Mezcla//500.txt;noncoloring;0;0;
./datasets/SuffixArchivos/Mezcla//500_2.txt;noncoloring;0;0;
./datasets/SuffixArchivos/Mezcla//1000.txt;spaying;0;0.000999;
./datasets/SuffixArchivos/Mezcla//1000_2.txt;spaying;0;0.000999;
./datasets/SuffixArchivos/Mezcla//1000_3.txt;spaying;0;0.000999;
./datasets/SuffixArchivos/Mezcla//1000_4.txt;spaying;0;0.000999;
./datasets/SuffixArchivos/Mezcla//1000_5.txt;spaying;0;0.000999;
./datasets/SuffixArchivos/Mezcla//1000_6.txt;spaying;0;0.000999;
./datasets/SuffixArchivos/Mezcla//200.txt;spaying;0;0.000999;
./datasets/SuffixArchivos/Mezcla//200_2.txt;spaying;0;0.000999;
./datasets/SuffixArchivos/Mezcla//500.txt;spaying;0;0.000999;
./datasets/SuffixArchivos/Mezcla//500_2.txt;spaying;0;0.000999;
./datasets/SuffixArchivos/Mezcla//1000.txt;somniloquy;0;0;
./datasets/SuffixArchivos/Mezcla//1000_2.txt;somniloquy;0;0;
./datasets/SuffixArchivos/Mezcla//1000_3.txt;somniloquy;0;0;
./datasets/SuffixArchivos/Mezcla//1000_4.txt;somniloquy;0;0;
./datasets/SuffixArchivos/Mezcla//1000_5.txt;somniloquy;0;0;
./datasets/SuffixArchivos/Mezcla//1000_6.txt;somniloquy;0;0;
./datasets/SuffixArchivos/Mezcla//200.txt;somniloquy;0;0;
./datasets/SuffixArchivos/Mezcla//200_2.txt;somniloquy;0;0;
./datasets/SuffixArchivos/Mezcla//500.txt;somniloquy;0;0;
./datasets/SuffixArchivos/Mezcla//500_2.txt;somniloquy;0;0;
./datasets/SuffixArchivos/Mezcla//1000.txt;xi;3;0.001;
./datasets/SuffixArchivos/Mezcla//1000_2.txt;xi;2;0.001;
./datasets/SuffixArchivos/Mezcla//1000_3.txt;xi;1;0.001;
./datasets/SuffixArchivos/Mezcla//1000_4.txt;xi;1;0.001;
./datasets/SuffixArchivos/Mezcla//1000_5.txt;xi;2;0.001;
./datasets/SuffixArchivos/Mezcla//1000_6.txt;xi;2;0.001;
./datasets/SuffixArchivos/Mezcla//200.txt;xi;0;0.001;
./datasets/SuffixArchivos/Mezcla//200_2.txt;xi;0;0.001;
./datasets/SuffixArchivos/Mezcla//500.txt;xi;1;0.001;
./datasets/SuffixArchivos/Mezcla//500_2.txt;xi;1;0.001;
./datasets/SuffixArchivos/Mezcla//1000.txt;hierogrammatical;0;0;
./datasets/SuffixArchivos/Mezcla//1000_2.txt;hierogrammatical;0;0;
./datasets/SuffixArchivos/Mezcla//1000_3.txt;hierogrammatical;0;0;
./datasets/SuffixArchivos/Mezcla//1000_4.txt;hierogrammatical;0;0;
./datasets/SuffixArchivos/Mezcla//1000_5.txt;hierogrammatical;0;0;
./datasets/SuffixArchivos/Mezcla//1000_6.txt;hierogrammatical;0;0;
./datasets/SuffixArchivos/Mezcla//200.txt;hierogrammatical;0;0;
./datasets/SuffixArchivos/Mezcla//200_2.txt;hierogrammatical;0;0;
./datasets/SuffixArchivos/Mezcla//500.txt;hierogrammatical;0;0;
./datasets/SuffixArchivos/Mezcla//500_2.txt;hierogrammatical;0;0;
./datasets/SuffixArchivos/Mezcla//1000.txt;winer;0;0;
./datasets/SuffixArchivos/Mezcla//1000_2.txt;winer;0;0;
./datasets/SuffixArchivos/Mezcla//1000_3.txt;winer;0;0;
./datasets/SuffixArchivos/Mezcla//1000_4.txt;winer;0;0;
./datasets/SuffixArchivos/Mezcla//1000_5.txt;winer;0;0;
./datasets/SuffixArchivos/Mezcla//1000_6.txt;winer;0;0;
./datasets/SuffixArchivos/Mezcla//200.txt;winer;0;0;
./datasets/SuffixArchivos/Mezcla//200_2.txt;winer;0;0;
./datasets/SuffixArchivos/Mezcla//500.txt;winer;0;0;
./datasets/SuffixArchivos/Mezcla//500_2.txt;winer;0;0;
./datasets/SuffixArchivos/Mezcla//1000.txt;ironback;0;0;
./datasets/SuffixArchivos/Mezcla//1000_2.txt;ironback;0;0;
./datasets/SuffixArchivos/Mezcla//1000_3.txt;ironback;0;0;
./datasets/SuffixArchivos/Mezcla//1000_4.txt;ironback;0;0;
./datasets/SuffixArchivos/Mezcla//1000_5.txt;ironback;0;0;
./datasets/SuffixArchivos/Mezcla//1000_6.txt;ironback;0;0;
./datasets/SuffixArchivos/Mezcla//200.txt;ironback;0;0;
./datasets/SuffixArchivos/Mezcla//200_2.txt;ironback;0;0;
./datasets/SuffixArchivos/Mezcla//500.txt;ironback;0;0;
./datasets/SuffixArchivos/Mezcla//500_2.txt;ironback;0;0;
./datasets/SuffixArchivos/Mezcla//1000.txt;tarnside;0;0.000999;
./datasets/SuffixArchivos/Mezcla//1000_2.txt;tarnside;0;0.000999;
./datasets/SuffixArchivos/Mezcla//1000_3.txt;tarnside;0;0.000999;
./datasets/SuffixArchivos/Mezcla//1000_4.txt;tarnside;0;0.000999;
./datasets/SuffixArchivos/Mezcla//1000_5.txt;tarnside;0;0.000999;
./datasets/SuffixArchivos/Mezcla//1000_6.txt;tarnside;0;0.000999;
./datasets/SuffixArchivos/Mezcla//200.txt;tarnside;0;0.000999;
./datasets/SuffixArchivos/Mezcla//200_2.txt;tarnside;0;0.000999;
./datasets/SuffixArchivos/Mezcla//500.txt;tarnside;0;0.000999;
./datasets/SuffixArchivos/Mezcla//500_2.txt;tarnside;0;0.000999;
./datasets/SuffixArchivos/Mezcla//1000.txt;lampers;0;0;
./datasets/SuffixArchivos/Mezcla//1000_2.txt;lampers;0;0;
./datasets/SuffixArchivos/Mezcla//1000_3.txt;lampers;0;0;
./datasets/SuffixArchivos/Mezcla//1000_4.txt;lampers;0;0;
./datasets/SuffixArchivos/Mezcla//1000_5.txt;lampers;0;0;
./datasets/SuffixArchivos/Mezcla//1000_6.txt;lampers;0;0;
./datasets/SuffixArchivos/Mezcla//200.txt;lampers;0;0;
./datasets/SuffixArchivos/Mezcla//200_2.txt;lampers;0;0;
./datasets/SuffixArchivos/Mezcla//500.txt;lampers;0;0;
./datasets/SuffixArchivos/Mezcla//500_2.txt;lampers;0;0;
./datasets/SuffixArchivos/Mezcla//1000.txt;handcraft;0;0.001;
./datasets/SuffixArchivos/Mezcla//1000_2.txt;handcraft;0;0.001;
./datasets/SuffixArchivos/Mezcla//1000_3.txt;handcraft;0;0.001;
./datasets/SuffixArchivos/Mezcla//1000_4.txt;handcraft;0;0.001;
./datasets/SuffixArchivos/Mezcla//1000_5.txt;handcraft;0;0.001;
./datasets/SuffixArchivos/Mezcla//1000_6.txt;handcraft;0;0.001;
./datasets/SuffixArchivos/Mezcla//200.txt;handcraft;0;0.001;
./datasets/SuffixArchivos/Mezcla//200_2.txt;handcraft;0;0.001;
./datasets/SuffixArchivos/Mezcla//500.txt;handcraft;0;0.001;
./datasets/SuffixArchivos/Mezcla//500_2.txt;handcraft;0;0.001;
./datasets/SuffixArchivos/Mezcla//1000.txt;glossophagine;0;0;
./datasets/SuffixArchivos/Mezcla//1000_2.txt;glossophagine;0;0;
./datasets/SuffixArchivos/Mezcla//1000_3.txt;glossophagine;0;0;
./datasets/SuffixArchivos/Mezcla//1000_4.txt;glossophagine;0;0;
./datasets/SuffixArchivos/Mezcla//1000_5.txt;glossophagine;0;0;
./datasets/SuffixArchivos/Mezcla//1000_6.txt;glossophagine;0;0;
./datasets/SuffixArchivos/Mezcla//200.txt;glossophagine;0;0;
./datasets/SuffixArchivos/Mezcla//200_2.txt;glossophagine;0;0;
./datasets/SuffixArchivos/Mezcla//500.txt;glossophagine;0;0;
./datasets/SuffixArchivos/Mezcla//500_2.txt;glossophagine;0;0;
./datasets/SuffixArchivos/Mezcla//1000.txt;philophilosophos;0;0.000999;
./datasets/SuffixArchivos/Mezcla//1000_2.txt;philophilosophos;0;0.000999;
./datasets/SuffixArchivos/Mezcla//1000_3.txt;philophilosophos;0;0.000999;
./datasets/SuffixArchivos/Mezcla//1000_4.txt;philophilosophos;0;0.000999;
./datasets/SuffixArchivos/Mezcla//1000_5.txt;philophilosophos;0;0.000999;
./datasets/SuffixArchivos/Mezcla//1000_6.txt;philophilosophos;0;0.000999;
./datasets/SuffixArchivos/Mezcla//200.txt;philophilosophos;0;0.000999;
./datasets/SuffixArchivos/Mezcla//200_2.txt;philophilosophos;0;0.000999;
./datasets/SuffixArchivos/Mezcla//500.txt;philophilosophos;0;0.000999;
./datasets/SuffixArchivos/Mezcla//500_2.txt;philophilosophos;0;0.000999;
./datasets/SuffixArchivos/Mezcla//1000.txt;nonconcludent;0;0;
./datasets/SuffixArchivos/Mezcla//1000_2.txt;nonconcludent;0;0;
./datasets/SuffixArchivos/Mezcla//1000_3.txt;nonconcludent;0;0;
./datasets/SuffixArchivos/Mezcla//1000_4.txt;nonconcludent;0;0;
./datasets/SuffixArchivos/Mezcla//1000_5.txt;nonconcludent;0;0;
./datasets/SuffixArchivos/Mezcla//1000_6.txt;nonconcludent;0;0;
./datasets/SuffixArchivos/Mezcla//200.txt;nonconcludent;0;0;
./datasets/SuffixArchivos/Mezcla//200_2.txt;nonconcludent;0;0;
./datasets/SuffixArchivos/Mezcla//500.txt;nonconcludent;0;0;
./datasets/SuffixArchivos/Mezcla//500_2.txt;nonconcludent;0;0;
./datasets/SuffixArchivos/Mezcla//1000.txt;overaccumulate;0;0.001;
./datasets/SuffixArchivos/Mezcla//1000_2.txt;overaccumulate;0;0.001;
./datasets/SuffixArchivos/Mezcla//1000_3.txt;overaccumulate;0;0.001;
./datasets/SuffixArchivos/Mezcla//1000_4.txt;overaccumulate;0;0.001;
./datasets/SuffixArchivos/Mezcla//1000_5.txt;overaccumulate;0;0.001;
./datasets/SuffixArchivos/Mezcla//1000_6.txt;overaccumulate;0;0.001;
./datasets/SuffixArchivos/Mezcla//200.txt;overaccumulate;0;0.001;
./datasets/SuffixArchivos/Mezcla//200_2.txt;overaccumulate;0;0.001;
./datasets/SuffixArchivos/Mezcla//500.txt;overaccumulate;0;0.001;
./datasets/SuffixArchivos/Mezcla//500_2.txt;overaccumulate;0;0.001;
./datasets/SuffixArchivos/Mezcla//1000.txt;disbutton;0;0;
./datasets/SuffixArchivos/Mezcla//1000_2.txt;disbutton;0;0;
./datasets/SuffixArchivos/Mezcla//1000_3.txt;disbutton;0;0;
./datasets/SuffixArchivos/Mezcla//1000_4.txt;disbutton;0;0;
./datasets/SuffixArchivos/Mezcla//1000_5.txt;disbutton;0;0;
./datasets/SuffixArchivos/Mezcla//1000_6.txt;disbutton;0;0;
./datasets/SuffixArchivos/Mezcla//200.txt;disbutton;0;0;
./datasets/SuffixArchivos/Mezcla//200_2.txt;disbutton;0;0;
./datasets/SuffixArchivos/Mezcla//500.txt;disbutton;0;0;
./datasets/SuffixArchivos/Mezcla//500_2.txt;disbutton;0;0;
./datasets/SuffixArchivos/Mezcla//1000.txt;kinetomer;0;0.000999;
./datasets/SuffixArchivos/Mezcla//1000_2.txt;kinetomer;0;0.000999;
./datasets/SuffixArchivos/Mezcla//1000_3.txt;kinetomer;0;0.000999;
./datasets/SuffixArchivos/Mezcla//1000_4.txt;kinetomer;0;0.000999;
./datasets/SuffixArchivos/Mezcla//1000_5.txt;kinetomer;0;0.000999;
./datasets/SuffixArchivos/Mezcla//1000_6.txt;kinetomer;0;0.000999;
./datasets/SuffixArchivos/Mezcla//200.txt;kinetomer;0;0.000999;
./datasets/SuffixArchivos/Mezcla//200_2.txt;kinetomer;0;0.000999;
./datasets/SuffixArchivos/Mezcla//500.txt;kinetomer;0;0.000999;
./datasets/SuffixArchivos/Mezcla//500_2.txt;kinetomer;0;0.000999;
./datasets/SuffixArchivos/Mezcla//1000.txt;thermostimulation;0;0;
./datasets/SuffixArchivos/Mezcla//1000_2.txt;thermostimulation;0;0;
./datasets/SuffixArchivos/Mezcla//1000_3.txt;thermostimulation;0;0;
./datasets/SuffixArchivos/Mezcla//1000_4.txt;thermostimulation;0;0;
./datasets/SuffixArchivos/Mezcla//1000_5.txt;thermostimulation;0;0;
./datasets/SuffixArchivos/Mezcla//1000_6.txt;thermostimulation;0;0;
./datasets/SuffixArchivos/Mezcla//200.txt;thermostimulation;0;0;
./datasets/SuffixArchivos/Mezcla//200_2.txt;thermostimulation;0;0;
./datasets/SuffixArchivos/Mezcla//500.txt;thermostimulation;0;0;
./datasets/SuffixArchivos/Mezcla//500_2.txt;thermostimulation;0;0;
./datasets/SuffixArchivos/Mezcla//1000.txt;stenogastric;0;0.001;
./datasets/SuffixArchivos/Mezcla//1000_2.txt;stenogastric;0;0.001;
./datasets/SuffixArchivos/Mezcla//1000_3.txt;stenogastric;0;0.001;
./datasets/SuffixArchivos/Mezcla//1000_4.txt;stenogastric;0;0.001;
./datasets/SuffixArchivos/Mezcla//1000_5.txt;stenogastric;0;0.001;
./datasets/SuffixArchivos/Mezcla//1000_6.txt;stenogastric;0;0.001;
./datasets/SuffixArchivos/Mezcla//200.txt;stenogastric;0;0.001;
./datasets/SuffixArchivos/Mezcla//200_2.txt;stenogastric;0;0.001;
./datasets/SuffixArchivos/Mezcla//500.txt;stenogastric;0;0.001;
./datasets/SuffixArchivos/Mezcla//500_2.txt;stenogastric;0;0.001;
./datasets/SuffixArchivos/Mezcla//1000.txt;ovoviviparously;0;0.001001;
./datasets/SuffixArchivos/Mezcla//1000_2.txt;ovoviviparously;0;0.001001;
./datasets/SuffixArchivos/Mezcla//1000_3.txt;ovoviviparously;0;0.001001;
./datasets/SuffixArchivos/Mezcla//1000_4.txt;ovoviviparously;0;0.001001;
./datasets/SuffixArchivos/Mezcla//1000_5.txt;ovoviviparously;0;0.001001;
./datasets/SuffixArchivos/Mezcla//1000_6.txt;ovoviviparously;0;0.001001;
./datasets/SuffixArchivos/Mezcla//200.txt;ovoviviparously;0;0.001001;
./datasets/SuffixArchivos/Mezcla//200_2.txt;ovoviviparously;0;0.001001;
./datasets/SuffixArchivos/Mezcla//500.txt;ovoviviparously;0;0.001001;
./datasets/SuffixArchivos/Mezcla//500_2.txt;ovoviviparously;0;0.001001;
./datasets/SuffixArchivos/Mezcla//1000.txt;recept;1;0;
./datasets/SuffixArchivos/Mezcla//1000_2.txt;recept;0;0;
./datasets/SuffixArchivos/Mezcla//1000_3.txt;recept;0;0;
./datasets/SuffixArchivos/Mezcla//1000_4.txt;recept;0;0;
./datasets/SuffixArchivos/Mezcla//1000_5.txt;recept;0;0;
./datasets/SuffixArchivos/Mezcla//1000_6.txt;recept;0;0;
./datasets/SuffixArchivos/Mezcla//200.txt;recept;0;0;
./datasets/SuffixArchivos/Mezcla//200_2.txt;recept;0;0;
./datasets/SuffixArchivos/Mezcla//500.txt;recept;0;0;
./datasets/SuffixArchivos/Mezcla//500_2.txt;recept;0;0;
./datasets/SuffixArchivos/Mezcla//1000.txt;firetop;0;0.000998;
./datasets/SuffixArchivos/Mezcla//1000_2.txt;firetop;0;0.000998;
./datasets/SuffixArchivos/Mezcla//1000_3.txt;firetop;0;0.000998;
./datasets/SuffixArchivos/Mezcla//1000_4.txt;firetop;0;0.000998;
./datasets/SuffixArchivos/Mezcla//1000_5.txt;firetop;0;0.000998;
./datasets/SuffixArchivos/Mezcla//1000_6.txt;firetop;0;0.000998;
./datasets/SuffixArchivos/Mezcla//200.txt;firetop;0;0.000998;
./datasets/SuffixArchivos/Mezcla//200_2.txt;firetop;0;0.000998;
./datasets/SuffixArchivos/Mezcla//500.txt;firetop;0;0.000998;
./datasets/SuffixArchivos/Mezcla//500_2.txt;firetop;0;0.000998;
./datasets/SuffixArchivos/Mezcla//1000.txt;roughroot;0;0;
./datasets/SuffixArchivos/Mezcla//1000_2.txt;roughroot;0;0;
./datasets/SuffixArchivos/Mezcla//1000_3.txt;roughroot;0;0;
./datasets/SuffixArchivos/Mezcla//1000_4.txt;roughroot;0;0;
./datasets/SuffixArchivos/Mezcla//1000_5.txt;roughroot;0;0;
./datasets/SuffixArchivos/Mezcla//1000_6.txt;roughroot;0;0;
./datasets/SuffixArchivos/Mezcla//200.txt;roughroot;0;0;
./datasets/SuffixArchivos/Mezcla//200_2.txt;roughroot;0;0;
./datasets/SuffixArchivos/Mezcla//500.txt;roughroot;0;0;
./datasets/SuffixArchivos/Mezcla//500_2.txt;roughroot;0;0;
./datasets/SuffixArchivos/Mezcla//1000.txt;Muncerian;0;0.000999;
./datasets/SuffixArchivos/Mezcla//1000_2.txt;Muncerian;0;0.000999;
./datasets/SuffixArchivos/Mezcla//1000_3.txt;Muncerian;0;0.000999;
./datasets/SuffixArchivos/Mezcla//1000_4.txt;Muncerian;0;0.000999;
./datasets/SuffixArchivos/Mezcla//1000_5.txt;Muncerian;0;0.000999;
./datasets/SuffixArchivos/Mezcla//1000_6.txt;Muncerian;0;0.000999;
./datasets/SuffixArchivos/Mezcla//200.txt;Muncerian;0;0.000999;
./datasets/SuffixArchivos/Mezcla//200_2.txt;Muncerian;0;0.000999;
./datasets/SuffixArchivos/Mezcla//500.txt;Muncerian;0;0.000999;
./datasets/SuffixArchivos/Mezcla//500_2.txt;Muncerian;0;0.000999;
./datasets/SuffixArchivos/Mezcla//1000.txt;prefiction;0;0;
./datasets/SuffixArchivos/Mezcla//1000_2.txt;prefiction;0;0;
./datasets/SuffixArchivos/Mezcla//1000_3.txt;prefiction;0;0;
./datasets/SuffixArchivos/Mezcla//1000_4.txt;prefiction;0;0;
./datasets/SuffixArchivos/Mezcla//1000_5.txt;prefiction;0;0;
./datasets/SuffixArchivos/Mezcla//1000_6.txt;prefiction;0;0;
./datasets/SuffixArchivos/Mezcla//200.txt;prefiction;0;0;
./datasets/SuffixArchivos/Mezcla//200_2.txt;prefiction;0;0;
./datasets/SuffixArchivos/Mezcla//500.txt;prefiction;0;0;
./datasets/SuffixArchivos/Mezcla//500_2.txt;prefiction;0;0;
./datasets/SuffixArchivos/Mezcla//1000.txt;Ovinae;0;0.001;
./datasets/SuffixArchivos/Mezcla//1000_2.txt;Ovinae;0;0.001;
./datasets/SuffixArchivos/Mezcla//1000_3.txt;Ovinae;0;0.001;
./datasets/SuffixArchivos/Mezcla//1000_4.txt;Ovinae;0;0.001;
./datasets/SuffixArchivos/Mezcla//1000_5.txt;Ovinae;0;0.001;
./datasets/SuffixArchivos/Mezcla//1000_6.txt;Ovinae;0;0.001;
./datasets/SuffixArchivos/Mezcla//200.txt;Ovinae;0;0.001;
./datasets/SuffixArchivos/Mezcla//200_2.txt;Ovinae;0;0.001;
./datasets/SuffixArchivos/Mezcla//500.txt;Ovinae;0;0.001;
./datasets/SuffixArchivos/Mezcla//500_2.txt;Ovinae;0;0.001;
./datasets/SuffixArchivos/Mezcla//1000.txt;reactivity;0;0;
./datasets/SuffixArchivos/Mezcla//1000_2.txt;reactivity;0;0;
./datasets/SuffixArchivos/Mezcla//1000_3.txt;reactivity;0;0;
./datasets/SuffixArchivos/Mezcla//1000_4.txt;reactivity;0;0;
./datasets/SuffixArchivos/Mezcla//1000_5.txt;reactivity;0;0;
./datasets/SuffixArchivos/Mezcla//1000_6.txt;reactivity;0;0;
./datasets/SuffixArchivos/Mezcla//200.txt;reactivity;0;0;
./datasets/SuffixArchivos/Mezcla//200_2.txt;reactivity;0;0;
./datasets/SuffixArchivos/Mezcla//500.txt;reactivity;0;0;
./datasets/SuffixArchivos/Mezcla//500_2.txt;reactivity;0;0;
./datasets/SuffixArchivos/Mezcla//1000.txt;oncin;0;0.001;
./datasets/SuffixArchivos/Mezcla//1000_2.txt;oncin;0;0.001;
./datasets/SuffixArchivos/Mezcla//1000_3.txt;oncin;0;0.001;
./datasets/SuffixArchivos/Mezcla//1000_4.txt;oncin;0;0.001;
./datasets/SuffixArchivos/Mezcla//1000_5.txt;oncin;0;0.001;
./datasets/SuffixArchivos/Mezcla//1000_6.txt;oncin;0;0.001;
./datasets/SuffixArchivos/Mezcla//200.txt;oncin;0;0.001;
./datasets/SuffixArchivos/Mezcla//200_2.txt;oncin;0;0.001;
./datasets/SuffixArchivos/Mezcla//500.txt;oncin;0;0.001;
./datasets/SuffixArchivos/Mezcla//500_2.txt;oncin;0;0.001;
./datasets/SuffixArchivos/Mezcla//1000.txt;pointer;0;0;
./datasets/SuffixArchivos/Mezcla//1000_2.txt;pointer;0;0;
./datasets/SuffixArchivos/Mezcla//1000_3.txt;pointer;0;0;
./datasets/SuffixArchivos/Mezcla//1000_4.txt;pointer;0;0;
./datasets/SuffixArchivos/Mezcla//1000_5.txt;pointer;0;0;
./datasets/SuffixArchivos/Mezcla//1000_6.txt;pointer;0;0;
./datasets/SuffixArchivos/Mezcla//200.txt;pointer;0;0;
./datasets/SuffixArchivos/Mezcla//200_2.txt;pointer;0;0;
./datasets/SuffixArchivos/Mezcla//500.txt;pointer;0;0;
./datasets/SuffixArchivos/Mezcla//500_2.txt;pointer;0;0;
./datasets/SuffixArchivos/Mezcla//1000.txt;absolve;0;0;
./datasets/SuffixArchivos/Mezcla//1000_2.txt;absolve;0;0;
./datasets/SuffixArchivos/Mezcla//1000_3.txt;absolve;0;0;
./datasets/SuffixArchivos/Mezcla//1000_4.txt;absolve;0;0;
./datasets/SuffixArchivos/Mezcla//1000_5.txt;absolve;0;0;
./datasets/SuffixArchivos/Mezcla//1000_6.txt;absolve;0;0;
./datasets/SuffixArchivos/Mezcla//200.txt;absolve;0;0;
./datasets/SuffixArchivos/Mezcla//200_2.txt;absolve;0;0;
./datasets/SuffixArchivos/Mezcla//500.txt;absolve;0;0;
./datasets/SuffixArchivos/Mezcla//500_2.txt;absolve;0;0;
./datasets/SuffixArchivos/Mezcla//1000.txt;unaccommodatingly;0;0;
./datasets/SuffixArchivos/Mezcla//1000_2.txt;unaccommodatingly;0;0;
./datasets/SuffixArchivos/Mezcla//1000_3.txt;unaccommodatingly;0;0;
./datasets/SuffixArchivos/Mezcla//1000_4.txt;unaccommodatingly;0;0;
./datasets/SuffixArchivos/Mezcla//1000_5.txt;unaccommodatingly;0;0;
./datasets/SuffixArchivos/Mezcla//1000_6.txt;unaccommodatingly;0;0;
./datasets/SuffixArchivos/Mezcla//200.txt;unaccommodatingly;0;0;
./datasets/SuffixArchivos/Mezcla//200_2.txt;unaccommodatingly;0;0;
./datasets/SuffixArchivos/Mezcla//500.txt;unaccommodatingly;0;0;
./datasets/SuffixArchivos/Mezcla//500_2.txt;unaccommodatingly;0;0;
./datasets/SuffixArchivos/Mezcla//1000.txt;telson;0;0;
./datasets/SuffixArchivos/Mezcla//1000_2.txt;telson;0;0;
./datasets/SuffixArchivos/Mezcla//1000_3.txt;telson;0;0;
./datasets/SuffixArchivos/Mezcla//1000_4.txt;telson;0;0;
./datasets/SuffixArchivos/Mezcla//1000_5.txt;telson;0;0;
./datasets/SuffixArchivos/Mezcla//1000_6.txt;telson;0;0;
./datasets/SuffixArchivos/Mezcla//200.txt;telson;0;0;
./datasets/SuffixArchivos/Mezcla//200_2.txt;telson;0;0;
./datasets/SuffixArchivos/Mezcla//500.txt;telson;0;0;
./datasets/SuffixArchivos/Mezcla//500_2.txt;telson;0;0;
./datasets/SuffixArchivos/Mezcla//1000.txt;ayelp;0;0;
./datasets/SuffixArchivos/Mezcla//1000_2.txt;ayelp;0;0;
./datasets/SuffixArchivos/Mezcla//1000_3.txt;ayelp;0;0;
./datasets/SuffixArchivos/Mezcla//1000_4.txt;ayelp;0;0;
./datasets/SuffixArchivos/Mezcla//1000_5.txt;ayelp;0;0;
./datasets/SuffixArchivos/Mezcla//1000_6.txt;ayelp;0;0;
./datasets/SuffixArchivos/Mezcla//200.txt;ayelp;0;0;
./datasets/SuffixArchivos/Mezcla//200_2.txt;ayelp;0;0;
./datasets/SuffixArchivos/Mezcla//500.txt;ayelp;0;0;
./datasets/SuffixArchivos/Mezcla//500_2.txt;ayelp;0;0;
./datasets/SuffixArchivos/Mezcla//1000.txt;rebegin;0;0.000999;
./datasets/SuffixArchivos/Mezcla//1000_2.txt;rebegin;0;0.000999;
./datasets/SuffixArchivos/Mezcla//1000_3.txt;rebegin;0;0.000999;
./datasets/SuffixArchivos/Mezcla//1000_4.txt;rebegin;0;0.000999;
./datasets/SuffixArchivos/Mezcla//1000_5.txt;rebegin;0;0.000999;
./datasets/SuffixArchivos/Mezcla//1000_6.txt;rebegin;0;0.000999;
./datasets/SuffixArchivos/Mezcla//200.txt;rebegin;0;0.000999;
./datasets/SuffixArchivos/Mezcla//200_2.txt;rebegin;0;0.000999;
./datasets/SuffixArchivos/Mezcla//500.txt;rebegin;0;0.000999;
./datasets/SuffixArchivos/Mezcla//500_2.txt;rebegin;0;0.000999;
./datasets/SuffixArchivos/Mezcla//1000.txt;unhomely;0;0;
./datasets/SuffixArchivos/Mezcla//1000_2.txt;unhomely;0;0;
./datasets/SuffixArchivos/Mezcla//1000_3.txt;unhomely;0;0;
./datasets/SuffixArchivos/Mezcla//1000_4.txt;unhomely;0;0;
./datasets/SuffixArchivos/Mezcla//1000_5.txt;unhomely;0;0;
./datasets/SuffixArchivos/Mezcla//1000_6.txt;unhomely;0;0;
./datasets/SuffixArchivos/Mezcla//200.txt;unhomely;0;0;
./datasets/SuffixArchivos/Mezcla//200_2.txt;unhomely;0;0;
./datasets/SuffixArchivos/Mezcla//500.txt;unhomely;0;0;
./datasets/SuffixArchivos/Mezcla//500_2.txt;unhomely;0;0;
./datasets/SuffixArchivos/Mezcla//1000.txt;Octavian;0;0.000999;
./datasets/SuffixArchivos/Mezcla//1000_2.txt;Octavian;0;0.000999;
./datasets/SuffixArchivos/Mezcla//1000_3.txt;Octavian;0;0.000999;
./datasets/SuffixArchivos/Mezcla//1000_4.txt;Octavian;0;0.000999;
./datasets/SuffixArchivos/Mezcla//1000_5.txt;Octavian;0;0.000999;
./datasets/SuffixArchivos/Mezcla//1000_6.txt;Octavian;0;0.000999;
./datasets/SuffixArchivos/Mezcla//200.txt;Octavian;0;0.000999;
./datasets/SuffixArchivos/Mezcla//200_2.txt;Octavian;0;0.000999;
./datasets/SuffixArchivos/Mezcla//500.txt;Octavian;0;0.000999;
./datasets/SuffixArchivos/Mezcla//500_2.txt;Octavian;0;0.000999;
./datasets/SuffixArchivos/Mezcla//1000.txt;scope;0;0;
./datasets/SuffixArchivos/Mezcla//1000_2.txt;scope;0;0;
./datasets/SuffixArchivos/Mezcla//1000_3.txt;scope;0;0;
./datasets/SuffixArchivos/Mezcla//1000_4.txt;scope;0;0;
./datasets/SuffixArchivos/Mezcla//1000_5.txt;scope;0;0;
./datasets/SuffixArchivos/Mezcla//1000_6.txt;scope;0;0;
./datasets/SuffixArchivos/Mezcla//200.txt;scope;0;0;
./datasets/SuffixArchivos/Mezcla//200_2.txt;scope;0;0;
./datasets/SuffixArchivos/Mezcla//500.txt;scope;0;0;
./datasets/SuffixArchivos/Mezcla//500_2.txt;scope;0;0;
./datasets/SuffixArchivos/Mezcla//1000.txt;Pentelic;0;0.001;
./datasets/SuffixArchivos/Mezcla//1000_2.txt;Pentelic;0;0.001;
./datasets/SuffixArchivos/Mezcla//1000_3.txt;Pentelic;0;0.001;
./datasets/SuffixArchivos/Mezcla//1000_4.txt;Pentelic;0;0.001;
./datasets/SuffixArchivos/Mezcla//1000_5.txt;Pentelic;0;0.001;
./datasets/SuffixArchivos/Mezcla//1000_6.txt;Pentelic;0;0.001;
./datasets/SuffixArchivos/Mezcla//200.txt;Pentelic;0;0.001;
./datasets/SuffixArchivos/Mezcla//200_2.txt;Pentelic;0;0.001;
./datasets/SuffixArchivos/Mezcla//500.txt;Pentelic;0;0.001;
./datasets/SuffixArchivos/Mezcla//500_2.txt;Pentelic;0;0.001;
./datasets/SuffixArchivos/Mezcla//1000.txt;revocability;0;0;
./datasets/SuffixArchivos/Mezcla//1000_2.txt;revocability;0;0;
./datasets/SuffixArchivos/Mezcla//1000_3.txt;revocability;0;0;
./datasets/SuffixArchivos/Mezcla//1000_4.txt;revocability;0;0;
./datasets/SuffixArchivos/Mezcla//1000_5.txt;revocability;0;0;
./datasets/SuffixArchivos/Mezcla//1000_6.txt;revocability;0;0;
./datasets/SuffixArchivos/Mezcla//200.txt;revocability;0;0;
./datasets/SuffixArchivos/Mezcla//200_2.txt;revocability;0;0;
./datasets/SuffixArchivos/Mezcla//500.txt;revocability;0;0;
./datasets/SuffixArchivos/Mezcla//500_2.txt;revocability;0;0;
./datasets/SuffixArchivos/Mezcla//1000.txt;juvenal;0;0.000999;
./datasets/SuffixArchivos/Mezcla//1000_2.txt;juvenal;0;0.000999;
./datasets/SuffixArchivos/Mezcla//1000_3.txt;juvenal;0;0.000999;
./datasets/SuffixArchivos/Mezcla//1000_4.txt;juvenal;0;0.000999;
./datasets/SuffixArchivos/Mezcla//1000_5.txt;juvenal;0;0.000999;
./datasets/SuffixArchivos/Mezcla//1000_6.txt;juvenal;0;0.000999;
./datasets/SuffixArchivos/Mezcla//200.txt;juvenal;0;0.000999;
./datasets/SuffixArchivos/Mezcla//200_2.txt;juvenal;0;0.000999;
./datasets/SuffixArchivos/Mezcla//500.txt;juvenal;0;0.000999;
./datasets/SuffixArchivos/Mezcla//500_2.txt;juvenal;0;0.000999;
./datasets/SuffixArchivos/Mezcla//1000.txt;spinobulbar;0;0;
./datasets/SuffixArchivos/Mezcla//1000_2.txt;spinobulbar;0;0;
./datasets/SuffixArchivos/Mezcla//1000_3.txt;spinobulbar;0;0;
./datasets/SuffixArchivos/Mezcla//1000_4.txt;spinobulbar;0;0;
./datasets/SuffixArchivos/Mezcla//1000_5.txt;spinobulbar;0;0;
./datasets/SuffixArchivos/Mezcla//1000_6.txt;spinobulbar;0;0;
./datasets/SuffixArchivos/Mezcla//200.txt;spinobulbar;0;0;
./datasets/SuffixArchivos/Mezcla//200_2.txt;spinobulbar;0;0;
./datasets/SuffixArchivos/Mezcla//500.txt;spinobulbar;0;0;
./datasets/SuffixArchivos/Mezcla//500_2.txt;spinobulbar;0;0;
./datasets/SuffixArchivos/Mezcla//1000.txt;erinaceous;0;0.001;
./datasets/SuffixArchivos/Mezcla//1000_2.txt;erinaceous;0;0.001;
./datasets/SuffixArchivos/Mezcla//1000_3.txt;erinaceous;0;0.001;
./datasets/SuffixArchivos/Mezcla//1000_4.txt;erinaceous;0;0.001;
./datasets/SuffixArchivos/Mezcla//1000_5.txt;erinaceous;0;0.001;
./datasets/SuffixArchivos/Mezcla//1000_6.txt;erinaceous;0;0.001;
./datasets/SuffixArchivos/Mezcla//200.txt;erinaceous;0;0.001;
./datasets/SuffixArchivos/Mezcla//200_2.txt;erinaceous;0;0.001;
./datasets/SuffixArchivos/Mezcla//500.txt;erinaceous;0;0.001;
./datasets/SuffixArchivos/Mezcla//500_2.txt;erinaceous;0;0.001;
./datasets/SuffixArchivos/Mezcla//1000.txt;hield;0;0;
./datasets/SuffixArchivos/Mezcla//1000_2.txt;hield;0;0;
./datasets/SuffixArchivos/Mezcla//1000_3.txt;hield;0;0;
./datasets/SuffixArchivos/Mezcla//1000_4.txt;hield;0;0;
./datasets/SuffixArchivos/Mezcla//1000_5.txt;hield;0;0;
./datasets/SuffixArchivos/Mezcla//1000_6.txt;hield;0;0;
./datasets/SuffixArchivos/Mezcla//200.txt;hield;0;0;
./datasets/SuffixArchivos/Mezcla//200_2.txt;hield;0;0;
./datasets/SuffixArchivos/Mezcla//500.txt;hield;0;0;
./datasets/SuffixArchivos/Mezcla//500_2.txt;hield;0;0;
./datasets/SuffixArchivos/Mezcla//1000.txt;anaglyph;0;0.001;
./datasets/SuffixArchivos/Mezcla//1000_2.txt;anaglyph;0;0.001;
./datasets/SuffixArchivos/Mezcla//1000_3.txt;anaglyph;0;0.001;
./datasets/SuffixArchivos/Mezcla//1000_4.txt;anaglyph;0;0.001;
./datasets/SuffixArchivos/Mezcla//1000_5.txt;anaglyph;0;0.001;
./datasets/SuffixArchivos/Mezcla//1000_6.txt;anaglyph;0;0.001;
./datasets/SuffixArchivos/Mezcla//200.txt;anaglyph;0;0.001;
./datasets/SuffixArchivos/Mezcla//200_2.txt;anaglyph;0;0.001;
./datasets/SuffixArchivos/Mezcla//500.txt;anaglyph;0;0.001;
./datasets/SuffixArchivos/Mezcla//500_2.txt;anaglyph;0;0.001;
./datasets/SuffixArchivos/Mezcla//1000.txt;strongylid;0;0;
./datasets/SuffixArchivos/Mezcla//1000_2.txt;strongylid;0;0;
./datasets/SuffixArchivos/Mezcla//1000_3.txt;strongylid;0;0;
./datasets/SuffixArchivos/Mezcla//1000_4.txt;strongylid;0;0;
./datasets/SuffixArchivos/Mezcla//1000_5.txt;strongylid;0;0;
./datasets/SuffixArchivos/Mezcla//1000_6.txt;strongylid;0;0;
./datasets/SuffixArchivos/Mezcla//200.txt;strongylid;0;0;
./datasets/SuffixArchivos/Mezcla//200_2.txt;strongylid;0;0;
./datasets/SuffixArchivos/Mezcla//500.txt;strongylid;0;0;
./datasets/SuffixArchivos/Mezcla//500_2.txt;strongylid;0;0;
./datasets/SuffixArchivos/Mezcla//1000.txt;strangling;0;0.001;
./datasets/SuffixArchivos/Mezcla//1000_2.txt;strangling;0;0.001;
./datasets/SuffixArchivos/Mezcla//1000_3.txt;strangling;0;0.001;
./datasets/SuffixArchivos/Mezcla//1000_4.txt;strangling;0;0.001;
./datasets/SuffixArchivos/Mezcla//1000_5.txt;strangling;0;0.001;
./datasets/SuffixArchivos/Mezcla//1000_6.txt;strangling;0;0.001;
./datasets/SuffixArchivos/Mezcla//200.txt;strangling;0;0.001;
./datasets/SuffixArchivos/Mezcla//200_2.txt;strangling;0;0.001;
./datasets/SuffixArchivos/Mezcla//500.txt;strangling;0;0.001;
./datasets/SuffixArchivos/Mezcla//500_2.txt;strangling;0;0.001;
./datasets/SuffixArchivos/Mezcla//1000.txt;kala;0;0;
./datasets/SuffixArchivos/Mezcla//1000_2.txt;kala;0;0;
./datasets/SuffixArchivos/Mezcla//1000_3.txt;kala;0;0;
./datasets/SuffixArchivos/Mezcla//1000_4.txt;kala;0;0;
./datasets/SuffixArchivos/Mezcla//1000_5.txt;kala;0;0;
./datasets/SuffixArchivos/Mezcla//1000_6.txt;kala;0;0;
./datasets/SuffixArchivos/Mezcla//200.txt;kala;0;0;
./datasets/SuffixArchivos/Mezcla//200_2.txt;kala;0;0;
./datasets/SuffixArchivos/Mezcla//500.txt;kala;0;0;
./datasets/SuffixArchivos/Mezcla//500_2.txt;kala;0;0;
./datasets/SuffixArchivos/Mezcla//1000.txt;fibroplastic;0;0;
./datasets/SuffixArchivos/Mezcla//1000_2.txt;fibroplastic;0;0;
./datasets/SuffixArchivos/Mezcla//1000_3.txt;fibroplastic;0;0;
./datasets/SuffixArchivos/Mezcla//1000_4.txt;fibroplastic;0;0;
./datasets/SuffixArchivos/Mezcla//1000_5.txt;fibroplastic;0;0;
./datasets/SuffixArchivos/Mezcla//1000_6.txt;fibroplastic;0;0;
./datasets/SuffixArchivos/Mezcla//200.txt;fibroplastic;0;0;
./datasets/SuffixArchivos/Mezcla//200_2.txt;fibroplastic;0;0;
./datasets/SuffixArchivos/Mezcla//500.txt;fibroplastic;0;0;
./datasets/SuffixArchivos/Mezcla//500_2.txt;fibroplastic;0;0;
./datasets/SuffixArchivos/Mezcla//1000.txt;adactyl;0;0;
./datasets/SuffixArchivos/Mezcla//1000_2.txt;adactyl;0;0;
./datasets/SuffixArchivos/Mezcla//1000_3.txt;adactyl;0;0;
./datasets/SuffixArchivos/Mezcla//1000_4.txt;adactyl;0;0;
./datasets/SuffixArchivos/Mezcla//1000_5.txt;adactyl;0;0;
./datasets/SuffixArchivos/Mezcla//1000_6.txt;adactyl;0;0;
./datasets/SuffixArchivos/Mezcla//200.txt;adactyl;0;0;
./datasets/SuffixArchivos/Mezcla//200_2.txt;adactyl;0;0;
./datasets/SuffixArchivos/Mezcla//500.txt;adactyl;0;0;
./datasets/SuffixArchivos/Mezcla//500_2.txt;adactyl;0;0;
./datasets/SuffixArchivos/Mezcla//1000.txt;Pauline;0;0.000999;
./datasets/SuffixArchivos/Mezcla//1000_2.txt;Pauline;0;0.000999;
./datasets/SuffixArchivos/Mezcla//1000_3.txt;Pauline;0;0.000999;
./datasets/SuffixArchivos/Mezcla//1000_4.txt;Pauline;0;0.000999;
./datasets/SuffixArchivos/Mezcla//1000_5.txt;Pauline;0;0.000999;
./datasets/SuffixArchivos/Mezcla//1000_6.txt;Pauline;0;0.000999;
./datasets/SuffixArchivos/Mezcla//200.txt;Pauline;0;0.000999;
./datasets/SuffixArchivos/Mezcla//200_2.txt;Pauline;0;0.000999;
./datasets/SuffixArchivos/Mezcla//500.txt;Pauline;0;0.000999;
./datasets/SuffixArchivos/Mezcla//500_2.txt;Pauline;0;0.000999;
./datasets/SuffixArchivos/Mezcla//1000.txt;undispellable;0;0;
./datasets/SuffixArchivos/Mezcla//1000_2.txt;undispellable;0;0;
./datasets/SuffixArchivos/Mezcla//1000_3.txt;undispellable;0;0;
./datasets/SuffixArchivos/Mezcla//1000_4.txt;undispellable;0;0;
./datasets/SuffixArchivos/Mezcla//1000_5.txt;undispellable;0;0;
./datasets/SuffixArchivos/Mezcla//1000_6.txt;undispellable;0;0;
./datasets/SuffixArchivos/Mezcla//200.txt;undispellable;0;0;
./datasets/SuffixArchivos/Mezcla//200_2.txt;undispellable;0;0;
./datasets/SuffixArchivos/Mezcla//500.txt;undispellable;0;0;
./datasets/SuffixArchivos/Mezcla//500_2.txt;undispellable;0;0;
./datasets/SuffixArchivos/Mezcla//1000.txt;Frederick;0;0;
./datasets/SuffixArchivos/Mezcla//1000_2.txt;Frederick;0;0;
./datasets/SuffixArchivos/Mezcla//1000_3.txt;Frederick;0;0;
./datasets/SuffixArchivos/Mezcla//1000_4.txt;Frederick;0;0;
./datasets/SuffixArchivos/Mezcla//1000_5.txt;Frederick;0;0;
./datasets/SuffixArchivos/Mezcla//1000_6.txt;Frederick;0;0;
./datasets/SuffixArchivos/Mezcla//200.txt;Frederick;0;0;
./datasets/SuffixArchivos/Mezcla//200_2.txt;Frederick;0;0;
./datasets/SuffixArchivos/Mezcla//500.txt;Frederick;0;0;
./datasets/SuffixArchivos/Mezcla//500_2.txt;Frederick;0;0;
./datasets/SuffixArchivos/Mezcla//1000.txt;amylopsin;0;0;
./datasets/SuffixArchivos/Mezcla//1000_2.txt;amylopsin;0;0;
./datasets/SuffixArchivos/Mezcla//1000_3.txt;amylopsin;0;0;
./datasets/SuffixArchivos/Mezcla//1000_4.txt;amylopsin;0;0;
./datasets/SuffixArchivos/Mezcla//1000_5.txt;amylopsin;0;0;
./datasets/SuffixArchivos/Mezcla//1000_6.txt;amylopsin;0;0;
./datasets/SuffixArchivos/Mezcla//200.txt;amylopsin;0;0;
./datasets/SuffixArchivos/Mezcla//200_2.txt;amylopsin;0;0;
./datasets/SuffixArchivos/Mezcla//500.txt;amylopsin;0;0;
./datasets/SuffixArchivos/Mezcla//500_2.txt;amylopsin;0;0;
./datasets/SuffixArchivos/Mezcla//1000.txt;informative;0;0;
./datasets/SuffixArchivos/Mezcla//1000_2.txt;informative;0;0;
./datasets/SuffixArchivos/Mezcla//1000_3.txt;informative;0;0;
./datasets/SuffixArchivos/Mezcla//1000_4.txt;informative;0;0;
./datasets/SuffixArchivos/Mezcla//1000_5.txt;informative;0;0;
./datasets/SuffixArchivos/Mezcla//1000_6.txt;informative;0;0;
./datasets/SuffixArchivos/Mezcla//200.txt;informative;0;0;
./datasets/SuffixArchivos/Mezcla//200_2.txt;informative;0;0;
./datasets/SuffixArchivos/Mezcla//500.txt;informative;0;0;
./datasets/SuffixArchivos/Mezcla//500_2.txt;informative;0;0;
./datasets/SuffixArchivos/Mezcla//1000.txt;Sisseton;0;0;
./datasets/SuffixArchivos/Mezcla//1000_2.txt;Sisseton;0;0;
./datasets/SuffixArchivos/Mezcla//1000_3.txt;Sisseton;0;0;
./datasets/SuffixArchivos/Mezcla//1000_4.txt;Sisseton;0;0;
./datasets/SuffixArchivos/Mezcla//1000_5.txt;Sisseton;0;0;
./datasets/SuffixArchivos/Mezcla//1000_6.txt;Sisseton;0;0;
./datasets/SuffixArchivos/Mezcla//200.txt;Sisseton;0;0;
./datasets/SuffixArchivos/Mezcla//200_2.txt;Sisseton;0;0;
./datasets/SuffixArchivos/Mezcla//500.txt;Sisseton;0;0;
./datasets/SuffixArchivos/Mezcla//500_2.txt;Sisseton;0;0;
./datasets/SuffixArchivos/Mezcla//1000.txt;roominess;0;0.001;
./datasets/SuffixArchivos/Mezcla//1000_2.txt;roominess;0;0.001;
./datasets/SuffixArchivos/Mezcla//1000_3.txt;roominess;0;0.001;
./datasets/SuffixArchivos/Mezcla//1000_4.txt;roominess;0;0.001;
./datasets/SuffixArchivos/Mezcla//1000_5.txt;roominess;0;0.001;
./datasets/SuffixArchivos/Mezcla//1000_6.txt;roominess;0;0.001;
./datasets/SuffixArchivos/Mezcla//200.txt;roominess;0;0.001;
./datasets/SuffixArchivos/Mezcla//200_2.txt;roominess;0;0.001;
./datasets/SuffixArchivos/Mezcla//500.txt;roominess;0;0.001;
./datasets/SuffixArchivos/Mezcla//500_2.txt;roominess;0;0.001;
./datasets/SuffixArchivos/Mezcla//1000.txt;unsurpassableness;0;0;
./datasets/SuffixArchivos/Mezcla//1000_2.txt;unsurpassableness;0;0;
./datasets/SuffixArchivos/Mezcla//1000_3.txt;unsurpassableness;0;0;
./datasets/SuffixArchivos/Mezcla//1000_4.txt;unsurpassableness;0;0;
./datasets/SuffixArchivos/Mezcla//1000_5.txt;unsurpassableness;0;0;
./datasets/SuffixArchivos/Mezcla//1000_6.txt;unsurpassableness;0;0;
./datasets/SuffixArchivos/Mezcla//200.txt;unsurpassableness;0;0;
./datasets/SuffixArchivos/Mezcla//200_2.txt;unsurpassableness;0;0;
./datasets/SuffixArchivos/Mezcla//500.txt;unsurpassableness;0;0;
./datasets/SuffixArchivos/Mezcla//500_2.txt;unsurpassableness;0;0;
./datasets/SuffixArchivos/Mezcla//1000.txt;painstaker;0;0.000999;
./datasets/SuffixArchivos/Mezcla//1000_2.txt;painstaker;0;0.000999;
./datasets/SuffixArchivos/Mezcla//1000_3.txt;painstaker;0;0.000999;
./datasets/SuffixArchivos/Mezcla//1000_4.txt;painstaker;0;0.000999;
./datasets/SuffixArchivos/Mezcla//1000_5.txt;painstaker;0;0.000999;
./datasets/SuffixArchivos/Mezcla//1000_6.txt;painstaker;0;0.000999;
./datasets/SuffixArchivos/Mezcla//200.txt;painstaker;0;0.000999;
./datasets/SuffixArchivos/Mezcla//200_2.txt;painstaker;0;0.000999;
./datasets/SuffixArchivos/Mezcla//500.txt;painstaker;0;0.000999;
./datasets/SuffixArchivos/Mezcla//500_2.txt;painstaker;0;0.000999;
./datasets/SuffixArchivos/Mezcla//1000.txt;saturator;0;0;
./datasets/SuffixArchivos/Mezcla//1000_2.txt;saturator;0;0;
./datasets/SuffixArchivos/Mezcla//1000_3.txt;saturator;0;0;
./datasets/SuffixArchivos/Mezcla//1000_4.txt;saturator;0;0;
./datasets/SuffixArchivos/Mezcla//1000_5.txt;saturator;0;0;
./datasets/SuffixArchivos/Mezcla//1000_6.txt;saturator;0;0;
./datasets/SuffixArchivos/Mezcla//200.txt;saturator;0;0;
./datasets/SuffixArchivos/Mezcla//200_2.txt;saturator;0;0;
./datasets/SuffixArchivos/Mezcla//500.txt;saturator;0;0;
./datasets/SuffixArchivos/Mezcla//500_2.txt;saturator;0;0;
./datasets/SuffixArchivos/Mezcla//1000.txt;laryngoscopical;0;0;
./datasets/SuffixArchivos/Mezcla//1000_2.txt;laryngoscopical;0;0;
./datasets/SuffixArchivos/Mezcla//1000_3.txt;laryngoscopical;0;0;
./datasets/SuffixArchivos/Mezcla//1000_4.txt;laryngoscopical;0;0;
./datasets/SuffixArchivos/Mezcla//1000_5.txt;laryngoscopical;0;0;
./datasets/SuffixArchivos/Mezcla//1000_6.txt;laryngoscopical;0;0;
./datasets/SuffixArchivos/Mezcla//200.txt;laryngoscopical;0;0;
./datasets/SuffixArchivos/Mezcla//200_2.txt;laryngoscopical;0;0;
./datasets/SuffixArchivos/Mezcla//500.txt;laryngoscopical;0;0;
./datasets/SuffixArchivos/Mezcla//500_2.txt;laryngoscopical;0;0;
./datasets/SuffixArchivos/Mezcla//1000.txt;stereophotographic;0;0.001;
./datasets/SuffixArchivos/Mezcla//1000_2.txt;stereophotographic;0;0.001;
./datasets/SuffixArchivos/Mezcla//1000_3.txt;stereophotographic;0;0.001;
./datasets/SuffixArchivos/Mezcla//1000_4.txt;stereophotographic;0;0.001;
./datasets/SuffixArchivos/Mezcla//1000_5.txt;stereophotographic;0;0.001;
./datasets/SuffixArchivos/Mezcla//1000_6.txt;stereophotographic;0;0.001;
./datasets/SuffixArchivos/Mezcla//200.txt;stereophotographic;0;0.001;
./datasets/SuffixArchivos/Mezcla//200_2.txt;stereophotographic;0;0.001;
./datasets/SuffixArchivos/Mezcla//500.txt;stereophotographic;0;0.001;
./datasets/SuffixArchivos/Mezcla//500_2.txt;stereophotographic;0;0.001;
./datasets/SuffixArchivos/Mezcla//1000.txt;washbasin;0;0;
./datasets/SuffixArchivos/Mezcla//1000_2.txt;washbasin;0;0;
./datasets/SuffixArchivos/Mezcla//1000_3.txt;washbasin;0;0;
./datasets/SuffixArchivos/Mezcla//1000_4.txt;washbasin;0;0;
./datasets/SuffixArchivos/Mezcla//1000_5.txt;washbasin;0;0;
./datasets/SuffixArchivos/Mezcla//1000_6.txt;washbasin;0;0;
./datasets/SuffixArchivos/Mezcla//200.txt;washbasin;0;0;
./datasets/SuffixArchivos/Mezcla//200_2.txt;washbasin;0;0;
./datasets/SuffixArchivos/Mezcla//500.txt;washbasin;0;0;
./datasets/SuffixArchivos/Mezcla//500_2.txt;washbasin;0;0;
./datasets/SuffixArchivos/Mezcla//1000.txt;functionarism;0;0.000999;
./datasets/SuffixArchivos/Mezcla//1000_2.txt;functionarism;0;0.000999;
./datasets/SuffixArchivos/Mezcla//1000_3.txt;functionarism;0;0.000999;
./datasets/SuffixArchivos/Mezcla//1000_4.txt;functionarism;0;0.000999;
./datasets/SuffixArchivos/Mezcla//1000_5.txt;functionarism;0;0.000999;
./datasets/SuffixArchivos/Mezcla//1000_6.txt;functionarism;0;0.000999;
./datasets/SuffixArchivos/Mezcla//200.txt;functionarism;0;0.000999;
./datasets/SuffixArchivos/Mezcla//200_2.txt;functionarism;0;0.000999;
./datasets/SuffixArchivos/Mezcla//500.txt;functionarism;0;0.000999;
./datasets/SuffixArchivos/Mezcla//500_2.txt;functionarism;0;0.000999;
./datasets/SuffixArchivos/Mezcla//1000.txt;absorbability;0;0;
./datasets/SuffixArchivos/Mezcla//1000_2.txt;absorbability;0;0;
./datasets/SuffixArchivos/Mezcla//1000_3.txt;absorbability;0;0;
./datasets/SuffixArchivos/Mezcla//1000_4.txt;absorbability;0;0;
./datasets/SuffixArchivos/Mezcla//1000_5.txt;absorbability;0;0;
./datasets/SuffixArchivos/Mezcla//1000_6.txt;absorbability;0;0;
./datasets/SuffixArchivos/Mezcla//200.txt;absorbability;0;0;
./datasets/SuffixArchivos/Mezcla//200_2.txt;absorbability;0;0;
./datasets/SuffixArchivos/Mezcla//500.txt;absorbability;0;0;
./datasets/SuffixArchivos/Mezcla//500_2.txt;absorbability;0;0;
./datasets/SuffixArchivos/Mezcla//1000.txt;enscroll;0;0.000999;
./datasets/SuffixArchivos/Mezcla//1000_2.txt;enscroll;0;0.000999;
./datasets/SuffixArchivos/Mezcla//1000_3.txt;enscroll;0;0.000999;
./datasets/SuffixArchivos/Mezcla//1000_4.txt;enscroll;0;0.000999;
./datasets/SuffixArchivos/Mezcla//1000_5.txt;enscroll;0;0.000999;
./datasets/SuffixArchivos/Mezcla//1000_6.txt;enscroll;0;0.000999;
./datasets/SuffixArchivos/Mezcla//200.txt;enscroll;0;0.000999;
./datasets/SuffixArchivos/Mezcla//200_2.txt;enscroll;0;0.000999;
./datasets/SuffixArchivos/Mezcla//500.txt;enscroll;0;0.000999;
./datasets/SuffixArchivos/Mezcla//500_2.txt;enscroll;0;0.000999;
./datasets/SuffixArchivos/Mezcla//1000.txt;scunner;0;0;
./datasets/SuffixArchivos/Mezcla//1000_2.txt;scunner;0;0;
./datasets/SuffixArchivos/Mezcla//1000_3.txt;scunner;0;0;
./datasets/SuffixArchivos/Mezcla//1000_4.txt;scunner;0;0;
./datasets/SuffixArchivos/Mezcla//1000_5.txt;scunner;0;0;
./datasets/SuffixArchivos/Mezcla//1000_6.txt;scunner;0;0;
./datasets/SuffixArchivos/Mezcla//200.txt;scunner;0;0;
./datasets/SuffixArchivos/Mezcla//200_2.txt;scunner;0;0;
./datasets/SuffixArchivos/Mezcla//500.txt;scunner;0;0;
./datasets/SuffixArchivos/Mezcla//500_2.txt;scunner;0;0;
./datasets/SuffixArchivos/Mezcla//1000.txt;masting;0;0.000999;
./datasets/SuffixArchivos/Mezcla//1000_2.txt;masting;0;0.000999;
./datasets/SuffixArchivos/Mezcla//1000_3.txt;masting;0;0.000999;
./datasets/SuffixArchivos/Mezcla//1000_4.txt;masting;0;0.000999;
./datasets/SuffixArchivos/Mezcla//1000_5.txt;masting;0;0.000999;
./datasets/SuffixArchivos/Mezcla//1000_6.txt;masting;0;0.000999;
./datasets/SuffixArchivos/Mezcla//200.txt;masting;0;0.000999;
./datasets/SuffixArchivos/Mezcla//200_2.txt;masting;0;0.000999;
./datasets/SuffixArchivos/Mezcla//500.txt;masting;0;0.000999;
./datasets/SuffixArchivos/Mezcla//500_2.txt;masting;0;0.000999;
./datasets/SuffixArchivos/Mezcla//1000.txt;lionet;0;0;
./datasets/SuffixArchivos/Mezcla//1000_2.txt;lionet;0;0;
./datasets/SuffixArchivos/Mezcla//1000_3.txt;lionet;0;0;
./datasets/SuffixArchivos/Mezcla//1000_4.txt;lionet;0;0;
./datasets/SuffixArchivos/Mezcla//1000_5.txt;lionet;0;0;
./datasets/SuffixArchivos/Mezcla//1000_6.txt;lionet;0;0;
./datasets/SuffixArchivos/Mezcla//200.txt;lionet;0;0;
./datasets/SuffixArchivos/Mezcla//200_2.txt;lionet;0;0;
./datasets/SuffixArchivos/Mezcla//500.txt;lionet;0;0;
./datasets/SuffixArchivos/Mezcla//500_2.txt;lionet;0;0;
./datasets/SuffixArchivos/Mezcla//1000.txt;unbumptious;0;0;
./datasets/SuffixArchivos/Mezcla//1000_2.txt;unbumptious;0;0;
./datasets/SuffixArchivos/Mezcla//1000_3.txt;unbumptious;0;0;
./datasets/SuffixArchivos/Mezcla//1000_4.txt;unbumptious;0;0;
./datasets/SuffixArchivos/Mezcla//1000_5.txt;unbumptious;0;0;
./datasets/SuffixArchivos/Mezcla//1000_6.txt;unbumptious;0;0;
./datasets/SuffixArchivos/Mezcla//200.txt;unbumptious;0;0;
./datasets/SuffixArchivos/Mezcla//200_2.txt;unbumptious;0;0;
./datasets/SuffixArchivos/Mezcla//500.txt;unbumptious;0;0;
./datasets/SuffixArchivos/Mezcla//500_2.txt;unbumptious;0;0;
./datasets/SuffixArchivos/Mezcla//1000.txt;stockishness;0;0;
./datasets/SuffixArchivos/Mezcla//1000_2.txt;stockishness;0;0;
./datasets/SuffixArchivos/Mezcla//1000_3.txt;stockishness;0;0;
./datasets/SuffixArchivos/Mezcla//1000_4.txt;stockishness;0;0;
./datasets/SuffixArchivos/Mezcla//1000_5.txt;stockishness;0;0;
./datasets/SuffixArchivos/Mezcla//1000_6.txt;stockishness;0;0;
./datasets/SuffixArchivos/Mezcla//200.txt;stockishness;0;0;
./datasets/SuffixArchivos/Mezcla//200_2.txt;stockishness;0;0;
./datasets/SuffixArchivos/Mezcla//500.txt;stockishness;0;0;
./datasets/SuffixArchivos/Mezcla//500_2.txt;stockishness;0;0;
./datasets/SuffixArchivos/Mezcla//1000.txt;prechemical;0;0;
./datasets/SuffixArchivos/Mezcla//1000_2.txt;prechemical;0;0;
./datasets/SuffixArchivos/Mezcla//1000_3.txt;prechemical;0;0;
./datasets/SuffixArchivos/Mezcla//1000_4.txt;prechemical;0;0;
./datasets/SuffixArchivos/Mezcla//1000_5.txt;prechemical;0;0;
./datasets/SuffixArchivos/Mezcla//1000_6.txt;prechemical;0;0;
./datasets/SuffixArchivos/Mezcla//200.txt;prechemical;0;0;
./datasets/SuffixArchivos/Mezcla//200_2.txt;prechemical;0;0;
./datasets/SuffixArchivos/Mezcla//500.txt;prechemical;0;0;
./datasets/SuffixArchivos/Mezcla//500_2.txt;prechemical;0;0;
./datasets/SuffixArchivos/Mezcla//1000.txt;nonmythical;0;0;
./datasets/SuffixArchivos/Mezcla//1000_2.txt;nonmythical;0;0;
./datasets/SuffixArchivos/Mezcla//1000_3.txt;nonmythical;0;0;
./datasets/SuffixArchivos/Mezcla//1000_4.txt;nonmythical;0;0;
./datasets/SuffixArchivos/Mezcla//1000_5.txt;nonmythical;0;0;
./datasets/SuffixArchivos/Mezcla//1000_6.txt;nonmythical;0;0;
./datasets/SuffixArchivos/Mezcla//200.txt;nonmythical;0;0;
./datasets/SuffixArchivos/Mezcla//200_2.txt;nonmythical;0;0;
./datasets/SuffixArchivos/Mezcla//500.txt;nonmythical;0;0;
./datasets/SuffixArchivos/Mezcla//500_2.txt;nonmythical;0;0;
./datasets/SuffixArchivos/Mezcla//1000.txt;apache;0;0;
./datasets/SuffixArchivos/Mezcla//1000_2.txt;apache;0;0;
./datasets/SuffixArchivos/Mezcla//1000_3.txt;apache;0;0;
./datasets/SuffixArchivos/Mezcla//1000_4.txt;apache;0;0;
./datasets/SuffixArchivos/Mezcla//1000_5.txt;apache;0;0;
./datasets/SuffixArchivos/Mezcla//1000_6.txt;apache;0;0;
./datasets/SuffixArchivos/Mezcla//200.txt;apache;0;0;
./datasets/SuffixArchivos/Mezcla//200_2.txt;apache;0;0;
./datasets/SuffixArchivos/Mezcla//500.txt;apache;0;0;
./datasets/SuffixArchivos/Mezcla//500_2.txt;apache;0;0;
./datasets/SuffixArchivos/Mezcla//1000.txt;force;0;0;
./datasets/SuffixArchivos/Mezcla//1000_2.txt;force;0;0;
./datasets/SuffixArchivos/Mezcla//1000_3.txt;force;0;0;
./datasets/SuffixArchivos/Mezcla//1000_4.txt;force;4;0;
./datasets/SuffixArchivos/Mezcla//1000_5.txt;force;2;0;
./datasets/SuffixArchivos/Mezcla//1000_6.txt;force;2;0;
./datasets/SuffixArchivos/Mezcla//200.txt;force;0;0;
./datasets/SuffixArchivos/Mezcla//200_2.txt;force;0;0;
./datasets/SuffixArchivos/Mezcla//500.txt;force;0;0;
./datasets/SuffixArchivos/Mezcla//500_2.txt;force;1;0;
./datasets/SuffixArchivos/Mezcla//1000.txt;isomastigate;0;0;
./datasets/SuffixArchivos/Mezcla//1000_2.txt;isomastigate;0;0;
./datasets/SuffixArchivos/Mezcla//1000_3.txt;isomastigate;0;0;
./datasets/SuffixArchivos/Mezcla//1000_4.txt;isomastigate;0;0;
./datasets/SuffixArchivos/Mezcla//1000_5.txt;isomastigate;0;0;
./datasets/SuffixArchivos/Mezcla//1000_6.txt;isomastigate;0;0;
./datasets/SuffixArchivos/Mezcla//200.txt;isomastigate;0;0;
./datasets/SuffixArchivos/Mezcla//200_2.txt;isomastigate;0;0;
./datasets/SuffixArchivos/Mezcla//500.txt;isomastigate;0;0;
./datasets/SuffixArchivos/Mezcla//500_2.txt;isomastigate;0;0;
./datasets/SuffixArchivos/Mezcla//1000.txt;orthophosphate;0;0.000999;
./datasets/SuffixArchivos/Mezcla//1000_2.txt;orthophosphate;0;0.000999;
./datasets/SuffixArchivos/Mezcla//1000_3.txt;orthophosphate;0;0.000999;
./datasets/SuffixArchivos/Mezcla//1000_4.txt;orthophosphate;0;0.000999;
./datasets/SuffixArchivos/Mezcla//1000_5.txt;orthophosphate;0;0.000999;
./datasets/SuffixArchivos/Mezcla//1000_6.txt;orthophosphate;0;0.000999;
./datasets/SuffixArchivos/Mezcla//200.txt;orthophosphate;0;0.000999;
./datasets/SuffixArchivos/Mezcla//200_2.txt;orthophosphate;0;0.000999;
./datasets/SuffixArchivos/Mezcla//500.txt;orthophosphate;0;0.000999;
./datasets/SuffixArchivos/Mezcla//500_2.txt;orthophosphate;0;0.000999;
./datasets/SuffixArchivos/Mezcla//1000.txt;Palaeomastodon;0;0;
./datasets/SuffixArchivos/Mezcla//1000_2.txt;Palaeomastodon;0;0;
./datasets/SuffixArchivos/Mezcla//1000_3.txt;Palaeomastodon;0;0;
./datasets/SuffixArchivos/Mezcla//1000_4.txt;Palaeomastodon;0;0;
./datasets/SuffixArchivos/Mezcla//1000_5.txt;Palaeomastodon;0;0;
./datasets/SuffixArchivos/Mezcla//1000_6.txt;Palaeomastodon;0;0;
./datasets/SuffixArchivos/Mezcla//200.txt;Palaeomastodon;0;0;
./datasets/SuffixArchivos/Mezcla//200_2.txt;Palaeomastodon;0;0;
./datasets/SuffixArchivos/Mezcla//500.txt;Palaeomastodon;0;0;
./datasets/SuffixArchivos/Mezcla//500_2.txt;Palaeomastodon;0;0;
./datasets/SuffixArchivos/Mezcla//1000.txt;brachypyramid;0;0.001001;
./datasets/SuffixArchivos/Mezcla//1000_2.txt;brachypyramid;0;0.001001;
./datasets/SuffixArchivos/Mezcla//1000_3.txt;brachypyramid;0;0.001001;
./datasets/SuffixArchivos/Mezcla//1000_4.txt;brachypyramid;0;0.001001;
./datasets/SuffixArchivos/Mezcla//1000_5.txt;brachypyramid;0;0.001001;
./datasets/SuffixArchivos/Mezcla//1000_6.txt;brachypyramid;0;0.001001;
./datasets/SuffixArchivos/Mezcla//200.txt;brachypyramid;0;0.001001;
./datasets/SuffixArchivos/Mezcla//200_2.txt;brachypyramid;0;0.001001;
./datasets/SuffixArchivos/Mezcla//500.txt;brachypyramid;0;0.001001;
./datasets/SuffixArchivos/Mezcla//500_2.txt;brachypyramid;0;0.001001;
./datasets/SuffixArchivos/Mezcla//1000.txt;abscession;0;0;
./datasets/SuffixArchivos/Mezcla//1000_2.txt;abscession;0;0;
./datasets/SuffixArchivos/Mezcla//1000_3.txt;abscession;0;0;
./datasets/SuffixArchivos/Mezcla//1000_4.txt;abscession;0;0;
./datasets/SuffixArchivos/Mezcla//1000_5.txt;abscession;0;0;
./datasets/SuffixArchivos/Mezcla//1000_6.txt;abscession;0;0;
./datasets/SuffixArchivos/Mezcla//200.txt;abscession;0;0;
./datasets/SuffixArchivos/Mezcla//200_2.txt;abscession;0;0;
./datasets/SuffixArchivos/Mezcla//500.txt;abscession;0;0;
./datasets/SuffixArchivos/Mezcla//500_2.txt;abscession;0;0;
./datasets/SuffixArchivos/Mezcla//1000.txt;acquisitum;0;0;
./datasets/SuffixArchivos/Mezcla//1000_2.txt;acquisitum;0;0;
./datasets/SuffixArchivos/Mezcla//1000_3.txt;acquisitum;0;0;
./datasets/SuffixArchivos/Mezcla//1000_4.txt;acquisitum;0;0;
./datasets/SuffixArchivos/Mezcla//1000_5.txt;acquisitum;0;0;
./datasets/SuffixArchivos/Mezcla//1000_6.txt;acquisitum;0;0;
./datasets/SuffixArchivos/Mezcla//200.txt;acquisitum;0;0;
./datasets/SuffixArchivos/Mezcla//200_2.txt;acquisitum;0;0;
./datasets/SuffixArchivos/Mezcla//500.txt;acquisitum;0;0;
./datasets/SuffixArchivos/Mezcla//500_2.txt;acquisitum;0;0;
./datasets/SuffixArchivos/Mezcla//1000.txt;reputationless;0;0;
./datasets/SuffixArchivos/Mezcla//1000_2.txt;reputationless;0;0;
./datasets/SuffixArchivos/Mezcla//1000_3.txt;reputationless;0;0;
./datasets/SuffixArchivos/Mezcla//1000_4.txt;reputationless;0;0;
./datasets/SuffixArchivos/Mezcla//1000_5.txt;reputationless;0;0;
./datasets/SuffixArchivos/Mezcla//1000_6.txt;reputationless;0;0;
./datasets/SuffixArchivos/Mezcla//200.txt;reputationless;0;0;
./datasets/SuffixArchivos/Mezcla//200_2.txt;reputationless;0;0;
./datasets/SuffixArchivos/Mezcla//500.txt;reputationless;0;0;
./datasets/SuffixArchivos/Mezcla//500_2.txt;reputationless;0;0;
./datasets/SuffixArchivos/Mezcla//1000.txt;praisefully;0;0.001;
./datasets/SuffixArchivos/Mezcla//1000_2.txt;praisefully;0;0.001;
./datasets/SuffixArchivos/Mezcla//1000_3.txt;praisefully;0;0.001;
./datasets/SuffixArchivos/Mezcla//1000_4.txt;praisefully;0;0.001;
./datasets/SuffixArchivos/Mezcla//1000_5.txt;praisefully;0;0.001;
./datasets/SuffixArchivos/Mezcla//1000_6.txt;praisefully;0;0.001;
./datasets/SuffixArchivos/Mezcla//200.txt;praisefully;0;0.001;
./datasets/SuffixArchivos/Mezcla//200_2.txt;praisefully;0;0.001;
./datasets/SuffixArchivos/Mezcla//500.txt;praisefully;0;0.001;
./datasets/SuffixArchivos/Mezcla//500_2.txt;praisefully;0;0.001;
./datasets/SuffixArchivos/Mezcla//1000.txt;grama;0;0;
./datasets/SuffixArchivos/Mezcla//1000_2.txt;grama;0;0;
./datasets/SuffixArchivos/Mezcla//1000_3.txt;grama;0;0;
./datasets/SuffixArchivos/Mezcla//1000_4.txt;grama;0;0;
./datasets/SuffixArchivos/Mezcla//1000_5.txt;grama;0;0;
./datasets/SuffixArchivos/Mezcla//1000_6.txt;grama;0;0;
./datasets/SuffixArchivos/Mezcla//200.txt;grama;0;0;
./datasets/SuffixArchivos/Mezcla//200_2.txt;grama;0;0;
./datasets/SuffixArchivos/Mezcla//500.txt;grama;0;0;
./datasets/SuffixArchivos/Mezcla//500_2.txt;grama;0;0;
./datasets/SuffixArchivos/Mezcla//1000.txt;trapped;0;0;
./datasets/SuffixArchivos/Mezcla//1000_2.txt;trapped;0;0;
./datasets/SuffixArchivos/Mezcla//1000_3.txt;trapped;0;0;
./datasets/SuffixArchivos/Mezcla//1000_4.txt;trapped;0;0;
./datasets/SuffixArchivos/Mezcla//1000_5.txt;trapped;0;0;
./datasets/SuffixArchivos/Mezcla//1000_6.txt;trapped;0;0;
./datasets/SuffixArchivos/Mezcla//200.txt;trapped;0;0;
./datasets/SuffixArchivos/Mezcla//200_2.txt;trapped;0;0;
./datasets/SuffixArchivos/Mezcla//500.txt;trapped;0;0;
./datasets/SuffixArchivos/Mezcla//500_2.txt;trapped;0;0;
./datasets/SuffixArchivos/Mezcla//1000.txt;Somal;0;0;
./datasets/SuffixArchivos/Mezcla//1000_2.txt;Somal;0;0;
./datasets/SuffixArchivos/Mezcla//1000_3.txt;Somal;0;0;
./datasets/SuffixArchivos/Mezcla//1000_4.txt;Somal;0;0;
./datasets/SuffixArchivos/Mezcla//1000_5.txt;Somal;0;0;
./datasets/SuffixArchivos/Mezcla//1000_6.txt;Somal;0;0;
./datasets/SuffixArchivos/Mezcla//200.txt;Somal;0;0;
./datasets/SuffixArchivos/Mezcla//200_2.txt;Somal;0;0;
./datasets/SuffixArchivos/Mezcla//500.txt;Somal;0;0;
./datasets/SuffixArchivos/Mezcla//500_2.txt;Somal;0;0;
./datasets/SuffixArchivos/Mezcla//1000.txt;disturn;0;0.000998;
./datasets/SuffixArchivos/Mezcla//1000_2.txt;disturn;0;0.000998;
./datasets/SuffixArchivos/Mezcla//1000_3.txt;disturn;0;0.000998;
./datasets/SuffixArchivos/Mezcla//1000_4.txt;disturn;0;0.000998;
./datasets/SuffixArchivos/Mezcla//1000_5.txt;disturn;0;0.000998;
./datasets/SuffixArchivos/Mezcla//1000_6.txt;disturn;0;0.000998;
./datasets/SuffixArchivos/Mezcla//200.txt;disturn;0;0.000998;
./datasets/SuffixArchivos/Mezcla//200_2.txt;disturn;0;0.000998;
./datasets/SuffixArchivos/Mezcla//500.txt;disturn;0;0.000998;
./datasets/SuffixArchivos/Mezcla//500_2.txt;disturn;0;0.000998;
./datasets/SuffixArchivos/Mezcla//1000.txt;menorrhagia;0;0;
./datasets/SuffixArchivos/Mezcla//1000_2.txt;menorrhagia;0;0;
./datasets/SuffixArchivos/Mezcla//1000_3.txt;menorrhagia;0;0;
./datasets/SuffixArchivos/Mezcla//1000_4.txt;menorrhagia;0;0;
./datasets/SuffixArchivos/Mezcla//1000_5.txt;menorrhagia;0;0;
./datasets/SuffixArchivos/Mezcla//1000_6.txt;menorrhagia;0;0;
./datasets/SuffixArchivos/Mezcla//200.txt;menorrhagia;0;0;
./datasets/SuffixArchivos/Mezcla//200_2.txt;menorrhagia;0;0;
./datasets/SuffixArchivos/Mezcla//500.txt;menorrhagia;0;0;
./datasets/SuffixArchivos/Mezcla//500_2.txt;menorrhagia;0;0;
./datasets/SuffixArchivos/Mezcla//1000.txt;faltering;0;0.001;
./datasets/SuffixArchivos/Mezcla//1000_2.txt;faltering;0;0.001;
./datasets/SuffixArchivos/Mezcla//1000_3.txt;faltering;0;0.001;
./datasets/SuffixArchivos/Mezcla//1000_4.txt;faltering;0;0.001;
./datasets/SuffixArchivos/Mezcla//1000_5.txt;faltering;0;0.001;
./datasets/SuffixArchivos/Mezcla//1000_6.txt;faltering;0;0.001;
./datasets/SuffixArchivos/Mezcla//200.txt;faltering;0;0.001;
./datasets/SuffixArchivos/Mezcla//200_2.txt;faltering;0;0.001;
./datasets/SuffixArchivos/Mezcla//500.txt;faltering;0;0.001;
./datasets/SuffixArchivos/Mezcla//500_2.txt;faltering;0;0.001;
./datasets/SuffixArchivos/Mezcla//1000.txt;Yquem;0;0;
./datasets/SuffixArchivos/Mezcla//1000_2.txt;Yquem;0;0;
./datasets/SuffixArchivos/Mezcla//1000_3.txt;Yquem;0;0;
./datasets/SuffixArchivos/Mezcla//1000_4.txt;Yquem;0;0;
./datasets/SuffixArchivos/Mezcla//1000_5.txt;Yquem;0;0;
./datasets/SuffixArchivos/Mezcla//1000_6.txt;Yquem;0;0;
./datasets/SuffixArchivos/Mezcla//200.txt;Yquem;0;0;
./datasets/SuffixArchivos/Mezcla//200_2.txt;Yquem;0;0;
./datasets/SuffixArchivos/Mezcla//500.txt;Yquem;0;0;
./datasets/SuffixArchivos/Mezcla//500_2.txt;Yquem;0;0;
./datasets/SuffixArchivos/Mezcla//1000.txt;invective;0;0.000999;
./datasets/SuffixArchivos/Mezcla//1000_2.txt;invective;0;0.000999;
./datasets/SuffixArchivos/Mezcla//1000_3.txt;invective;0;0.000999;
./datasets/SuffixArchivos/Mezcla//1000_4.txt;invective;0;0.000999;
./datasets/SuffixArchivos/Mezcla//1000_5.txt;invective;0;0.000999;
./datasets/SuffixArchivos/Mezcla//1000_6.txt;invective;0;0.000999;
./datasets/SuffixArchivos/Mezcla//200.txt;invective;0;0.000999;
./datasets/SuffixArchivos/Mezcla//200_2.txt;invective;0;0.000999;
./datasets/SuffixArchivos/Mezcla//500.txt;invective;0;0.000999;
./datasets/SuffixArchivos/Mezcla//500_2.txt;invective;0;0.000999;
./datasets/SuffixArchivos/Mezcla//1000.txt;Hafgan;0;0;
./datasets/SuffixArchivos/Mezcla//1000_2.txt;Hafgan;0;0;
./datasets/SuffixArchivos/Mezcla//1000_3.txt;Hafgan;0;0;
./datasets/SuffixArchivos/Mezcla//1000_4.txt;Hafgan;0;0;
./datasets/SuffixArchivos/Mezcla//1000_5.txt;Hafgan;0;0;
./datasets/SuffixArchivos/Mezcla//1000_6.txt;Hafgan;0;0;
./datasets/SuffixArchivos/Mezcla//200.txt;Hafgan;0;0;
./datasets/SuffixArchivos/Mezcla//200_2.txt;Hafgan;0;0;
./datasets/SuffixArchivos/Mezcla//500.txt;Hafgan;0;0;
./datasets/SuffixArchivos/Mezcla//500_2.txt;Hafgan;0;0;
./datasets/SuffixArchivos/Mezcla//1000.txt;isobarbaloin;0;0.001;
./datasets/SuffixArchivos/Mezcla//1000_2.txt;isobarbaloin;0;0.001;
./datasets/SuffixArchivos/Mezcla//1000_3.txt;isobarbaloin;0;0.001;
./datasets/SuffixArchivos/Mezcla//1000_4.txt;isobarbaloin;0;0.001;
./datasets/SuffixArchivos/Mezcla//1000_5.txt;isobarbaloin;0;0.001;
./datasets/SuffixArchivos/Mezcla//1000_6.txt;isobarbaloin;0;0.001;
./datasets/SuffixArchivos/Mezcla//200.txt;isobarbaloin;0;0.001;
./datasets/SuffixArchivos/Mezcla//200_2.txt;isobarbaloin;0;0.001;
./datasets/SuffixArchivos/Mezcla//500.txt;isobarbaloin;0;0.001;
./datasets/SuffixArchivos/Mezcla//500_2.txt;isobarbaloin;0;0.001;
./datasets/SuffixArchivos/Mezcla//1000.txt;phototrichromatic;0;0;
./datasets/SuffixArchivos/Mezcla//1000_2.txt;phototrichromatic;0;0;
./datasets/SuffixArchivos/Mezcla//1000_3.txt;phototrichromatic;0;0;
./datasets/SuffixArchivos/Mezcla//1000_4.txt;phototrichromatic;0;0;
./datasets/SuffixArchivos/Mezcla//1000_5.txt;phototrichromatic;0;0;
./datasets/SuffixArchivos/Mezcla//1000_6.txt;phototrichromatic;0;0;
./datasets/SuffixArchivos/Mezcla//200.txt;phototrichromatic;0;0;
./datasets/SuffixArchivos/Mezcla//200_2.txt;phototrichromatic;0;0;
./datasets/SuffixArchivos/Mezcla//500.txt;phototrichromatic;0;0;
./datasets/SuffixArchivos/Mezcla//500_2.txt;phototrichromatic;0;0;
./datasets/SuffixArchivos/Mezcla//1000.txt;ectomorphy;0;0.001008;
./datasets/SuffixArchivos/Mezcla//1000_2.txt;ectomorphy;0;0.001008;
./datasets/SuffixArchivos/Mezcla//1000_3.txt;ectomorphy;0;0.001008;
./datasets/SuffixArchivos/Mezcla//1000_4.txt;ectomorphy;0;0.001008;
./datasets/SuffixArchivos/Mezcla//1000_5.txt;ectomorphy;0;0.001008;
./datasets/SuffixArchivos/Mezcla//1000_6.txt;ectomorphy;0;0.001008;
./datasets/SuffixArchivos/Mezcla//200.txt;ectomorphy;0;0.001008;
./datasets/SuffixArchivos/Mezcla//200_2.txt;ectomorphy;0;0.001008;
./datasets/SuffixArchivos/Mezcla//500.txt;ectomorphy;0;0.001008;
./datasets/SuffixArchivos/Mezcla//500_2.txt;ectomorphy;0;0.001008;
./datasets/SuffixArchivos/Mezcla//1000.txt;rollickingness;0;0;
./datasets/SuffixArchivos/Mezcla//1000_2.txt;rollickingness;0;0;
./datasets/SuffixArchivos/Mezcla//1000_3.txt;rollickingness;0;0;
./datasets/SuffixArchivos/Mezcla//1000_4.txt;rollickingness;0;0;
./datasets/SuffixArchivos/Mezcla//1000_5.txt;rollickingness;0;0;
./datasets/SuffixArchivos/Mezcla//1000_6.txt;rollickingness;0;0;
./datasets/SuffixArchivos/Mezcla//200.txt;rollickingness;0;0;
./datasets/SuffixArchivos/Mezcla//200_2.txt;rollickingness;0;0;
./datasets/SuffixArchivos/Mezcla//500.txt;rollickingness;0;0;
./datasets/SuffixArchivos/Mezcla//500_2.txt;rollickingness;0;0;
./datasets/SuffixArchivos/Mezcla//1000.txt;preponderance;0;0.000991;
./datasets/SuffixArchivos/Mezcla//1000_2.txt;preponderance;0;0.000991;
./datasets/SuffixArchivos/Mezcla//1000_3.txt;preponderance;0;0.000991;
./datasets/SuffixArchivos/Mezcla//1000_4.txt;preponderance;0;0.000991;
./datasets/SuffixArchivos/Mezcla//1000_5.txt;preponderance;0;0.000991;
./datasets/SuffixArchivos/Mezcla//1000_6.txt;preponderance;0;0.000991;
./datasets/SuffixArchivos/Mezcla//200.txt;preponderance;0;0.000991;
./datasets/SuffixArchivos/Mezcla//200_2.txt;preponderance;0;0.000991;
./datasets/SuffixArchivos/Mezcla//500.txt;preponderance;0;0.000991;
./datasets/SuffixArchivos/Mezcla//500_2.txt;preponderance;0;0.000991;
./datasets/SuffixArchivos/Mezcla//1000.txt;nonprobable;0;0;
./datasets/SuffixArchivos/Mezcla//1000_2.txt;nonprobable;0;0;
./datasets/SuffixArchivos/Mezcla//1000_3.txt;nonprobable;0;0;
./datasets/SuffixArchivos/Mezcla//1000_4.txt;nonprobable;0;0;
./datasets/SuffixArchivos/Mezcla//1000_5.txt;nonprobable;0;0;
./datasets/SuffixArchivos/Mezcla//1000_6.txt;nonprobable;0;0;
./datasets/SuffixArchivos/Mezcla//200.txt;nonprobable;0;0;
./datasets/SuffixArchivos/Mezcla//200_2.txt;nonprobable;0;0;
./datasets/SuffixArchivos/Mezcla//500.txt;nonprobable;0;0;
./datasets/SuffixArchivos/Mezcla//500_2.txt;nonprobable;0;0;
./datasets/SuffixArchivos/Mezcla//1000.txt;counterreckoning;0;0.000999;
./datasets/SuffixArchivos/Mezcla//1000_2.txt;counterreckoning;0;0.000999;
./datasets/SuffixArchivos/Mezcla//1000_3.txt;counterreckoning;0;0.000999;
./datasets/SuffixArchivos/Mezcla//1000_4.txt;counterreckoning;0;0.000999;
./datasets/SuffixArchivos/Mezcla//1000_5.txt;counterreckoning;0;0.000999;
./datasets/SuffixArchivos/Mezcla//1000_6.txt;counterreckoning;0;0.000999;
./datasets/SuffixArchivos/Mezcla//200.txt;counterreckoning;0;0.000999;
./datasets/SuffixArchivos/Mezcla//200_2.txt;counterreckoning;0;0.000999;
./datasets/SuffixArchivos/Mezcla//500.txt;counterreckoning;0;0.000999;
./datasets/SuffixArchivos/Mezcla//500_2.txt;counterreckoning;0;0.000999;
./datasets/SuffixArchivos/Mezcla//1000.txt;unenforcedly;0;0;
./datasets/SuffixArchivos/Mezcla//1000_2.txt;unenforcedly;0;0;
./datasets/SuffixArchivos/Mezcla//1000_3.txt;unenforcedly;0;0;
./datasets/SuffixArchivos/Mezcla//1000_4.txt;unenforcedly;0;0;
./datasets/SuffixArchivos/Mezcla//1000_5.txt;unenforcedly;0;0;
./datasets/SuffixArchivos/Mezcla//1000_6.txt;unenforcedly;0;0;
./datasets/SuffixArchivos/Mezcla//200.txt;unenforcedly;0;0;
./datasets/SuffixArchivos/Mezcla//200_2.txt;unenforcedly;0;0;
./datasets/SuffixArchivos/Mezcla//500.txt;unenforcedly;0;0;
./datasets/SuffixArchivos/Mezcla//500_2.txt;unenforcedly;0;0;
./datasets/SuffixArchivos/Mezcla//1000.txt;Saratogan;0;0.001;
./datasets/SuffixArchivos/Mezcla//1000_2.txt;Saratogan;0;0.001;
./datasets/SuffixArchivos/Mezcla//1000_3.txt;Saratogan;0;0.001;
./datasets/SuffixArchivos/Mezcla//1000_4.txt;Saratogan;0;0.001;
./datasets/SuffixArchivos/Mezcla//1000_5.txt;Saratogan;0;0.001;
./datasets/SuffixArchivos/Mezcla//1000_6.txt;Saratogan;0;0.001;
./datasets/SuffixArchivos/Mezcla//200.txt;Saratogan;0;0.001;
./datasets/SuffixArchivos/Mezcla//200_2.txt;Saratogan;0;0.001;
./datasets/SuffixArchivos/Mezcla//500.txt;Saratogan;0;0.001;
./datasets/SuffixArchivos/Mezcla//500_2.txt;Saratogan;0;0.001;
./datasets/SuffixArchivos/Mezcla//1000.txt;minienize;0;0;
./datasets/SuffixArchivos/Mezcla//1000_2.txt;minienize;0;0;
./datasets/SuffixArchivos/Mezcla//1000_3.txt;minienize;0;0;
./datasets/SuffixArchivos/Mezcla//1000_4.txt;minienize;0;0;
./datasets/SuffixArchivos/Mezcla//1000_5.txt;minienize;0;0;
./datasets/SuffixArchivos/Mezcla//1000_6.txt;minienize;0;0;
./datasets/SuffixArchivos/Mezcla//200.txt;minienize;0;0;
./datasets/SuffixArchivos/Mezcla//200_2.txt;minienize;0;0;
./datasets/SuffixArchivos/Mezcla//500.txt;minienize;0;0;
./datasets/SuffixArchivos/Mezcla//500_2.txt;minienize;0;0;
./datasets/SuffixArchivos/Mezcla//1000.txt;limby;0;0;
./datasets/SuffixArchivos/Mezcla//1000_2.txt;limby;0;0;
./datasets/SuffixArchivos/Mezcla//1000_3.txt;limby;0;0;
./datasets/SuffixArchivos/Mezcla//1000_4.txt;limby;0;0;
./datasets/SuffixArchivos/Mezcla//1000_5.txt;limby;0;0;
./datasets/SuffixArchivos/Mezcla//1000_6.txt;limby;0;0;
./datasets/SuffixArchivos/Mezcla//200.txt;limby;0;0;
./datasets/SuffixArchivos/Mezcla//200_2.txt;limby;0;0;
./datasets/SuffixArchivos/Mezcla//500.txt;limby;0;0;
./datasets/SuffixArchivos/Mezcla//500_2.txt;limby;0;0;
./datasets/SuffixArchivos/Mezcla//1000.txt;lovelorn;0;0;
./datasets/SuffixArchivos/Mezcla//1000_2.txt;lovelorn;0;0;
./datasets/SuffixArchivos/Mezcla//1000_3.txt;lovelorn;0;0;
./datasets/SuffixArchivos/Mezcla//1000_4.txt;lovelorn;0;0;
./datasets/SuffixArchivos/Mezcla//1000_5.txt;lovelorn;0;0;
./datasets/SuffixArchivos/Mezcla//1000_6.txt;lovelorn;0;0;
./datasets/SuffixArchivos/Mezcla//200.txt;lovelorn;0;0;
./datasets/SuffixArchivos/Mezcla//200_2.txt;lovelorn;0;0;
./datasets/SuffixArchivos/Mezcla//500.txt;lovelorn;0;0;
./datasets/SuffixArchivos/Mezcla//500_2.txt;lovelorn;0;0;
./datasets/SuffixArchivos/Mezcla//1000.txt;presartorial;0;0;
./datasets/SuffixArchivos/Mezcla//1000_2.txt;presartorial;0;0;
./datasets/SuffixArchivos/Mezcla//1000_3.txt;presartorial;0;0;
./datasets/SuffixArchivos/Mezcla//1000_4.txt;presartorial;0;0;
./datasets/SuffixArchivos/Mezcla//1000_5.txt;presartorial;0;0;
./datasets/SuffixArchivos/Mezcla//1000_6.txt;presartorial;0;0;
./datasets/SuffixArchivos/Mezcla//200.txt;presartorial;0;0;
./datasets/SuffixArchivos/Mezcla//200_2.txt;presartorial;0;0;
./datasets/SuffixArchivos/Mezcla//500.txt;presartorial;0;0;
./datasets/SuffixArchivos/Mezcla//500_2.txt;presartorial;0;0;
./datasets/SuffixArchivos/Mezcla//1000.txt;Chaetophoraceae;0;0;
./datasets/SuffixArchivos/Mezcla//1000_2.txt;Chaetophoraceae;0;0;
./datasets/SuffixArchivos/Mezcla//1000_3.txt;Chaetophoraceae;0;0;
./datasets/SuffixArchivos/Mezcla//1000_4.txt;Chaetophoraceae;0;0;
./datasets/SuffixArchivos/Mezcla//1000_5.txt;Chaetophoraceae;0;0;
./datasets/SuffixArchivos/Mezcla//1000_6.txt;Chaetophoraceae;0;0;
./datasets/SuffixArchivos/Mezcla//200.txt;Chaetophoraceae;0;0;
./datasets/SuffixArchivos/Mezcla//200_2.txt;Chaetophoraceae;0;0;
./datasets/SuffixArchivos/Mezcla//500.txt;Chaetophoraceae;0;0;
./datasets/SuffixArchivos/Mezcla//500_2.txt;Chaetophoraceae;0;0;
./datasets/SuffixArchivos/Mezcla//1000.txt;intenable;0;0;
./datasets/SuffixArchivos/Mezcla//1000_2.txt;intenable;0;0;
./datasets/SuffixArchivos/Mezcla//1000_3.txt;intenable;0;0;
./datasets/SuffixArchivos/Mezcla//1000_4.txt;intenable;0;0;
./datasets/SuffixArchivos/Mezcla//1000_5.txt;intenable;0;0;
./datasets/SuffixArchivos/Mezcla//1000_6.txt;intenable;0;0;
./datasets/SuffixArchivos/Mezcla//200.txt;intenable;0;0;
./datasets/SuffixArchivos/Mezcla//200_2.txt;intenable;0;0;
./datasets/SuffixArchivos/Mezcla//500.txt;intenable;0;0;
./datasets/SuffixArchivos/Mezcla//500_2.txt;intenable;0;0;
./datasets/SuffixArchivos/Mezcla//1000.txt;satisfying;0;0.000999;
./datasets/SuffixArchivos/Mezcla//1000_2.txt;satisfying;0;0.000999;
./datasets/SuffixArchivos/Mezcla//1000_3.txt;satisfying;0;0.000999;
./datasets/SuffixArchivos/Mezcla//1000_4.txt;satisfying;0;0.000999;
./datasets/SuffixArchivos/Mezcla//1000_5.txt;satisfying;0;0.000999;
./datasets/SuffixArchivos/Mezcla//1000_6.txt;satisfying;0;0.000999;
./datasets/SuffixArchivos/Mezcla//200.txt;satisfying;0;0.000999;
./datasets/SuffixArchivos/Mezcla//200_2.txt;satisfying;0;0.000999;
./datasets/SuffixArchivos/Mezcla//500.txt;satisfying;0;0.000999;
./datasets/SuffixArchivos/Mezcla//500_2.txt;satisfying;0;0.000999;
./datasets/SuffixArchivos/Mezcla//1000.txt;columnization;0;0;
./datasets/SuffixArchivos/Mezcla//1000_2.txt;columnization;0;0;
./datasets/SuffixArchivos/Mezcla//1000_3.txt;columnization;0;0;
./datasets/SuffixArchivos/Mezcla//1000_4.txt;columnization;0;0;
./datasets/SuffixArchivos/Mezcla//1000_5.txt;columnization;0;0;
./datasets/SuffixArchivos/Mezcla//1000_6.txt;columnization;0;0;
./datasets/SuffixArchivos/Mezcla//200.txt;columnization;0;0;
./datasets/SuffixArchivos/Mezcla//200_2.txt;columnization;0;0;
./datasets/SuffixArchivos/Mezcla//500.txt;columnization;0;0;
./datasets/SuffixArchivos/Mezcla//500_2.txt;columnization;0;0;
./datasets/SuffixArchivos/Mezcla//1000.txt;brotulid;0;0;
./datasets/SuffixArchivos/Mezcla//1000_2.txt;brotulid;0;0;
./datasets/SuffixArchivos/Mezcla//1000_3.txt;brotulid;0;0;
./datasets/SuffixArchivos/Mezcla//1000_4.txt;brotulid;0;0;
./datasets/SuffixArchivos/Mezcla//1000_5.txt;brotulid;0;0;
./datasets/SuffixArchivos/Mezcla//1000_6.txt;brotulid;0;0;
./datasets/SuffixArchivos/Mezcla//200.txt;brotulid;0;0;
./datasets/SuffixArchivos/Mezcla//200_2.txt;brotulid;0;0;
./datasets/SuffixArchivos/Mezcla//500.txt;brotulid;0;0;
./datasets/SuffixArchivos/Mezcla//500_2.txt;brotulid;0;0;
./datasets/SuffixArchivos/Mezcla//1000.txt;interenjoy;0;0;
./datasets/SuffixArchivos/Mezcla//1000_2.txt;interenjoy;0;0;
./datasets/SuffixArchivos/Mezcla//1000_3.txt;interenjoy;0;0;
./datasets/SuffixArchivos/Mezcla//1000_4.txt;interenjoy;0;0;
./datasets/SuffixArchivos/Mezcla//1000_5.txt;interenjoy;0;0;
./datasets/SuffixArchivos/Mezcla//1000_6.txt;interenjoy;0;0;
./datasets/SuffixArchivos/Mezcla//200.txt;interenjoy;0;0;
./datasets/SuffixArchivos/Mezcla//200_2.txt;interenjoy;0;0;
./datasets/SuffixArchivos/Mezcla//500.txt;interenjoy;0;0;
./datasets/SuffixArchivos/Mezcla//500_2.txt;interenjoy;0;0;
./datasets/SuffixArchivos/Mezcla//1000.txt;subtriplicated;0;0.001001;
./datasets/SuffixArchivos/Mezcla//1000_2.txt;subtriplicated;0;0.001001;
./datasets/SuffixArchivos/Mezcla//1000_3.txt;subtriplicated;0;0.001001;
./datasets/SuffixArchivos/Mezcla//1000_4.txt;subtriplicated;0;0.001001;
./datasets/SuffixArchivos/Mezcla//1000_5.txt;subtriplicated;0;0.001001;
./datasets/SuffixArchivos/Mezcla//1000_6.txt;subtriplicated;0;0.001001;
./datasets/SuffixArchivos/Mezcla//200.txt;subtriplicated;0;0.001001;
./datasets/SuffixArchivos/Mezcla//200_2.txt;subtriplicated;0;0.001001;
./datasets/SuffixArchivos/Mezcla//500.txt;subtriplicated;0;0.001001;
./datasets/SuffixArchivos/Mezcla//500_2.txt;subtriplicated;0;0.001001;
./datasets/SuffixArchivos/Mezcla//1000.txt;Vaudois;0;0;
./datasets/SuffixArchivos/Mezcla//1000_2.txt;Vaudois;0;0;
./datasets/SuffixArchivos/Mezcla//1000_3.txt;Vaudois;0;0;
./datasets/SuffixArchivos/Mezcla//1000_4.txt;Vaudois;0;0;
./datasets/SuffixArchivos/Mezcla//1000_5.txt;Vaudois;0;0;
./datasets/SuffixArchivos/Mezcla//1000_6.txt;Vaudois;0;0;
./datasets/SuffixArchivos/Mezcla//200.txt;Vaudois;0;0;
./datasets/SuffixArchivos/Mezcla//200_2.txt;Vaudois;0;0;
./datasets/SuffixArchivos/Mezcla//500.txt;Vaudois;0;0;
./datasets/SuffixArchivos/Mezcla//500_2.txt;Vaudois;0;0;
./datasets/SuffixArchivos/Mezcla//1000.txt;Dioscorea;0;0.000999;
./datasets/SuffixArchivos/Mezcla//1000_2.txt;Dioscorea;0;0.000999;
./datasets/SuffixArchivos/Mezcla//1000_3.txt;Dioscorea;0;0.000999;
./datasets/SuffixArchivos/Mezcla//1000_4.txt;Dioscorea;0;0.000999;
./datasets/SuffixArchivos/Mezcla//1000_5.txt;Dioscorea;0;0.000999;
./datasets/SuffixArchivos/Mezcla//1000_6.txt;Dioscorea;0;0.000999;
./datasets/SuffixArchivos/Mezcla//200.txt;Dioscorea;0;0.000999;
./datasets/SuffixArchivos/Mezcla//200_2.txt;Dioscorea;0;0.000999;
./datasets/SuffixArchivos/Mezcla//500.txt;Dioscorea;0;0.000999;
./datasets/SuffixArchivos/Mezcla//500_2.txt;Dioscorea;0;0.000999;
./datasets/SuffixArchivos/Mezcla//1000.txt;Brachiata;0;0;
./datasets/SuffixArchivos/Mezcla//1000_2.txt;Brachiata;0;0;
./datasets/SuffixArchivos/Mezcla//1000_3.txt;Brachiata;0;0;
./datasets/SuffixArchivos/Mezcla//1000_4.txt;Brachiata;0;0;
./datasets/SuffixArchivos/Mezcla//1000_5.txt;Brachiata;0;0;
./datasets/SuffixArchivos/Mezcla//1000_6.txt;Brachiata;0;0;
./datasets/SuffixArchivos/Mezcla//200.txt;Brachiata;0;0;
./datasets/SuffixArchivos/Mezcla//200_2.txt;Brachiata;0;0;
./datasets/SuffixArchivos/Mezcla//500.txt;Brachiata;0;0;
./datasets/SuffixArchivos/Mezcla//500_2.txt;Brachiata;0;0;
./datasets/SuffixArchivos/Mezcla//1000.txt;unpunishable;0;0.000999;
./datasets/SuffixArchivos/Mezcla//1000_2.txt;unpunishable;0;0.000999;
./datasets/SuffixArchivos/Mezcla//1000_3.txt;unpunishable;0;0.000999;
./datasets/SuffixArchivos/Mezcla//1000_4.txt;unpunishable;0;0.000999;
./datasets/SuffixArchivos/Mezcla//1000_5.txt;unpunishable;0;0.000999;
./datasets/SuffixArchivos/Mezcla//1000_6.txt;unpunishable;0;0.000999;
./datasets/SuffixArchivos/Mezcla//200.txt;unpunishable;0;0.000999;
./datasets/SuffixArchivos/Mezcla//200_2.txt;unpunishable;0;0.000999;
./datasets/SuffixArchivos/Mezcla//500.txt;unpunishable;0;0.000999;
./datasets/SuffixArchivos/Mezcla//500_2.txt;unpunishable;0;0.000999;
./datasets/SuffixArchivos/Mezcla//1000.txt;Latvian;0;0;
./datasets/SuffixArchivos/Mezcla//1000_2.txt;Latvian;0;0;
./datasets/SuffixArchivos/Mezcla//1000_3.txt;Latvian;0;0;
./datasets/SuffixArchivos/Mezcla//1000_4.txt;Latvian;0;0;
./datasets/SuffixArchivos/Mezcla//1000_5.txt;Latvian;0;0;
./datasets/SuffixArchivos/Mezcla//1000_6.txt;Latvian;0;0;
./datasets/SuffixArchivos/Mezcla//200.txt;Latvian;0;0;
./datasets/SuffixArchivos/Mezcla//200_2.txt;Latvian;0;0;
./datasets/SuffixArchivos/Mezcla//500.txt;Latvian;0;0;
./datasets/SuffixArchivos/Mezcla//500_2.txt;Latvian;0;0;
./datasets/SuffixArchivos/Mezcla//1000.txt;siccity;0;0;
./datasets/SuffixArchivos/Mezcla//1000_2.txt;siccity;0;0;
./datasets/SuffixArchivos/Mezcla//1000_3.txt;siccity;0;0;
./datasets/SuffixArchivos/Mezcla//1000_4.txt;siccity;0;0;
./datasets/SuffixArchivos/Mezcla//1000_5.txt;siccity;0;0;
./datasets/SuffixArchivos/Mezcla//1000_6.txt;siccity;0;0;
./datasets/SuffixArchivos/Mezcla//200.txt;siccity;0;0;
./datasets/SuffixArchivos/Mezcla//200_2.txt;siccity;0;0;
./datasets/SuffixArchivos/Mezcla//500.txt;siccity;0;0;
./datasets/SuffixArchivos/Mezcla//500_2.txt;siccity;0;0;
./datasets/SuffixArchivos/Mezcla//1000.txt;blossomtime;0;0;
./datasets/SuffixArchivos/Mezcla//1000_2.txt;blossomtime;0;0;
./datasets/SuffixArchivos/Mezcla//1000_3.txt;blossomtime;0;0;
./datasets/SuffixArchivos/Mezcla//1000_4.txt;blossomtime;0;0;
./datasets/SuffixArchivos/Mezcla//1000_5.txt;blossomtime;0;0;
./datasets/SuffixArchivos/Mezcla//1000_6.txt;blossomtime;0;0;
./datasets/SuffixArchivos/Mezcla//200.txt;blossomtime;0;0;
./datasets/SuffixArchivos/Mezcla//200_2.txt;blossomtime;0;0;
./datasets/SuffixArchivos/Mezcla//500.txt;blossomtime;0;0;
./datasets/SuffixArchivos/Mezcla//500_2.txt;blossomtime;0;0;
./datasets/SuffixArchivos/Mezcla//1000.txt;Castalia;0;0.001;
./datasets/SuffixArchivos/Mezcla//1000_2.txt;Castalia;0;0.001;
./datasets/SuffixArchivos/Mezcla//1000_3.txt;Castalia;0;0.001;
./datasets/SuffixArchivos/Mezcla//1000_4.txt;Castalia;0;0.001;
./datasets/SuffixArchivos/Mezcla//1000_5.txt;Castalia;0;0.001;
./datasets/SuffixArchivos/Mezcla//1000_6.txt;Castalia;0;0.001;
./datasets/SuffixArchivos/Mezcla//200.txt;Castalia;0;0.001;
./datasets/SuffixArchivos/Mezcla//200_2.txt;Castalia;0;0.001;
./datasets/SuffixArchivos/Mezcla//500.txt;Castalia;0;0.001;
./datasets/SuffixArchivos/Mezcla//500_2.txt;Castalia;0;0.001;
./datasets/SuffixArchivos/Mezcla//1000.txt;dephlegmator;0;0;
./datasets/SuffixArchivos/Mezcla//1000_2.txt;dephlegmator;0;0;
./datasets/SuffixArchivos/Mezcla//1000_3.txt;dephlegmator;0;0;
./datasets/SuffixArchivos/Mezcla//1000_4.txt;dephlegmator;0;0;
./datasets/SuffixArchivos/Mezcla//1000_5.txt;dephlegmator;0;0;
./datasets/SuffixArchivos/Mezcla//1000_6.txt;dephlegmator;0;0;
./datasets/SuffixArchivos/Mezcla//200.txt;dephlegmator;0;0;
./datasets/SuffixArchivos/Mezcla//200_2.txt;dephlegmator;0;0;
./datasets/SuffixArchivos/Mezcla//500.txt;dephlegmator;0;0;
./datasets/SuffixArchivos/Mezcla//500_2.txt;dephlegmator;0;0;
./datasets/SuffixArchivos/Mezcla//1000.txt;apagogically;0;0.001016;
./datasets/SuffixArchivos/Mezcla//1000_2.txt;apagogically;0;0.001016;
./datasets/SuffixArchivos/Mezcla//1000_3.txt;apagogically;0;0.001016;
./datasets/SuffixArchivos/Mezcla//1000_4.txt;apagogically;0;0.001016;
./datasets/SuffixArchivos/Mezcla//1000_5.txt;apagogically;0;0.001016;
./datasets/SuffixArchivos/Mezcla//1000_6.txt;apagogically;0;0.001016;
./datasets/SuffixArchivos/Mezcla//200.txt;apagogically;0;0.001016;
./datasets/SuffixArchivos/Mezcla//200_2.txt;apagogically;0;0.001016;
./datasets/SuffixArchivos/Mezcla//500.txt;apagogically;0;0.001016;
./datasets/SuffixArchivos/Mezcla//500_2.txt;apagogically;0;0.001016;
./datasets/SuffixArchivos/Mezcla//1000.txt;Aglypha;0;0;
./datasets/SuffixArchivos/Mezcla//1000_2.txt;Aglypha;0;0;
./datasets/SuffixArchivos/Mezcla//1000_3.txt;Aglypha;0;0;
./datasets/SuffixArchivos/Mezcla//1000_4.txt;Aglypha;0;0;
./datasets/SuffixArchivos/Mezcla//1000_5.txt;Aglypha;0;0;
./datasets/SuffixArchivos/Mezcla//1000_6.txt;Aglypha;0;0;
./datasets/SuffixArchivos/Mezcla//200.txt;Aglypha;0;0;
./datasets/SuffixArchivos/Mezcla//200_2.txt;Aglypha;0;0;
./datasets/SuffixArchivos/Mezcla//500.txt;Aglypha;0;0;
./datasets/SuffixArchivos/Mezcla//500_2.txt;Aglypha;0;0;
./datasets/SuffixArchivos/Mezcla//1000.txt;withdrawment;0;0;
./datasets/SuffixArchivos/Mezcla//1000_2.txt;withdrawment;0;0;
./datasets/SuffixArchivos/Mezcla//1000_3.txt;withdrawment;0;0;
./datasets/SuffixArchivos/Mezcla//1000_4.txt;withdrawment;0;0;
./datasets/SuffixArchivos/Mezcla//1000_5.txt;withdrawment;0;0;
./datasets/SuffixArchivos/Mezcla//1000_6.txt;withdrawment;0;0;
./datasets/SuffixArchivos/Mezcla//200.txt;withdrawment;0;0;
./datasets/SuffixArchivos/Mezcla//200_2.txt;withdrawment;0;0;
./datasets/SuffixArchivos/Mezcla//500.txt;withdrawment;0;0;
./datasets/SuffixArchivos/Mezcla//500_2.txt;withdrawment;0;0;
./datasets/SuffixArchivos/Mezcla//1000.txt;hemoproctia;0;0;
./datasets/SuffixArchivos/Mezcla//1000_2.txt;hemoproctia;0;0;
./datasets/SuffixArchivos/Mezcla//1000_3.txt;hemoproctia;0;0;
./datasets/SuffixArchivos/Mezcla//1000_4.txt;hemoproctia;0;0;
./datasets/SuffixArchivos/Mezcla//1000_5.txt;hemoproctia;0;0;
./datasets/SuffixArchivos/Mezcla//1000_6.txt;hemoproctia;0;0;
./datasets/SuffixArchivos/Mezcla//200.txt;hemoproctia;0;0;
./datasets/SuffixArchivos/Mezcla//200_2.txt;hemoproctia;0;0;
./datasets/SuffixArchivos/Mezcla//500.txt;hemoproctia;0;0;
./datasets/SuffixArchivos/Mezcla//500_2.txt;hemoproctia;0;0;
./datasets/SuffixArchivos/Mezcla//1000.txt;unfailableness;0;0;
./datasets/SuffixArchivos/Mezcla//1000_2.txt;unfailableness;0;0;
./datasets/SuffixArchivos/Mezcla//1000_3.txt;unfailableness;0;0;
./datasets/SuffixArchivos/Mezcla//1000_4.txt;unfailableness;0;0;
./datasets/SuffixArchivos/Mezcla//1000_5.txt;unfailableness;0;0;
./datasets/SuffixArchivos/Mezcla//1000_6.txt;unfailableness;0;0;
./datasets/SuffixArchivos/Mezcla//200.txt;unfailableness;0;0;
./datasets/SuffixArchivos/Mezcla//200_2.txt;unfailableness;0;0;
./datasets/SuffixArchivos/Mezcla//500.txt;unfailableness;0;0;
./datasets/SuffixArchivos/Mezcla//500_2.txt;unfailableness;0;0;
./datasets/SuffixArchivos/Mezcla//1000.txt;inventorial;0;0;
./datasets/SuffixArchivos/Mezcla//1000_2.txt;inventorial;0;0;
./datasets/SuffixArchivos/Mezcla//1000_3.txt;inventorial;0;0;
./datasets/SuffixArchivos/Mezcla//1000_4.txt;inventorial;0;0;
./datasets/SuffixArchivos/Mezcla//1000_5.txt;inventorial;0;0;
./datasets/SuffixArchivos/Mezcla//1000_6.txt;inventorial;0;0;
./datasets/SuffixArchivos/Mezcla//200.txt;inventorial;0;0;
./datasets/SuffixArchivos/Mezcla//200_2.txt;inventorial;0;0;
./datasets/SuffixArchivos/Mezcla//500.txt;inventorial;0;0;
./datasets/SuffixArchivos/Mezcla//500_2.txt;inventorial;0;0;
./datasets/SuffixArchivos/Mezcla//1000.txt;Pyrrhic;0;0;
./datasets/SuffixArchivos/Mezcla//1000_2.txt;Pyrrhic;0;0;
./datasets/SuffixArchivos/Mezcla//1000_3.txt;Pyrrhic;0;0;
./datasets/SuffixArchivos/Mezcla//1000_4.txt;Pyrrhic;0;0;
./datasets/SuffixArchivos/Mezcla//1000_5.txt;Pyrrhic;0;0;
./datasets/SuffixArchivos/Mezcla//1000_6.txt;Pyrrhic;0;0;
./datasets/SuffixArchivos/Mezcla//200.txt;Pyrrhic;0;0;
./datasets/SuffixArchivos/Mezcla//200_2.txt;Pyrrhic;0;0;
./datasets/SuffixArchivos/Mezcla//500.txt;Pyrrhic;0;0;
./datasets/SuffixArchivos/Mezcla//500_2.txt;Pyrrhic;0;0;
./datasets/SuffixArchivos/Mezcla//1000.txt;barbiturate;0;0;
./datasets/SuffixArchivos/Mezcla//1000_2.txt;barbiturate;0;0;
./datasets/SuffixArchivos/Mezcla//1000_3.txt;barbiturate;0;0;
./datasets/SuffixArchivos/Mezcla//1000_4.txt;barbiturate;0;0;
./datasets/SuffixArchivos/Mezcla//1000_5.txt;barbiturate;0;0;
./datasets/SuffixArchivos/Mezcla//1000_6.txt;barbiturate;0;0;
./datasets/SuffixArchivos/Mezcla//200.txt;barbiturate;0;0;
./datasets/SuffixArchivos/Mezcla//200_2.txt;barbiturate;0;0;
./datasets/SuffixArchivos/Mezcla//500.txt;barbiturate;0;0;
./datasets/SuffixArchivos/Mezcla//500_2.txt;barbiturate;0;0;
./datasets/SuffixArchivos/Mezcla//1000.txt;undetermination;0;0.001;
./datasets/SuffixArchivos/Mezcla//1000_2.txt;undetermination;0;0.001;
./datasets/SuffixArchivos/Mezcla//1000_3.txt;undetermination;0;0.001;
./datasets/SuffixArchivos/Mezcla//1000_4.txt;undetermination;0;0.001;
./datasets/SuffixArchivos/Mezcla//1000_5.txt;undetermination;0;0.001;
./datasets/SuffixArchivos/Mezcla//1000_6.txt;undetermination;0;0.001;
./datasets/SuffixArchivos/Mezcla//200.txt;undetermination;0;0.001;
./datasets/SuffixArchivos/Mezcla//200_2.txt;undetermination;0;0.001;
./datasets/SuffixArchivos/Mezcla//500.txt;undetermination;0;0.001;
./datasets/SuffixArchivos/Mezcla//500_2.txt;undetermination;0;0.001;
./datasets/SuffixArchivos/Mezcla//1000.txt;osteoscope;0;0;
./datasets/SuffixArchivos/Mezcla//1000_2.txt;osteoscope;0;0;
./datasets/SuffixArchivos/Mezcla//1000_3.txt;osteoscope;0;0;
./datasets/SuffixArchivos/Mezcla//1000_4.txt;osteoscope;0;0;
./datasets/SuffixArchivos/Mezcla//1000_5.txt;osteoscope;0;0;
./datasets/SuffixArchivos/Mezcla//1000_6.txt;osteoscope;0;0;
./datasets/SuffixArchivos/Mezcla//200.txt;osteoscope;0;0;
./datasets/SuffixArchivos/Mezcla//200_2.txt;osteoscope;0;0;
./datasets/SuffixArchivos/Mezcla//500.txt;osteoscope;0;0;
./datasets/SuffixArchivos/Mezcla//500_2.txt;osteoscope;0;0;
./datasets/SuffixArchivos/Mezcla//1000.txt;lutulence;0;0;
./datasets/SuffixArchivos/Mezcla//1000_2.txt;lutulence;0;0;
./datasets/SuffixArchivos/Mezcla//1000_3.txt;lutulence;0;0;
./datasets/SuffixArchivos/Mezcla//1000_4.txt;lutulence;0;0;
./datasets/SuffixArchivos/Mezcla//1000_5.txt;lutulence;0;0;
./datasets/SuffixArchivos/Mezcla//1000_6.txt;lutulence;0;0;
./datasets/SuffixArchivos/Mezcla//200.txt;lutulence;0;0;
./datasets/SuffixArchivos/Mezcla//200_2.txt;lutulence;0;0;
./datasets/SuffixArchivos/Mezcla//500.txt;lutulence;0;0;
./datasets/SuffixArchivos/Mezcla//500_2.txt;lutulence;0;0;
./datasets/SuffixArchivos/Mezcla//1000.txt;Rajah;0;0;
./datasets/SuffixArchivos/Mezcla//1000_2.txt;Rajah;0;0;
./datasets/SuffixArchivos/Mezcla//1000_3.txt;Rajah;0;0;
./datasets/SuffixArchivos/Mezcla//1000_4.txt;Rajah;0;0;
./datasets/SuffixArchivos/Mezcla//1000_5.txt;Rajah;0;0;
./datasets/SuffixArchivos/Mezcla//1000_6.txt;Rajah;0;0;
./datasets/SuffixArchivos/Mezcla//200.txt;Rajah;0;0;
./datasets/SuffixArchivos/Mezcla//200_2.txt;Rajah;0;0;
./datasets/SuffixArchivos/Mezcla//500.txt;Rajah;0;0;
./datasets/SuffixArchivos/Mezcla//500_2.txt;Rajah;0;0;
./datasets/SuffixArchivos/Mezcla//1000.txt;tortricoid;0;0;
./datasets/SuffixArchivos/Mezcla//1000_2.txt;tortricoid;0;0;
./datasets/SuffixArchivos/Mezcla//1000_3.txt;tortricoid;0;0;
./datasets/SuffixArchivos/Mezcla//1000_4.txt;tortricoid;0;0;
./datasets/SuffixArchivos/Mezcla//1000_5.txt;tortricoid;0;0;
./datasets/SuffixArchivos/Mezcla//1000_6.txt;tortricoid;0;0;
./datasets/SuffixArchivos/Mezcla//200.txt;tortricoid;0;0;
./datasets/SuffixArchivos/Mezcla//200_2.txt;tortricoid;0;0;
./datasets/SuffixArchivos/Mezcla//500.txt;tortricoid;0;0;
./datasets/SuffixArchivos/Mezcla//500_2.txt;tortricoid;0;0;
./datasets/SuffixArchivos/Mezcla//1000.txt;subglacially;0;0.000999;
./datasets/SuffixArchivos/Mezcla//1000_2.txt;subglacially;0;0.000999;
./datasets/SuffixArchivos/Mezcla//1000_3.txt;subglacially;0;0.000999;
./datasets/SuffixArchivos/Mezcla//1000_4.txt;subglacially;0;0.000999;
./datasets/SuffixArchivos/Mezcla//1000_5.txt;subglacially;0;0.000999;
./datasets/SuffixArchivos/Mezcla//1000_6.txt;subglacially;0;0.000999;
./datasets/SuffixArchivos/Mezcla//200.txt;subglacially;0;0.000999;
./datasets/SuffixArchivos/Mezcla//200_2.txt;subglacially;0;0.000999;
./datasets/SuffixArchivos/Mezcla//500.txt;subglacially;0;0.000999;
./datasets/SuffixArchivos/Mezcla//500_2.txt;subglacially;0;0.000999;
./datasets/SuffixArchivos/Mezcla//1000.txt;porwigle;0;0.001008;
./datasets/SuffixArchivos/Mezcla//1000_2.txt;porwigle;0;0.001008;
./datasets/SuffixArchivos/Mezcla//1000_3.txt;porwigle;0;0.001008;
./datasets/SuffixArchivos/Mezcla//1000_4.txt;porwigle;0;0.001008;
./datasets/SuffixArchivos/Mezcla//1000_5.txt;porwigle;0;0.001008;
./datasets/SuffixArchivos/Mezcla//1000_6.txt;porwigle;0;0.001008;
./datasets/SuffixArchivos/Mezcla//200.txt;porwigle;0;0.001008;
./datasets/SuffixArchivos/Mezcla//200_2.txt;porwigle;0;0.001008;
./datasets/SuffixArchivos/Mezcla//500.txt;porwigle;0;0.001008;
./datasets/SuffixArchivos/Mezcla//500_2.txt;porwigle;0;0.001008;
./datasets/SuffixArchivos/Mezcla//1000.txt;complacent;0;0;
./datasets/SuffixArchivos/Mezcla//1000_2.txt;complacent;0;0;
./datasets/SuffixArchivos/Mezcla//1000_3.txt;complacent;0;0;
./datasets/SuffixArchivos/Mezcla//1000_4.txt;complacent;0;0;
./datasets/SuffixArchivos/Mezcla//1000_5.txt;complacent;0;0;
./datasets/SuffixArchivos/Mezcla//1000_6.txt;complacent;0;0;
./datasets/SuffixArchivos/Mezcla//200.txt;complacent;0;0;
./datasets/SuffixArchivos/Mezcla//200_2.txt;complacent;0;0;
./datasets/SuffixArchivos/Mezcla//500.txt;complacent;0;0;
./datasets/SuffixArchivos/Mezcla//500_2.txt;complacent;0;0;
./datasets/SuffixArchivos/Mezcla//1000.txt;archagitator;0;0;
./datasets/SuffixArchivos/Mezcla//1000_2.txt;archagitator;0;0;
./datasets/SuffixArchivos/Mezcla//1000_3.txt;archagitator;0;0;
./datasets/SuffixArchivos/Mezcla//1000_4.txt;archagitator;0;0;
./datasets/SuffixArchivos/Mezcla//1000_5.txt;archagitator;0;0;
./datasets/SuffixArchivos/Mezcla//1000_6.txt;archagitator;0;0;
./datasets/SuffixArchivos/Mezcla//200.txt;archagitator;0;0;
./datasets/SuffixArchivos/Mezcla//200_2.txt;archagitator;0;0;
./datasets/SuffixArchivos/Mezcla//500.txt;archagitator;0;0;
./datasets/SuffixArchivos/Mezcla//500_2.txt;archagitator;0;0;
./datasets/SuffixArchivos/Mezcla//1000.txt;sterigmatic;0;0;
./datasets/SuffixArchivos/Mezcla//1000_2.txt;sterigmatic;0;0;
./datasets/SuffixArchivos/Mezcla//1000_3.txt;sterigmatic;0;0;
./datasets/SuffixArchivos/Mezcla//1000_4.txt;sterigmatic;0;0;
./datasets/SuffixArchivos/Mezcla//1000_5.txt;sterigmatic;0;0;
./datasets/SuffixArchivos/Mezcla//1000_6.txt;sterigmatic;0;0;
./datasets/SuffixArchivos/Mezcla//200.txt;sterigmatic;0;0;
./datasets/SuffixArchivos/Mezcla//200_2.txt;sterigmatic;0;0;
./datasets/SuffixArchivos/Mezcla//500.txt;sterigmatic;0;0;
./datasets/SuffixArchivos/Mezcla//500_2.txt;sterigmatic;0;0;
./datasets/SuffixArchivos/Mezcla//1000.txt;hydrocycle;0;0.000999;
./datasets/SuffixArchivos/Mezcla//1000_2.txt;hydrocycle;0;0.000999;
./datasets/SuffixArchivos/Mezcla//1000_3.txt;hydrocycle;0;0.000999;
./datasets/SuffixArchivos/Mezcla//1000_4.txt;hydrocycle;0;0.000999;
./datasets/SuffixArchivos/Mezcla//1000_5.txt;hydrocycle;0;0.000999;
./datasets/SuffixArchivos/Mezcla//1000_6.txt;hydrocycle;0;0.000999;
./datasets/SuffixArchivos/Mezcla//200.txt;hydrocycle;0;0.000999;
./datasets/SuffixArchivos/Mezcla//200_2.txt;hydrocycle;0;0.000999;
./datasets/SuffixArchivos/Mezcla//500.txt;hydrocycle;0;0.000999;
./datasets/SuffixArchivos/Mezcla//500_2.txt;hydrocycle;0;0.000999;
./datasets/SuffixArchivos/Mezcla//1000.txt;misliken;0;0;
./datasets/SuffixArchivos/Mezcla//1000_2.txt;misliken;0;0;
./datasets/SuffixArchivos/Mezcla//1000_3.txt;misliken;0;0;
./datasets/SuffixArchivos/Mezcla//1000_4.txt;misliken;0;0;
./datasets/SuffixArchivos/Mezcla//1000_5.txt;misliken;0;0;
./datasets/SuffixArchivos/Mezcla//1000_6.txt;misliken;0;0;
./datasets/SuffixArchivos/Mezcla//200.txt;misliken;0;0;
./datasets/SuffixArchivos/Mezcla//200_2.txt;misliken;0;0;
./datasets/SuffixArchivos/Mezcla//500.txt;misliken;0;0;
./datasets/SuffixArchivos/Mezcla//500_2.txt;misliken;0;0;
./datasets/SuffixArchivos/Mezcla//1000.txt;powerhouse;0;0.000991;
./datasets/SuffixArchivos/Mezcla//1000_2.txt;powerhouse;0;0.000991;
./datasets/SuffixArchivos/Mezcla//1000_3.txt;powerhouse;0;0.000991;
./datasets/SuffixArchivos/Mezcla//1000_4.txt;powerhouse;0;0.000991;
./datasets/SuffixArchivos/Mezcla//1000_5.txt;powerhouse;0;0.000991;
./datasets/SuffixArchivos/Mezcla//1000_6.txt;powerhouse;0;0.000991;
./datasets/SuffixArchivos/Mezcla//200.txt;powerhouse;0;0.000991;
./datasets/SuffixArchivos/Mezcla//200_2.txt;powerhouse;0;0.000991;
./datasets/SuffixArchivos/Mezcla//500.txt;powerhouse;0;0.000991;
./datasets/SuffixArchivos/Mezcla//500_2.txt;powerhouse;0;0.000991;
./datasets/SuffixArchivos/Mezcla//1000.txt;manumission;0;0;
./datasets/SuffixArchivos/Mezcla//1000_2.txt;manumission;0;0;
./datasets/SuffixArchivos/Mezcla//1000_3.txt;manumission;0;0;
./datasets/SuffixArchivos/Mezcla//1000_4.txt;manumission;0;0;
./datasets/SuffixArchivos/Mezcla//1000_5.txt;manumission;0;0;
./datasets/SuffixArchivos/Mezcla//1000_6.txt;manumission;0;0;
./datasets/SuffixArchivos/Mezcla//200.txt;manumission;0;0;
./datasets/SuffixArchivos/Mezcla//200_2.txt;manumission;0;0;
./datasets/SuffixArchivos/Mezcla//500.txt;manumission;0;0;
./datasets/SuffixArchivos/Mezcla//500_2.txt;manumission;0;0;
./datasets/SuffixArchivos/Mezcla//1000.txt;Dardistan;0;0.000998;
./datasets/SuffixArchivos/Mezcla//1000_2.txt;Dardistan;0;0.000998;
./datasets/SuffixArchivos/Mezcla//1000_3.txt;Dardistan;0;0.000998;
./datasets/SuffixArchivos/Mezcla//1000_4.txt;Dardistan;0;0.000998;
./datasets/SuffixArchivos/Mezcla//1000_5.txt;Dardistan;0;0.000998;
./datasets/SuffixArchivos/Mezcla//1000_6.txt;Dardistan;0;0.000998;
./datasets/SuffixArchivos/Mezcla//200.txt;Dardistan;0;0.000998;
./datasets/SuffixArchivos/Mezcla//200_2.txt;Dardistan;0;0.000998;
./datasets/SuffixArchivos/Mezcla//500.txt;Dardistan;0;0.000998;
./datasets/SuffixArchivos/Mezcla//500_2.txt;Dardistan;0;0.000998;
./datasets/SuffixArchivos/Mezcla//1000.txt;oosporic;0;0;
./datasets/SuffixArchivos/Mezcla//1000_2.txt;oosporic;0;0;
./datasets/SuffixArchivos/Mezcla//1000_3.txt;oosporic;0;0;
./datasets/SuffixArchivos/Mezcla//1000_4.txt;oosporic;0;0;
./datasets/SuffixArchivos/Mezcla//1000_5.txt;oosporic;0;0;
./datasets/SuffixArchivos/Mezcla//1000_6.txt;oosporic;0;0;
./datasets/SuffixArchivos/Mezcla//200.txt;oosporic;0;0;
./datasets/SuffixArchivos/Mezcla//200_2.txt;oosporic;0;0;
./datasets/SuffixArchivos/Mezcla//500.txt;oosporic;0;0;
./datasets/SuffixArchivos/Mezcla//500_2.txt;oosporic;0;0;
./datasets/SuffixArchivos/Mezcla//1000.txt;vestal;0;0.001009;
./datasets/SuffixArchivos/Mezcla//1000_2.txt;vestal;0;0.001009;
./datasets/SuffixArchivos/Mezcla//1000_3.txt;vestal;0;0.001009;
./datasets/SuffixArchivos/Mezcla//1000_4.txt;vestal;0;0.001009;
./datasets/SuffixArchivos/Mezcla//1000_5.txt;vestal;0;0.001009;
./datasets/SuffixArchivos/Mezcla//1000_6.txt;vestal;0;0.001009;
./datasets/SuffixArchivos/Mezcla//200.txt;vestal;0;0.001009;
./datasets/SuffixArchivos/Mezcla//200_2.txt;vestal;0;0.001009;
./datasets/SuffixArchivos/Mezcla//500.txt;vestal;0;0.001009;
./datasets/SuffixArchivos/Mezcla//500_2.txt;vestal;0;0.001009;
./datasets/SuffixArchivos/Mezcla//1000.txt;baller;0;0;
./datasets/SuffixArchivos/Mezcla//1000_2.txt;baller;0;0;
./datasets/SuffixArchivos/Mezcla//1000_3.txt;baller;0;0;
./datasets/SuffixArchivos/Mezcla//1000_4.txt;baller;0;0;
./datasets/SuffixArchivos/Mezcla//1000_5.txt;baller;0;0;
./datasets/SuffixArchivos/Mezcla//1000_6.txt;baller;0;0;
./datasets/SuffixArchivos/Mezcla//200.txt;baller;0;0;
./datasets/SuffixArchivos/Mezcla//200_2.txt;baller;0;0;
./datasets/SuffixArchivos/Mezcla//500.txt;baller;0;0;
./datasets/SuffixArchivos/Mezcla//500_2.txt;baller;0;0;
./datasets/SuffixArchivos/Mezcla//1000.txt;heterochronic;0;0.000999;
./datasets/SuffixArchivos/Mezcla//1000_2.txt;heterochronic;0;0.000999;
./datasets/SuffixArchivos/Mezcla//1000_3.txt;heterochronic;0;0.000999;
./datasets/SuffixArchivos/Mezcla//1000_4.txt;heterochronic;0;0.000999;
./datasets/SuffixArchivos/Mezcla//1000_5.txt;heterochronic;0;0.000999;
./datasets/SuffixArchivos/Mezcla//1000_6.txt;heterochronic;0;0.000999;
./datasets/SuffixArchivos/Mezcla//200.txt;heterochronic;0;0.000999;
./datasets/SuffixArchivos/Mezcla//200_2.txt;heterochronic;0;0.000999;
./datasets/SuffixArchivos/Mezcla//500.txt;heterochronic;0;0.000999;
./datasets/SuffixArchivos/Mezcla//500_2.txt;heterochronic;0;0.000999;
./datasets/SuffixArchivos/Mezcla//1000.txt;flyless;0;0;
./datasets/SuffixArchivos/Mezcla//1000_2.txt;flyless;0;0;
./datasets/SuffixArchivos/Mezcla//1000_3.txt;flyless;0;0;
./datasets/SuffixArchivos/Mezcla//1000_4.txt;flyless;0;0;
./datasets/SuffixArchivos/Mezcla//1000_5.txt;flyless;0;0;
./datasets/SuffixArchivos/Mezcla//1000_6.txt;flyless;0;0;
./datasets/SuffixArchivos/Mezcla//200.txt;flyless;0;0;
./datasets/SuffixArchivos/Mezcla//200_2.txt;flyless;0;0;
./datasets/SuffixArchivos/Mezcla//500.txt;flyless;0;0;
./datasets/SuffixArchivos/Mezcla//500_2.txt;flyless;0;0;
./datasets/SuffixArchivos/Mezcla//1000.txt;cuboidal;0;0.001;
./datasets/SuffixArchivos/Mezcla//1000_2.txt;cuboidal;0;0.001;
./datasets/SuffixArchivos/Mezcla//1000_3.txt;cuboidal;0;0.001;
./datasets/SuffixArchivos/Mezcla//1000_4.txt;cuboidal;0;0.001;
./datasets/SuffixArchivos/Mezcla//1000_5.txt;cuboidal;0;0.001;
./datasets/SuffixArchivos/Mezcla//1000_6.txt;cuboidal;0;0.001;
./datasets/SuffixArchivos/Mezcla//200.txt;cuboidal;0;0.001;
./datasets/SuffixArchivos/Mezcla//200_2.txt;cuboidal;0;0.001;
./datasets/SuffixArchivos/Mezcla//500.txt;cuboidal;0;0.001;
./datasets/SuffixArchivos/Mezcla//500_2.txt;cuboidal;0;0.001;
./datasets/SuffixArchivos/Mezcla//1000.txt;adenology;0;0;
./datasets/SuffixArchivos/Mezcla//1000_2.txt;adenology;0;0;
./datasets/SuffixArchivos/Mezcla//1000_3.txt;adenology;0;0;
./datasets/SuffixArchivos/Mezcla//1000_4.txt;adenology;0;0;
./datasets/SuffixArchivos/Mezcla//1000_5.txt;adenology;0;0;
./datasets/SuffixArchivos/Mezcla//1000_6.txt;adenology;0;0;
./datasets/SuffixArchivos/Mezcla//200.txt;adenology;0;0;
./datasets/SuffixArchivos/Mezcla//200_2.txt;adenology;0;0;
./datasets/SuffixArchivos/Mezcla//500.txt;adenology;0;0;
./datasets/SuffixArchivos/Mezcla//500_2.txt;adenology;0;0;
./datasets/SuffixArchivos/Mezcla//1000.txt;miscellaneous;0;0.000999;
./datasets/SuffixArchivos/Mezcla//1000_2.txt;miscellaneous;0;0.000999;
./datasets/SuffixArchivos/Mezcla//1000_3.txt;miscellaneous;0;0.000999;
./datasets/SuffixArchivos/Mezcla//1000_4.txt;miscellaneous;0;0.000999;
./datasets/SuffixArchivos/Mezcla//1000_5.txt;miscellaneous;0;0.000999;
./datasets/SuffixArchivos/Mezcla//1000_6.txt;miscellaneous;0;0.000999;
./datasets/SuffixArchivos/Mezcla//200.txt;miscellaneous;0;0.000999;
./datasets/SuffixArchivos/Mezcla//200_2.txt;miscellaneous;0;0.000999;
./datasets/SuffixArchivos/Mezcla//500.txt;miscellaneous;0;0.000999;
./datasets/SuffixArchivos/Mezcla//500_2.txt;miscellaneous;0;0.000999;
./datasets/SuffixArchivos/Mezcla//1000.txt;imperceptibly;0;0;
./datasets/SuffixArchivos/Mezcla//1000_2.txt;imperceptibly;0;0;
./datasets/SuffixArchivos/Mezcla//1000_3.txt;imperceptibly;0;0;
./datasets/SuffixArchivos/Mezcla//1000_4.txt;imperceptibly;0;0;
./datasets/SuffixArchivos/Mezcla//1000_5.txt;imperceptibly;0;0;
./datasets/SuffixArchivos/Mezcla//1000_6.txt;imperceptibly;0;0;
./datasets/SuffixArchivos/Mezcla//200.txt;imperceptibly;0;0;
./datasets/SuffixArchivos/Mezcla//200_2.txt;imperceptibly;0;0;
./datasets/SuffixArchivos/Mezcla//500.txt;imperceptibly;0;0;
./datasets/SuffixArchivos/Mezcla//500_2.txt;imperceptibly;0;0;
./datasets/SuffixArchivos/Mezcla//1000.txt;decohesion;0;0.001;
./datasets/SuffixArchivos/Mezcla//1000_2.txt;decohesion;0;0.001;
./datasets/SuffixArchivos/Mezcla//1000_3.txt;decohesion;0;0.001;
./datasets/SuffixArchivos/Mezcla//1000_4.txt;decohesion;0;0.001;
./datasets/SuffixArchivos/Mezcla//1000_5.txt;decohesion;0;0.001;
./datasets/SuffixArchivos/Mezcla//1000_6.txt;decohesion;0;0.001;
./datasets/SuffixArchivos/Mezcla//200.txt;decohesion;0;0.001;
./datasets/SuffixArchivos/Mezcla//200_2.txt;decohesion;0;0.001;
./datasets/SuffixArchivos/Mezcla//500.txt;decohesion;0;0.001;
./datasets/SuffixArchivos/Mezcla//500_2.txt;decohesion;0;0.001;
./datasets/SuffixArchivos/Mezcla//1000.txt;Babel;0;0;
./datasets/SuffixArchivos/Mezcla//1000_2.txt;Babel;0;0;
./datasets/SuffixArchivos/Mezcla//1000_3.txt;Babel;0;0;
./datasets/SuffixArchivos/Mezcla//1000_4.txt;Babel;0;0;
./datasets/SuffixArchivos/Mezcla//1000_5.txt;Babel;0;0;
./datasets/SuffixArchivos/Mezcla//1000_6.txt;Babel;0;0;
./datasets/SuffixArchivos/Mezcla//200.txt;Babel;0;0;
./datasets/SuffixArchivos/Mezcla//200_2.txt;Babel;0;0;
./datasets/SuffixArchivos/Mezcla//500.txt;Babel;0;0;
./datasets/SuffixArchivos/Mezcla//500_2.txt;Babel;0;0;
./datasets/SuffixArchivos/Mezcla//1000.txt;thaliacean;0;0.000999;
./datasets/SuffixArchivos/Mezcla//1000_2.txt;thaliacean;0;0.000999;
./datasets/SuffixArchivos/Mezcla//1000_3.txt;thaliacean;0;0.000999;
./datasets/SuffixArchivos/Mezcla//1000_4.txt;thaliacean;0;0.000999;
./datasets/SuffixArchivos/Mezcla//1000_5.txt;thaliacean;0;0.000999;
./datasets/SuffixArchivos/Mezcla//1000_6.txt;thaliacean;0;0.000999;
./datasets/SuffixArchivos/Mezcla//200.txt;thaliacean;0;0.000999;
./datasets/SuffixArchivos/Mezcla//200_2.txt;thaliacean;0;0.000999;
./datasets/SuffixArchivos/Mezcla//500.txt;thaliacean;0;0.000999;
./datasets/SuffixArchivos/Mezcla//500_2.txt;thaliacean;0;0.000999;
./datasets/SuffixArchivos/Mezcla//1000.txt;underivable;0;0;
./datasets/SuffixArchivos/Mezcla//1000_2.txt;underivable;0;0;
./datasets/SuffixArchivos/Mezcla//1000_3.txt;underivable;0;0;
./datasets/SuffixArchivos/Mezcla//1000_4.txt;underivable;0;0;
./datasets/SuffixArchivos/Mezcla//1000_5.txt;underivable;0;0;
./datasets/SuffixArchivos/Mezcla//1000_6.txt;underivable;0;0;
./datasets/SuffixArchivos/Mezcla//200.txt;underivable;0;0;
./datasets/SuffixArchivos/Mezcla//200_2.txt;underivable;0;0;
./datasets/SuffixArchivos/Mezcla//500.txt;underivable;0;0;
./datasets/SuffixArchivos/Mezcla//500_2.txt;underivable;0;0;
./datasets/SuffixArchivos/Mezcla//1000.txt;misexample;0;0.001;
./datasets/SuffixArchivos/Mezcla//1000_2.txt;misexample;0;0.001;
./datasets/SuffixArchivos/Mezcla//1000_3.txt;misexample;0;0.001;
./datasets/SuffixArchivos/Mezcla//1000_4.txt;misexample;0;0.001;
./datasets/SuffixArchivos/Mezcla//1000_5.txt;misexample;0;0.001;
./datasets/SuffixArchivos/Mezcla//1000_6.txt;misexample;0;0.001;
./datasets/SuffixArchivos/Mezcla//200.txt;misexample;0;0.001;
./datasets/SuffixArchivos/Mezcla//200_2.txt;misexample;0;0.001;
./datasets/SuffixArchivos/Mezcla//500.txt;misexample;0;0.001;
./datasets/SuffixArchivos/Mezcla//500_2.txt;misexample;0;0.001;
./datasets/SuffixArchivos/Mezcla//1000.txt;hypersophisticated;0;0;
./datasets/SuffixArchivos/Mezcla//1000_2.txt;hypersophisticated;0;0;
./datasets/SuffixArchivos/Mezcla//1000_3.txt;hypersophisticated;0;0;
./datasets/SuffixArchivos/Mezcla//1000_4.txt;hypersophisticated;0;0;
./datasets/SuffixArchivos/Mezcla//1000_5.txt;hypersophisticated;0;0;
./datasets/SuffixArchivos/Mezcla//1000_6.txt;hypersophisticated;0;0;
./datasets/SuffixArchivos/Mezcla//200.txt;hypersophisticated;0;0;
./datasets/SuffixArchivos/Mezcla//200_2.txt;hypersophisticated;0;0;
./datasets/SuffixArchivos/Mezcla//500.txt;hypersophisticated;0;0;
./datasets/SuffixArchivos/Mezcla//500_2.txt;hypersophisticated;0;0;
./datasets/SuffixArchivos/Mezcla//1000.txt;Cucurbitaceae;0;0;
./datasets/SuffixArchivos/Mezcla//1000_2.txt;Cucurbitaceae;0;0;
./datasets/SuffixArchivos/Mezcla//1000_3.txt;Cucurbitaceae;0;0;
./datasets/SuffixArchivos/Mezcla//1000_4.txt;Cucurbitaceae;0;0;
./datasets/SuffixArchivos/Mezcla//1000_5.txt;Cucurbitaceae;0;0;
./datasets/SuffixArchivos/Mezcla//1000_6.txt;Cucurbitaceae;0;0;
./datasets/SuffixArchivos/Mezcla//200.txt;Cucurbitaceae;0;0;
./datasets/SuffixArchivos/Mezcla//200_2.txt;Cucurbitaceae;0;0;
./datasets/SuffixArchivos/Mezcla//500.txt;Cucurbitaceae;0;0;
./datasets/SuffixArchivos/Mezcla//500_2.txt;Cucurbitaceae;0;0;
./datasets/SuffixArchivos/Mezcla//1000.txt;cherubic;0;0;
./datasets/SuffixArchivos/Mezcla//1000_2.txt;cherubic;0;0;
./datasets/SuffixArchivos/Mezcla//1000_3.txt;cherubic;0;0;
./datasets/SuffixArchivos/Mezcla//1000_4.txt;cherubic;0;0;
./datasets/SuffixArchivos/Mezcla//1000_5.txt;cherubic;0;0;
./datasets/SuffixArchivos/Mezcla//1000_6.txt;cherubic;0;0;
./datasets/SuffixArchivos/Mezcla//200.txt;cherubic;0;0;
./datasets/SuffixArchivos/Mezcla//200_2.txt;cherubic;0;0;
./datasets/SuffixArchivos/Mezcla//500.txt;cherubic;0;0;
./datasets/SuffixArchivos/Mezcla//500_2.txt;cherubic;0;0;
./datasets/SuffixArchivos/Mezcla//1000.txt;esophagotomy;0;0;
./datasets/SuffixArchivos/Mezcla//1000_2.txt;esophagotomy;0;0;
./datasets/SuffixArchivos/Mezcla//1000_3.txt;esophagotomy;0;0;
./datasets/SuffixArchivos/Mezcla//1000_4.txt;esophagotomy;0;0;
./datasets/SuffixArchivos/Mezcla//1000_5.txt;esophagotomy;0;0;
./datasets/SuffixArchivos/Mezcla//1000_6.txt;esophagotomy;0;0;
./datasets/SuffixArchivos/Mezcla//200.txt;esophagotomy;0;0;
./datasets/SuffixArchivos/Mezcla//200_2.txt;esophagotomy;0;0;
./datasets/SuffixArchivos/Mezcla//500.txt;esophagotomy;0;0;
./datasets/SuffixArchivos/Mezcla//500_2.txt;esophagotomy;0;0;
./datasets/SuffixArchivos/Mezcla//1000.txt;Suomic;0;0.000999;
./datasets/SuffixArchivos/Mezcla//1000_2.txt;Suomic;0;0.000999;
./datasets/SuffixArchivos/Mezcla//1000_3.txt;Suomic;0;0.000999;
./datasets/SuffixArchivos/Mezcla//1000_4.txt;Suomic;0;0.000999;
./datasets/SuffixArchivos/Mezcla//1000_5.txt;Suomic;0;0.000999;
./datasets/SuffixArchivos/Mezcla//1000_6.txt;Suomic;0;0.000999;
./datasets/SuffixArchivos/Mezcla//200.txt;Suomic;0;0.000999;
./datasets/SuffixArchivos/Mezcla//200_2.txt;Suomic;0;0.000999;
./datasets/SuffixArchivos/Mezcla//500.txt;Suomic;0;0.000999;
./datasets/SuffixArchivos/Mezcla//500_2.txt;Suomic;0;0.000999;
./datasets/SuffixArchivos/Mezcla//1000.txt;staghorn;0;0;
./datasets/SuffixArchivos/Mezcla//1000_2.txt;staghorn;0;0;
./datasets/SuffixArchivos/Mezcla//1000_3.txt;staghorn;0;0;
./datasets/SuffixArchivos/Mezcla//1000_4.txt;staghorn;0;0;
./datasets/SuffixArchivos/Mezcla//1000_5.txt;staghorn;0;0;
./datasets/SuffixArchivos/Mezcla//1000_6.txt;staghorn;0;0;
./datasets/SuffixArchivos/Mezcla//200.txt;staghorn;0;0;
./datasets/SuffixArchivos/Mezcla//200_2.txt;staghorn;0;0;
./datasets/SuffixArchivos/Mezcla//500.txt;staghorn;0;0;
./datasets/SuffixArchivos/Mezcla//500_2.txt;staghorn;0;0;
./datasets/SuffixArchivos/Mezcla//1000.txt;hysteric;0;0.000999;
./datasets/SuffixArchivos/Mezcla//1000_2.txt;hysteric;0;0.000999;
./datasets/SuffixArchivos/Mezcla//1000_3.txt;hysteric;0;0.000999;
./datasets/SuffixArchivos/Mezcla//1000_4.txt;hysteric;0;0.000999;
./datasets/SuffixArchivos/Mezcla//1000_5.txt;hysteric;0;0.000999;
./datasets/SuffixArchivos/Mezcla//1000_6.txt;hysteric;0;0.000999;
./datasets/SuffixArchivos/Mezcla//200.txt;hysteric;0;0.000999;
./datasets/SuffixArchivos/Mezcla//200_2.txt;hysteric;0;0.000999;
./datasets/SuffixArchivos/Mezcla//500.txt;hysteric;0;0.000999;
./datasets/SuffixArchivos/Mezcla//500_2.txt;hysteric;0;0.000999;
./datasets/SuffixArchivos/Mezcla//1000.txt;quadrumane;0;0;
./datasets/SuffixArchivos/Mezcla//1000_2.txt;quadrumane;0;0;
./datasets/SuffixArchivos/Mezcla//1000_3.txt;quadrumane;0;0;
./datasets/SuffixArchivos/Mezcla//1000_4.txt;quadrumane;0;0;
./datasets/SuffixArchivos/Mezcla//1000_5.txt;quadrumane;0;0;
./datasets/SuffixArchivos/Mezcla//1000_6.txt;quadrumane;0;0;
./datasets/SuffixArchivos/Mezcla//200.txt;quadrumane;0;0;
./datasets/SuffixArchivos/Mezcla//200_2.txt;quadrumane;0;0;
./datasets/SuffixArchivos/Mezcla//500.txt;quadrumane;0;0;
./datasets/SuffixArchivos/Mezcla//500_2.txt;quadrumane;0;0;
./datasets/SuffixArchivos/Mezcla//1000.txt;keratocentesis;0;0;
./datasets/SuffixArchivos/Mezcla//1000_2.txt;keratocentesis;0;0;
./datasets/SuffixArchivos/Mezcla//1000_3.txt;keratocentesis;0;0;
./datasets/SuffixArchivos/Mezcla//1000_4.txt;keratocentesis;0;0;
./datasets/SuffixArchivos/Mezcla//1000_5.txt;keratocentesis;0;0;
./datasets/SuffixArchivos/Mezcla//1000_6.txt;keratocentesis;0;0;
./datasets/SuffixArchivos/Mezcla//200.txt;keratocentesis;0;0;
./datasets/SuffixArchivos/Mezcla//200_2.txt;keratocentesis;0;0;
./datasets/SuffixArchivos/Mezcla//500.txt;keratocentesis;0;0;
./datasets/SuffixArchivos/Mezcla//500_2.txt;keratocentesis;0;0;
./datasets/SuffixArchivos/Mezcla//1000.txt;middlings;0;0;
./datasets/SuffixArchivos/Mezcla//1000_2.txt;middlings;0;0;
./datasets/SuffixArchivos/Mezcla//1000_3.txt;middlings;0;0;
./datasets/SuffixArchivos/Mezcla//1000_4.txt;middlings;0;0;
./datasets/SuffixArchivos/Mezcla//1000_5.txt;middlings;0;0;
./datasets/SuffixArchivos/Mezcla//1000_6.txt;middlings;0;0;
./datasets/SuffixArchivos/Mezcla//200.txt;middlings;0;0;
./datasets/SuffixArchivos/Mezcla//200_2.txt;middlings;0;0;
./datasets/SuffixArchivos/Mezcla//500.txt;middlings;0;0;
./datasets/SuffixArchivos/Mezcla//500_2.txt;middlings;0;0;
./datasets/SuffixArchivos/Mezcla//1000.txt;alley;0;0;
./datasets/SuffixArchivos/Mezcla//1000_2.txt;alley;0;0;
./datasets/SuffixArchivos/Mezcla//1000_3.txt;alley;0;0;
./datasets/SuffixArchivos/Mezcla//1000_4.txt;alley;0;0;
./datasets/SuffixArchivos/Mezcla//1000_5.txt;alley;0;0;
./datasets/SuffixArchivos/Mezcla//1000_6.txt;alley;0;0;
./datasets/SuffixArchivos/Mezcla//200.txt;alley;0;0;
./datasets/SuffixArchivos/Mezcla//200_2.txt;alley;0;0;
./datasets/SuffixArchivos/Mezcla//500.txt;alley;0;0;
./datasets/SuffixArchivos/Mezcla//500_2.txt;alley;0;0;
./datasets/SuffixArchivos/Mezcla//1000.txt;Delicious;0;0;
./datasets/SuffixArchivos/Mezcla//1000_2.txt;Delicious;0;0;
./datasets/SuffixArchivos/Mezcla//1000_3.txt;Delicious;0;0;
./datasets/SuffixArchivos/Mezcla//1000_4.txt;Delicious;0;0;
./datasets/SuffixArchivos/Mezcla//1000_5.txt;Delicious;0;0;
./datasets/SuffixArchivos/Mezcla//1000_6.txt;Delicious;0;0;
./datasets/SuffixArchivos/Mezcla//200.txt;Delicious;0;0;
./datasets/SuffixArchivos/Mezcla//200_2.txt;Delicious;0;0;
./datasets/SuffixArchivos/Mezcla//500.txt;Delicious;0;0;
./datasets/SuffixArchivos/Mezcla//500_2.txt;Delicious;0;0;
./datasets/SuffixArchivos/Mezcla//1000.txt;chymotrypsin;0;0;
./datasets/SuffixArchivos/Mezcla//1000_2.txt;chymotrypsin;0;0;
./datasets/SuffixArchivos/Mezcla//1000_3.txt;chymotrypsin;0;0;
./datasets/SuffixArchivos/Mezcla//1000_4.txt;chymotrypsin;0;0;
./datasets/SuffixArchivos/Mezcla//1000_5.txt;chymotrypsin;0;0;
./datasets/SuffixArchivos/Mezcla//1000_6.txt;chymotrypsin;0;0;
./datasets/SuffixArchivos/Mezcla//200.txt;chymotrypsin;0;0;
./datasets/SuffixArchivos/Mezcla//200_2.txt;chymotrypsin;0;0;
./datasets/SuffixArchivos/Mezcla//500.txt;chymotrypsin;0;0;
./datasets/SuffixArchivos/Mezcla//500_2.txt;chymotrypsin;0;0;
./datasets/SuffixArchivos/Mezcla//1000.txt;cancroid;0;0;
./datasets/SuffixArchivos/Mezcla//1000_2.txt;cancroid;0;0;
./datasets/SuffixArchivos/Mezcla//1000_3.txt;cancroid;0;0;
./datasets/SuffixArchivos/Mezcla//1000_4.txt;cancroid;0;0;
./datasets/SuffixArchivos/Mezcla//1000_5.txt;cancroid;0;0;
./datasets/SuffixArchivos/Mezcla//1000_6.txt;cancroid;0;0;
./datasets/SuffixArchivos/Mezcla//200.txt;cancroid;0;0;
./datasets/SuffixArchivos/Mezcla//200_2.txt;cancroid;0;0;
./datasets/SuffixArchivos/Mezcla//500.txt;cancroid;0;0;
./datasets/SuffixArchivos/Mezcla//500_2.txt;cancroid;0;0;
./datasets/SuffixArchivos/Mezcla//1000.txt;aweary;0;0;
./datasets/SuffixArchivos/Mezcla//1000_2.txt;aweary;0;0;
./datasets/SuffixArchivos/Mezcla//1000_3.txt;aweary;0;0;
./datasets/SuffixArchivos/Mezcla//1000_4.txt;aweary;0;0;
./datasets/SuffixArchivos/Mezcla//1000_5.txt;aweary;0;0;
./datasets/SuffixArchivos/Mezcla//1000_6.txt;aweary;0;0;
./datasets/SuffixArchivos/Mezcla//200.txt;aweary;0;0;
./datasets/SuffixArchivos/Mezcla//200_2.txt;aweary;0;0;
./datasets/SuffixArchivos/Mezcla//500.txt;aweary;0;0;
./datasets/SuffixArchivos/Mezcla//500_2.txt;aweary;0;0;
./datasets/SuffixArchivos/Mezcla//1000.txt;capersome;0;0.000999;
./datasets/SuffixArchivos/Mezcla//1000_2.txt;capersome;0;0.000999;
./datasets/SuffixArchivos/Mezcla//1000_3.txt;capersome;0;0.000999;
./datasets/SuffixArchivos/Mezcla//1000_4.txt;capersome;0;0.000999;
./datasets/SuffixArchivos/Mezcla//1000_5.txt;capersome;0;0.000999;
./datasets/SuffixArchivos/Mezcla//1000_6.txt;capersome;0;0.000999;
./datasets/SuffixArchivos/Mezcla//200.txt;capersome;0;0.000999;
./datasets/SuffixArchivos/Mezcla//200_2.txt;capersome;0;0.000999;
./datasets/SuffixArchivos/Mezcla//500.txt;capersome;0;0.000999;
./datasets/SuffixArchivos/Mezcla//500_2.txt;capersome;0;0.000999;
./datasets/SuffixArchivos/Mezcla//1000.txt;Ashkenazim;0;0;
./datasets/SuffixArchivos/Mezcla//1000_2.txt;Ashkenazim;0;0;
./datasets/SuffixArchivos/Mezcla//1000_3.txt;Ashkenazim;0;0;
./datasets/SuffixArchivos/Mezcla//1000_4.txt;Ashkenazim;0;0;
./datasets/SuffixArchivos/Mezcla//1000_5.txt;Ashkenazim;0;0;
./datasets/SuffixArchivos/Mezcla//1000_6.txt;Ashkenazim;0;0;
./datasets/SuffixArchivos/Mezcla//200.txt;Ashkenazim;0;0;
./datasets/SuffixArchivos/Mezcla//200_2.txt;Ashkenazim;0;0;
./datasets/SuffixArchivos/Mezcla//500.txt;Ashkenazim;0;0;
./datasets/SuffixArchivos/Mezcla//500_2.txt;Ashkenazim;0;0;
./datasets/SuffixArchivos/Mezcla//1000.txt;ventripotential;0;0.000992;
./datasets/SuffixArchivos/Mezcla//1000_2.txt;ventripotential;0;0.000992;
./datasets/SuffixArchivos/Mezcla//1000_3.txt;ventripotential;0;0.000992;
./datasets/SuffixArchivos/Mezcla//1000_4.txt;ventripotential;0;0.000992;
./datasets/SuffixArchivos/Mezcla//1000_5.txt;ventripotential;0;0.000992;
./datasets/SuffixArchivos/Mezcla//1000_6.txt;ventripotential;0;0.000992;
./datasets/SuffixArchivos/Mezcla//200.txt;ventripotential;0;0.000992;
./datasets/SuffixArchivos/Mezcla//200_2.txt;ventripotential;0;0.000992;
./datasets/SuffixArchivos/Mezcla//500.txt;ventripotential;0;0.000992;
./datasets/SuffixArchivos/Mezcla//500_2.txt;ventripotential;0;0.000992;
./datasets/SuffixArchivos/Mezcla//1000.txt;Chlamydoselachus;0;0.001008;
./datasets/SuffixArchivos/Mezcla//1000_2.txt;Chlamydoselachus;0;0.001008;
./datasets/SuffixArchivos/Mezcla//1000_3.txt;Chlamydoselachus;0;0.001008;
./datasets/SuffixArchivos/Mezcla//1000_4.txt;Chlamydoselachus;0;0.001008;
./datasets/SuffixArchivos/Mezcla//1000_5.txt;Chlamydoselachus;0;0.001008;
./datasets/SuffixArchivos/Mezcla//1000_6.txt;Chlamydoselachus;0;0.001008;
./datasets/SuffixArchivos/Mezcla//200.txt;Chlamydoselachus;0;0.001008;
./datasets/SuffixArchivos/Mezcla//200_2.txt;Chlamydoselachus;0;0.001008;
./datasets/SuffixArchivos/Mezcla//500.txt;Chlamydoselachus;0;0.001008;
./datasets/SuffixArchivos/Mezcla//500_2.txt;Chlamydoselachus;0;0.001008;
./datasets/SuffixArchivos/Mezcla//1000.txt;dithioic;0;0;
./datasets/SuffixArchivos/Mezcla//1000_2.txt;dithioic;0;0;
./datasets/SuffixArchivos/Mezcla//1000_3.txt;dithioic;0;0;
./datasets/SuffixArchivos/Mezcla//1000_4.txt;dithioic;0;0;
./datasets/SuffixArchivos/Mezcla//1000_5.txt;dithioic;0;0;
./datasets/SuffixArchivos/Mezcla//1000_6.txt;dithioic;0;0;
./datasets/SuffixArchivos/Mezcla//200.txt;dithioic;0;0;
./datasets/SuffixArchivos/Mezcla//200_2.txt;dithioic;0;0;
./datasets/SuffixArchivos/Mezcla//500.txt;dithioic;0;0;
./datasets/SuffixArchivos/Mezcla//500_2.txt;dithioic;0;0;
./datasets/SuffixArchivos/Mezcla//1000.txt;weeze;0;0.000999;
./datasets/SuffixArchivos/Mezcla//1000_2.txt;weeze;0;0.000999;
./datasets/SuffixArchivos/Mezcla//1000_3.txt;weeze;0;0.000999;
./datasets/SuffixArchivos/Mezcla//1000_4.txt;weeze;0;0.000999;
./datasets/SuffixArchivos/Mezcla//1000_5.txt;weeze;0;0.000999;
./datasets/SuffixArchivos/Mezcla//1000_6.txt;weeze;0;0.000999;
./datasets/SuffixArchivos/Mezcla//200.txt;weeze;0;0.000999;
./datasets/SuffixArchivos/Mezcla//200_2.txt;weeze;0;0.000999;
./datasets/SuffixArchivos/Mezcla//500.txt;weeze;0;0.000999;
./datasets/SuffixArchivos/Mezcla//500_2.txt;weeze;0;0.000999;
./datasets/SuffixArchivos/Mezcla//1000.txt;ruck;1;0;
./datasets/SuffixArchivos/Mezcla//1000_2.txt;ruck;1;0;
./datasets/SuffixArchivos/Mezcla//1000_3.txt;ruck;1;0;
./datasets/SuffixArchivos/Mezcla//1000_4.txt;ruck;0;0;
./datasets/SuffixArchivos/Mezcla//1000_5.txt;ruck;1;0;
./datasets/SuffixArchivos/Mezcla//1000_6.txt;ruck;1;0;
./datasets/SuffixArchivos/Mezcla//200.txt;ruck;0;0;
./datasets/SuffixArchivos/Mezcla//200_2.txt;ruck;0;0;
./datasets/SuffixArchivos/Mezcla//500.txt;ruck;0;0;
./datasets/SuffixArchivos/Mezcla//500_2.txt;ruck;0;0;
./datasets/SuffixArchivos/Mezcla//1000.txt;overhover;0;0.000999;
./datasets/SuffixArchivos/Mezcla//1000_2.txt;overhover;0;0.000999;
./datasets/SuffixArchivos/Mezcla//1000_3.txt;overhover;0;0.000999;
./datasets/SuffixArchivos/Mezcla//1000_4.txt;overhover;0;0.000999;
./datasets/SuffixArchivos/Mezcla//1000_5.txt;overhover;0;0.000999;
./datasets/SuffixArchivos/Mezcla//1000_6.txt;overhover;0;0.000999;
./datasets/SuffixArchivos/Mezcla//200.txt;overhover;0;0.000999;
./datasets/SuffixArchivos/Mezcla//200_2.txt;overhover;0;0.000999;
./datasets/SuffixArchivos/Mezcla//500.txt;overhover;0;0.000999;
./datasets/SuffixArchivos/Mezcla//500_2.txt;overhover;0;0.000999;
./datasets/SuffixArchivos/Mezcla//1000.txt;stabulate;0;0;
./datasets/SuffixArchivos/Mezcla//1000_2.txt;stabulate;0;0;
./datasets/SuffixArchivos/Mezcla//1000_3.txt;stabulate;0;0;
./datasets/SuffixArchivos/Mezcla//1000_4.txt;stabulate;0;0;
./datasets/SuffixArchivos/Mezcla//1000_5.txt;stabulate;0;0;
./datasets/SuffixArchivos/Mezcla//1000_6.txt;stabulate;0;0;
./datasets/SuffixArchivos/Mezcla//200.txt;stabulate;0;0;
./datasets/SuffixArchivos/Mezcla//200_2.txt;stabulate;0;0;
./datasets/SuffixArchivos/Mezcla//500.txt;stabulate;0;0;
./datasets/SuffixArchivos/Mezcla//500_2.txt;stabulate;0;0;
./datasets/SuffixArchivos/Mezcla//1000.txt;littleneck;0;0.000999;
./datasets/SuffixArchivos/Mezcla//1000_2.txt;littleneck;0;0.000999;
./datasets/SuffixArchivos/Mezcla//1000_3.txt;littleneck;0;0.000999;
./datasets/SuffixArchivos/Mezcla//1000_4.txt;littleneck;0;0.000999;
./datasets/SuffixArchivos/Mezcla//1000_5.txt;littleneck;0;0.000999;
./datasets/SuffixArchivos/Mezcla//1000_6.txt;littleneck;0;0.000999;
./datasets/SuffixArchivos/Mezcla//200.txt;littleneck;0;0.000999;
./datasets/SuffixArchivos/Mezcla//200_2.txt;littleneck;0;0.000999;
./datasets/SuffixArchivos/Mezcla//500.txt;littleneck;0;0.000999;
./datasets/SuffixArchivos/Mezcla//500_2.txt;littleneck;0;0.000999;
./datasets/SuffixArchivos/Mezcla//1000.txt;duplone;0;0;
./datasets/SuffixArchivos/Mezcla//1000_2.txt;duplone;0;0;
./datasets/SuffixArchivos/Mezcla//1000_3.txt;duplone;0;0;
./datasets/SuffixArchivos/Mezcla//1000_4.txt;duplone;0;0;
./datasets/SuffixArchivos/Mezcla//1000_5.txt;duplone;0;0;
./datasets/SuffixArchivos/Mezcla//1000_6.txt;duplone;0;0;
./datasets/SuffixArchivos/Mezcla//200.txt;duplone;0;0;
./datasets/SuffixArchivos/Mezcla//200_2.txt;duplone;0;0;
./datasets/SuffixArchivos/Mezcla//500.txt;duplone;0;0;
./datasets/SuffixArchivos/Mezcla//500_2.txt;duplone;0;0;
./datasets/SuffixArchivos/Mezcla//1000.txt;bulkhead;0;0.001;
./datasets/SuffixArchivos/Mezcla//1000_2.txt;bulkhead;0;0.001;
./datasets/SuffixArchivos/Mezcla//1000_3.txt;bulkhead;0;0.001;
./datasets/SuffixArchivos/Mezcla//1000_4.txt;bulkhead;0;0.001;
./datasets/SuffixArchivos/Mezcla//1000_5.txt;bulkhead;0;0.001;
./datasets/SuffixArchivos/Mezcla//1000_6.txt;bulkhead;0;0.001;
./datasets/SuffixArchivos/Mezcla//200.txt;bulkhead;0;0.001;
./datasets/SuffixArchivos/Mezcla//200_2.txt;bulkhead;0;0.001;
./datasets/SuffixArchivos/Mezcla//500.txt;bulkhead;0;0.001;
./datasets/SuffixArchivos/Mezcla//500_2.txt;bulkhead;0;0.001;
./datasets/SuffixArchivos/Mezcla//1000.txt;niellated;0;0;
./datasets/SuffixArchivos/Mezcla//1000_2.txt;niellated;0;0;
./datasets/SuffixArchivos/Mezcla//1000_3.txt;niellated;0;0;
./datasets/SuffixArchivos/Mezcla//1000_4.txt;niellated;0;0;
./datasets/SuffixArchivos/Mezcla//1000_5.txt;niellated;0;0;
./datasets/SuffixArchivos/Mezcla//1000_6.txt;niellated;0;0;
./datasets/SuffixArchivos/Mezcla//200.txt;niellated;0;0;
./datasets/SuffixArchivos/Mezcla//200_2.txt;niellated;0;0;
./datasets/SuffixArchivos/Mezcla//500.txt;niellated;0;0;
./datasets/SuffixArchivos/Mezcla//500_2.txt;niellated;0;0;
./datasets/SuffixArchivos/Mezcla//1000.txt;bellite;0;0.000999;
./datasets/SuffixArchivos/Mezcla//1000_2.txt;bellite;0;0.000999;
./datasets/SuffixArchivos/Mezcla//1000_3.txt;bellite;0;0.000999;
./datasets/SuffixArchivos/Mezcla//1000_4.txt;bellite;0;0.000999;
./datasets/SuffixArchivos/Mezcla//1000_5.txt;bellite;0;0.000999;
./datasets/SuffixArchivos/Mezcla//1000_6.txt;bellite;0;0.000999;
./datasets/SuffixArchivos/Mezcla//200.txt;bellite;0;0.000999;
./datasets/SuffixArchivos/Mezcla//200_2.txt;bellite;0;0.000999;
./datasets/SuffixArchivos/Mezcla//500.txt;bellite;0;0.000999;
./datasets/SuffixArchivos/Mezcla//500_2.txt;bellite;0;0.000999;
./datasets/SuffixArchivos/Mezcla//1000.txt;samsara;0;0;
./datasets/SuffixArchivos/Mezcla//1000_2.txt;samsara;0;0;
./datasets/SuffixArchivos/Mezcla//1000_3.txt;samsara;0;0;
./datasets/SuffixArchivos/Mezcla//1000_4.txt;samsara;0;0;
./datasets/SuffixArchivos/Mezcla//1000_5.txt;samsara;0;0;
./datasets/SuffixArchivos/Mezcla//1000_6.txt;samsara;0;0;
./datasets/SuffixArchivos/Mezcla//200.txt;samsara;0;0;
./datasets/SuffixArchivos/Mezcla//200_2.txt;samsara;0;0;
./datasets/SuffixArchivos/Mezcla//500.txt;samsara;0;0;
./datasets/SuffixArchivos/Mezcla//500_2.txt;samsara;0;0;
./datasets/SuffixArchivos/Mezcla//1000.txt;diligentness;0;0.000999;
./datasets/SuffixArchivos/Mezcla//1000_2.txt;diligentness;0;0.000999;
./datasets/SuffixArchivos/Mezcla//1000_3.txt;diligentness;0;0.000999;
./datasets/SuffixArchivos/Mezcla//1000_4.txt;diligentness;0;0.000999;
./datasets/SuffixArchivos/Mezcla//1000_5.txt;diligentness;0;0.000999;
./datasets/SuffixArchivos/Mezcla//1000_6.txt;diligentness;0;0.000999;
./datasets/SuffixArchivos/Mezcla//200.txt;diligentness;0;0.000999;
./datasets/SuffixArchivos/Mezcla//200_2.txt;diligentness;0;0.000999;
./datasets/SuffixArchivos/Mezcla//500.txt;diligentness;0;0.000999;
./datasets/SuffixArchivos/Mezcla//500_2.txt;diligentness;0;0.000999;
./datasets/SuffixArchivos/Mezcla//1000.txt;scritch;0;0;
./datasets/SuffixArchivos/Mezcla//1000_2.txt;scritch;0;0;
./datasets/SuffixArchivos/Mezcla//1000_3.txt;scritch;0;0;
./datasets/SuffixArchivos/Mezcla//1000_4.txt;scritch;0;0;
./datasets/SuffixArchivos/Mezcla//1000_5.txt;scritch;0;0;
./datasets/SuffixArchivos/Mezcla//1000_6.txt;scritch;0;0;
./datasets/SuffixArchivos/Mezcla//200.txt;scritch;0;0;
./datasets/SuffixArchivos/Mezcla//200_2.txt;scritch;0;0;
./datasets/SuffixArchivos/Mezcla//500.txt;scritch;0;0;
./datasets/SuffixArchivos/Mezcla//500_2.txt;scritch;0;0;
./datasets/SuffixArchivos/Mezcla//1000.txt;amuck;0;0.000989;
./datasets/SuffixArchivos/Mezcla//1000_2.txt;amuck;0;0.000989;
./datasets/SuffixArchivos/Mezcla//1000_3.txt;amuck;0;0.000989;
./datasets/SuffixArchivos/Mezcla//1000_4.txt;amuck;0;0.000989;
./datasets/SuffixArchivos/Mezcla//1000_5.txt;amuck;0;0.000989;
./datasets/SuffixArchivos/Mezcla//1000_6.txt;amuck;0;0.000989;
./datasets/SuffixArchivos/Mezcla//200.txt;amuck;0;0.000989;
./datasets/SuffixArchivos/Mezcla//200_2.txt;amuck;0;0.000989;
./datasets/SuffixArchivos/Mezcla//500.txt;amuck;0;0.000989;
./datasets/SuffixArchivos/Mezcla//500_2.txt;amuck;0;0.000989;
./datasets/SuffixArchivos/Mezcla//1000.txt;studbook;0;0;
./datasets/SuffixArchivos/Mezcla//1000_2.txt;studbook;0;0;
./datasets/SuffixArchivos/Mezcla//1000_3.txt;studbook;0;0;
./datasets/SuffixArchivos/Mezcla//1000_4.txt;studbook;0;0;
./datasets/SuffixArchivos/Mezcla//1000_5.txt;studbook;0;0;
./datasets/SuffixArchivos/Mezcla//1000_6.txt;studbook;0;0;
./datasets/SuffixArchivos/Mezcla//200.txt;studbook;0;0;
./datasets/SuffixArchivos/Mezcla//200_2.txt;studbook;0;0;
./datasets/SuffixArchivos/Mezcla//500.txt;studbook;0;0;
./datasets/SuffixArchivos/Mezcla//500_2.txt;studbook;0;0;
./datasets/SuffixArchivos/Mezcla//1000.txt;guijo;0;0;
./datasets/SuffixArchivos/Mezcla//1000_2.txt;guijo;0;0;
./datasets/SuffixArchivos/Mezcla//1000_3.txt;guijo;0;0;
./datasets/SuffixArchivos/Mezcla//1000_4.txt;guijo;0;0;
./datasets/SuffixArchivos/Mezcla//1000_5.txt;guijo;0;0;
./datasets/SuffixArchivos/Mezcla//1000_6.txt;guijo;0;0;
./datasets/SuffixArchivos/Mezcla//200.txt;guijo;0;0;
./datasets/SuffixArchivos/Mezcla//200_2.txt;guijo;0;0;
./datasets/SuffixArchivos/Mezcla//500.txt;guijo;0;0;
./datasets/SuffixArchivos/Mezcla//500_2.txt;guijo;0;0;
./datasets/SuffixArchivos/Mezcla//1000.txt;certifiableness;0;0;
./datasets/SuffixArchivos/Mezcla//1000_2.txt;certifiableness;0;0;
./datasets/SuffixArchivos/Mezcla//1000_3.txt;certifiableness;0;0;
./datasets/SuffixArchivos/Mezcla//1000_4.txt;certifiableness;0;0;
./datasets/SuffixArchivos/Mezcla//1000_5.txt;certifiableness;0;0;
./datasets/SuffixArchivos/Mezcla//1000_6.txt;certifiableness;0;0;
./datasets/SuffixArchivos/Mezcla//200.txt;certifiableness;0;0;
./datasets/SuffixArchivos/Mezcla//200_2.txt;certifiableness;0;0;
./datasets/SuffixArchivos/Mezcla//500.txt;certifiableness;0;0;
./datasets/SuffixArchivos/Mezcla//500_2.txt;certifiableness;0;0;
./datasets/SuffixArchivos/Mezcla//1000.txt;tormentful;0;0;
./datasets/SuffixArchivos/Mezcla//1000_2.txt;tormentful;0;0;
./datasets/SuffixArchivos/Mezcla//1000_3.txt;tormentful;0;0;
./datasets/SuffixArchivos/Mezcla//1000_4.txt;tormentful;0;0;
./datasets/SuffixArchivos/Mezcla//1000_5.txt;tormentful;0;0;
./datasets/SuffixArchivos/Mezcla//1000_6.txt;tormentful;0;0;
./datasets/SuffixArchivos/Mezcla//200.txt;tormentful;0;0;
./datasets/SuffixArchivos/Mezcla//200_2.txt;tormentful;0;0;
./datasets/SuffixArchivos/Mezcla//500.txt;tormentful;0;0;
./datasets/SuffixArchivos/Mezcla//500_2.txt;tormentful;0;0;
./datasets/SuffixArchivos/Mezcla//1000.txt;milliare;0;0;
./datasets/SuffixArchivos/Mezcla//1000_2.txt;milliare;0;0;
./datasets/SuffixArchivos/Mezcla//1000_3.txt;milliare;0;0;
./datasets/SuffixArchivos/Mezcla//1000_4.txt;milliare;0;0;
./datasets/SuffixArchivos/Mezcla//1000_5.txt;milliare;0;0;
./datasets/SuffixArchivos/Mezcla//1000_6.txt;milliare;0;0;
./datasets/SuffixArchivos/Mezcla//200.txt;milliare;0;0;
./datasets/SuffixArchivos/Mezcla//200_2.txt;milliare;0;0;
./datasets/SuffixArchivos/Mezcla//500.txt;milliare;0;0;
./datasets/SuffixArchivos/Mezcla//500_2.txt;milliare;0;0;
./datasets/SuffixArchivos/Mezcla//1000.txt;repromulgate;0;0;
./datasets/SuffixArchivos/Mezcla//1000_2.txt;repromulgate;0;0;
./datasets/SuffixArchivos/Mezcla//1000_3.txt;repromulgate;0;0;
./datasets/SuffixArchivos/Mezcla//1000_4.txt;repromulgate;0;0;
./datasets/SuffixArchivos/Mezcla//1000_5.txt;repromulgate;0;0;
./datasets/SuffixArchivos/Mezcla//1000_6.txt;repromulgate;0;0;
./datasets/SuffixArchivos/Mezcla//200.txt;repromulgate;0;0;
./datasets/SuffixArchivos/Mezcla//200_2.txt;repromulgate;0;0;
./datasets/SuffixArchivos/Mezcla//500.txt;repromulgate;0;0;
./datasets/SuffixArchivos/Mezcla//500_2.txt;repromulgate;0;0;
./datasets/SuffixArchivos/Mezcla//1000.txt;synesthesia;0;0.000999;
./datasets/SuffixArchivos/Mezcla//1000_2.txt;synesthesia;0;0.000999;
./datasets/SuffixArchivos/Mezcla//1000_3.txt;synesthesia;0;0.000999;
./datasets/SuffixArchivos/Mezcla//1000_4.txt;synesthesia;0;0.000999;
./datasets/SuffixArchivos/Mezcla//1000_5.txt;synesthesia;0;0.000999;
./datasets/SuffixArchivos/Mezcla//1000_6.txt;synesthesia;0;0.000999;
./datasets/SuffixArchivos/Mezcla//200.txt;synesthesia;0;0.000999;
./datasets/SuffixArchivos/Mezcla//200_2.txt;synesthesia;0;0.000999;
./datasets/SuffixArchivos/Mezcla//500.txt;synesthesia;0;0.000999;
./datasets/SuffixArchivos/Mezcla//500_2.txt;synesthesia;0;0.000999;
./datasets/SuffixArchivos/Mezcla//1000.txt;whitecoat;0;0;
./datasets/SuffixArchivos/Mezcla//1000_2.txt;whitecoat;0;0;
./datasets/SuffixArchivos/Mezcla//1000_3.txt;whitecoat;0;0;
./datasets/SuffixArchivos/Mezcla//1000_4.txt;whitecoat;0;0;
./datasets/SuffixArchivos/Mezcla//1000_5.txt;whitecoat;0;0;
./datasets/SuffixArchivos/Mezcla//1000_6.txt;whitecoat;0;0;
./datasets/SuffixArchivos/Mezcla//200.txt;whitecoat;0;0;
./datasets/SuffixArchivos/Mezcla//200_2.txt;whitecoat;0;0;
./datasets/SuffixArchivos/Mezcla//500.txt;whitecoat;0;0;
./datasets/SuffixArchivos/Mezcla//500_2.txt;whitecoat;0;0;
./datasets/SuffixArchivos/Mezcla//1000.txt;osmometric;0;0.001;
./datasets/SuffixArchivos/Mezcla//1000_2.txt;osmometric;0;0.001;
./datasets/SuffixArchivos/Mezcla//1000_3.txt;osmometric;0;0.001;
./datasets/SuffixArchivos/Mezcla//1000_4.txt;osmometric;0;0.001;
./datasets/SuffixArchivos/Mezcla//1000_5.txt;osmometric;0;0.001;
./datasets/SuffixArchivos/Mezcla//1000_6.txt;osmometric;0;0.001;
./datasets/SuffixArchivos/Mezcla//200.txt;osmometric;0;0.001;
./datasets/SuffixArchivos/Mezcla//200_2.txt;osmometric;0;0.001;
./datasets/SuffixArchivos/Mezcla//500.txt;osmometric;0;0.001;
./datasets/SuffixArchivos/Mezcla//500_2.txt;osmometric;0;0.001;
./datasets/SuffixArchivos/Mezcla//1000.txt;periductal;0;0;
./datasets/SuffixArchivos/Mezcla//1000_2.txt;periductal;0;0;
./datasets/SuffixArchivos/Mezcla//1000_3.txt;periductal;0;0;
./datasets/SuffixArchivos/Mezcla//1000_4.txt;periductal;0;0;
./datasets/SuffixArchivos/Mezcla//1000_5.txt;periductal;0;0;
./datasets/SuffixArchivos/Mezcla//1000_6.txt;periductal;0;0;
./datasets/SuffixArchivos/Mezcla//200.txt;periductal;0;0;
./datasets/SuffixArchivos/Mezcla//200_2.txt;periductal;0;0;
./datasets/SuffixArchivos/Mezcla//500.txt;periductal;0;0;
./datasets/SuffixArchivos/Mezcla//500_2.txt;periductal;0;0;
./datasets/SuffixArchivos/Mezcla//1000.txt;psorospermosis;0;0;
./datasets/SuffixArchivos/Mezcla//1000_2.txt;psorospermosis;0;0;
./datasets/SuffixArchivos/Mezcla//1000_3.txt;psorospermosis;0;0;
./datasets/SuffixArchivos/Mezcla//1000_4.txt;psorospermosis;0;0;
./datasets/SuffixArchivos/Mezcla//1000_5.txt;psorospermosis;0;0;
./datasets/SuffixArchivos/Mezcla//1000_6.txt;psorospermosis;0;0;
./datasets/SuffixArchivos/Mezcla//200.txt;psorospermosis;0;0;
./datasets/SuffixArchivos/Mezcla//200_2.txt;psorospermosis;0;0;
./datasets/SuffixArchivos/Mezcla//500.txt;psorospermosis;0;0;
./datasets/SuffixArchivos/Mezcla//500_2.txt;psorospermosis;0;0;
./datasets/SuffixArchivos/Mezcla//1000.txt;purificator;0;0;
./datasets/SuffixArchivos/Mezcla//1000_2.txt;purificator;0;0;
./datasets/SuffixArchivos/Mezcla//1000_3.txt;purificator;0;0;
./datasets/SuffixArchivos/Mezcla//1000_4.txt;purificator;0;0;
./datasets/SuffixArchivos/Mezcla//1000_5.txt;purificator;0;0;
./datasets/SuffixArchivos/Mezcla//1000_6.txt;purificator;0;0;
./datasets/SuffixArchivos/Mezcla//200.txt;purificator;0;0;
./datasets/SuffixArchivos/Mezcla//200_2.txt;purificator;0;0;
./datasets/SuffixArchivos/Mezcla//500.txt;purificator;0;0;
./datasets/SuffixArchivos/Mezcla//500_2.txt;purificator;0;0;
./datasets/SuffixArchivos/Mezcla//1000.txt;untrochaic;0;0;
./datasets/SuffixArchivos/Mezcla//1000_2.txt;untrochaic;0;0;
./datasets/SuffixArchivos/Mezcla//1000_3.txt;untrochaic;0;0;
./datasets/SuffixArchivos/Mezcla//1000_4.txt;untrochaic;0;0;
./datasets/SuffixArchivos/Mezcla//1000_5.txt;untrochaic;0;0;
./datasets/SuffixArchivos/Mezcla//1000_6.txt;untrochaic;0;0;
./datasets/SuffixArchivos/Mezcla//200.txt;untrochaic;0;0;
./datasets/SuffixArchivos/Mezcla//200_2.txt;untrochaic;0;0;
./datasets/SuffixArchivos/Mezcla//500.txt;untrochaic;0;0;
./datasets/SuffixArchivos/Mezcla//500_2.txt;untrochaic;0;0;
./datasets/SuffixArchivos/Mezcla//1000.txt;Jeremian;0;0.000999;
./datasets/SuffixArchivos/Mezcla//1000_2.txt;Jeremian;0;0.000999;
./datasets/SuffixArchivos/Mezcla//1000_3.txt;Jeremian;0;0.000999;
./datasets/SuffixArchivos/Mezcla//1000_4.txt;Jeremian;0;0.000999;
./datasets/SuffixArchivos/Mezcla//1000_5.txt;Jeremian;0;0.000999;
./datasets/SuffixArchivos/Mezcla//1000_6.txt;Jeremian;0;0.000999;
./datasets/SuffixArchivos/Mezcla//200.txt;Jeremian;0;0.000999;
./datasets/SuffixArchivos/Mezcla//200_2.txt;Jeremian;0;0.000999;
./datasets/SuffixArchivos/Mezcla//500.txt;Jeremian;0;0.000999;
./datasets/SuffixArchivos/Mezcla//500_2.txt;Jeremian;0;0.000999;
./datasets/SuffixArchivos/Mezcla//1000.txt;copulate;0;0;
./datasets/SuffixArchivos/Mezcla//1000_2.txt;copulate;0;0;
./datasets/SuffixArchivos/Mezcla//1000_3.txt;copulate;0;0;
./datasets/SuffixArchivos/Mezcla//1000_4.txt;copulate;0;0;
./datasets/SuffixArchivos/Mezcla//1000_5.txt;copulate;0;0;
./datasets/SuffixArchivos/Mezcla//1000_6.txt;copulate;0;0;
./datasets/SuffixArchivos/Mezcla//200.txt;copulate;0;0;
./datasets/SuffixArchivos/Mezcla//200_2.txt;copulate;0;0;
./datasets/SuffixArchivos/Mezcla//500.txt;copulate;0;0;
./datasets/SuffixArchivos/Mezcla//500_2.txt;copulate;0;0;
./datasets/SuffixArchivos/Mezcla//1000.txt;ratable;0;0;
./datasets/SuffixArchivos/Mezcla//1000_2.txt;ratable;0;0;
./datasets/SuffixArchivos/Mezcla//1000_3.txt;ratable;0;0;
./datasets/SuffixArchivos/Mezcla//1000_4.txt;ratable;0;0;
./datasets/SuffixArchivos/Mezcla//1000_5.txt;ratable;0;0;
./datasets/SuffixArchivos/Mezcla//1000_6.txt;ratable;0;0;
./datasets/SuffixArchivos/Mezcla//200.txt;ratable;0;0;
./datasets/SuffixArchivos/Mezcla//200_2.txt;ratable;0;0;
./datasets/SuffixArchivos/Mezcla//500.txt;ratable;0;0;
./datasets/SuffixArchivos/Mezcla//500_2.txt;ratable;0;0;
./datasets/SuffixArchivos/Mezcla//1000.txt;dislodgement;0;0.000988;
./datasets/SuffixArchivos/Mezcla//1000_2.txt;dislodgement;0;0.000988;
./datasets/SuffixArchivos/Mezcla//1000_3.txt;dislodgement;0;0.000988;
./datasets/SuffixArchivos/Mezcla//1000_4.txt;dislodgement;0;0.000988;
./datasets/SuffixArchivos/Mezcla//1000_5.txt;dislodgement;0;0.000988;
./datasets/SuffixArchivos/Mezcla//1000_6.txt;dislodgement;0;0.000988;
./datasets/SuffixArchivos/Mezcla//200.txt;dislodgement;0;0.000988;
./datasets/SuffixArchivos/Mezcla//200_2.txt;dislodgement;0;0.000988;
./datasets/SuffixArchivos/Mezcla//500.txt;dislodgement;0;0.000988;
./datasets/SuffixArchivos/Mezcla//500_2.txt;dislodgement;0;0.000988;
./datasets/SuffixArchivos/Mezcla//1000.txt;proferment;0;0;
./datasets/SuffixArchivos/Mezcla//1000_2.txt;proferment;0;0;
./datasets/SuffixArchivos/Mezcla//1000_3.txt;proferment;0;0;
./datasets/SuffixArchivos/Mezcla//1000_4.txt;proferment;0;0;
./datasets/SuffixArchivos/Mezcla//1000_5.txt;proferment;0;0;
./datasets/SuffixArchivos/Mezcla//1000_6.txt;proferment;0;0;
./datasets/SuffixArchivos/Mezcla//200.txt;proferment;0;0;
./datasets/SuffixArchivos/Mezcla//200_2.txt;proferment;0;0;
./datasets/SuffixArchivos/Mezcla//500.txt;proferment;0;0;
./datasets/SuffixArchivos/Mezcla//500_2.txt;proferment;0;0;
./datasets/SuffixArchivos/Mezcla//1000.txt;evangelary;0;0;
./datasets/SuffixArchivos/Mezcla//1000_2.txt;evangelary;0;0;
./datasets/SuffixArchivos/Mezcla//1000_3.txt;evangelary;0;0;
./datasets/SuffixArchivos/Mezcla//1000_4.txt;evangelary;0;0;
./datasets/SuffixArchivos/Mezcla//1000_5.txt;evangelary;0;0;
./datasets/SuffixArchivos/Mezcla//1000_6.txt;evangelary;0;0;
./datasets/SuffixArchivos/Mezcla//200.txt;evangelary;0;0;
./datasets/SuffixArchivos/Mezcla//200_2.txt;evangelary;0;0;
./datasets/SuffixArchivos/Mezcla//500.txt;evangelary;0;0;
./datasets/SuffixArchivos/Mezcla//500_2.txt;evangelary;0;0;
./datasets/SuffixArchivos/Mezcla//1000.txt;overdevotedly;0;0;
./datasets/SuffixArchivos/Mezcla//1000_2.txt;overdevotedly;0;0;
./datasets/SuffixArchivos/Mezcla//1000_3.txt;overdevotedly;0;0;
./datasets/SuffixArchivos/Mezcla//1000_4.txt;overdevotedly;0;0;
./datasets/SuffixArchivos/Mezcla//1000_5.txt;overdevotedly;0;0;
./datasets/SuffixArchivos/Mezcla//1000_6.txt;overdevotedly;0;0;
./datasets/SuffixArchivos/Mezcla//200.txt;overdevotedly;0;0;
./datasets/SuffixArchivos/Mezcla//200_2.txt;overdevotedly;0;0;
./datasets/SuffixArchivos/Mezcla//500.txt;overdevotedly;0;0;
./datasets/SuffixArchivos/Mezcla//500_2.txt;overdevotedly;0;0;
./datasets/SuffixArchivos/Mezcla//1000.txt;lickspittling;0;0.001;
./datasets/SuffixArchivos/Mezcla//1000_2.txt;lickspittling;0;0.001;
./datasets/SuffixArchivos/Mezcla//1000_3.txt;lickspittling;0;0.001;
./datasets/SuffixArchivos/Mezcla//1000_4.txt;lickspittling;0;0.001;
./datasets/SuffixArchivos/Mezcla//1000_5.txt;lickspittling;0;0.001;
./datasets/SuffixArchivos/Mezcla//1000_6.txt;lickspittling;0;0.001;
./datasets/SuffixArchivos/Mezcla//200.txt;lickspittling;0;0.001;
./datasets/SuffixArchivos/Mezcla//200_2.txt;lickspittling;0;0.001;
./datasets/SuffixArchivos/Mezcla//500.txt;lickspittling;0;0.001;
./datasets/SuffixArchivos/Mezcla//500_2.txt;lickspittling;0;0.001;
./datasets/SuffixArchivos/Mezcla//1000.txt;atrocity;0;0;
./datasets/SuffixArchivos/Mezcla//1000_2.txt;atrocity;0;0;
./datasets/SuffixArchivos/Mezcla//1000_3.txt;atrocity;0;0;
./datasets/SuffixArchivos/Mezcla//1000_4.txt;atrocity;0;0;
./datasets/SuffixArchivos/Mezcla//1000_5.txt;atrocity;0;0;
./datasets/SuffixArchivos/Mezcla//1000_6.txt;atrocity;0;0;
./datasets/SuffixArchivos/Mezcla//200.txt;atrocity;0;0;
./datasets/SuffixArchivos/Mezcla//200_2.txt;atrocity;0;0;
./datasets/SuffixArchivos/Mezcla//500.txt;atrocity;0;0;
./datasets/SuffixArchivos/Mezcla//500_2.txt;atrocity;0;0;
./datasets/SuffixArchivos/Mezcla//1000.txt;supracaudal;0;0;
./datasets/SuffixArchivos/Mezcla//1000_2.txt;supracaudal;0;0;
./datasets/SuffixArchivos/Mezcla//1000_3.txt;supracaudal;0;0;
./datasets/SuffixArchivos/Mezcla//1000_4.txt;supracaudal;0;0;
./datasets/SuffixArchivos/Mezcla//1000_5.txt;supracaudal;0;0;
./datasets/SuffixArchivos/Mezcla//1000_6.txt;supracaudal;0;0;
./datasets/SuffixArchivos/Mezcla//200.txt;supracaudal;0;0;
./datasets/SuffixArchivos/Mezcla//200_2.txt;supracaudal;0;0;
./datasets/SuffixArchivos/Mezcla//500.txt;supracaudal;0;0;
./datasets/SuffixArchivos/Mezcla//500_2.txt;supracaudal;0;0;
./datasets/SuffixArchivos/Mezcla//1000.txt;uncompassionate;0;0;
./datasets/SuffixArchivos/Mezcla//1000_2.txt;uncompassionate;0;0;
./datasets/SuffixArchivos/Mezcla//1000_3.txt;uncompassionate;0;0;
./datasets/SuffixArchivos/Mezcla//1000_4.txt;uncompassionate;0;0;
./datasets/SuffixArchivos/Mezcla//1000_5.txt;uncompassionate;0;0;
./datasets/SuffixArchivos/Mezcla//1000_6.txt;uncompassionate;0;0;
./datasets/SuffixArchivos/Mezcla//200.txt;uncompassionate;0;0;
./datasets/SuffixArchivos/Mezcla//200_2.txt;uncompassionate;0;0;
./datasets/SuffixArchivos/Mezcla//500.txt;uncompassionate;0;0;
./datasets/SuffixArchivos/Mezcla//500_2.txt;uncompassionate;0;0;
./datasets/SuffixArchivos/Mezcla//1000.txt;nonsparking;0;0;
./datasets/SuffixArchivos/Mezcla//1000_2.txt;nonsparking;0;0;
./datasets/SuffixArchivos/Mezcla//1000_3.txt;nonsparking;0;0;
./datasets/SuffixArchivos/Mezcla//1000_4.txt;nonsparking;0;0;
./datasets/SuffixArchivos/Mezcla//1000_5.txt;nonsparking;0;0;
./datasets/SuffixArchivos/Mezcla//1000_6.txt;nonsparking;0;0;
./datasets/SuffixArchivos/Mezcla//200.txt;nonsparking;0;0;
./datasets/SuffixArchivos/Mezcla//200_2.txt;nonsparking;0;0;
./datasets/SuffixArchivos/Mezcla//500.txt;nonsparking;0;0;
./datasets/SuffixArchivos/Mezcla//500_2.txt;nonsparking;0;0;
./datasets/SuffixArchivos/Mezcla//1000.txt;shaftfoot;0;0;
./datasets/SuffixArchivos/Mezcla//1000_2.txt;shaftfoot;0;0;
./datasets/SuffixArchivos/Mezcla//1000_3.txt;shaftfoot;0;0;
./datasets/SuffixArchivos/Mezcla//1000_4.txt;shaftfoot;0;0;
./datasets/SuffixArchivos/Mezcla//1000_5.txt;shaftfoot;0;0;
./datasets/SuffixArchivos/Mezcla//1000_6.txt;shaftfoot;0;0;
./datasets/SuffixArchivos/Mezcla//200.txt;shaftfoot;0;0;
./datasets/SuffixArchivos/Mezcla//200_2.txt;shaftfoot;0;0;
./datasets/SuffixArchivos/Mezcla//500.txt;shaftfoot;0;0;
./datasets/SuffixArchivos/Mezcla//500_2.txt;shaftfoot;0;0;
./datasets/SuffixArchivos/Mezcla//1000.txt;attemperation;0;0;
./datasets/SuffixArchivos/Mezcla//1000_2.txt;attemperation;0;0;
./datasets/SuffixArchivos/Mezcla//1000_3.txt;attemperation;0;0;
./datasets/SuffixArchivos/Mezcla//1000_4.txt;attemperation;0;0;
./datasets/SuffixArchivos/Mezcla//1000_5.txt;attemperation;0;0;
./datasets/SuffixArchivos/Mezcla//1000_6.txt;attemperation;0;0;
./datasets/SuffixArchivos/Mezcla//200.txt;attemperation;0;0;
./datasets/SuffixArchivos/Mezcla//200_2.txt;attemperation;0;0;
./datasets/SuffixArchivos/Mezcla//500.txt;attemperation;0;0;
./datasets/SuffixArchivos/Mezcla//500_2.txt;attemperation;0;0;
./datasets/SuffixArchivos/Mezcla//1000.txt;unentrance;0;0.000999;
./datasets/SuffixArchivos/Mezcla//1000_2.txt;unentrance;0;0.000999;
./datasets/SuffixArchivos/Mezcla//1000_3.txt;unentrance;0;0.000999;
./datasets/SuffixArchivos/Mezcla//1000_4.txt;unentrance;0;0.000999;
./datasets/SuffixArchivos/Mezcla//1000_5.txt;unentrance;0;0.000999;
./datasets/SuffixArchivos/Mezcla//1000_6.txt;unentrance;0;0.000999;
./datasets/SuffixArchivos/Mezcla//200.txt;unentrance;0;0.000999;
./datasets/SuffixArchivos/Mezcla//200_2.txt;unentrance;0;0.000999;
./datasets/SuffixArchivos/Mezcla//500.txt;unentrance;0;0.000999;
./datasets/SuffixArchivos/Mezcla//500_2.txt;unentrance;0;0.000999;
./datasets/SuffixArchivos/Mezcla//1000.txt;mispossessed;0;0;
./datasets/SuffixArchivos/Mezcla//1000_2.txt;mispossessed;0;0;
./datasets/SuffixArchivos/Mezcla//1000_3.txt;mispossessed;0;0;
./datasets/SuffixArchivos/Mezcla//1000_4.txt;mispossessed;0;0;
./datasets/SuffixArchivos/Mezcla//1000_5.txt;mispossessed;0;0;
./datasets/SuffixArchivos/Mezcla//1000_6.txt;mispossessed;0;0;
./datasets/SuffixArchivos/Mezcla//200.txt;mispossessed;0;0;
./datasets/SuffixArchivos/Mezcla//200_2.txt;mispossessed;0;0;
./datasets/SuffixArchivos/Mezcla//500.txt;mispossessed;0;0;
./datasets/SuffixArchivos/Mezcla//500_2.txt;mispossessed;0;0;
./datasets/SuffixArchivos/Mezcla//1000.txt;dumpy;0;0;
./datasets/SuffixArchivos/Mezcla//1000_2.txt;dumpy;0;0;
./datasets/SuffixArchivos/Mezcla//1000_3.txt;dumpy;0;0;
./datasets/SuffixArchivos/Mezcla//1000_4.txt;dumpy;0;0;
./datasets/SuffixArchivos/Mezcla//1000_5.txt;dumpy;0;0;
./datasets/SuffixArchivos/Mezcla//1000_6.txt;dumpy;0;0;
./datasets/SuffixArchivos/Mezcla//200.txt;dumpy;0;0;
./datasets/SuffixArchivos/Mezcla//200_2.txt;dumpy;0;0;
./datasets/SuffixArchivos/Mezcla//500.txt;dumpy;0;0;
./datasets/SuffixArchivos/Mezcla//500_2.txt;dumpy;0;0;
./datasets/SuffixArchivos/Mezcla//1000.txt;strangership;0;0;
./datasets/SuffixArchivos/Mezcla//1000_2.txt;strangership;0;0;
./datasets/SuffixArchivos/Mezcla//1000_3.txt;strangership;0;0;
./datasets/SuffixArchivos/Mezcla//1000_4.txt;strangership;0;0;
./datasets/SuffixArchivos/Mezcla//1000_5.txt;strangership;0;0;
./datasets/SuffixArchivos/Mezcla//1000_6.txt;strangership;0;0;
./datasets/SuffixArchivos/Mezcla//200.txt;strangership;0;0;
./datasets/SuffixArchivos/Mezcla//200_2.txt;strangership;0;0;
./datasets/SuffixArchivos/Mezcla//500.txt;strangership;0;0;
./datasets/SuffixArchivos/Mezcla//500_2.txt;strangership;0;0;
./datasets/SuffixArchivos/Mezcla//1000.txt;hygrodeik;0;0.000993;
./datasets/SuffixArchivos/Mezcla//1000_2.txt;hygrodeik;0;0.000993;
./datasets/SuffixArchivos/Mezcla//1000_3.txt;hygrodeik;0;0.000993;
./datasets/SuffixArchivos/Mezcla//1000_4.txt;hygrodeik;0;0.000993;
./datasets/SuffixArchivos/Mezcla//1000_5.txt;hygrodeik;0;0.000993;
./datasets/SuffixArchivos/Mezcla//1000_6.txt;hygrodeik;0;0.000993;
./datasets/SuffixArchivos/Mezcla//200.txt;hygrodeik;0;0.000993;
./datasets/SuffixArchivos/Mezcla//200_2.txt;hygrodeik;0;0.000993;
./datasets/SuffixArchivos/Mezcla//500.txt;hygrodeik;0;0.000993;
./datasets/SuffixArchivos/Mezcla//500_2.txt;hygrodeik;0;0.000993;
./datasets/SuffixArchivos/Mezcla//1000.txt;foundery;0;0;
./datasets/SuffixArchivos/Mezcla//1000_2.txt;foundery;0;0;
./datasets/SuffixArchivos/Mezcla//1000_3.txt;foundery;0;0;
./datasets/SuffixArchivos/Mezcla//1000_4.txt;foundery;0;0;
./datasets/SuffixArchivos/Mezcla//1000_5.txt;foundery;0;0;
./datasets/SuffixArchivos/Mezcla//1000_6.txt;foundery;0;0;
./datasets/SuffixArchivos/Mezcla//200.txt;foundery;0;0;
./datasets/SuffixArchivos/Mezcla//200_2.txt;foundery;0;0;
./datasets/SuffixArchivos/Mezcla//500.txt;foundery;0;0;
./datasets/SuffixArchivos/Mezcla//500_2.txt;foundery;0;0;
./datasets/SuffixArchivos/Mezcla//1000.txt;scenic;0;0.001005;
./datasets/SuffixArchivos/Mezcla//1000_2.txt;scenic;0;0.001005;
./datasets/SuffixArchivos/Mezcla//1000_3.txt;scenic;0;0.001005;
./datasets/SuffixArchivos/Mezcla//1000_4.txt;scenic;0;0.001005;
./datasets/SuffixArchivos/Mezcla//1000_5.txt;scenic;0;0.001005;
./datasets/SuffixArchivos/Mezcla//1000_6.txt;scenic;0;0.001005;
./datasets/SuffixArchivos/Mezcla//200.txt;scenic;0;0.001005;
./datasets/SuffixArchivos/Mezcla//200_2.txt;scenic;0;0.001005;
./datasets/SuffixArchivos/Mezcla//500.txt;scenic;0;0.001005;
./datasets/SuffixArchivos/Mezcla//500_2.txt;scenic;0;0.001005;
./datasets/SuffixArchivos/Mezcla//1000.txt;purchase;1;0;
./datasets/SuffixArchivos/Mezcla//1000_2.txt;purchase;0;0;
./datasets/SuffixArchivos/Mezcla//1000_3.txt;purchase;0;0;
./datasets/SuffixArchivos/Mezcla//1000_4.txt;purchase;0;0;
./datasets/SuffixArchivos/Mezcla//1000_5.txt;purchase;1;0;
./datasets/SuffixArchivos/Mezcla//1000_6.txt;purchase;0;0;
./datasets/SuffixArchivos/Mezcla//200.txt;purchase;0;0;
./datasets/SuffixArchivos/Mezcla//200_2.txt;purchase;0;0;
./datasets/SuffixArchivos/Mezcla//500.txt;purchase;1;0;
./datasets/SuffixArchivos/Mezcla//500_2.txt;purchase;2;0;
./datasets/SuffixArchivos/Mezcla//1000.txt;scorch;0;0;
./datasets/SuffixArchivos/Mezcla//1000_2.txt;scorch;0;0;
./datasets/SuffixArchivos/Mezcla//1000_3.txt;scorch;1;0;
./datasets/SuffixArchivos/Mezcla//1000_4.txt;scorch;0;0;
./datasets/SuffixArchivos/Mezcla//1000_5.txt;scorch;0;0;
./datasets/SuffixArchivos/Mezcla//1000_6.txt;scorch;0;0;
./datasets/SuffixArchivos/Mezcla//200.txt;scorch;0;0;
./datasets/SuffixArchivos/Mezcla//200_2.txt;scorch;0;0;
./datasets/SuffixArchivos/Mezcla//500.txt;scorch;1;0;
./datasets/SuffixArchivos/Mezcla//500_2.txt;scorch;0;0;
./datasets/SuffixArchivos/Mezcla//1000.txt;preaffiliation;0;0;
./datasets/SuffixArchivos/Mezcla//1000_2.txt;preaffiliation;0;0;
./datasets/SuffixArchivos/Mezcla//1000_3.txt;preaffiliation;0;0;
./datasets/SuffixArchivos/Mezcla//1000_4.txt;preaffiliation;0;0;
./datasets/SuffixArchivos/Mezcla//1000_5.txt;preaffiliation;0;0;
./datasets/SuffixArchivos/Mezcla//1000_6.txt;preaffiliation;0;0;
./datasets/SuffixArchivos/Mezcla//200.txt;preaffiliation;0;0;
./datasets/SuffixArchivos/Mezcla//200_2.txt;preaffiliation;0;0;
./datasets/SuffixArchivos/Mezcla//500.txt;preaffiliation;0;0;
./datasets/SuffixArchivos/Mezcla//500_2.txt;preaffiliation;0;0;
./datasets/SuffixArchivos/Mezcla//1000.txt;Cossaean;0;0.000999;
./datasets/SuffixArchivos/Mezcla//1000_2.txt;Cossaean;0;0.000999;
./datasets/SuffixArchivos/Mezcla//1000_3.txt;Cossaean;0;0.000999;
./datasets/SuffixArchivos/Mezcla//1000_4.txt;Cossaean;0;0.000999;
./datasets/SuffixArchivos/Mezcla//1000_5.txt;Cossaean;0;0.000999;
./datasets/SuffixArchivos/Mezcla//1000_6.txt;Cossaean;0;0.000999;
./datasets/SuffixArchivos/Mezcla//200.txt;Cossaean;0;0.000999;
./datasets/SuffixArchivos/Mezcla//200_2.txt;Cossaean;0;0.000999;
./datasets/SuffixArchivos/Mezcla//500.txt;Cossaean;0;0.000999;
./datasets/SuffixArchivos/Mezcla//500_2.txt;Cossaean;0;0.000999;
./datasets/SuffixArchivos/Mezcla//1000.txt;tungstate;0;0;
./datasets/SuffixArchivos/Mezcla//1000_2.txt;tungstate;0;0;
./datasets/SuffixArchivos/Mezcla//1000_3.txt;tungstate;0;0;
./datasets/SuffixArchivos/Mezcla//1000_4.txt;tungstate;0;0;
./datasets/SuffixArchivos/Mezcla//1000_5.txt;tungstate;0;0;
./datasets/SuffixArchivos/Mezcla//1000_6.txt;tungstate;0;0;
./datasets/SuffixArchivos/Mezcla//200.txt;tungstate;0;0;
./datasets/SuffixArchivos/Mezcla//200_2.txt;tungstate;0;0;
./datasets/SuffixArchivos/Mezcla//500.txt;tungstate;0;0;
./datasets/SuffixArchivos/Mezcla//500_2.txt;tungstate;0;0;
./datasets/SuffixArchivos/Mezcla//1000.txt;hecte;0;0.001;
./datasets/SuffixArchivos/Mezcla//1000_2.txt;hecte;0;0.001;
./datasets/SuffixArchivos/Mezcla//1000_3.txt;hecte;0;0.001;
./datasets/SuffixArchivos/Mezcla//1000_4.txt;hecte;0;0.001;
./datasets/SuffixArchivos/Mezcla//1000_5.txt;hecte;0;0.001;
./datasets/SuffixArchivos/Mezcla//1000_6.txt;hecte;0;0.001;
./datasets/SuffixArchivos/Mezcla//200.txt;hecte;0;0.001;
./datasets/SuffixArchivos/Mezcla//200_2.txt;hecte;0;0.001;
./datasets/SuffixArchivos/Mezcla//500.txt;hecte;0;0.001;
./datasets/SuffixArchivos/Mezcla//500_2.txt;hecte;0;0.001;
./datasets/SuffixArchivos/Mezcla//1000.txt;ureometer;0;0;
./datasets/SuffixArchivos/Mezcla//1000_2.txt;ureometer;0;0;
./datasets/SuffixArchivos/Mezcla//1000_3.txt;ureometer;0;0;
./datasets/SuffixArchivos/Mezcla//1000_4.txt;ureometer;0;0;
./datasets/SuffixArchivos/Mezcla//1000_5.txt;ureometer;0;0;
./datasets/SuffixArchivos/Mezcla//1000_6.txt;ureometer;0;0;
./datasets/SuffixArchivos/Mezcla//200.txt;ureometer;0;0;
./datasets/SuffixArchivos/Mezcla//200_2.txt;ureometer;0;0;
./datasets/SuffixArchivos/Mezcla//500.txt;ureometer;0;0;
./datasets/SuffixArchivos/Mezcla//500_2.txt;ureometer;0;0;
./datasets/SuffixArchivos/Mezcla//1000.txt;syllabatim;0;0.000999;
./datasets/SuffixArchivos/Mezcla//1000_2.txt;syllabatim;0;0.000999;
./datasets/SuffixArchivos/Mezcla//1000_3.txt;syllabatim;0;0.000999;
./datasets/SuffixArchivos/Mezcla//1000_4.txt;syllabatim;0;0.000999;
./datasets/SuffixArchivos/Mezcla//1000_5.txt;syllabatim;0;0.000999;
./datasets/SuffixArchivos/Mezcla//1000_6.txt;syllabatim;0;0.000999;
./datasets/SuffixArchivos/Mezcla//200.txt;syllabatim;0;0.000999;
./datasets/SuffixArchivos/Mezcla//200_2.txt;syllabatim;0;0.000999;
./datasets/SuffixArchivos/Mezcla//500.txt;syllabatim;0;0.000999;
./datasets/SuffixArchivos/Mezcla//500_2.txt;syllabatim;0;0.000999;
./datasets/SuffixArchivos/Mezcla//1000.txt;wireless;0;0;
./datasets/SuffixArchivos/Mezcla//1000_2.txt;wireless;0;0;
./datasets/SuffixArchivos/Mezcla//1000_3.txt;wireless;0;0;
./datasets/SuffixArchivos/Mezcla//1000_4.txt;wireless;0;0;
./datasets/SuffixArchivos/Mezcla//1000_5.txt;wireless;0;0;
./datasets/SuffixArchivos/Mezcla//1000_6.txt;wireless;0;0;
./datasets/SuffixArchivos/Mezcla//200.txt;wireless;0;0;
./datasets/SuffixArchivos/Mezcla//200_2.txt;wireless;0;0;
./datasets/SuffixArchivos/Mezcla//500.txt;wireless;0;0;
./datasets/SuffixArchivos/Mezcla//500_2.txt;wireless;0;0;
./datasets/SuffixArchivos/Mezcla//1000.txt;Zapoteco;0;0.001001;
./datasets/SuffixArchivos/Mezcla//1000_2.txt;Zapoteco;0;0.001001;
./datasets/SuffixArchivos/Mezcla//1000_3.txt;Zapoteco;0;0.001001;
./datasets/SuffixArchivos/Mezcla//1000_4.txt;Zapoteco;0;0.001001;
./datasets/SuffixArchivos/Mezcla//1000_5.txt;Zapoteco;0;0.001001;
./datasets/SuffixArchivos/Mezcla//1000_6.txt;Zapoteco;0;0.001001;
./datasets/SuffixArchivos/Mezcla//200.txt;Zapoteco;0;0.001001;
./datasets/SuffixArchivos/Mezcla//200_2.txt;Zapoteco;0;0.001001;
./datasets/SuffixArchivos/Mezcla//500.txt;Zapoteco;0;0.001001;
./datasets/SuffixArchivos/Mezcla//500_2.txt;Zapoteco;0;0.001001;
./datasets/SuffixArchivos/Mezcla//1000.txt;notarikon;0;0;
./datasets/SuffixArchivos/Mezcla//1000_2.txt;notarikon;0;0;
./datasets/SuffixArchivos/Mezcla//1000_3.txt;notarikon;0;0;
./datasets/SuffixArchivos/Mezcla//1000_4.txt;notarikon;0;0;
./datasets/SuffixArchivos/Mezcla//1000_5.txt;notarikon;0;0;
./datasets/SuffixArchivos/Mezcla//1000_6.txt;notarikon;0;0;
./datasets/SuffixArchivos/Mezcla//200.txt;notarikon;0;0;
./datasets/SuffixArchivos/Mezcla//200_2.txt;notarikon;0;0;
./datasets/SuffixArchivos/Mezcla//500.txt;notarikon;0;0;
./datasets/SuffixArchivos/Mezcla//500_2.txt;notarikon;0;0;
./datasets/SuffixArchivos/Mezcla//1000.txt;acroasphyxia;0;0.000984;
./datasets/SuffixArchivos/Mezcla//1000_2.txt;acroasphyxia;0;0.000984;
./datasets/SuffixArchivos/Mezcla//1000_3.txt;acroasphyxia;0;0.000984;
./datasets/SuffixArchivos/Mezcla//1000_4.txt;acroasphyxia;0;0.000984;
./datasets/SuffixArchivos/Mezcla//1000_5.txt;acroasphyxia;0;0.000984;
./datasets/SuffixArchivos/Mezcla//1000_6.txt;acroasphyxia;0;0.000984;
./datasets/SuffixArchivos/Mezcla//200.txt;acroasphyxia;0;0.000984;
./datasets/SuffixArchivos/Mezcla//200_2.txt;acroasphyxia;0;0.000984;
./datasets/SuffixArchivos/Mezcla//500.txt;acroasphyxia;0;0.000984;
./datasets/SuffixArchivos/Mezcla//500_2.txt;acroasphyxia;0;0.000984;
./datasets/SuffixArchivos/Mezcla//1000.txt;endosalpingitis;0;0;
./datasets/SuffixArchivos/Mezcla//1000_2.txt;endosalpingitis;0;0;
./datasets/SuffixArchivos/Mezcla//1000_3.txt;endosalpingitis;0;0;
./datasets/SuffixArchivos/Mezcla//1000_4.txt;endosalpingitis;0;0;
./datasets/SuffixArchivos/Mezcla//1000_5.txt;endosalpingitis;0;0;
./datasets/SuffixArchivos/Mezcla//1000_6.txt;endosalpingitis;0;0;
./datasets/SuffixArchivos/Mezcla//200.txt;endosalpingitis;0;0;
./datasets/SuffixArchivos/Mezcla//200_2.txt;endosalpingitis;0;0;
./datasets/SuffixArchivos/Mezcla//500.txt;endosalpingitis;0;0;
./datasets/SuffixArchivos/Mezcla//500_2.txt;endosalpingitis;0;0;
./datasets/SuffixArchivos/Mezcla//1000.txt;humpback;0;0.001002;
./datasets/SuffixArchivos/Mezcla//1000_2.txt;humpback;0;0.001002;
./datasets/SuffixArchivos/Mezcla//1000_3.txt;humpback;0;0.001002;
./datasets/SuffixArchivos/Mezcla//1000_4.txt;humpback;0;0.001002;
./datasets/SuffixArchivos/Mezcla//1000_5.txt;humpback;0;0.001002;
./datasets/SuffixArchivos/Mezcla//1000_6.txt;humpback;0;0.001002;
./datasets/SuffixArchivos/Mezcla//200.txt;humpback;0;0.001002;
./datasets/SuffixArchivos/Mezcla//200_2.txt;humpback;0;0.001002;
./datasets/SuffixArchivos/Mezcla//500.txt;humpback;0;0.001002;
./datasets/SuffixArchivos/Mezcla//500_2.txt;humpback;0;0.001002;
./datasets/SuffixArchivos/Mezcla//1000.txt;unwist;0;0;
./datasets/SuffixArchivos/Mezcla//1000_2.txt;unwist;0;0;
./datasets/SuffixArchivos/Mezcla//1000_3.txt;unwist;0;0;
./datasets/SuffixArchivos/Mezcla//1000_4.txt;unwist;0;0;
./datasets/SuffixArchivos/Mezcla//1000_5.txt;unwist;0;0;
./datasets/SuffixArchivos/Mezcla//1000_6.txt;unwist;0;0;
./datasets/SuffixArchivos/Mezcla//200.txt;unwist;0;0;
./datasets/SuffixArchivos/Mezcla//200_2.txt;unwist;0;0;
./datasets/SuffixArchivos/Mezcla//500.txt;unwist;0;0;
./datasets/SuffixArchivos/Mezcla//500_2.txt;unwist;0;0;
./datasets/SuffixArchivos/Mezcla//1000.txt;pedigerous;0;0;
./datasets/SuffixArchivos/Mezcla//1000_2.txt;pedigerous;0;0;
./datasets/SuffixArchivos/Mezcla//1000_3.txt;pedigerous;0;0;
./datasets/SuffixArchivos/Mezcla//1000_4.txt;pedigerous;0;0;
./datasets/SuffixArchivos/Mezcla//1000_5.txt;pedigerous;0;0;
./datasets/SuffixArchivos/Mezcla//1000_6.txt;pedigerous;0;0;
./datasets/SuffixArchivos/Mezcla//200.txt;pedigerous;0;0;
./datasets/SuffixArchivos/Mezcla//200_2.txt;pedigerous;0;0;
./datasets/SuffixArchivos/Mezcla//500.txt;pedigerous;0;0;
./datasets/SuffixArchivos/Mezcla//500_2.txt;pedigerous;0;0;
./datasets/SuffixArchivos/Mezcla//1000.txt;peacemaking;0;0.001001;
./datasets/SuffixArchivos/Mezcla//1000_2.txt;peacemaking;0;0.001001;
./datasets/SuffixArchivos/Mezcla//1000_3.txt;peacemaking;0;0.001001;
./datasets/SuffixArchivos/Mezcla//1000_4.txt;peacemaking;0;0.001001;
./datasets/SuffixArchivos/Mezcla//1000_5.txt;peacemaking;0;0.001001;
./datasets/SuffixArchivos/Mezcla//1000_6.txt;peacemaking;0;0.001001;
./datasets/SuffixArchivos/Mezcla//200.txt;peacemaking;0;0.001001;
./datasets/SuffixArchivos/Mezcla//200_2.txt;peacemaking;0;0.001001;
./datasets/SuffixArchivos/Mezcla//500.txt;peacemaking;0;0.001001;
./datasets/SuffixArchivos/Mezcla//500_2.txt;peacemaking;0;0.001001;
./datasets/SuffixArchivos/Mezcla//1000.txt;foremasthand;0;0;
./datasets/SuffixArchivos/Mezcla//1000_2.txt;foremasthand;0;0;
./datasets/SuffixArchivos/Mezcla//1000_3.txt;foremasthand;0;0;
./datasets/SuffixArchivos/Mezcla//1000_4.txt;foremasthand;0;0;
./datasets/SuffixArchivos/Mezcla//1000_5.txt;foremasthand;0;0;
./datasets/SuffixArchivos/Mezcla//1000_6.txt;foremasthand;0;0;
./datasets/SuffixArchivos/Mezcla//200.txt;foremasthand;0;0;
./datasets/SuffixArchivos/Mezcla//200_2.txt;foremasthand;0;0;
./datasets/SuffixArchivos/Mezcla//500.txt;foremasthand;0;0;
./datasets/SuffixArchivos/Mezcla//500_2.txt;foremasthand;0;0;
./datasets/SuffixArchivos/Mezcla//1000.txt;annodated;0;0.000999;
./datasets/SuffixArchivos/Mezcla//1000_2.txt;annodated;0;0.000999;
./datasets/SuffixArchivos/Mezcla//1000_3.txt;annodated;0;0.000999;
./datasets/SuffixArchivos/Mezcla//1000_4.txt;annodated;0;0.000999;
./datasets/SuffixArchivos/Mezcla//1000_5.txt;annodated;0;0.000999;
./datasets/SuffixArchivos/Mezcla//1000_6.txt;annodated;0;0.000999;
./datasets/SuffixArchivos/Mezcla//200.txt;annodated;0;0.000999;
./datasets/SuffixArchivos/Mezcla//200_2.txt;annodated;0;0.000999;
./datasets/SuffixArchivos/Mezcla//500.txt;annodated;0;0.000999;
./datasets/SuffixArchivos/Mezcla//500_2.txt;annodated;0;0.000999;
./datasets/SuffixArchivos/Mezcla//1000.txt;multicarinated;0;0;
./datasets/SuffixArchivos/Mezcla//1000_2.txt;multicarinated;0;0;
./datasets/SuffixArchivos/Mezcla//1000_3.txt;multicarinated;0;0;
./datasets/SuffixArchivos/Mezcla//1000_4.txt;multicarinated;0;0;
./datasets/SuffixArchivos/Mezcla//1000_5.txt;multicarinated;0;0;
./datasets/SuffixArchivos/Mezcla//1000_6.txt;multicarinated;0;0;
./datasets/SuffixArchivos/Mezcla//200.txt;multicarinated;0;0;
./datasets/SuffixArchivos/Mezcla//200_2.txt;multicarinated;0;0;
./datasets/SuffixArchivos/Mezcla//500.txt;multicarinated;0;0;
./datasets/SuffixArchivos/Mezcla//500_2.txt;multicarinated;0;0;
./datasets/SuffixArchivos/Mezcla//1000.txt;Elaps;0;0.001;
./datasets/SuffixArchivos/Mezcla//1000_2.txt;Elaps;0;0.001;
./datasets/SuffixArchivos/Mezcla//1000_3.txt;Elaps;0;0.001;
./datasets/SuffixArchivos/Mezcla//1000_4.txt;Elaps;0;0.001;
./datasets/SuffixArchivos/Mezcla//1000_5.txt;Elaps;0;0.001;
./datasets/SuffixArchivos/Mezcla//1000_6.txt;Elaps;0;0.001;
./datasets/SuffixArchivos/Mezcla//200.txt;Elaps;0;0.001;
./datasets/SuffixArchivos/Mezcla//200_2.txt;Elaps;0;0.001;
./datasets/SuffixArchivos/Mezcla//500.txt;Elaps;0;0.001;
./datasets/SuffixArchivos/Mezcla//500_2.txt;Elaps;0;0.001;
./datasets/SuffixArchivos/Mezcla//1000.txt;seedbox;0;0;
./datasets/SuffixArchivos/Mezcla//1000_2.txt;seedbox;0;0;
./datasets/SuffixArchivos/Mezcla//1000_3.txt;seedbox;0;0;
./datasets/SuffixArchivos/Mezcla//1000_4.txt;seedbox;0;0;
./datasets/SuffixArchivos/Mezcla//1000_5.txt;seedbox;0;0;
./datasets/SuffixArchivos/Mezcla//1000_6.txt;seedbox;0;0;
./datasets/SuffixArchivos/Mezcla//200.txt;seedbox;0;0;
./datasets/SuffixArchivos/Mezcla//200_2.txt;seedbox;0;0;
./datasets/SuffixArchivos/Mezcla//500.txt;seedbox;0;0;
./datasets/SuffixArchivos/Mezcla//500_2.txt;seedbox;0;0;
./datasets/SuffixArchivos/Mezcla//1000.txt;loaferish;0;0.000998;
./datasets/SuffixArchivos/Mezcla//1000_2.txt;loaferish;0;0.000998;
./datasets/SuffixArchivos/Mezcla//1000_3.txt;loaferish;0;0.000998;
./datasets/SuffixArchivos/Mezcla//1000_4.txt;loaferish;0;0.000998;
./datasets/SuffixArchivos/Mezcla//1000_5.txt;loaferish;0;0.000998;
./datasets/SuffixArchivos/Mezcla//1000_6.txt;loaferish;0;0.000998;
./datasets/SuffixArchivos/Mezcla//200.txt;loaferish;0;0.000998;
./datasets/SuffixArchivos/Mezcla//200_2.txt;loaferish;0;0.000998;
./datasets/SuffixArchivos/Mezcla//500.txt;loaferish;0;0.000998;
./datasets/SuffixArchivos/Mezcla//500_2.txt;loaferish;0;0.000998;
./datasets/SuffixArchivos/Mezcla//1000.txt;proprietage;0;0;
./datasets/SuffixArchivos/Mezcla//1000_2.txt;proprietage;0;0;
./datasets/SuffixArchivos/Mezcla//1000_3.txt;proprietage;0;0;
./datasets/SuffixArchivos/Mezcla//1000_4.txt;proprietage;0;0;
./datasets/SuffixArchivos/Mezcla//1000_5.txt;proprietage;0;0;
./datasets/SuffixArchivos/Mezcla//1000_6.txt;proprietage;0;0;
./datasets/SuffixArchivos/Mezcla//200.txt;proprietage;0;0;
./datasets/SuffixArchivos/Mezcla//200_2.txt;proprietage;0;0;
./datasets/SuffixArchivos/Mezcla//500.txt;proprietage;0;0;
./datasets/SuffixArchivos/Mezcla//500_2.txt;proprietage;0;0;
./datasets/SuffixArchivos/Mezcla//1000.txt;Eumenes;0;0;
./datasets/SuffixArchivos/Mezcla//1000_2.txt;Eumenes;0;0;
./datasets/SuffixArchivos/Mezcla//1000_3.txt;Eumenes;0;0;
./datasets/SuffixArchivos/Mezcla//1000_4.txt;Eumenes;0;0;
./datasets/SuffixArchivos/Mezcla//1000_5.txt;Eumenes;0;0;
./datasets/SuffixArchivos/Mezcla//1000_6.txt;Eumenes;0;0;
./datasets/SuffixArchivos/Mezcla//200.txt;Eumenes;0;0;
./datasets/SuffixArchivos/Mezcla//200_2.txt;Eumenes;0;0;
./datasets/SuffixArchivos/Mezcla//500.txt;Eumenes;0;0;
./datasets/SuffixArchivos/Mezcla//500_2.txt;Eumenes;0;0;
./datasets/SuffixArchivos/Mezcla//1000.txt;monochlor;0;0;
./datasets/SuffixArchivos/Mezcla//1000_2.txt;monochlor;0;0;
./datasets/SuffixArchivos/Mezcla//1000_3.txt;monochlor;0;0;
./datasets/SuffixArchivos/Mezcla//1000_4.txt;monochlor;0;0;
./datasets/SuffixArchivos/Mezcla//1000_5.txt;monochlor;0;0;
./datasets/SuffixArchivos/Mezcla//1000_6.txt;monochlor;0;0;
./datasets/SuffixArchivos/Mezcla//200.txt;monochlor;0;0;
./datasets/SuffixArchivos/Mezcla//200_2.txt;monochlor;0;0;
./datasets/SuffixArchivos/Mezcla//500.txt;monochlor;0;0;
./datasets/SuffixArchivos/Mezcla//500_2.txt;monochlor;0;0;
./datasets/SuffixArchivos/Mezcla//1000.txt;decarhinus;0;0;
./datasets/SuffixArchivos/Mezcla//1000_2.txt;decarhinus;0;0;
./datasets/SuffixArchivos/Mezcla//1000_3.txt;decarhinus;0;0;
./datasets/SuffixArchivos/Mezcla//1000_4.txt;decarhinus;0;0;
./datasets/SuffixArchivos/Mezcla//1000_5.txt;decarhinus;0;0;
./datasets/SuffixArchivos/Mezcla//1000_6.txt;decarhinus;0;0;
./datasets/SuffixArchivos/Mezcla//200.txt;decarhinus;0;0;
./datasets/SuffixArchivos/Mezcla//200_2.txt;decarhinus;0;0;
./datasets/SuffixArchivos/Mezcla//500.txt;decarhinus;0;0;
./datasets/SuffixArchivos/Mezcla//500_2.txt;decarhinus;0;0;
./datasets/SuffixArchivos/Mezcla//1000.txt;ambry;0;0;
./datasets/SuffixArchivos/Mezcla//1000_2.txt;ambry;0;0;
./datasets/SuffixArchivos/Mezcla//1000_3.txt;ambry;0;0;
./datasets/SuffixArchivos/Mezcla//1000_4.txt;ambry;0;0;
./datasets/SuffixArchivos/Mezcla//1000_5.txt;ambry;0;0;
./datasets/SuffixArchivos/Mezcla//1000_6.txt;ambry;0;0;
./datasets/SuffixArchivos/Mezcla//200.txt;ambry;0;0;
./datasets/SuffixArchivos/Mezcla//200_2.txt;ambry;0;0;
./datasets/SuffixArchivos/Mezcla//500.txt;ambry;0;0;
./datasets/SuffixArchivos/Mezcla//500_2.txt;ambry;0;0;
./datasets/SuffixArchivos/Mezcla//1000.txt;hemarthrosis;0;0.001;
./datasets/SuffixArchivos/Mezcla//1000_2.txt;hemarthrosis;0;0.001;
./datasets/SuffixArchivos/Mezcla//1000_3.txt;hemarthrosis;0;0.001;
./datasets/SuffixArchivos/Mezcla//1000_4.txt;hemarthrosis;0;0.001;
./datasets/SuffixArchivos/Mezcla//1000_5.txt;hemarthrosis;0;0.001;
./datasets/SuffixArchivos/Mezcla//1000_6.txt;hemarthrosis;0;0.001;
./datasets/SuffixArchivos/Mezcla//200.txt;hemarthrosis;0;0.001;
./datasets/SuffixArchivos/Mezcla//200_2.txt;hemarthrosis;0;0.001;
./datasets/SuffixArchivos/Mezcla//500.txt;hemarthrosis;0;0.001;
./datasets/SuffixArchivos/Mezcla//500_2.txt;hemarthrosis;0;0.001;
./datasets/SuffixArchivos/Mezcla//1000.txt;echopractic;0;0;
./datasets/SuffixArchivos/Mezcla//1000_2.txt;echopractic;0;0;
./datasets/SuffixArchivos/Mezcla//1000_3.txt;echopractic;0;0;
./datasets/SuffixArchivos/Mezcla//1000_4.txt;echopractic;0;0;
./datasets/SuffixArchivos/Mezcla//1000_5.txt;echopractic;0;0;
./datasets/SuffixArchivos/Mezcla//1000_6.txt;echopractic;0;0;
./datasets/SuffixArchivos/Mezcla//200.txt;echopractic;0;0;
./datasets/SuffixArchivos/Mezcla//200_2.txt;echopractic;0;0;
./datasets/SuffixArchivos/Mezcla//500.txt;echopractic;0;0;
./datasets/SuffixArchivos/Mezcla//500_2.txt;echopractic;0;0;
./datasets/SuffixArchivos/Mezcla//1000.txt;Hamamelidoxylon;0;0;
./datasets/SuffixArchivos/Mezcla//1000_2.txt;Hamamelidoxylon;0;0;
./datasets/SuffixArchivos/Mezcla//1000_3.txt;Hamamelidoxylon;0;0;
./datasets/SuffixArchivos/Mezcla//1000_4.txt;Hamamelidoxylon;0;0;
./datasets/SuffixArchivos/Mezcla//1000_5.txt;Hamamelidoxylon;0;0;
./datasets/SuffixArchivos/Mezcla//1000_6.txt;Hamamelidoxylon;0;0;
./datasets/SuffixArchivos/Mezcla//200.txt;Hamamelidoxylon;0;0;
./datasets/SuffixArchivos/Mezcla//200_2.txt;Hamamelidoxylon;0;0;
./datasets/SuffixArchivos/Mezcla//500.txt;Hamamelidoxylon;0;0;
./datasets/SuffixArchivos/Mezcla//500_2.txt;Hamamelidoxylon;0;0;
./datasets/SuffixArchivos/Mezcla//1000.txt;schoolcraft;0;0;
./datasets/SuffixArchivos/Mezcla//1000_2.txt;schoolcraft;0;0;
./datasets/SuffixArchivos/Mezcla//1000_3.txt;schoolcraft;0;0;
./datasets/SuffixArchivos/Mezcla//1000_4.txt;schoolcraft;0;0;
./datasets/SuffixArchivos/Mezcla//1000_5.txt;schoolcraft;0;0;
./datasets/SuffixArchivos/Mezcla//1000_6.txt;schoolcraft;0;0;
./datasets/SuffixArchivos/Mezcla//200.txt;schoolcraft;0;0;
./datasets/SuffixArchivos/Mezcla//200_2.txt;schoolcraft;0;0;
./datasets/SuffixArchivos/Mezcla//500.txt;schoolcraft;0;0;
./datasets/SuffixArchivos/Mezcla//500_2.txt;schoolcraft;0;0;
./datasets/SuffixArchivos/Mezcla//1000.txt;scillipicrin;0;0.000999;
./datasets/SuffixArchivos/Mezcla//1000_2.txt;scillipicrin;0;0.000999;
./datasets/SuffixArchivos/Mezcla//1000_3.txt;scillipicrin;0;0.000999;
./datasets/SuffixArchivos/Mezcla//1000_4.txt;scillipicrin;0;0.000999;
./datasets/SuffixArchivos/Mezcla//1000_5.txt;scillipicrin;0;0.000999;
./datasets/SuffixArchivos/Mezcla//1000_6.txt;scillipicrin;0;0.000999;
./datasets/SuffixArchivos/Mezcla//200.txt;scillipicrin;0;0.000999;
./datasets/SuffixArchivos/Mezcla//200_2.txt;scillipicrin;0;0.000999;
./datasets/SuffixArchivos/Mezcla//500.txt;scillipicrin;0;0.000999;
./datasets/SuffixArchivos/Mezcla//500_2.txt;scillipicrin;0;0.000999;
./datasets/SuffixArchivos/Mezcla//1000.txt;Klanswoman;0;0;
./datasets/SuffixArchivos/Mezcla//1000_2.txt;Klanswoman;0;0;
./datasets/SuffixArchivos/Mezcla//1000_3.txt;Klanswoman;0;0;
./datasets/SuffixArchivos/Mezcla//1000_4.txt;Klanswoman;0;0;
./datasets/SuffixArchivos/Mezcla//1000_5.txt;Klanswoman;0;0;
./datasets/SuffixArchivos/Mezcla//1000_6.txt;Klanswoman;0;0;
./datasets/SuffixArchivos/Mezcla//200.txt;Klanswoman;0;0;
./datasets/SuffixArchivos/Mezcla//200_2.txt;Klanswoman;0;0;
./datasets/SuffixArchivos/Mezcla//500.txt;Klanswoman;0;0;
./datasets/SuffixArchivos/Mezcla//500_2.txt;Klanswoman;0;0;
./datasets/SuffixArchivos/Mezcla//1000.txt;glyceride;0;0.000999;
./datasets/SuffixArchivos/Mezcla//1000_2.txt;glyceride;0;0.000999;
./datasets/SuffixArchivos/Mezcla//1000_3.txt;glyceride;0;0.000999;
./datasets/SuffixArchivos/Mezcla//1000_4.txt;glyceride;0;0.000999;
./datasets/SuffixArchivos/Mezcla//1000_5.txt;glyceride;0;0.000999;
./datasets/SuffixArchivos/Mezcla//1000_6.txt;glyceride;0;0.000999;
./datasets/SuffixArchivos/Mezcla//200.txt;glyceride;0;0.000999;
./datasets/SuffixArchivos/Mezcla//200_2.txt;glyceride;0;0.000999;
./datasets/SuffixArchivos/Mezcla//500.txt;glyceride;0;0.000999;
./datasets/SuffixArchivos/Mezcla//500_2.txt;glyceride;0;0.000999;
./datasets/SuffixArchivos/Mezcla//1000.txt;dacryocystotomy;0;0;
./datasets/SuffixArchivos/Mezcla//1000_2.txt;dacryocystotomy;0;0;
./datasets/SuffixArchivos/Mezcla//1000_3.txt;dacryocystotomy;0;0;
./datasets/SuffixArchivos/Mezcla//1000_4.txt;dacryocystotomy;0;0;
./datasets/SuffixArchivos/Mezcla//1000_5.txt;dacryocystotomy;0;0;
./datasets/SuffixArchivos/Mezcla//1000_6.txt;dacryocystotomy;0;0;
./datasets/SuffixArchivos/Mezcla//200.txt;dacryocystotomy;0;0;
./datasets/SuffixArchivos/Mezcla//200_2.txt;dacryocystotomy;0;0;
./datasets/SuffixArchivos/Mezcla//500.txt;dacryocystotomy;0;0;
./datasets/SuffixArchivos/Mezcla//500_2.txt;dacryocystotomy;0;0;
./datasets/SuffixArchivos/Mezcla//1000.txt;muscose;0;0.001;
./datasets/SuffixArchivos/Mezcla//1000_2.txt;muscose;0;0.001;
./datasets/SuffixArchivos/Mezcla//1000_3.txt;muscose;0;0.001;
./datasets/SuffixArchivos/Mezcla//1000_4.txt;muscose;0;0.001;
./datasets/SuffixArchivos/Mezcla//1000_5.txt;muscose;0;0.001;
./datasets/SuffixArchivos/Mezcla//1000_6.txt;muscose;0;0.001;
./datasets/SuffixArchivos/Mezcla//200.txt;muscose;0;0.001;
./datasets/SuffixArchivos/Mezcla//200_2.txt;muscose;0;0.001;
./datasets/SuffixArchivos/Mezcla//500.txt;muscose;0;0.001;
./datasets/SuffixArchivos/Mezcla//500_2.txt;muscose;0;0.001;
./datasets/SuffixArchivos/Mezcla//1000.txt;whau;0;0;
./datasets/SuffixArchivos/Mezcla//1000_2.txt;whau;0;0;
./datasets/SuffixArchivos/Mezcla//1000_3.txt;whau;0;0;
./datasets/SuffixArchivos/Mezcla//1000_4.txt;whau;0;0;
./datasets/SuffixArchivos/Mezcla//1000_5.txt;whau;0;0;
./datasets/SuffixArchivos/Mezcla//1000_6.txt;whau;0;0;
./datasets/SuffixArchivos/Mezcla//200.txt;whau;0;0;
./datasets/SuffixArchivos/Mezcla//200_2.txt;whau;0;0;
./datasets/SuffixArchivos/Mezcla//500.txt;whau;0;0;
./datasets/SuffixArchivos/Mezcla//500_2.txt;whau;0;0;
./datasets/SuffixArchivos/Mezcla//1000.txt;introductoriness;0;0.001;
./datasets/SuffixArchivos/Mezcla//1000_2.txt;introductoriness;0;0.001;
./datasets/SuffixArchivos/Mezcla//1000_3.txt;introductoriness;0;0.001;
./datasets/SuffixArchivos/Mezcla//1000_4.txt;introductoriness;0;0.001;
./datasets/SuffixArchivos/Mezcla//1000_5.txt;introductoriness;0;0.001;
./datasets/SuffixArchivos/Mezcla//1000_6.txt;introductoriness;0;0.001;
./datasets/SuffixArchivos/Mezcla//200.txt;introductoriness;0;0.001;
./datasets/SuffixArchivos/Mezcla//200_2.txt;introductoriness;0;0.001;
./datasets/SuffixArchivos/Mezcla//500.txt;introductoriness;0;0.001;
./datasets/SuffixArchivos/Mezcla//500_2.txt;introductoriness;0;0.001;
./datasets/SuffixArchivos/Mezcla//1000.txt;propaedeutical;0;0;
./datasets/SuffixArchivos/Mezcla//1000_2.txt;propaedeutical;0;0;
./datasets/SuffixArchivos/Mezcla//1000_3.txt;propaedeutical;0;0;
./datasets/SuffixArchivos/Mezcla//1000_4.txt;propaedeutical;0;0;
./datasets/SuffixArchivos/Mezcla//1000_5.txt;propaedeutical;0;0;
./datasets/SuffixArchivos/Mezcla//1000_6.txt;propaedeutical;0;0;
./datasets/SuffixArchivos/Mezcla//200.txt;propaedeutical;0;0;
./datasets/SuffixArchivos/Mezcla//200_2.txt;propaedeutical;0;0;
./datasets/SuffixArchivos/Mezcla//500.txt;propaedeutical;0;0;
./datasets/SuffixArchivos/Mezcla//500_2.txt;propaedeutical;0;0;
./datasets/SuffixArchivos/Mezcla//1000.txt;pensived;0;0.001004;
./datasets/SuffixArchivos/Mezcla//1000_2.txt;pensived;0;0.001004;
./datasets/SuffixArchivos/Mezcla//1000_3.txt;pensived;0;0.001004;
./datasets/SuffixArchivos/Mezcla//1000_4.txt;pensived;0;0.001004;
./datasets/SuffixArchivos/Mezcla//1000_5.txt;pensived;0;0.001004;
./datasets/SuffixArchivos/Mezcla//1000_6.txt;pensived;0;0.001004;
./datasets/SuffixArchivos/Mezcla//200.txt;pensived;0;0.001004;
./datasets/SuffixArchivos/Mezcla//200_2.txt;pensived;0;0.001004;
./datasets/SuffixArchivos/Mezcla//500.txt;pensived;0;0.001004;
./datasets/SuffixArchivos/Mezcla//500_2.txt;pensived;0;0.001004;
./datasets/SuffixArchivos/Mezcla//1000.txt;subarmor;0;0.000999;
./datasets/SuffixArchivos/Mezcla//1000_2.txt;subarmor;0;0.000999;
./datasets/SuffixArchivos/Mezcla//1000_3.txt;subarmor;0;0.000999;
./datasets/SuffixArchivos/Mezcla//1000_4.txt;subarmor;0;0.000999;
./datasets/SuffixArchivos/Mezcla//1000_5.txt;subarmor;0;0.000999;
./datasets/SuffixArchivos/Mezcla//1000_6.txt;subarmor;0;0.000999;
./datasets/SuffixArchivos/Mezcla//200.txt;subarmor;0;0.000999;
./datasets/SuffixArchivos/Mezcla//200_2.txt;subarmor;0;0.000999;
./datasets/SuffixArchivos/Mezcla//500.txt;subarmor;0;0.000999;
./datasets/SuffixArchivos/Mezcla//500_2.txt;subarmor;0;0.000999;
./datasets/SuffixArchivos/Mezcla//1000.txt;ichthyotomy;0;0;
./datasets/SuffixArchivos/Mezcla//1000_2.txt;ichthyotomy;0;0;
./datasets/SuffixArchivos/Mezcla//1000_3.txt;ichthyotomy;0;0;
./datasets/SuffixArchivos/Mezcla//1000_4.txt;ichthyotomy;0;0;
./datasets/SuffixArchivos/Mezcla//1000_5.txt;ichthyotomy;0;0;
./datasets/SuffixArchivos/Mezcla//1000_6.txt;ichthyotomy;0;0;
./datasets/SuffixArchivos/Mezcla//200.txt;ichthyotomy;0;0;
./datasets/SuffixArchivos/Mezcla//200_2.txt;ichthyotomy;0;0;
./datasets/SuffixArchivos/Mezcla//500.txt;ichthyotomy;0;0;
./datasets/SuffixArchivos/Mezcla//500_2.txt;ichthyotomy;0;0;
./datasets/SuffixArchivos/Mezcla//1000.txt;Caesardom;0;0.000982;
./datasets/SuffixArchivos/Mezcla//1000_2.txt;Caesardom;0;0.000982;
./datasets/SuffixArchivos/Mezcla//1000_3.txt;Caesardom;0;0.000982;
./datasets/SuffixArchivos/Mezcla//1000_4.txt;Caesardom;0;0.000982;
./datasets/SuffixArchivos/Mezcla//1000_5.txt;Caesardom;0;0.000982;
./datasets/SuffixArchivos/Mezcla//1000_6.txt;Caesardom;0;0.000982;
./datasets/SuffixArchivos/Mezcla//200.txt;Caesardom;0;0.000982;
./datasets/SuffixArchivos/Mezcla//200_2.txt;Caesardom;0;0.000982;
./datasets/SuffixArchivos/Mezcla//500.txt;Caesardom;0;0.000982;
./datasets/SuffixArchivos/Mezcla//500_2.txt;Caesardom;0;0.000982;
./datasets/SuffixArchivos/Mezcla//1000.txt;alkylic;0;0;
./datasets/SuffixArchivos/Mezcla//1000_2.txt;alkylic;0;0;
./datasets/SuffixArchivos/Mezcla//1000_3.txt;alkylic;0;0;
./datasets/SuffixArchivos/Mezcla//1000_4.txt;alkylic;0;0;
./datasets/SuffixArchivos/Mezcla//1000_5.txt;alkylic;0;0;
./datasets/SuffixArchivos/Mezcla//1000_6.txt;alkylic;0;0;
./datasets/SuffixArchivos/Mezcla//200.txt;alkylic;0;0;
./datasets/SuffixArchivos/Mezcla//200_2.txt;alkylic;0;0;
./datasets/SuffixArchivos/Mezcla//500.txt;alkylic;0;0;
./datasets/SuffixArchivos/Mezcla//500_2.txt;alkylic;0;0;
./datasets/SuffixArchivos/Mezcla//1000.txt;urethrorrhea;0;0;
./datasets/SuffixArchivos/Mezcla//1000_2.txt;urethrorrhea;0;0;
./datasets/SuffixArchivos/Mezcla//1000_3.txt;urethrorrhea;0;0;
./datasets/SuffixArchivos/Mezcla//1000_4.txt;urethrorrhea;0;0;
./datasets/SuffixArchivos/Mezcla//1000_5.txt;urethrorrhea;0;0;
./datasets/SuffixArchivos/Mezcla//1000_6.txt;urethrorrhea;0;0;
./datasets/SuffixArchivos/Mezcla//200.txt;urethrorrhea;0;0;
./datasets/SuffixArchivos/Mezcla//200_2.txt;urethrorrhea;0;0;
./datasets/SuffixArchivos/Mezcla//500.txt;urethrorrhea;0;0;
./datasets/SuffixArchivos/Mezcla//500_2.txt;urethrorrhea;0;0;
./datasets/SuffixArchivos/Mezcla//1000.txt;platybrachycephalous;0;0;
./datasets/SuffixArchivos/Mezcla//1000_2.txt;platybrachycephalous;0;0;
./datasets/SuffixArchivos/Mezcla//1000_3.txt;platybrachycephalous;0;0;
./datasets/SuffixArchivos/Mezcla//1000_4.txt;platybrachycephalous;0;0;
./datasets/SuffixArchivos/Mezcla//1000_5.txt;platybrachycephalous;0;0;
./datasets/SuffixArchivos/Mezcla//1000_6.txt;platybrachycephalous;0;0;
./datasets/SuffixArchivos/Mezcla//200.txt;platybrachycephalous;0;0;
./datasets/SuffixArchivos/Mezcla//200_2.txt;platybrachycephalous;0;0;
./datasets/SuffixArchivos/Mezcla//500.txt;platybrachycephalous;0;0;
./datasets/SuffixArchivos/Mezcla//500_2.txt;platybrachycephalous;0;0;
./datasets/SuffixArchivos/Mezcla//1000.txt;disapprovingly;0;0;
./datasets/SuffixArchivos/Mezcla//1000_2.txt;disapprovingly;0;0;
./datasets/SuffixArchivos/Mezcla//1000_3.txt;disapprovingly;0;0;
./datasets/SuffixArchivos/Mezcla//1000_4.txt;disapprovingly;0;0;
./datasets/SuffixArchivos/Mezcla//1000_5.txt;disapprovingly;0;0;
./datasets/SuffixArchivos/Mezcla//1000_6.txt;disapprovingly;0;0;
./datasets/SuffixArchivos/Mezcla//200.txt;disapprovingly;0;0;
./datasets/SuffixArchivos/Mezcla//200_2.txt;disapprovingly;0;0;
./datasets/SuffixArchivos/Mezcla//500.txt;disapprovingly;0;0;
./datasets/SuffixArchivos/Mezcla//500_2.txt;disapprovingly;0;0;
./datasets/SuffixArchivos/Mezcla//1000.txt;sportsmanlike;0;0;
./datasets/SuffixArchivos/Mezcla//1000_2.txt;sportsmanlike;0;0;
./datasets/SuffixArchivos/Mezcla//1000_3.txt;sportsmanlike;0;0;
./datasets/SuffixArchivos/Mezcla//1000_4.txt;sportsmanlike;0;0;
./datasets/SuffixArchivos/Mezcla//1000_5.txt;sportsmanlike;0;0;
./datasets/SuffixArchivos/Mezcla//1000_6.txt;sportsmanlike;0;0;
./datasets/SuffixArchivos/Mezcla//200.txt;sportsmanlike;0;0;
./datasets/SuffixArchivos/Mezcla//200_2.txt;sportsmanlike;0;0;
./datasets/SuffixArchivos/Mezcla//500.txt;sportsmanlike;0;0;
./datasets/SuffixArchivos/Mezcla//500_2.txt;sportsmanlike;0;0;
./datasets/SuffixArchivos/Mezcla//1000.txt;normoblastic;0;0;
./datasets/SuffixArchivos/Mezcla//1000_2.txt;normoblastic;0;0;
./datasets/SuffixArchivos/Mezcla//1000_3.txt;normoblastic;0;0;
./datasets/SuffixArchivos/Mezcla//1000_4.txt;normoblastic;0;0;
./datasets/SuffixArchivos/Mezcla//1000_5.txt;normoblastic;0;0;
./datasets/SuffixArchivos/Mezcla//1000_6.txt;normoblastic;0;0;
./datasets/SuffixArchivos/Mezcla//200.txt;normoblastic;0;0;
./datasets/SuffixArchivos/Mezcla//200_2.txt;normoblastic;0;0;
./datasets/SuffixArchivos/Mezcla//500.txt;normoblastic;0;0;
./datasets/SuffixArchivos/Mezcla//500_2.txt;normoblastic;0;0;
./datasets/SuffixArchivos/Mezcla//1000.txt;scowlingly;0;0;
./datasets/SuffixArchivos/Mezcla//1000_2.txt;scowlingly;0;0;
./datasets/SuffixArchivos/Mezcla//1000_3.txt;scowlingly;0;0;
./datasets/SuffixArchivos/Mezcla//1000_4.txt;scowlingly;0;0;
./datasets/SuffixArchivos/Mezcla//1000_5.txt;scowlingly;0;0;
./datasets/SuffixArchivos/Mezcla//1000_6.txt;scowlingly;0;0;
./datasets/SuffixArchivos/Mezcla//200.txt;scowlingly;0;0;
./datasets/SuffixArchivos/Mezcla//200_2.txt;scowlingly;0;0;
./datasets/SuffixArchivos/Mezcla//500.txt;scowlingly;0;0;
./datasets/SuffixArchivos/Mezcla//500_2.txt;scowlingly;0;0;
./datasets/SuffixArchivos/Mezcla//1000.txt;undervegetation;0;0;
./datasets/SuffixArchivos/Mezcla//1000_2.txt;undervegetation;0;0;
./datasets/SuffixArchivos/Mezcla//1000_3.txt;undervegetation;0;0;
./datasets/SuffixArchivos/Mezcla//1000_4.txt;undervegetation;0;0;
./datasets/SuffixArchivos/Mezcla//1000_5.txt;undervegetation;0;0;
./datasets/SuffixArchivos/Mezcla//1000_6.txt;undervegetation;0;0;
./datasets/SuffixArchivos/Mezcla//200.txt;undervegetation;0;0;
./datasets/SuffixArchivos/Mezcla//200_2.txt;undervegetation;0;0;
./datasets/SuffixArchivos/Mezcla//500.txt;undervegetation;0;0;
./datasets/SuffixArchivos/Mezcla//500_2.txt;undervegetation;0;0;
./datasets/SuffixArchivos/Mezcla//1000.txt;glycogelatin;0;0;
./datasets/SuffixArchivos/Mezcla//1000_2.txt;glycogelatin;0;0;
./datasets/SuffixArchivos/Mezcla//1000_3.txt;glycogelatin;0;0;
./datasets/SuffixArchivos/Mezcla//1000_4.txt;glycogelatin;0;0;
./datasets/SuffixArchivos/Mezcla//1000_5.txt;glycogelatin;0;0;
./datasets/SuffixArchivos/Mezcla//1000_6.txt;glycogelatin;0;0;
./datasets/SuffixArchivos/Mezcla//200.txt;glycogelatin;0;0;
./datasets/SuffixArchivos/Mezcla//200_2.txt;glycogelatin;0;0;
./datasets/SuffixArchivos/Mezcla//500.txt;glycogelatin;0;0;
./datasets/SuffixArchivos/Mezcla//500_2.txt;glycogelatin;0;0;
./datasets/SuffixArchivos/Mezcla//1000.txt;antiprohibitionist;0;0;
./datasets/SuffixArchivos/Mezcla//1000_2.txt;antiprohibitionist;0;0;
./datasets/SuffixArchivos/Mezcla//1000_3.txt;antiprohibitionist;0;0;
./datasets/SuffixArchivos/Mezcla//1000_4.txt;antiprohibitionist;0;0;
./datasets/SuffixArchivos/Mezcla//1000_5.txt;antiprohibitionist;0;0;
./datasets/SuffixArchivos/Mezcla//1000_6.txt;antiprohibitionist;0;0;
./datasets/SuffixArchivos/Mezcla//200.txt;antiprohibitionist;0;0;
./datasets/SuffixArchivos/Mezcla//200_2.txt;antiprohibitionist;0;0;
./datasets/SuffixArchivos/Mezcla//500.txt;antiprohibitionist;0;0;
./datasets/SuffixArchivos/Mezcla//500_2.txt;antiprohibitionist;0;0;
./datasets/SuffixArchivos/Mezcla//1000.txt;intersex;0;0.000999;
./datasets/SuffixArchivos/Mezcla//1000_2.txt;intersex;0;0.000999;
./datasets/SuffixArchivos/Mezcla//1000_3.txt;intersex;0;0.000999;
./datasets/SuffixArchivos/Mezcla//1000_4.txt;intersex;0;0.000999;
./datasets/SuffixArchivos/Mezcla//1000_5.txt;intersex;0;0.000999;
./datasets/SuffixArchivos/Mezcla//1000_6.txt;intersex;0;0.000999;
./datasets/SuffixArchivos/Mezcla//200.txt;intersex;0;0.000999;
./datasets/SuffixArchivos/Mezcla//200_2.txt;intersex;0;0.000999;
./datasets/SuffixArchivos/Mezcla//500.txt;intersex;0;0.000999;
./datasets/SuffixArchivos/Mezcla//500_2.txt;intersex;0;0.000999;
./datasets/SuffixArchivos/Mezcla//1000.txt;anthropophagistic;0;0;
./datasets/SuffixArchivos/Mezcla//1000_2.txt;anthropophagistic;0;0;
./datasets/SuffixArchivos/Mezcla//1000_3.txt;anthropophagistic;0;0;
./datasets/SuffixArchivos/Mezcla//1000_4.txt;anthropophagistic;0;0;
./datasets/SuffixArchivos/Mezcla//1000_5.txt;anthropophagistic;0;0;
./datasets/SuffixArchivos/Mezcla//1000_6.txt;anthropophagistic;0;0;
./datasets/SuffixArchivos/Mezcla//200.txt;anthropophagistic;0;0;
./datasets/SuffixArchivos/Mezcla//200_2.txt;anthropophagistic;0;0;
./datasets/SuffixArchivos/Mezcla//500.txt;anthropophagistic;0;0;
./datasets/SuffixArchivos/Mezcla//500_2.txt;anthropophagistic;0;0;
./datasets/SuffixArchivos/Mezcla//1000.txt;garawi;0;0;
./datasets/SuffixArchivos/Mezcla//1000_2.txt;garawi;0;0;
./datasets/SuffixArchivos/Mezcla//1000_3.txt;garawi;0;0;
./datasets/SuffixArchivos/Mezcla//1000_4.txt;garawi;0;0;
./datasets/SuffixArchivos/Mezcla//1000_5.txt;garawi;0;0;
./datasets/SuffixArchivos/Mezcla//1000_6.txt;garawi;0;0;
./datasets/SuffixArchivos/Mezcla//200.txt;garawi;0;0;
./datasets/SuffixArchivos/Mezcla//200_2.txt;garawi;0;0;
./datasets/SuffixArchivos/Mezcla//500.txt;garawi;0;0;
./datasets/SuffixArchivos/Mezcla//500_2.txt;garawi;0;0;
./datasets/SuffixArchivos/Mezcla//1000.txt;Lecanium;0;0;
./datasets/SuffixArchivos/Mezcla//1000_2.txt;Lecanium;0;0;
./datasets/SuffixArchivos/Mezcla//1000_3.txt;Lecanium;0;0;
./datasets/SuffixArchivos/Mezcla//1000_4.txt;Lecanium;0;0;
./datasets/SuffixArchivos/Mezcla//1000_5.txt;Lecanium;0;0;
./datasets/SuffixArchivos/Mezcla//1000_6.txt;Lecanium;0;0;
./datasets/SuffixArchivos/Mezcla//200.txt;Lecanium;0;0;
./datasets/SuffixArchivos/Mezcla//200_2.txt;Lecanium;0;0;
./datasets/SuffixArchivos/Mezcla//500.txt;Lecanium;0;0;
./datasets/SuffixArchivos/Mezcla//500_2.txt;Lecanium;0;0;
./datasets/SuffixArchivos/Mezcla//1000.txt;incorporeal;0;0.001;
./datasets/SuffixArchivos/Mezcla//1000_2.txt;incorporeal;0;0.001;
./datasets/SuffixArchivos/Mezcla//1000_3.txt;incorporeal;0;0.001;
./datasets/SuffixArchivos/Mezcla//1000_4.txt;incorporeal;0;0.001;
./datasets/SuffixArchivos/Mezcla//1000_5.txt;incorporeal;0;0.001;
./datasets/SuffixArchivos/Mezcla//1000_6.txt;incorporeal;0;0.001;
./datasets/SuffixArchivos/Mezcla//200.txt;incorporeal;0;0.001;
./datasets/SuffixArchivos/Mezcla//200_2.txt;incorporeal;0;0.001;
./datasets/SuffixArchivos/Mezcla//500.txt;incorporeal;0;0.001;
./datasets/SuffixArchivos/Mezcla//500_2.txt;incorporeal;0;0.001;
./datasets/SuffixArchivos/Mezcla//1000.txt;enfeeble;0;0;
./datasets/SuffixArchivos/Mezcla//1000_2.txt;enfeeble;0;0;
./datasets/SuffixArchivos/Mezcla//1000_3.txt;enfeeble;0;0;
./datasets/SuffixArchivos/Mezcla//1000_4.txt;enfeeble;0;0;
./datasets/SuffixArchivos/Mezcla//1000_5.txt;enfeeble;0;0;
./datasets/SuffixArchivos/Mezcla//1000_6.txt;enfeeble;0;0;
./datasets/SuffixArchivos/Mezcla//200.txt;enfeeble;0;0;
./datasets/SuffixArchivos/Mezcla//200_2.txt;enfeeble;0;0;
./datasets/SuffixArchivos/Mezcla//500.txt;enfeeble;0;0;
./datasets/SuffixArchivos/Mezcla//500_2.txt;enfeeble;0;0;
./datasets/SuffixArchivos/Mezcla//1000.txt;iracund;0;0;
./datasets/SuffixArchivos/Mezcla//1000_2.txt;iracund;0;0;
./datasets/SuffixArchivos/Mezcla//1000_3.txt;iracund;0;0;
./datasets/SuffixArchivos/Mezcla//1000_4.txt;iracund;0;0;
./datasets/SuffixArchivos/Mezcla//1000_5.txt;iracund;0;0;
./datasets/SuffixArchivos/Mezcla//1000_6.txt;iracund;0;0;
./datasets/SuffixArchivos/Mezcla//200.txt;iracund;0;0;
./datasets/SuffixArchivos/Mezcla//200_2.txt;iracund;0;0;
./datasets/SuffixArchivos/Mezcla//500.txt;iracund;0;0;
./datasets/SuffixArchivos/Mezcla//500_2.txt;iracund;0;0;
./datasets/SuffixArchivos/Mezcla//1000.txt;meteorogram;0;0;
./datasets/SuffixArchivos/Mezcla//1000_2.txt;meteorogram;0;0;
./datasets/SuffixArchivos/Mezcla//1000_3.txt;meteorogram;0;0;
./datasets/SuffixArchivos/Mezcla//1000_4.txt;meteorogram;0;0;
./datasets/SuffixArchivos/Mezcla//1000_5.txt;meteorogram;0;0;
./datasets/SuffixArchivos/Mezcla//1000_6.txt;meteorogram;0;0;
./datasets/SuffixArchivos/Mezcla//200.txt;meteorogram;0;0;
./datasets/SuffixArchivos/Mezcla//200_2.txt;meteorogram;0;0;
./datasets/SuffixArchivos/Mezcla//500.txt;meteorogram;0;0;
./datasets/SuffixArchivos/Mezcla//500_2.txt;meteorogram;0;0;
./datasets/SuffixArchivos/Mezcla//1000.txt;transitoriness;0;0;
./datasets/SuffixArchivos/Mezcla//1000_2.txt;transitoriness;0;0;
./datasets/SuffixArchivos/Mezcla//1000_3.txt;transitoriness;0;0;
./datasets/SuffixArchivos/Mezcla//1000_4.txt;transitoriness;0;0;
./datasets/SuffixArchivos/Mezcla//1000_5.txt;transitoriness;0;0;
./datasets/SuffixArchivos/Mezcla//1000_6.txt;transitoriness;0;0;
./datasets/SuffixArchivos/Mezcla//200.txt;transitoriness;0;0;
./datasets/SuffixArchivos/Mezcla//200_2.txt;transitoriness;0;0;
./datasets/SuffixArchivos/Mezcla//500.txt;transitoriness;0;0;
./datasets/SuffixArchivos/Mezcla//500_2.txt;transitoriness;0;0;
./datasets/SuffixArchivos/Mezcla//1000.txt;abbot;0;0.001012;
./datasets/SuffixArchivos/Mezcla//1000_2.txt;abbot;0;0.001012;
./datasets/SuffixArchivos/Mezcla//1000_3.txt;abbot;0;0.001012;
./datasets/SuffixArchivos/Mezcla//1000_4.txt;abbot;0;0.001012;
./datasets/SuffixArchivos/Mezcla//1000_5.txt;abbot;0;0.001012;
./datasets/SuffixArchivos/Mezcla//1000_6.txt;abbot;0;0.001012;
./datasets/SuffixArchivos/Mezcla//200.txt;abbot;0;0.001012;
./datasets/SuffixArchivos/Mezcla//200_2.txt;abbot;0;0.001012;
./datasets/SuffixArchivos/Mezcla//500.txt;abbot;0;0.001012;
./datasets/SuffixArchivos/Mezcla//500_2.txt;abbot;0;0.001012;
./datasets/SuffixArchivos/Mezcla//1000.txt;guttural;0;0;
./datasets/SuffixArchivos/Mezcla//1000_2.txt;guttural;0;0;
./datasets/SuffixArchivos/Mezcla//1000_3.txt;guttural;0;0;
./datasets/SuffixArchivos/Mezcla//1000_4.txt;guttural;0;0;
./datasets/SuffixArchivos/Mezcla//1000_5.txt;guttural;0;0;
./datasets/SuffixArchivos/Mezcla//1000_6.txt;guttural;0;0;
./datasets/SuffixArchivos/Mezcla//200.txt;guttural;0;0;
./datasets/SuffixArchivos/Mezcla//200_2.txt;guttural;0;0;
./datasets/SuffixArchivos/Mezcla//500.txt;guttural;0;0;
./datasets/SuffixArchivos/Mezcla//500_2.txt;guttural;0;0;
./datasets/SuffixArchivos/Mezcla//1000.txt;osteoid;0;0.001002;
./datasets/SuffixArchivos/Mezcla//1000_2.txt;osteoid;0;0.001002;
./datasets/SuffixArchivos/Mezcla//1000_3.txt;osteoid;0;0.001002;
./datasets/SuffixArchivos/Mezcla//1000_4.txt;osteoid;0;0.001002;
./datasets/SuffixArchivos/Mezcla//1000_5.txt;osteoid;0;0.001002;
./datasets/SuffixArchivos/Mezcla//1000_6.txt;osteoid;0;0.001002;
./datasets/SuffixArchivos/Mezcla//200.txt;osteoid;0;0.001002;
./datasets/SuffixArchivos/Mezcla//200_2.txt;osteoid;0;0.001002;
./datasets/SuffixArchivos/Mezcla//500.txt;osteoid;0;0.001002;
./datasets/SuffixArchivos/Mezcla//500_2.txt;osteoid;0;0.001002;
./datasets/SuffixArchivos/Mezcla//1000.txt;treader;0;0;
./datasets/SuffixArchivos/Mezcla//1000_2.txt;treader;0;0;
./datasets/SuffixArchivos/Mezcla//1000_3.txt;treader;0;0;
./datasets/SuffixArchivos/Mezcla//1000_4.txt;treader;0;0;
./datasets/SuffixArchivos/Mezcla//1000_5.txt;treader;0;0;
./datasets/SuffixArchivos/Mezcla//1000_6.txt;treader;0;0;
./datasets/SuffixArchivos/Mezcla//200.txt;treader;0;0;
./datasets/SuffixArchivos/Mezcla//200_2.txt;treader;0;0;
./datasets/SuffixArchivos/Mezcla//500.txt;treader;0;0;
./datasets/SuffixArchivos/Mezcla//500_2.txt;treader;0;0;
./datasets/SuffixArchivos/Mezcla//1000.txt;doxy;0;0.000998;
./datasets/SuffixArchivos/Mezcla//1000_2.txt;doxy;0;0.000998;
./datasets/SuffixArchivos/Mezcla//1000_3.txt;doxy;0;0.000998;
./datasets/SuffixArchivos/Mezcla//1000_4.txt;doxy;0;0.000998;
./datasets/SuffixArchivos/Mezcla//1000_5.txt;doxy;0;0.000998;
./datasets/SuffixArchivos/Mezcla//1000_6.txt;doxy;0;0.000998;
./datasets/SuffixArchivos/Mezcla//200.txt;doxy;0;0.000998;
./datasets/SuffixArchivos/Mezcla//200_2.txt;doxy;0;0.000998;
./datasets/SuffixArchivos/Mezcla//500.txt;doxy;0;0.000998;
./datasets/SuffixArchivos/Mezcla//500_2.txt;doxy;0;0.000998;
./datasets/SuffixArchivos/Mezcla//1000.txt;os;36;0;
./datasets/SuffixArchivos/Mezcla//1000_2.txt;os;30;0;
./datasets/SuffixArchivos/Mezcla//1000_3.txt;os;35;0;
./datasets/SuffixArchivos/Mezcla//1000_4.txt;os;46;0;
./datasets/SuffixArchivos/Mezcla//1000_5.txt;os;29;0;
./datasets/SuffixArchivos/Mezcla//1000_6.txt;os;51;0;
./datasets/SuffixArchivos/Mezcla//200.txt;os;4;0;
./datasets/SuffixArchivos/Mezcla//200_2.txt;os;3;0;
./datasets/SuffixArchivos/Mezcla//500.txt;os;26;0;
./datasets/SuffixArchivos/Mezcla//500_2.txt;os;18;0;
./datasets/SuffixArchivos/Mezcla//1000.txt;adephagan;0;0;
./datasets/SuffixArchivos/Mezcla//1000_2.txt;adephagan;0;0;
./datasets/SuffixArchivos/Mezcla//1000_3.txt;adephagan;0;0;
./datasets/SuffixArchivos/Mezcla//1000_4.txt;adephagan;0;0;
./datasets/SuffixArchivos/Mezcla//1000_5.txt;adephagan;0;0;
./datasets/SuffixArchivos/Mezcla//1000_6.txt;adephagan;0;0;
./datasets/SuffixArchivos/Mezcla//200.txt;adephagan;0;0;
./datasets/SuffixArchivos/Mezcla//200_2.txt;adephagan;0;0;
./datasets/SuffixArchivos/Mezcla//500.txt;adephagan;0;0;
./datasets/SuffixArchivos/Mezcla//500_2.txt;adephagan;0;0;
./datasets/SuffixArchivos/Mezcla//1000.txt;antiegotism;0;0;
./datasets/SuffixArchivos/Mezcla//1000_2.txt;antiegotism;0;0;
./datasets/SuffixArchivos/Mezcla//1000_3.txt;antiegotism;0;0;
./datasets/SuffixArchivos/Mezcla//1000_4.txt;antiegotism;0;0;
./datasets/SuffixArchivos/Mezcla//1000_5.txt;antiegotism;0;0;
./datasets/SuffixArchivos/Mezcla//1000_6.txt;antiegotism;0;0;
./datasets/SuffixArchivos/Mezcla//200.txt;antiegotism;0;0;
./datasets/SuffixArchivos/Mezcla//200_2.txt;antiegotism;0;0;
./datasets/SuffixArchivos/Mezcla//500.txt;antiegotism;0;0;
./datasets/SuffixArchivos/Mezcla//500_2.txt;antiegotism;0;0;
./datasets/SuffixArchivos/Mezcla//1000.txt;tropeic;0;0.000999;
./datasets/SuffixArchivos/Mezcla//1000_2.txt;tropeic;0;0.000999;
./datasets/SuffixArchivos/Mezcla//1000_3.txt;tropeic;0;0.000999;
./datasets/SuffixArchivos/Mezcla//1000_4.txt;tropeic;0;0.000999;
./datasets/SuffixArchivos/Mezcla//1000_5.txt;tropeic;0;0.000999;
./datasets/SuffixArchivos/Mezcla//1000_6.txt;tropeic;0;0.000999;
./datasets/SuffixArchivos/Mezcla//200.txt;tropeic;0;0.000999;
./datasets/SuffixArchivos/Mezcla//200_2.txt;tropeic;0;0.000999;
./datasets/SuffixArchivos/Mezcla//500.txt;tropeic;0;0.000999;
./datasets/SuffixArchivos/Mezcla//500_2.txt;tropeic;0;0.000999;
./datasets/SuffixArchivos/Mezcla//1000.txt;deiformity;0;0;
./datasets/SuffixArchivos/Mezcla//1000_2.txt;deiformity;0;0;
./datasets/SuffixArchivos/Mezcla//1000_3.txt;deiformity;0;0;
./datasets/SuffixArchivos/Mezcla//1000_4.txt;deiformity;0;0;
./datasets/SuffixArchivos/Mezcla//1000_5.txt;deiformity;0;0;
./datasets/SuffixArchivos/Mezcla//1000_6.txt;deiformity;0;0;
./datasets/SuffixArchivos/Mezcla//200.txt;deiformity;0;0;
./datasets/SuffixArchivos/Mezcla//200_2.txt;deiformity;0;0;
./datasets/SuffixArchivos/Mezcla//500.txt;deiformity;0;0;
./datasets/SuffixArchivos/Mezcla//500_2.txt;deiformity;0;0;
./datasets/SuffixArchivos/Mezcla//1000.txt;Mackinaw;0;0;
./datasets/SuffixArchivos/Mezcla//1000_2.txt;Mackinaw;0;0;
./datasets/SuffixArchivos/Mezcla//1000_3.txt;Mackinaw;0;0;
./datasets/SuffixArchivos/Mezcla//1000_4.txt;Mackinaw;0;0;
./datasets/SuffixArchivos/Mezcla//1000_5.txt;Mackinaw;0;0;
./datasets/SuffixArchivos/Mezcla//1000_6.txt;Mackinaw;0;0;
./datasets/SuffixArchivos/Mezcla//200.txt;Mackinaw;0;0;
./datasets/SuffixArchivos/Mezcla//200_2.txt;Mackinaw;0;0;
./datasets/SuffixArchivos/Mezcla//500.txt;Mackinaw;0;0;
./datasets/SuffixArchivos/Mezcla//500_2.txt;Mackinaw;0;0;
./datasets/SuffixArchivos/Mezcla//1000.txt;confederationist;0;0;
./datasets/SuffixArchivos/Mezcla//1000_2.txt;confederationist;0;0;
./datasets/SuffixArchivos/Mezcla//1000_3.txt;confederationist;0;0;
./datasets/SuffixArchivos/Mezcla//1000_4.txt;confederationist;0;0;
./datasets/SuffixArchivos/Mezcla//1000_5.txt;confederationist;0;0;
./datasets/SuffixArchivos/Mezcla//1000_6.txt;confederationist;0;0;
./datasets/SuffixArchivos/Mezcla//200.txt;confederationist;0;0;
./datasets/SuffixArchivos/Mezcla//200_2.txt;confederationist;0;0;
./datasets/SuffixArchivos/Mezcla//500.txt;confederationist;0;0;
./datasets/SuffixArchivos/Mezcla//500_2.txt;confederationist;0;0;
./datasets/SuffixArchivos/Mezcla//1000.txt;foundership;0;0.001;
./datasets/SuffixArchivos/Mezcla//1000_2.txt;foundership;0;0.001;
./datasets/SuffixArchivos/Mezcla//1000_3.txt;foundership;0;0.001;
./datasets/SuffixArchivos/Mezcla//1000_4.txt;foundership;0;0.001;
./datasets/SuffixArchivos/Mezcla//1000_5.txt;foundership;0;0.001;
./datasets/SuffixArchivos/Mezcla//1000_6.txt;foundership;0;0.001;
./datasets/SuffixArchivos/Mezcla//200.txt;foundership;0;0.001;
./datasets/SuffixArchivos/Mezcla//200_2.txt;foundership;0;0.001;
./datasets/SuffixArchivos/Mezcla//500.txt;foundership;0;0.001;
./datasets/SuffixArchivos/Mezcla//500_2.txt;foundership;0;0.001;
./datasets/SuffixArchivos/Mezcla//1000.txt;chondriomere;0;0;
./datasets/SuffixArchivos/Mezcla//1000_2.txt;chondriomere;0;0;
./datasets/SuffixArchivos/Mezcla//1000_3.txt;chondriomere;0;0;
./datasets/SuffixArchivos/Mezcla//1000_4.txt;chondriomere;0;0;
./datasets/SuffixArchivos/Mezcla//1000_5.txt;chondriomere;0;0;
./datasets/SuffixArchivos/Mezcla//1000_6.txt;chondriomere;0;0;
./datasets/SuffixArchivos/Mezcla//200.txt;chondriomere;0;0;
./datasets/SuffixArchivos/Mezcla//200_2.txt;chondriomere;0;0;
./datasets/SuffixArchivos/Mezcla//500.txt;chondriomere;0;0;
./datasets/SuffixArchivos/Mezcla//500_2.txt;chondriomere;0;0;
./datasets/SuffixArchivos/Mezcla//1000.txt;hammerdress;0;0;
./datasets/SuffixArchivos/Mezcla//1000_2.txt;hammerdress;0;0;
./datasets/SuffixArchivos/Mezcla//1000_3.txt;hammerdress;0;0;
./datasets/SuffixArchivos/Mezcla//1000_4.txt;hammerdress;0;0;
./datasets/SuffixArchivos/Mezcla//1000_5.txt;hammerdress;0;0;
./datasets/SuffixArchivos/Mezcla//1000_6.txt;hammerdress;0;0;
./datasets/SuffixArchivos/Mezcla//200.txt;hammerdress;0;0;
./datasets/SuffixArchivos/Mezcla//200_2.txt;hammerdress;0;0;
./datasets/SuffixArchivos/Mezcla//500.txt;hammerdress;0;0;
./datasets/SuffixArchivos/Mezcla//500_2.txt;hammerdress;0;0;
./datasets/SuffixArchivos/Mezcla//1000.txt;licentiate;0;0.001019;
./datasets/SuffixArchivos/Mezcla//1000_2.txt;licentiate;0;0.001019;
./datasets/SuffixArchivos/Mezcla//1000_3.txt;licentiate;0;0.001019;
./datasets/SuffixArchivos/Mezcla//1000_4.txt;licentiate;0;0.001019;
./datasets/SuffixArchivos/Mezcla//1000_5.txt;licentiate;0;0.001019;
./datasets/SuffixArchivos/Mezcla//1000_6.txt;licentiate;0;0.001019;
./datasets/SuffixArchivos/Mezcla//200.txt;licentiate;0;0.001019;
./datasets/SuffixArchivos/Mezcla//200_2.txt;licentiate;0;0.001019;
./datasets/SuffixArchivos/Mezcla//500.txt;licentiate;0;0.001019;
./datasets/SuffixArchivos/Mezcla//500_2.txt;licentiate;0;0.001019;
./datasets/SuffixArchivos/Mezcla//1000.txt;blossomhead;0;0;
./datasets/SuffixArchivos/Mezcla//1000_2.txt;blossomhead;0;0;
./datasets/SuffixArchivos/Mezcla//1000_3.txt;blossomhead;0;0;
./datasets/SuffixArchivos/Mezcla//1000_4.txt;blossomhead;0;0;
./datasets/SuffixArchivos/Mezcla//1000_5.txt;blossomhead;0;0;
./datasets/SuffixArchivos/Mezcla//1000_6.txt;blossomhead;0;0;
./datasets/SuffixArchivos/Mezcla//200.txt;blossomhead;0;0;
./datasets/SuffixArchivos/Mezcla//200_2.txt;blossomhead;0;0;
./datasets/SuffixArchivos/Mezcla//500.txt;blossomhead;0;0;
./datasets/SuffixArchivos/Mezcla//500_2.txt;blossomhead;0;0;
./datasets/SuffixArchivos/Mezcla//1000.txt;basos;0;0.000991;
./datasets/SuffixArchivos/Mezcla//1000_2.txt;basos;0;0.000991;
./datasets/SuffixArchivos/Mezcla//1000_3.txt;basos;0;0.000991;
./datasets/SuffixArchivos/Mezcla//1000_4.txt;basos;0;0.000991;
./datasets/SuffixArchivos/Mezcla//1000_5.txt;basos;0;0.000991;
./datasets/SuffixArchivos/Mezcla//1000_6.txt;basos;0;0.000991;
./datasets/SuffixArchivos/Mezcla//200.txt;basos;0;0.000991;
./datasets/SuffixArchivos/Mezcla//200_2.txt;basos;0;0.000991;
./datasets/SuffixArchivos/Mezcla//500.txt;basos;0;0.000991;
./datasets/SuffixArchivos/Mezcla//500_2.txt;basos;0;0.000991;
./datasets/SuffixArchivos/Mezcla//1000.txt;Nazariteship;0;0;
./datasets/SuffixArchivos/Mezcla//1000_2.txt;Nazariteship;0;0;
./datasets/SuffixArchivos/Mezcla//1000_3.txt;Nazariteship;0;0;
./datasets/SuffixArchivos/Mezcla//1000_4.txt;Nazariteship;0;0;
./datasets/SuffixArchivos/Mezcla//1000_5.txt;Nazariteship;0;0;
./datasets/SuffixArchivos/Mezcla//1000_6.txt;Nazariteship;0;0;
./datasets/SuffixArchivos/Mezcla//200.txt;Nazariteship;0;0;
./datasets/SuffixArchivos/Mezcla//200_2.txt;Nazariteship;0;0;
./datasets/SuffixArchivos/Mezcla//500.txt;Nazariteship;0;0;
./datasets/SuffixArchivos/Mezcla//500_2.txt;Nazariteship;0;0;
./datasets/SuffixArchivos/Mezcla//1000.txt;pentapolis;0;0.000999;
./datasets/SuffixArchivos/Mezcla//1000_2.txt;pentapolis;0;0.000999;
./datasets/SuffixArchivos/Mezcla//1000_3.txt;pentapolis;0;0.000999;
./datasets/SuffixArchivos/Mezcla//1000_4.txt;pentapolis;0;0.000999;
./datasets/SuffixArchivos/Mezcla//1000_5.txt;pentapolis;0;0.000999;
./datasets/SuffixArchivos/Mezcla//1000_6.txt;pentapolis;0;0.000999;
./datasets/SuffixArchivos/Mezcla//200.txt;pentapolis;0;0.000999;
./datasets/SuffixArchivos/Mezcla//200_2.txt;pentapolis;0;0.000999;
./datasets/SuffixArchivos/Mezcla//500.txt;pentapolis;0;0.000999;
./datasets/SuffixArchivos/Mezcla//500_2.txt;pentapolis;0;0.000999;
./datasets/SuffixArchivos/Mezcla//1000.txt;threefoldness;0;0;
./datasets/SuffixArchivos/Mezcla//1000_2.txt;threefoldness;0;0;
./datasets/SuffixArchivos/Mezcla//1000_3.txt;threefoldness;0;0;
./datasets/SuffixArchivos/Mezcla//1000_4.txt;threefoldness;0;0;
./datasets/SuffixArchivos/Mezcla//1000_5.txt;threefoldness;0;0;
./datasets/SuffixArchivos/Mezcla//1000_6.txt;threefoldness;0;0;
./datasets/SuffixArchivos/Mezcla//200.txt;threefoldness;0;0;
./datasets/SuffixArchivos/Mezcla//200_2.txt;threefoldness;0;0;
./datasets/SuffixArchivos/Mezcla//500.txt;threefoldness;0;0;
./datasets/SuffixArchivos/Mezcla//500_2.txt;threefoldness;0;0;
./datasets/SuffixArchivos/Mezcla//1000.txt;archpresbyter;0;0.001001;
./datasets/SuffixArchivos/Mezcla//1000_2.txt;archpresbyter;0;0.001001;
./datasets/SuffixArchivos/Mezcla//1000_3.txt;archpresbyter;0;0.001001;
./datasets/SuffixArchivos/Mezcla//1000_4.txt;archpresbyter;0;0.001001;
./datasets/SuffixArchivos/Mezcla//1000_5.txt;archpresbyter;0;0.001001;
./datasets/SuffixArchivos/Mezcla//1000_6.txt;archpresbyter;0;0.001001;
./datasets/SuffixArchivos/Mezcla//200.txt;archpresbyter;0;0.001001;
./datasets/SuffixArchivos/Mezcla//200_2.txt;archpresbyter;0;0.001001;
./datasets/SuffixArchivos/Mezcla//500.txt;archpresbyter;0;0.001001;
./datasets/SuffixArchivos/Mezcla//500_2.txt;archpresbyter;0;0.001001;
./datasets/SuffixArchivos/Mezcla//1000.txt;houselet;0;0;
./datasets/SuffixArchivos/Mezcla//1000_2.txt;houselet;0;0;
./datasets/SuffixArchivos/Mezcla//1000_3.txt;houselet;0;0;
./datasets/SuffixArchivos/Mezcla//1000_4.txt;houselet;0;0;
./datasets/SuffixArchivos/Mezcla//1000_5.txt;houselet;0;0;
./datasets/SuffixArchivos/Mezcla//1000_6.txt;houselet;0;0;
./datasets/SuffixArchivos/Mezcla//200.txt;houselet;0;0;
./datasets/SuffixArchivos/Mezcla//200_2.txt;houselet;0;0;
./datasets/SuffixArchivos/Mezcla//500.txt;houselet;0;0;
./datasets/SuffixArchivos/Mezcla//500_2.txt;houselet;0;0;
./datasets/SuffixArchivos/Mezcla//1000.txt;citronade;0;0;
./datasets/SuffixArchivos/Mezcla//1000_2.txt;citronade;0;0;
./datasets/SuffixArchivos/Mezcla//1000_3.txt;citronade;0;0;
./datasets/SuffixArchivos/Mezcla//1000_4.txt;citronade;0;0;
./datasets/SuffixArchivos/Mezcla//1000_5.txt;citronade;0;0;
./datasets/SuffixArchivos/Mezcla//1000_6.txt;citronade;0;0;
./datasets/SuffixArchivos/Mezcla//200.txt;citronade;0;0;
./datasets/SuffixArchivos/Mezcla//200_2.txt;citronade;0;0;
./datasets/SuffixArchivos/Mezcla//500.txt;citronade;0;0;
./datasets/SuffixArchivos/Mezcla//500_2.txt;citronade;0;0;
./datasets/SuffixArchivos/Mezcla//1000.txt;collaborationism;0;0;
./datasets/SuffixArchivos/Mezcla//1000_2.txt;collaborationism;0;0;
./datasets/SuffixArchivos/Mezcla//1000_3.txt;collaborationism;0;0;
./datasets/SuffixArchivos/Mezcla//1000_4.txt;collaborationism;0;0;
./datasets/SuffixArchivos/Mezcla//1000_5.txt;collaborationism;0;0;
./datasets/SuffixArchivos/Mezcla//1000_6.txt;collaborationism;0;0;
./datasets/SuffixArchivos/Mezcla//200.txt;collaborationism;0;0;
./datasets/SuffixArchivos/Mezcla//200_2.txt;collaborationism;0;0;
./datasets/SuffixArchivos/Mezcla//500.txt;collaborationism;0;0;
./datasets/SuffixArchivos/Mezcla//500_2.txt;collaborationism;0;0;
./datasets/SuffixArchivos/Mezcla//1000.txt;macromeric;0;0;
./datasets/SuffixArchivos/Mezcla//1000_2.txt;macromeric;0;0;
./datasets/SuffixArchivos/Mezcla//1000_3.txt;macromeric;0;0;
./datasets/SuffixArchivos/Mezcla//1000_4.txt;macromeric;0;0;
./datasets/SuffixArchivos/Mezcla//1000_5.txt;macromeric;0;0;
./datasets/SuffixArchivos/Mezcla//1000_6.txt;macromeric;0;0;
./datasets/SuffixArchivos/Mezcla//200.txt;macromeric;0;0;
./datasets/SuffixArchivos/Mezcla//200_2.txt;macromeric;0;0;
./datasets/SuffixArchivos/Mezcla//500.txt;macromeric;0;0;
./datasets/SuffixArchivos/Mezcla//500_2.txt;macromeric;0;0;
./datasets/SuffixArchivos/Mezcla//1000.txt;hendecoic;0;0;
./datasets/SuffixArchivos/Mezcla//1000_2.txt;hendecoic;0;0;
./datasets/SuffixArchivos/Mezcla//1000_3.txt;hendecoic;0;0;
./datasets/SuffixArchivos/Mezcla//1000_4.txt;hendecoic;0;0;
./datasets/SuffixArchivos/Mezcla//1000_5.txt;hendecoic;0;0;
./datasets/SuffixArchivos/Mezcla//1000_6.txt;hendecoic;0;0;
./datasets/SuffixArchivos/Mezcla//200.txt;hendecoic;0;0;
./datasets/SuffixArchivos/Mezcla//200_2.txt;hendecoic;0;0;
./datasets/SuffixArchivos/Mezcla//500.txt;hendecoic;0;0;
./datasets/SuffixArchivos/Mezcla//500_2.txt;hendecoic;0;0;
./datasets/SuffixArchivos/Mezcla//1000.txt;Biblicism;0;0;
./datasets/SuffixArchivos/Mezcla//1000_2.txt;Biblicism;0;0;
./datasets/SuffixArchivos/Mezcla//1000_3.txt;Biblicism;0;0;
./datasets/SuffixArchivos/Mezcla//1000_4.txt;Biblicism;0;0;
./datasets/SuffixArchivos/Mezcla//1000_5.txt;Biblicism;0;0;
./datasets/SuffixArchivos/Mezcla//1000_6.txt;Biblicism;0;0;
./datasets/SuffixArchivos/Mezcla//200.txt;Biblicism;0;0;
./datasets/SuffixArchivos/Mezcla//200_2.txt;Biblicism;0;0;
./datasets/SuffixArchivos/Mezcla//500.txt;Biblicism;0;0;
./datasets/SuffixArchivos/Mezcla//500_2.txt;Biblicism;0;0;
./datasets/SuffixArchivos/Mezcla//1000.txt;insulance;0;0;
./datasets/SuffixArchivos/Mezcla//1000_2.txt;insulance;0;0;
./datasets/SuffixArchivos/Mezcla//1000_3.txt;insulance;0;0;
./datasets/SuffixArchivos/Mezcla//1000_4.txt;insulance;0;0;
./datasets/SuffixArchivos/Mezcla//1000_5.txt;insulance;0;0;
./datasets/SuffixArchivos/Mezcla//1000_6.txt;insulance;0;0;
./datasets/SuffixArchivos/Mezcla//200.txt;insulance;0;0;
./datasets/SuffixArchivos/Mezcla//200_2.txt;insulance;0;0;
./datasets/SuffixArchivos/Mezcla//500.txt;insulance;0;0;
./datasets/SuffixArchivos/Mezcla//500_2.txt;insulance;0;0;
./datasets/SuffixArchivos/Mezcla//1000.txt;karyomitoic;0;0.001005;
./datasets/SuffixArchivos/Mezcla//1000_2.txt;karyomitoic;0;0.001005;
./datasets/SuffixArchivos/Mezcla//1000_3.txt;karyomitoic;0;0.001005;
./datasets/SuffixArchivos/Mezcla//1000_4.txt;karyomitoic;0;0.001005;
./datasets/SuffixArchivos/Mezcla//1000_5.txt;karyomitoic;0;0.001005;
./datasets/SuffixArchivos/Mezcla//1000_6.txt;karyomitoic;0;0.001005;
./datasets/SuffixArchivos/Mezcla//200.txt;karyomitoic;0;0.001005;
./datasets/SuffixArchivos/Mezcla//200_2.txt;karyomitoic;0;0.001005;
./datasets/SuffixArchivos/Mezcla//500.txt;karyomitoic;0;0.001005;
./datasets/SuffixArchivos/Mezcla//500_2.txt;karyomitoic;0;0.001005;
./datasets/SuffixArchivos/Mezcla//1000.txt;Kekchi;0;0;
./datasets/SuffixArchivos/Mezcla//1000_2.txt;Kekchi;0;0;
./datasets/SuffixArchivos/Mezcla//1000_3.txt;Kekchi;0;0;
./datasets/SuffixArchivos/Mezcla//1000_4.txt;Kekchi;0;0;
./datasets/SuffixArchivos/Mezcla//1000_5.txt;Kekchi;0;0;
./datasets/SuffixArchivos/Mezcla//1000_6.txt;Kekchi;0;0;
./datasets/SuffixArchivos/Mezcla//200.txt;Kekchi;0;0;
./datasets/SuffixArchivos/Mezcla//200_2.txt;Kekchi;0;0;
./datasets/SuffixArchivos/Mezcla//500.txt;Kekchi;0;0;
./datasets/SuffixArchivos/Mezcla//500_2.txt;Kekchi;0;0;
./datasets/SuffixArchivos/Mezcla//1000.txt;dural;0;0.000981;
./datasets/SuffixArchivos/Mezcla//1000_2.txt;dural;0;0.000981;
./datasets/SuffixArchivos/Mezcla//1000_3.txt;dural;0;0.000981;
./datasets/SuffixArchivos/Mezcla//1000_4.txt;dural;0;0.000981;
./datasets/SuffixArchivos/Mezcla//1000_5.txt;dural;0;0.000981;
./datasets/SuffixArchivos/Mezcla//1000_6.txt;dural;0;0.000981;
./datasets/SuffixArchivos/Mezcla//200.txt;dural;0;0.000981;
./datasets/SuffixArchivos/Mezcla//200_2.txt;dural;0;0.000981;
./datasets/SuffixArchivos/Mezcla//500.txt;dural;0;0.000981;
./datasets/SuffixArchivos/Mezcla//500_2.txt;dural;0;0.000981;
./datasets/SuffixArchivos/Mezcla//1000.txt;condensedness;0;0;
./datasets/SuffixArchivos/Mezcla//1000_2.txt;condensedness;0;0;
./datasets/SuffixArchivos/Mezcla//1000_3.txt;condensedness;0;0;
./datasets/SuffixArchivos/Mezcla//1000_4.txt;condensedness;0;0;
./datasets/SuffixArchivos/Mezcla//1000_5.txt;condensedness;0;0;
./datasets/SuffixArchivos/Mezcla//1000_6.txt;condensedness;0;0;
./datasets/SuffixArchivos/Mezcla//200.txt;condensedness;0;0;
./datasets/SuffixArchivos/Mezcla//200_2.txt;condensedness;0;0;
./datasets/SuffixArchivos/Mezcla//500.txt;condensedness;0;0;
./datasets/SuffixArchivos/Mezcla//500_2.txt;condensedness;0;0;
./datasets/SuffixArchivos/Mezcla//1000.txt;reavow;0;0.001013;
./datasets/SuffixArchivos/Mezcla//1000_2.txt;reavow;0;0.001013;
./datasets/SuffixArchivos/Mezcla//1000_3.txt;reavow;0;0.001013;
./datasets/SuffixArchivos/Mezcla//1000_4.txt;reavow;0;0.001013;
./datasets/SuffixArchivos/Mezcla//1000_5.txt;reavow;0;0.001013;
./datasets/SuffixArchivos/Mezcla//1000_6.txt;reavow;0;0.001013;
./datasets/SuffixArchivos/Mezcla//200.txt;reavow;0;0.001013;
./datasets/SuffixArchivos/Mezcla//200_2.txt;reavow;0;0.001013;
./datasets/SuffixArchivos/Mezcla//500.txt;reavow;0;0.001013;
./datasets/SuffixArchivos/Mezcla//500_2.txt;reavow;0;0.001013;
./datasets/SuffixArchivos/Mezcla//1000.txt;stith;0;0;
./datasets/SuffixArchivos/Mezcla//1000_2.txt;stith;0;0;
./datasets/SuffixArchivos/Mezcla//1000_3.txt;stith;0;0;
./datasets/SuffixArchivos/Mezcla//1000_4.txt;stith;0;0;
./datasets/SuffixArchivos/Mezcla//1000_5.txt;stith;0;0;
./datasets/SuffixArchivos/Mezcla//1000_6.txt;stith;0;0;
./datasets/SuffixArchivos/Mezcla//200.txt;stith;0;0;
./datasets/SuffixArchivos/Mezcla//200_2.txt;stith;0;0;
./datasets/SuffixArchivos/Mezcla//500.txt;stith;0;0;
./datasets/SuffixArchivos/Mezcla//500_2.txt;stith;0;0;
./datasets/SuffixArchivos/Mezcla//1000.txt;coky;0;0.000999;
./datasets/SuffixArchivos/Mezcla//1000_2.txt;coky;0;0.000999;
./datasets/SuffixArchivos/Mezcla//1000_3.txt;coky;0;0.000999;
./datasets/SuffixArchivos/Mezcla//1000_4.txt;coky;0;0.000999;
./datasets/SuffixArchivos/Mezcla//1000_5.txt;coky;0;0.000999;
./datasets/SuffixArchivos/Mezcla//1000_6.txt;coky;0;0.000999;
./datasets/SuffixArchivos/Mezcla//200.txt;coky;0;0.000999;
./datasets/SuffixArchivos/Mezcla//200_2.txt;coky;0;0.000999;
./datasets/SuffixArchivos/Mezcla//500.txt;coky;0;0.000999;
./datasets/SuffixArchivos/Mezcla//500_2.txt;coky;0;0.000999;
./datasets/SuffixArchivos/Mezcla//1000.txt;mayfish;0;0;
./datasets/SuffixArchivos/Mezcla//1000_2.txt;mayfish;0;0;
./datasets/SuffixArchivos/Mezcla//1000_3.txt;mayfish;0;0;
./datasets/SuffixArchivos/Mezcla//1000_4.txt;mayfish;0;0;
./datasets/SuffixArchivos/Mezcla//1000_5.txt;mayfish;0;0;
./datasets/SuffixArchivos/Mezcla//1000_6.txt;mayfish;0;0;
./datasets/SuffixArchivos/Mezcla//200.txt;mayfish;0;0;
./datasets/SuffixArchivos/Mezcla//200_2.txt;mayfish;0;0;
./datasets/SuffixArchivos/Mezcla//500.txt;mayfish;0;0;
./datasets/SuffixArchivos/Mezcla//500_2.txt;mayfish;0;0;
./datasets/SuffixArchivos/Mezcla//1000.txt;uncongenial;0;0;
./datasets/SuffixArchivos/Mezcla//1000_2.txt;uncongenial;0;0;
./datasets/SuffixArchivos/Mezcla//1000_3.txt;uncongenial;0;0;
./datasets/SuffixArchivos/Mezcla//1000_4.txt;uncongenial;0;0;
./datasets/SuffixArchivos/Mezcla//1000_5.txt;uncongenial;0;0;
./datasets/SuffixArchivos/Mezcla//1000_6.txt;uncongenial;0;0;
./datasets/SuffixArchivos/Mezcla//200.txt;uncongenial;0;0;
./datasets/SuffixArchivos/Mezcla//200_2.txt;uncongenial;0;0;
./datasets/SuffixArchivos/Mezcla//500.txt;uncongenial;0;0;
./datasets/SuffixArchivos/Mezcla//500_2.txt;uncongenial;0;0;
./datasets/SuffixArchivos/Mezcla//1000.txt;virucidal;0;0;
./datasets/SuffixArchivos/Mezcla//1000_2.txt;virucidal;0;0;
./datasets/SuffixArchivos/Mezcla//1000_3.txt;virucidal;0;0;
./datasets/SuffixArchivos/Mezcla//1000_4.txt;virucidal;0;0;
./datasets/SuffixArchivos/Mezcla//1000_5.txt;virucidal;0;0;
./datasets/SuffixArchivos/Mezcla//1000_6.txt;virucidal;0;0;
./datasets/SuffixArchivos/Mezcla//200.txt;virucidal;0;0;
./datasets/SuffixArchivos/Mezcla//200_2.txt;virucidal;0;0;
./datasets/SuffixArchivos/Mezcla//500.txt;virucidal;0;0;
./datasets/SuffixArchivos/Mezcla//500_2.txt;virucidal;0;0;
./datasets/SuffixArchivos/Mezcla//1000.txt;Acrydium;0;0;
./datasets/SuffixArchivos/Mezcla//1000_2.txt;Acrydium;0;0;
./datasets/SuffixArchivos/Mezcla//1000_3.txt;Acrydium;0;0;
./datasets/SuffixArchivos/Mezcla//1000_4.txt;Acrydium;0;0;
./datasets/SuffixArchivos/Mezcla//1000_5.txt;Acrydium;0;0;
./datasets/SuffixArchivos/Mezcla//1000_6.txt;Acrydium;0;0;
./datasets/SuffixArchivos/Mezcla//200.txt;Acrydium;0;0;
./datasets/SuffixArchivos/Mezcla//200_2.txt;Acrydium;0;0;
./datasets/SuffixArchivos/Mezcla//500.txt;Acrydium;0;0;
./datasets/SuffixArchivos/Mezcla//500_2.txt;Acrydium;0;0;
./datasets/SuffixArchivos/Mezcla//1000.txt;cyanidation;0;0.001;
./datasets/SuffixArchivos/Mezcla//1000_2.txt;cyanidation;0;0.001;
./datasets/SuffixArchivos/Mezcla//1000_3.txt;cyanidation;0;0.001;
./datasets/SuffixArchivos/Mezcla//1000_4.txt;cyanidation;0;0.001;
./datasets/SuffixArchivos/Mezcla//1000_5.txt;cyanidation;0;0.001;
./datasets/SuffixArchivos/Mezcla//1000_6.txt;cyanidation;0;0.001;
./datasets/SuffixArchivos/Mezcla//200.txt;cyanidation;0;0.001;
./datasets/SuffixArchivos/Mezcla//200_2.txt;cyanidation;0;0.001;
./datasets/SuffixArchivos/Mezcla//500.txt;cyanidation;0;0.001;
./datasets/SuffixArchivos/Mezcla//500_2.txt;cyanidation;0;0.001;
./datasets/SuffixArchivos/Mezcla//1000.txt;foliature;0;0;
./datasets/SuffixArchivos/Mezcla//1000_2.txt;foliature;0;0;
./datasets/SuffixArchivos/Mezcla//1000_3.txt;foliature;0;0;
./datasets/SuffixArchivos/Mezcla//1000_4.txt;foliature;0;0;
./datasets/SuffixArchivos/Mezcla//1000_5.txt;foliature;0;0;
./datasets/SuffixArchivos/Mezcla//1000_6.txt;foliature;0;0;
./datasets/SuffixArchivos/Mezcla//200.txt;foliature;0;0;
./datasets/SuffixArchivos/Mezcla//200_2.txt;foliature;0;0;
./datasets/SuffixArchivos/Mezcla//500.txt;foliature;0;0;
./datasets/SuffixArchivos/Mezcla//500_2.txt;foliature;0;0;
./datasets/SuffixArchivos/Mezcla//1000.txt;unfructuously;0;0;
./datasets/SuffixArchivos/Mezcla//1000_2.txt;unfructuously;0;0;
./datasets/SuffixArchivos/Mezcla//1000_3.txt;unfructuously;0;0;
./datasets/SuffixArchivos/Mezcla//1000_4.txt;unfructuously;0;0;
./datasets/SuffixArchivos/Mezcla//1000_5.txt;unfructuously;0;0;
./datasets/SuffixArchivos/Mezcla//1000_6.txt;unfructuously;0;0;
./datasets/SuffixArchivos/Mezcla//200.txt;unfructuously;0;0;
./datasets/SuffixArchivos/Mezcla//200_2.txt;unfructuously;0;0;
./datasets/SuffixArchivos/Mezcla//500.txt;unfructuously;0;0;
./datasets/SuffixArchivos/Mezcla//500_2.txt;unfructuously;0;0;
./datasets/SuffixArchivos/Mezcla//1000.txt;gold;6;0;
./datasets/SuffixArchivos/Mezcla//1000_2.txt;gold;4;0;
./datasets/SuffixArchivos/Mezcla//1000_3.txt;gold;39;0;
./datasets/SuffixArchivos/Mezcla//1000_4.txt;gold;27;0;
./datasets/SuffixArchivos/Mezcla//1000_5.txt;gold;5;0;
./datasets/SuffixArchivos/Mezcla//1000_6.txt;gold;7;0;
./datasets/SuffixArchivos/Mezcla//200.txt;gold;0;0;
./datasets/SuffixArchivos/Mezcla//200_2.txt;gold;0;0;
./datasets/SuffixArchivos/Mezcla//500.txt;gold;2;0;
./datasets/SuffixArchivos/Mezcla//500_2.txt;gold;0;0;
./datasets/SuffixArchivos/Mezcla//1000.txt;fractionally;0;0;
./datasets/SuffixArchivos/Mezcla//1000_2.txt;fractionally;0;0;
./datasets/SuffixArchivos/Mezcla//1000_3.txt;fractionally;0;0;
./datasets/SuffixArchivos/Mezcla//1000_4.txt;fractionally;0;0;
./datasets/SuffixArchivos/Mezcla//1000_5.txt;fractionally;0;0;
./datasets/SuffixArchivos/Mezcla//1000_6.txt;fractionally;0;0;
./datasets/SuffixArchivos/Mezcla//200.txt;fractionally;0;0;
./datasets/SuffixArchivos/Mezcla//200_2.txt;fractionally;0;0;
./datasets/SuffixArchivos/Mezcla//500.txt;fractionally;0;0;
./datasets/SuffixArchivos/Mezcla//500_2.txt;fractionally;0;0;
./datasets/SuffixArchivos/Mezcla//1000.txt;sparkless;0;0;
./datasets/SuffixArchivos/Mezcla//1000_2.txt;sparkless;0;0;
./datasets/SuffixArchivos/Mezcla//1000_3.txt;sparkless;0;0;
./datasets/SuffixArchivos/Mezcla//1000_4.txt;sparkless;0;0;
./datasets/SuffixArchivos/Mezcla//1000_5.txt;sparkless;0;0;
./datasets/SuffixArchivos/Mezcla//1000_6.txt;sparkless;0;0;
./datasets/SuffixArchivos/Mezcla//200.txt;sparkless;0;0;
./datasets/SuffixArchivos/Mezcla//200_2.txt;sparkless;0;0;
./datasets/SuffixArchivos/Mezcla//500.txt;sparkless;0;0;
./datasets/SuffixArchivos/Mezcla//500_2.txt;sparkless;0;0;
./datasets/SuffixArchivos/Mezcla//1000.txt;conceptional;0;0;
./datasets/SuffixArchivos/Mezcla//1000_2.txt;conceptional;0;0;
./datasets/SuffixArchivos/Mezcla//1000_3.txt;conceptional;0;0;
./datasets/SuffixArchivos/Mezcla//1000_4.txt;conceptional;0;0;
./datasets/SuffixArchivos/Mezcla//1000_5.txt;conceptional;0;0;
./datasets/SuffixArchivos/Mezcla//1000_6.txt;conceptional;0;0;
./datasets/SuffixArchivos/Mezcla//200.txt;conceptional;0;0;
./datasets/SuffixArchivos/Mezcla//200_2.txt;conceptional;0;0;
./datasets/SuffixArchivos/Mezcla//500.txt;conceptional;0;0;
./datasets/SuffixArchivos/Mezcla//500_2.txt;conceptional;0;0;
./datasets/SuffixArchivos/Mezcla//1000.txt;kettledrummer;0;0.000999;
./datasets/SuffixArchivos/Mezcla//1000_2.txt;kettledrummer;0;0.000999;
./datasets/SuffixArchivos/Mezcla//1000_3.txt;kettledrummer;0;0.000999;
./datasets/SuffixArchivos/Mezcla//1000_4.txt;kettledrummer;0;0.000999;
./datasets/SuffixArchivos/Mezcla//1000_5.txt;kettledrummer;0;0.000999;
./datasets/SuffixArchivos/Mezcla//1000_6.txt;kettledrummer;0;0.000999;
./datasets/SuffixArchivos/Mezcla//200.txt;kettledrummer;0;0.000999;
./datasets/SuffixArchivos/Mezcla//200_2.txt;kettledrummer;0;0.000999;
./datasets/SuffixArchivos/Mezcla//500.txt;kettledrummer;0;0.000999;
./datasets/SuffixArchivos/Mezcla//500_2.txt;kettledrummer;0;0.000999;
./datasets/SuffixArchivos/Mezcla//1000.txt;inventory;0;0;
./datasets/SuffixArchivos/Mezcla//1000_2.txt;inventory;0;0;
./datasets/SuffixArchivos/Mezcla//1000_3.txt;inventory;0;0;
./datasets/SuffixArchivos/Mezcla//1000_4.txt;inventory;0;0;
./datasets/SuffixArchivos/Mezcla//1000_5.txt;inventory;0;0;
./datasets/SuffixArchivos/Mezcla//1000_6.txt;inventory;0;0;
./datasets/SuffixArchivos/Mezcla//200.txt;inventory;0;0;
./datasets/SuffixArchivos/Mezcla//200_2.txt;inventory;0;0;
./datasets/SuffixArchivos/Mezcla//500.txt;inventory;0;0;
./datasets/SuffixArchivos/Mezcla//500_2.txt;inventory;0;0;
./datasets/SuffixArchivos/Mezcla//1000.txt;knoxvillite;0;0.001011;
./datasets/SuffixArchivos/Mezcla//1000_2.txt;knoxvillite;0;0.001011;
./datasets/SuffixArchivos/Mezcla//1000_3.txt;knoxvillite;0;0.001011;
./datasets/SuffixArchivos/Mezcla//1000_4.txt;knoxvillite;0;0.001011;
./datasets/SuffixArchivos/Mezcla//1000_5.txt;knoxvillite;0;0.001011;
./datasets/SuffixArchivos/Mezcla//1000_6.txt;knoxvillite;0;0.001011;
./datasets/SuffixArchivos/Mezcla//200.txt;knoxvillite;0;0.001011;
./datasets/SuffixArchivos/Mezcla//200_2.txt;knoxvillite;0;0.001011;
./datasets/SuffixArchivos/Mezcla//500.txt;knoxvillite;0;0.001011;
./datasets/SuffixArchivos/Mezcla//500_2.txt;knoxvillite;0;0.001011;
./datasets/SuffixArchivos/Mezcla//1000.txt;indeformable;0;0;
./datasets/SuffixArchivos/Mezcla//1000_2.txt;indeformable;0;0;
./datasets/SuffixArchivos/Mezcla//1000_3.txt;indeformable;0;0;
./datasets/SuffixArchivos/Mezcla//1000_4.txt;indeformable;0;0;
./datasets/SuffixArchivos/Mezcla//1000_5.txt;indeformable;0;0;
./datasets/SuffixArchivos/Mezcla//1000_6.txt;indeformable;0;0;
./datasets/SuffixArchivos/Mezcla//200.txt;indeformable;0;0;
./datasets/SuffixArchivos/Mezcla//200_2.txt;indeformable;0;0;
./datasets/SuffixArchivos/Mezcla//500.txt;indeformable;0;0;
./datasets/SuffixArchivos/Mezcla//500_2.txt;indeformable;0;0;
./datasets/SuffixArchivos/Mezcla//1000.txt;Honduran;0;0.000999;
./datasets/SuffixArchivos/Mezcla//1000_2.txt;Honduran;0;0.000999;
./datasets/SuffixArchivos/Mezcla//1000_3.txt;Honduran;0;0.000999;
./datasets/SuffixArchivos/Mezcla//1000_4.txt;Honduran;0;0.000999;
./datasets/SuffixArchivos/Mezcla//1000_5.txt;Honduran;0;0.000999;
./datasets/SuffixArchivos/Mezcla//1000_6.txt;Honduran;0;0.000999;
./datasets/SuffixArchivos/Mezcla//200.txt;Honduran;0;0.000999;
./datasets/SuffixArchivos/Mezcla//200_2.txt;Honduran;0;0.000999;
./datasets/SuffixArchivos/Mezcla//500.txt;Honduran;0;0.000999;
./datasets/SuffixArchivos/Mezcla//500_2.txt;Honduran;0;0.000999;
./datasets/SuffixArchivos/Mezcla//1000.txt;beennut;0;0;
./datasets/SuffixArchivos/Mezcla//1000_2.txt;beennut;0;0;
./datasets/SuffixArchivos/Mezcla//1000_3.txt;beennut;0;0;
./datasets/SuffixArchivos/Mezcla//1000_4.txt;beennut;0;0;
./datasets/SuffixArchivos/Mezcla//1000_5.txt;beennut;0;0;
./datasets/SuffixArchivos/Mezcla//1000_6.txt;beennut;0;0;
./datasets/SuffixArchivos/Mezcla//200.txt;beennut;0;0;
./datasets/SuffixArchivos/Mezcla//200_2.txt;beennut;0;0;
./datasets/SuffixArchivos/Mezcla//500.txt;beennut;0;0;
./datasets/SuffixArchivos/Mezcla//500_2.txt;beennut;0;0;
./datasets/SuffixArchivos/Mezcla//1000.txt;unelementary;0;0.001;
./datasets/SuffixArchivos/Mezcla//1000_2.txt;unelementary;0;0.001;
./datasets/SuffixArchivos/Mezcla//1000_3.txt;unelementary;0;0.001;
./datasets/SuffixArchivos/Mezcla//1000_4.txt;unelementary;0;0.001;
./datasets/SuffixArchivos/Mezcla//1000_5.txt;unelementary;0;0.001;
./datasets/SuffixArchivos/Mezcla//1000_6.txt;unelementary;0;0.001;
./datasets/SuffixArchivos/Mezcla//200.txt;unelementary;0;0.001;
./datasets/SuffixArchivos/Mezcla//200_2.txt;unelementary;0;0.001;
./datasets/SuffixArchivos/Mezcla//500.txt;unelementary;0;0.001;
./datasets/SuffixArchivos/Mezcla//500_2.txt;unelementary;0;0.001;
./datasets/SuffixArchivos/Mezcla//1000.txt;epicranial;0;0;
./datasets/SuffixArchivos/Mezcla//1000_2.txt;epicranial;0;0;
./datasets/SuffixArchivos/Mezcla//1000_3.txt;epicranial;0;0;
./datasets/SuffixArchivos/Mezcla//1000_4.txt;epicranial;0;0;
./datasets/SuffixArchivos/Mezcla//1000_5.txt;epicranial;0;0;
./datasets/SuffixArchivos/Mezcla//1000_6.txt;epicranial;0;0;
./datasets/SuffixArchivos/Mezcla//200.txt;epicranial;0;0;
./datasets/SuffixArchivos/Mezcla//200_2.txt;epicranial;0;0;
./datasets/SuffixArchivos/Mezcla//500.txt;epicranial;0;0;
./datasets/SuffixArchivos/Mezcla//500_2.txt;epicranial;0;0;
./datasets/SuffixArchivos/Mezcla//1000.txt;Anopla;0;0.000999;
./datasets/SuffixArchivos/Mezcla//1000_2.txt;Anopla;0;0.000999;
./datasets/SuffixArchivos/Mezcla//1000_3.txt;Anopla;0;0.000999;
./datasets/SuffixArchivos/Mezcla//1000_4.txt;Anopla;0;0.000999;
./datasets/SuffixArchivos/Mezcla//1000_5.txt;Anopla;0;0.000999;
./datasets/SuffixArchivos/Mezcla//1000_6.txt;Anopla;0;0.000999;
./datasets/SuffixArchivos/Mezcla//200.txt;Anopla;0;0.000999;
./datasets/SuffixArchivos/Mezcla//200_2.txt;Anopla;0;0.000999;
./datasets/SuffixArchivos/Mezcla//500.txt;Anopla;0;0.000999;
./datasets/SuffixArchivos/Mezcla//500_2.txt;Anopla;0;0.000999;
./datasets/SuffixArchivos/Mezcla//1000.txt;Anselm;0;0;
./datasets/SuffixArchivos/Mezcla//1000_2.txt;Anselm;0;0;
./datasets/SuffixArchivos/Mezcla//1000_3.txt;Anselm;0;0;
./datasets/SuffixArchivos/Mezcla//1000_4.txt;Anselm;0;0;
./datasets/SuffixArchivos/Mezcla//1000_5.txt;Anselm;0;0;
./datasets/SuffixArchivos/Mezcla//1000_6.txt;Anselm;0;0;
./datasets/SuffixArchivos/Mezcla//200.txt;Anselm;0;0;
./datasets/SuffixArchivos/Mezcla//200_2.txt;Anselm;0;0;
./datasets/SuffixArchivos/Mezcla//500.txt;Anselm;0;0;
./datasets/SuffixArchivos/Mezcla//500_2.txt;Anselm;0;0;
./datasets/SuffixArchivos/Mezcla//1000.txt;strabismical;0;0.000999;
./datasets/SuffixArchivos/Mezcla//1000_2.txt;strabismical;0;0.000999;
./datasets/SuffixArchivos/Mezcla//1000_3.txt;strabismical;0;0.000999;
./datasets/SuffixArchivos/Mezcla//1000_4.txt;strabismical;0;0.000999;
./datasets/SuffixArchivos/Mezcla//1000_5.txt;strabismical;0;0.000999;
./datasets/SuffixArchivos/Mezcla//1000_6.txt;strabismical;0;0.000999;
./datasets/SuffixArchivos/Mezcla//200.txt;strabismical;0;0.000999;
./datasets/SuffixArchivos/Mezcla//200_2.txt;strabismical;0;0.000999;
./datasets/SuffixArchivos/Mezcla//500.txt;strabismical;0;0.000999;
./datasets/SuffixArchivos/Mezcla//500_2.txt;strabismical;0;0.000999;
./datasets/SuffixArchivos/Mezcla//1000.txt;declarative;0;0;
./datasets/SuffixArchivos/Mezcla//1000_2.txt;declarative;0;0;
./datasets/SuffixArchivos/Mezcla//1000_3.txt;declarative;0;0;
./datasets/SuffixArchivos/Mezcla//1000_4.txt;declarative;0;0;
./datasets/SuffixArchivos/Mezcla//1000_5.txt;declarative;0;0;
./datasets/SuffixArchivos/Mezcla//1000_6.txt;declarative;0;0;
./datasets/SuffixArchivos/Mezcla//200.txt;declarative;0;0;
./datasets/SuffixArchivos/Mezcla//200_2.txt;declarative;0;0;
./datasets/SuffixArchivos/Mezcla//500.txt;declarative;0;0;
./datasets/SuffixArchivos/Mezcla//500_2.txt;declarative;0;0;
./datasets/SuffixArchivos/Mezcla//1000.txt;agricultural;0;0;
./datasets/SuffixArchivos/Mezcla//1000_2.txt;agricultural;0;0;
./datasets/SuffixArchivos/Mezcla//1000_3.txt;agricultural;0;0;
./datasets/SuffixArchivos/Mezcla//1000_4.txt;agricultural;0;0;
./datasets/SuffixArchivos/Mezcla//1000_5.txt;agricultural;0;0;
./datasets/SuffixArchivos/Mezcla//1000_6.txt;agricultural;0;0;
./datasets/SuffixArchivos/Mezcla//200.txt;agricultural;0;0;
./datasets/SuffixArchivos/Mezcla//200_2.txt;agricultural;0;0;
./datasets/SuffixArchivos/Mezcla//500.txt;agricultural;0;0;
./datasets/SuffixArchivos/Mezcla//500_2.txt;agricultural;0;0;
./datasets/SuffixArchivos/Mezcla//1000.txt;abdominous;0;0;
./datasets/SuffixArchivos/Mezcla//1000_2.txt;abdominous;0;0;
./datasets/SuffixArchivos/Mezcla//1000_3.txt;abdominous;0;0;
./datasets/SuffixArchivos/Mezcla//1000_4.txt;abdominous;0;0;
./datasets/SuffixArchivos/Mezcla//1000_5.txt;abdominous;0;0;
./datasets/SuffixArchivos/Mezcla//1000_6.txt;abdominous;0;0;
./datasets/SuffixArchivos/Mezcla//200.txt;abdominous;0;0;
./datasets/SuffixArchivos/Mezcla//200_2.txt;abdominous;0;0;
./datasets/SuffixArchivos/Mezcla//500.txt;abdominous;0;0;
./datasets/SuffixArchivos/Mezcla//500_2.txt;abdominous;0;0;
./datasets/SuffixArchivos/Mezcla//1000.txt;Hansardization;0;0.001001;
./datasets/SuffixArchivos/Mezcla//1000_2.txt;Hansardization;0;0.001001;
./datasets/SuffixArchivos/Mezcla//1000_3.txt;Hansardization;0;0.001001;
./datasets/SuffixArchivos/Mezcla//1000_4.txt;Hansardization;0;0.001001;
./datasets/SuffixArchivos/Mezcla//1000_5.txt;Hansardization;0;0.001001;
./datasets/SuffixArchivos/Mezcla//1000_6.txt;Hansardization;0;0.001001;
./datasets/SuffixArchivos/Mezcla//200.txt;Hansardization;0;0.001001;
./datasets/SuffixArchivos/Mezcla//200_2.txt;Hansardization;0;0.001001;
./datasets/SuffixArchivos/Mezcla//500.txt;Hansardization;0;0.001001;
./datasets/SuffixArchivos/Mezcla//500_2.txt;Hansardization;0;0.001001;
./datasets/SuffixArchivos/Mezcla//1000.txt;profanely;0;0;
./datasets/SuffixArchivos/Mezcla//1000_2.txt;profanely;0;0;
./datasets/SuffixArchivos/Mezcla//1000_3.txt;profanely;0;0;
./datasets/SuffixArchivos/Mezcla//1000_4.txt;profanely;0;0;
./datasets/SuffixArchivos/Mezcla//1000_5.txt;profanely;0;0;
./datasets/SuffixArchivos/Mezcla//1000_6.txt;profanely;0;0;
./datasets/SuffixArchivos/Mezcla//200.txt;profanely;0;0;
./datasets/SuffixArchivos/Mezcla//200_2.txt;profanely;0;0;
./datasets/SuffixArchivos/Mezcla//500.txt;profanely;0;0;
./datasets/SuffixArchivos/Mezcla//500_2.txt;profanely;0;0;
./datasets/SuffixArchivos/Mezcla//1000.txt;untwisted;0;0.000986;
./datasets/SuffixArchivos/Mezcla//1000_2.txt;untwisted;0;0.000986;
./datasets/SuffixArchivos/Mezcla//1000_3.txt;untwisted;0;0.000986;
./datasets/SuffixArchivos/Mezcla//1000_4.txt;untwisted;1;0.000986;
./datasets/SuffixArchivos/Mezcla//1000_5.txt;untwisted;0;0.000986;
./datasets/SuffixArchivos/Mezcla//1000_6.txt;untwisted;0;0.000986;
./datasets/SuffixArchivos/Mezcla//200.txt;untwisted;0;0.000986;
./datasets/SuffixArchivos/Mezcla//200_2.txt;untwisted;0;0.000986;
./datasets/SuffixArchivos/Mezcla//500.txt;untwisted;0;0.000986;
./datasets/SuffixArchivos/Mezcla//500_2.txt;untwisted;0;0.000986;
./datasets/SuffixArchivos/Mezcla//1000.txt;tipstaff;0;0;
./datasets/SuffixArchivos/Mezcla//1000_2.txt;tipstaff;0;0;
./datasets/SuffixArchivos/Mezcla//1000_3.txt;tipstaff;0;0;
./datasets/SuffixArchivos/Mezcla//1000_4.txt;tipstaff;0;0;
./datasets/SuffixArchivos/Mezcla//1000_5.txt;tipstaff;0;0;
./datasets/SuffixArchivos/Mezcla//1000_6.txt;tipstaff;0;0;
./datasets/SuffixArchivos/Mezcla//200.txt;tipstaff;0;0;
./datasets/SuffixArchivos/Mezcla//200_2.txt;tipstaff;0;0;
./datasets/SuffixArchivos/Mezcla//500.txt;tipstaff;0;0;
./datasets/SuffixArchivos/Mezcla//500_2.txt;tipstaff;0;0;
./datasets/SuffixArchivos/Mezcla//1000.txt;prederivation;0;0.001011;
./datasets/SuffixArchivos/Mezcla//1000_2.txt;prederivation;0;0.001011;
./datasets/SuffixArchivos/Mezcla//1000_3.txt;prederivation;0;0.001011;
./datasets/SuffixArchivos/Mezcla//1000_4.txt;prederivation;0;0.001011;
./datasets/SuffixArchivos/Mezcla//1000_5.txt;prederivation;0;0.001011;
./datasets/SuffixArchivos/Mezcla//1000_6.txt;prederivation;0;0.001011;
./datasets/SuffixArchivos/Mezcla//200.txt;prederivation;0;0.001011;
./datasets/SuffixArchivos/Mezcla//200_2.txt;prederivation;0;0.001011;
./datasets/SuffixArchivos/Mezcla//500.txt;prederivation;0;0.001011;
./datasets/SuffixArchivos/Mezcla//500_2.txt;prederivation;0;0.001011;
./datasets/SuffixArchivos/Mezcla//1000.txt;scrollwise;0;0;
./datasets/SuffixArchivos/Mezcla//1000_2.txt;scrollwise;0;0;
./datasets/SuffixArchivos/Mezcla//1000_3.txt;scrollwise;0;0;
./datasets/SuffixArchivos/Mezcla//1000_4.txt;scrollwise;0;0;
./datasets/SuffixArchivos/Mezcla//1000_5.txt;scrollwise;0;0;
./datasets/SuffixArchivos/Mezcla//1000_6.txt;scrollwise;0;0;
./datasets/SuffixArchivos/Mezcla//200.txt;scrollwise;0;0;
./datasets/SuffixArchivos/Mezcla//200_2.txt;scrollwise;0;0;
./datasets/SuffixArchivos/Mezcla//500.txt;scrollwise;0;0;
./datasets/SuffixArchivos/Mezcla//500_2.txt;scrollwise;0;0;
./datasets/SuffixArchivos/Mezcla//1000.txt;unrefusingly;0;0.001;
./datasets/SuffixArchivos/Mezcla//1000_2.txt;unrefusingly;0;0.001;
./datasets/SuffixArchivos/Mezcla//1000_3.txt;unrefusingly;0;0.001;
./datasets/SuffixArchivos/Mezcla//1000_4.txt;unrefusingly;0;0.001;
./datasets/SuffixArchivos/Mezcla//1000_5.txt;unrefusingly;0;0.001;
./datasets/SuffixArchivos/Mezcla//1000_6.txt;unrefusingly;0;0.001;
./datasets/SuffixArchivos/Mezcla//200.txt;unrefusingly;0;0.001;
./datasets/SuffixArchivos/Mezcla//200_2.txt;unrefusingly;0;0.001;
./datasets/SuffixArchivos/Mezcla//500.txt;unrefusingly;0;0.001;
./datasets/SuffixArchivos/Mezcla//500_2.txt;unrefusingly;0;0.001;
./datasets/SuffixArchivos/Mezcla//1000.txt;soulfulness;0;0;
./datasets/SuffixArchivos/Mezcla//1000_2.txt;soulfulness;0;0;
./datasets/SuffixArchivos/Mezcla//1000_3.txt;soulfulness;0;0;
./datasets/SuffixArchivos/Mezcla//1000_4.txt;soulfulness;0;0;
./datasets/SuffixArchivos/Mezcla//1000_5.txt;soulfulness;0;0;
./datasets/SuffixArchivos/Mezcla//1000_6.txt;soulfulness;0;0;
./datasets/SuffixArchivos/Mezcla//200.txt;soulfulness;0;0;
./datasets/SuffixArchivos/Mezcla//200_2.txt;soulfulness;0;0;
./datasets/SuffixArchivos/Mezcla//500.txt;soulfulness;0;0;
./datasets/SuffixArchivos/Mezcla//500_2.txt;soulfulness;0;0;
./datasets/SuffixArchivos/Mezcla//1000.txt;spyfault;0;0;
./datasets/SuffixArchivos/Mezcla//1000_2.txt;spyfault;0;0;
./datasets/SuffixArchivos/Mezcla//1000_3.txt;spyfault;0;0;
./datasets/SuffixArchivos/Mezcla//1000_4.txt;spyfault;0;0;
./datasets/SuffixArchivos/Mezcla//1000_5.txt;spyfault;0;0;
./datasets/SuffixArchivos/Mezcla//1000_6.txt;spyfault;0;0;
./datasets/SuffixArchivos/Mezcla//200.txt;spyfault;0;0;
./datasets/SuffixArchivos/Mezcla//200_2.txt;spyfault;0;0;
./datasets/SuffixArchivos/Mezcla//500.txt;spyfault;0;0;
./datasets/SuffixArchivos/Mezcla//500_2.txt;spyfault;0;0;
./datasets/SuffixArchivos/Mezcla//1000.txt;raiseman;0;0;
./datasets/SuffixArchivos/Mezcla//1000_2.txt;raiseman;0;0;
./datasets/SuffixArchivos/Mezcla//1000_3.txt;raiseman;0;0;
./datasets/SuffixArchivos/Mezcla//1000_4.txt;raiseman;0;0;
./datasets/SuffixArchivos/Mezcla//1000_5.txt;raiseman;0;0;
./datasets/SuffixArchivos/Mezcla//1000_6.txt;raiseman;0;0;
./datasets/SuffixArchivos/Mezcla//200.txt;raiseman;0;0;
./datasets/SuffixArchivos/Mezcla//200_2.txt;raiseman;0;0;
./datasets/SuffixArchivos/Mezcla//500.txt;raiseman;0;0;
./datasets/SuffixArchivos/Mezcla//500_2.txt;raiseman;0;0;
./datasets/SuffixArchivos/Mezcla//1000.txt;beroll;0;0;
./datasets/SuffixArchivos/Mezcla//1000_2.txt;beroll;0;0;
./datasets/SuffixArchivos/Mezcla//1000_3.txt;beroll;0;0;
./datasets/SuffixArchivos/Mezcla//1000_4.txt;beroll;0;0;
./datasets/SuffixArchivos/Mezcla//1000_5.txt;beroll;0;0;
./datasets/SuffixArchivos/Mezcla//1000_6.txt;beroll;0;0;
./datasets/SuffixArchivos/Mezcla//200.txt;beroll;0;0;
./datasets/SuffixArchivos/Mezcla//200_2.txt;beroll;0;0;
./datasets/SuffixArchivos/Mezcla//500.txt;beroll;0;0;
./datasets/SuffixArchivos/Mezcla//500_2.txt;beroll;0;0;
./datasets/SuffixArchivos/Mezcla//1000.txt;oscheoplasty;0;0;
./datasets/SuffixArchivos/Mezcla//1000_2.txt;oscheoplasty;0;0;
./datasets/SuffixArchivos/Mezcla//1000_3.txt;oscheoplasty;0;0;
./datasets/SuffixArchivos/Mezcla//1000_4.txt;oscheoplasty;0;0;
./datasets/SuffixArchivos/Mezcla//1000_5.txt;oscheoplasty;0;0;
./datasets/SuffixArchivos/Mezcla//1000_6.txt;oscheoplasty;0;0;
./datasets/SuffixArchivos/Mezcla//200.txt;oscheoplasty;0;0;
./datasets/SuffixArchivos/Mezcla//200_2.txt;oscheoplasty;0;0;
./datasets/SuffixArchivos/Mezcla//500.txt;oscheoplasty;0;0;
./datasets/SuffixArchivos/Mezcla//500_2.txt;oscheoplasty;0;0;
./datasets/SuffixArchivos/Mezcla//1000.txt;Lentibulariaceae;0;0.001;
./datasets/SuffixArchivos/Mezcla//1000_2.txt;Lentibulariaceae;0;0.001;
./datasets/SuffixArchivos/Mezcla//1000_3.txt;Lentibulariaceae;0;0.001;
./datasets/SuffixArchivos/Mezcla//1000_4.txt;Lentibulariaceae;0;0.001;
./datasets/SuffixArchivos/Mezcla//1000_5.txt;Lentibulariaceae;0;0.001;
./datasets/SuffixArchivos/Mezcla//1000_6.txt;Lentibulariaceae;0;0.001;
./datasets/SuffixArchivos/Mezcla//200.txt;Lentibulariaceae;0;0.001;
./datasets/SuffixArchivos/Mezcla//200_2.txt;Lentibulariaceae;0;0.001;
./datasets/SuffixArchivos/Mezcla//500.txt;Lentibulariaceae;0;0.001;
./datasets/SuffixArchivos/Mezcla//500_2.txt;Lentibulariaceae;0;0.001;
./datasets/SuffixArchivos/Mezcla//1000.txt;onagraceous;0;0;
./datasets/SuffixArchivos/Mezcla//1000_2.txt;onagraceous;0;0;
./datasets/SuffixArchivos/Mezcla//1000_3.txt;onagraceous;0;0;
./datasets/SuffixArchivos/Mezcla//1000_4.txt;onagraceous;0;0;
./datasets/SuffixArchivos/Mezcla//1000_5.txt;onagraceous;0;0;
./datasets/SuffixArchivos/Mezcla//1000_6.txt;onagraceous;0;0;
./datasets/SuffixArchivos/Mezcla//200.txt;onagraceous;0;0;
./datasets/SuffixArchivos/Mezcla//200_2.txt;onagraceous;0;0;
./datasets/SuffixArchivos/Mezcla//500.txt;onagraceous;0;0;
./datasets/SuffixArchivos/Mezcla//500_2.txt;onagraceous;0;0;
./datasets/SuffixArchivos/Mezcla//1000.txt;Nora;0;0.000999;
./datasets/SuffixArchivos/Mezcla//1000_2.txt;Nora;0;0.000999;
./datasets/SuffixArchivos/Mezcla//1000_3.txt;Nora;0;0.000999;
./datasets/SuffixArchivos/Mezcla//1000_4.txt;Nora;0;0.000999;
./datasets/SuffixArchivos/Mezcla//1000_5.txt;Nora;0;0.000999;
./datasets/SuffixArchivos/Mezcla//1000_6.txt;Nora;0;0.000999;
./datasets/SuffixArchivos/Mezcla//200.txt;Nora;0;0.000999;
./datasets/SuffixArchivos/Mezcla//200_2.txt;Nora;0;0.000999;
./datasets/SuffixArchivos/Mezcla//500.txt;Nora;0;0.000999;
./datasets/SuffixArchivos/Mezcla//500_2.txt;Nora;0;0.000999;
./datasets/SuffixArchivos/Mezcla//1000.txt;eellike;0;0;
./datasets/SuffixArchivos/Mezcla//1000_2.txt;eellike;0;0;
./datasets/SuffixArchivos/Mezcla//1000_3.txt;eellike;0;0;
./datasets/SuffixArchivos/Mezcla//1000_4.txt;eellike;0;0;
./datasets/SuffixArchivos/Mezcla//1000_5.txt;eellike;0;0;
./datasets/SuffixArchivos/Mezcla//1000_6.txt;eellike;0;0;
./datasets/SuffixArchivos/Mezcla//200.txt;eellike;0;0;
./datasets/SuffixArchivos/Mezcla//200_2.txt;eellike;0;0;
./datasets/SuffixArchivos/Mezcla//500.txt;eellike;0;0;
./datasets/SuffixArchivos/Mezcla//500_2.txt;eellike;0;0;
./datasets/SuffixArchivos/Mezcla//1000.txt;semiupright;0;0.001;
./datasets/SuffixArchivos/Mezcla//1000_2.txt;semiupright;0;0.001;
./datasets/SuffixArchivos/Mezcla//1000_3.txt;semiupright;0;0.001;
./datasets/SuffixArchivos/Mezcla//1000_4.txt;semiupright;0;0.001;
./datasets/SuffixArchivos/Mezcla//1000_5.txt;semiupright;0;0.001;
./datasets/SuffixArchivos/Mezcla//1000_6.txt;semiupright;0;0.001;
./datasets/SuffixArchivos/Mezcla//200.txt;semiupright;0;0.001;
./datasets/SuffixArchivos/Mezcla//200_2.txt;semiupright;0;0.001;
./datasets/SuffixArchivos/Mezcla//500.txt;semiupright;0;0.001;
./datasets/SuffixArchivos/Mezcla//500_2.txt;semiupright;0;0.001;
./datasets/SuffixArchivos/Mezcla//1000.txt;Tatary;0;0;
./datasets/SuffixArchivos/Mezcla//1000_2.txt;Tatary;0;0;
./datasets/SuffixArchivos/Mezcla//1000_3.txt;Tatary;0;0;
./datasets/SuffixArchivos/Mezcla//1000_4.txt;Tatary;0;0;
./datasets/SuffixArchivos/Mezcla//1000_5.txt;Tatary;0;0;
./datasets/SuffixArchivos/Mezcla//1000_6.txt;Tatary;0;0;
./datasets/SuffixArchivos/Mezcla//200.txt;Tatary;0;0;
./datasets/SuffixArchivos/Mezcla//200_2.txt;Tatary;0;0;
./datasets/SuffixArchivos/Mezcla//500.txt;Tatary;0;0;
./datasets/SuffixArchivos/Mezcla//500_2.txt;Tatary;0;0;
./datasets/SuffixArchivos/Mezcla//1000.txt;ninut;0;0;
./datasets/SuffixArchivos/Mezcla//1000_2.txt;ninut;0;0;
./datasets/SuffixArchivos/Mezcla//1000_3.txt;ninut;0;0;
./datasets/SuffixArchivos/Mezcla//1000_4.txt;ninut;0;0;
./datasets/SuffixArchivos/Mezcla//1000_5.txt;ninut;0;0;
./datasets/SuffixArchivos/Mezcla//1000_6.txt;ninut;0;0;
./datasets/SuffixArchivos/Mezcla//200.txt;ninut;0;0;
./datasets/SuffixArchivos/Mezcla//200_2.txt;ninut;0;0;
./datasets/SuffixArchivos/Mezcla//500.txt;ninut;0;0;
./datasets/SuffixArchivos/Mezcla//500_2.txt;ninut;0;0;
./datasets/SuffixArchivos/Mezcla//1000.txt;baseball;0;0;
./datasets/SuffixArchivos/Mezcla//1000_2.txt;baseball;0;0;
./datasets/SuffixArchivos/Mezcla//1000_3.txt;baseball;0;0;
./datasets/SuffixArchivos/Mezcla//1000_4.txt;baseball;0;0;
./datasets/SuffixArchivos/Mezcla//1000_5.txt;baseball;0;0;
./datasets/SuffixArchivos/Mezcla//1000_6.txt;baseball;0;0;
./datasets/SuffixArchivos/Mezcla//200.txt;baseball;0;0;
./datasets/SuffixArchivos/Mezcla//200_2.txt;baseball;0;0;
./datasets/SuffixArchivos/Mezcla//500.txt;baseball;0;0;
./datasets/SuffixArchivos/Mezcla//500_2.txt;baseball;0;0;
./datasets/SuffixArchivos/Mezcla//1000.txt;unifoliolate;0;0;
./datasets/SuffixArchivos/Mezcla//1000_2.txt;unifoliolate;0;0;
./datasets/SuffixArchivos/Mezcla//1000_3.txt;unifoliolate;0;0;
./datasets/SuffixArchivos/Mezcla//1000_4.txt;unifoliolate;0;0;
./datasets/SuffixArchivos/Mezcla//1000_5.txt;unifoliolate;0;0;
./datasets/SuffixArchivos/Mezcla//1000_6.txt;unifoliolate;0;0;
./datasets/SuffixArchivos/Mezcla//200.txt;unifoliolate;0;0;
./datasets/SuffixArchivos/Mezcla//200_2.txt;unifoliolate;0;0;
./datasets/SuffixArchivos/Mezcla//500.txt;unifoliolate;0;0;
./datasets/SuffixArchivos/Mezcla//500_2.txt;unifoliolate;0;0;
./datasets/SuffixArchivos/Mezcla//1000.txt;nextly;0;0.000995;
./datasets/SuffixArchivos/Mezcla//1000_2.txt;nextly;0;0.000995;
./datasets/SuffixArchivos/Mezcla//1000_3.txt;nextly;0;0.000995;
./datasets/SuffixArchivos/Mezcla//1000_4.txt;nextly;0;0.000995;
./datasets/SuffixArchivos/Mezcla//1000_5.txt;nextly;0;0.000995;
./datasets/SuffixArchivos/Mezcla//1000_6.txt;nextly;0;0.000995;
./datasets/SuffixArchivos/Mezcla//200.txt;nextly;0;0.000995;
./datasets/SuffixArchivos/Mezcla//200_2.txt;nextly;0;0.000995;
./datasets/SuffixArchivos/Mezcla//500.txt;nextly;0;0.000995;
./datasets/SuffixArchivos/Mezcla//500_2.txt;nextly;0;0.000995;
./datasets/SuffixArchivos/Mezcla//1000.txt;shamefacedly;0;0.000998;
./datasets/SuffixArchivos/Mezcla//1000_2.txt;shamefacedly;0;0.000998;
./datasets/SuffixArchivos/Mezcla//1000_3.txt;shamefacedly;0;0.000998;
./datasets/SuffixArchivos/Mezcla//1000_4.txt;shamefacedly;0;0.000998;
./datasets/SuffixArchivos/Mezcla//1000_5.txt;shamefacedly;0;0.000998;
./datasets/SuffixArchivos/Mezcla//1000_6.txt;shamefacedly;0;0.000998;
./datasets/SuffixArchivos/Mezcla//200.txt;shamefacedly;0;0.000998;
./datasets/SuffixArchivos/Mezcla//200_2.txt;shamefacedly;0;0.000998;
./datasets/SuffixArchivos/Mezcla//500.txt;shamefacedly;0;0.000998;
./datasets/SuffixArchivos/Mezcla//500_2.txt;shamefacedly;0;0.000998;
./datasets/SuffixArchivos/Mezcla//1000.txt;unharbor;0;0;
./datasets/SuffixArchivos/Mezcla//1000_2.txt;unharbor;0;0;
./datasets/SuffixArchivos/Mezcla//1000_3.txt;unharbor;0;0;
./datasets/SuffixArchivos/Mezcla//1000_4.txt;unharbor;0;0;
./datasets/SuffixArchivos/Mezcla//1000_5.txt;unharbor;0;0;
./datasets/SuffixArchivos/Mezcla//1000_6.txt;unharbor;0;0;
./datasets/SuffixArchivos/Mezcla//200.txt;unharbor;0;0;
./datasets/SuffixArchivos/Mezcla//200_2.txt;unharbor;0;0;
./datasets/SuffixArchivos/Mezcla//500.txt;unharbor;0;0;
./datasets/SuffixArchivos/Mezcla//500_2.txt;unharbor;0;0;
./datasets/SuffixArchivos/Mezcla//1000.txt;omphaloncus;0;0.001;
./datasets/SuffixArchivos/Mezcla//1000_2.txt;omphaloncus;0;0.001;
./datasets/SuffixArchivos/Mezcla//1000_3.txt;omphaloncus;0;0.001;
./datasets/SuffixArchivos/Mezcla//1000_4.txt;omphaloncus;0;0.001;
./datasets/SuffixArchivos/Mezcla//1000_5.txt;omphaloncus;0;0.001;
./datasets/SuffixArchivos/Mezcla//1000_6.txt;omphaloncus;0;0.001;
./datasets/SuffixArchivos/Mezcla//200.txt;omphaloncus;0;0.001;
./datasets/SuffixArchivos/Mezcla//200_2.txt;omphaloncus;0;0.001;
./datasets/SuffixArchivos/Mezcla//500.txt;omphaloncus;0;0.001;
./datasets/SuffixArchivos/Mezcla//500_2.txt;omphaloncus;0;0.001;
./datasets/SuffixArchivos/Mezcla//1000.txt;sweatband;0;0;
./datasets/SuffixArchivos/Mezcla//1000_2.txt;sweatband;0;0;
./datasets/SuffixArchivos/Mezcla//1000_3.txt;sweatband;0;0;
./datasets/SuffixArchivos/Mezcla//1000_4.txt;sweatband;0;0;
./datasets/SuffixArchivos/Mezcla//1000_5.txt;sweatband;0;0;
./datasets/SuffixArchivos/Mezcla//1000_6.txt;sweatband;0;0;
./datasets/SuffixArchivos/Mezcla//200.txt;sweatband;0;0;
./datasets/SuffixArchivos/Mezcla//200_2.txt;sweatband;0;0;
./datasets/SuffixArchivos/Mezcla//500.txt;sweatband;0;0;
./datasets/SuffixArchivos/Mezcla//500_2.txt;sweatband;0;0;
./datasets/SuffixArchivos/Mezcla//1000.txt;premake;0;0.000999;
./datasets/SuffixArchivos/Mezcla//1000_2.txt;premake;0;0.000999;
./datasets/SuffixArchivos/Mezcla//1000_3.txt;premake;0;0.000999;
./datasets/SuffixArchivos/Mezcla//1000_4.txt;premake;0;0.000999;
./datasets/SuffixArchivos/Mezcla//1000_5.txt;premake;0;0.000999;
./datasets/SuffixArchivos/Mezcla//1000_6.txt;premake;0;0.000999;
./datasets/SuffixArchivos/Mezcla//200.txt;premake;0;0.000999;
./datasets/SuffixArchivos/Mezcla//200_2.txt;premake;0;0.000999;
./datasets/SuffixArchivos/Mezcla//500.txt;premake;0;0.000999;
./datasets/SuffixArchivos/Mezcla//500_2.txt;premake;0;0.000999;
./datasets/SuffixArchivos/Mezcla//1000.txt;hook;2;0;
./datasets/SuffixArchivos/Mezcla//1000_2.txt;hook;0;0;
./datasets/SuffixArchivos/Mezcla//1000_3.txt;hook;2;0;
./datasets/SuffixArchivos/Mezcla//1000_4.txt;hook;2;0;
./datasets/SuffixArchivos/Mezcla//1000_5.txt;hook;1;0;
./datasets/SuffixArchivos/Mezcla//1000_6.txt;hook;2;0;
./datasets/SuffixArchivos/Mezcla//200.txt;hook;0;0;
./datasets/SuffixArchivos/Mezcla//200_2.txt;hook;0;0;
./datasets/SuffixArchivos/Mezcla//500.txt;hook;0;0;
./datasets/SuffixArchivos/Mezcla//500_2.txt;hook;2;0;
./datasets/SuffixArchivos/Mezcla//1000.txt;fitchee;0;0.000999;
./datasets/SuffixArchivos/Mezcla//1000_2.txt;fitchee;0;0.000999;
./datasets/SuffixArchivos/Mezcla//1000_3.txt;fitchee;0;0.000999;
./datasets/SuffixArchivos/Mezcla//1000_4.txt;fitchee;0;0.000999;
./datasets/SuffixArchivos/Mezcla//1000_5.txt;fitchee;0;0.000999;
./datasets/SuffixArchivos/Mezcla//1000_6.txt;fitchee;0;0.000999;
./datasets/SuffixArchivos/Mezcla//200.txt;fitchee;0;0.000999;
./datasets/SuffixArchivos/Mezcla//200_2.txt;fitchee;0;0.000999;
./datasets/SuffixArchivos/Mezcla//500.txt;fitchee;0;0.000999;
./datasets/SuffixArchivos/Mezcla//500_2.txt;fitchee;0;0.000999;
./datasets/SuffixArchivos/Mezcla//1000.txt;sendable;0;0;
./datasets/SuffixArchivos/Mezcla//1000_2.txt;sendable;0;0;
./datasets/SuffixArchivos/Mezcla//1000_3.txt;sendable;0;0;
./datasets/SuffixArchivos/Mezcla//1000_4.txt;sendable;0;0;
./datasets/SuffixArchivos/Mezcla//1000_5.txt;sendable;0;0;
./datasets/SuffixArchivos/Mezcla//1000_6.txt;sendable;0;0;
./datasets/SuffixArchivos/Mezcla//200.txt;sendable;0;0;
./datasets/SuffixArchivos/Mezcla//200_2.txt;sendable;0;0;
./datasets/SuffixArchivos/Mezcla//500.txt;sendable;0;0;
./datasets/SuffixArchivos/Mezcla//500_2.txt;sendable;0;0;
./datasets/SuffixArchivos/Mezcla//1000.txt;xyloid;0;0.001;
./datasets/SuffixArchivos/Mezcla//1000_2.txt;xyloid;0;0.001;
./datasets/SuffixArchivos/Mezcla//1000_3.txt;xyloid;0;0.001;
./datasets/SuffixArchivos/Mezcla//1000_4.txt;xyloid;0;0.001;
./datasets/SuffixArchivos/Mezcla//1000_5.txt;xyloid;0;0.001;
./datasets/SuffixArchivos/Mezcla//1000_6.txt;xyloid;0;0.001;
./datasets/SuffixArchivos/Mezcla//200.txt;xyloid;0;0.001;
./datasets/SuffixArchivos/Mezcla//200_2.txt;xyloid;0;0.001;
./datasets/SuffixArchivos/Mezcla//500.txt;xyloid;0;0.001;
./datasets/SuffixArchivos/Mezcla//500_2.txt;xyloid;0;0.001;
./datasets/SuffixArchivos/Mezcla//1000.txt;Lin;0;0;
./datasets/SuffixArchivos/Mezcla//1000_2.txt;Lin;0;0;
./datasets/SuffixArchivos/Mezcla//1000_3.txt;Lin;0;0;
./datasets/SuffixArchivos/Mezcla//1000_4.txt;Lin;0;0;
./datasets/SuffixArchivos/Mezcla//1000_5.txt;Lin;0;0;
./datasets/SuffixArchivos/Mezcla//1000_6.txt;Lin;0;0;
./datasets/SuffixArchivos/Mezcla//200.txt;Lin;0;0;
./datasets/SuffixArchivos/Mezcla//200_2.txt;Lin;0;0;
./datasets/SuffixArchivos/Mezcla//500.txt;Lin;0;0;
./datasets/SuffixArchivos/Mezcla//500_2.txt;Lin;0;0;
./datasets/SuffixArchivos/Mezcla//1000.txt;preindication;0;0;
./datasets/SuffixArchivos/Mezcla//1000_2.txt;preindication;0;0;
./datasets/SuffixArchivos/Mezcla//1000_3.txt;preindication;0;0;
./datasets/SuffixArchivos/Mezcla//1000_4.txt;preindication;0;0;
./datasets/SuffixArchivos/Mezcla//1000_5.txt;preindication;0;0;
./datasets/SuffixArchivos/Mezcla//1000_6.txt;preindication;0;0;
./datasets/SuffixArchivos/Mezcla//200.txt;preindication;0;0;
./datasets/SuffixArchivos/Mezcla//200_2.txt;preindication;0;0;
./datasets/SuffixArchivos/Mezcla//500.txt;preindication;0;0;
./datasets/SuffixArchivos/Mezcla//500_2.txt;preindication;0;0;
./datasets/SuffixArchivos/Mezcla//1000.txt;alpine;0;0;
./datasets/SuffixArchivos/Mezcla//1000_2.txt;alpine;0;0;
./datasets/SuffixArchivos/Mezcla//1000_3.txt;alpine;0;0;
./datasets/SuffixArchivos/Mezcla//1000_4.txt;alpine;0;0;
./datasets/SuffixArchivos/Mezcla//1000_5.txt;alpine;0;0;
./datasets/SuffixArchivos/Mezcla//1000_6.txt;alpine;0;0;
./datasets/SuffixArchivos/Mezcla//200.txt;alpine;0;0;
./datasets/SuffixArchivos/Mezcla//200_2.txt;alpine;0;0;
./datasets/SuffixArchivos/Mezcla//500.txt;alpine;0;0;
./datasets/SuffixArchivos/Mezcla//500_2.txt;alpine;0;0;
./datasets/SuffixArchivos/Mezcla//1000.txt;planarioid;0;0.000986;
./datasets/SuffixArchivos/Mezcla//1000_2.txt;planarioid;0;0.000986;
./datasets/SuffixArchivos/Mezcla//1000_3.txt;planarioid;0;0.000986;
./datasets/SuffixArchivos/Mezcla//1000_4.txt;planarioid;0;0.000986;
./datasets/SuffixArchivos/Mezcla//1000_5.txt;planarioid;0;0.000986;
./datasets/SuffixArchivos/Mezcla//1000_6.txt;planarioid;0;0.000986;
./datasets/SuffixArchivos/Mezcla//200.txt;planarioid;0;0.000986;
./datasets/SuffixArchivos/Mezcla//200_2.txt;planarioid;0;0.000986;
./datasets/SuffixArchivos/Mezcla//500.txt;planarioid;0;0.000986;
./datasets/SuffixArchivos/Mezcla//500_2.txt;planarioid;0;0.000986;
./datasets/SuffixArchivos/Mezcla//1000.txt;mastlike;0;0;
./datasets/SuffixArchivos/Mezcla//1000_2.txt;mastlike;0;0;
./datasets/SuffixArchivos/Mezcla//1000_3.txt;mastlike;0;0;
./datasets/SuffixArchivos/Mezcla//1000_4.txt;mastlike;0;0;
./datasets/SuffixArchivos/Mezcla//1000_5.txt;mastlike;0;0;
./datasets/SuffixArchivos/Mezcla//1000_6.txt;mastlike;0;0;
./datasets/SuffixArchivos/Mezcla//200.txt;mastlike;0;0;
./datasets/SuffixArchivos/Mezcla//200_2.txt;mastlike;0;0;
./datasets/SuffixArchivos/Mezcla//500.txt;mastlike;0;0;
./datasets/SuffixArchivos/Mezcla//500_2.txt;mastlike;0;0;
./datasets/SuffixArchivos/Mezcla//1000.txt;servitude;0;0.001001;
./datasets/SuffixArchivos/Mezcla//1000_2.txt;servitude;0;0.001001;
./datasets/SuffixArchivos/Mezcla//1000_3.txt;servitude;0;0.001001;
./datasets/SuffixArchivos/Mezcla//1000_4.txt;servitude;0;0.001001;
./datasets/SuffixArchivos/Mezcla//1000_5.txt;servitude;0;0.001001;
./datasets/SuffixArchivos/Mezcla//1000_6.txt;servitude;0;0.001001;
./datasets/SuffixArchivos/Mezcla//200.txt;servitude;0;0.001001;
./datasets/SuffixArchivos/Mezcla//200_2.txt;servitude;0;0.001001;
./datasets/SuffixArchivos/Mezcla//500.txt;servitude;0;0.001001;
./datasets/SuffixArchivos/Mezcla//500_2.txt;servitude;0;0.001001;
./datasets/SuffixArchivos/Mezcla//1000.txt;patterny;0;0;
./datasets/SuffixArchivos/Mezcla//1000_2.txt;patterny;0;0;
./datasets/SuffixArchivos/Mezcla//1000_3.txt;patterny;0;0;
./datasets/SuffixArchivos/Mezcla//1000_4.txt;patterny;0;0;
./datasets/SuffixArchivos/Mezcla//1000_5.txt;patterny;0;0;
./datasets/SuffixArchivos/Mezcla//1000_6.txt;patterny;0;0;
./datasets/SuffixArchivos/Mezcla//200.txt;patterny;0;0;
./datasets/SuffixArchivos/Mezcla//200_2.txt;patterny;0;0;
./datasets/SuffixArchivos/Mezcla//500.txt;patterny;0;0;
./datasets/SuffixArchivos/Mezcla//500_2.txt;patterny;0;0;
./datasets/SuffixArchivos/Mezcla//1000.txt;goffering;0;0;
./datasets/SuffixArchivos/Mezcla//1000_2.txt;goffering;0;0;
./datasets/SuffixArchivos/Mezcla//1000_3.txt;goffering;0;0;
./datasets/SuffixArchivos/Mezcla//1000_4.txt;goffering;0;0;
./datasets/SuffixArchivos/Mezcla//1000_5.txt;goffering;0;0;
./datasets/SuffixArchivos/Mezcla//1000_6.txt;goffering;0;0;
./datasets/SuffixArchivos/Mezcla//200.txt;goffering;0;0;
./datasets/SuffixArchivos/Mezcla//200_2.txt;goffering;0;0;
./datasets/SuffixArchivos/Mezcla//500.txt;goffering;0;0;
./datasets/SuffixArchivos/Mezcla//500_2.txt;goffering;0;0;
./datasets/SuffixArchivos/Mezcla//1000.txt;unfrightened;0;0.001013;
./datasets/SuffixArchivos/Mezcla//1000_2.txt;unfrightened;0;0.001013;
./datasets/SuffixArchivos/Mezcla//1000_3.txt;unfrightened;0;0.001013;
./datasets/SuffixArchivos/Mezcla//1000_4.txt;unfrightened;0;0.001013;
./datasets/SuffixArchivos/Mezcla//1000_5.txt;unfrightened;0;0.001013;
./datasets/SuffixArchivos/Mezcla//1000_6.txt;unfrightened;0;0.001013;
./datasets/SuffixArchivos/Mezcla//200.txt;unfrightened;0;0.001013;
./datasets/SuffixArchivos/Mezcla//200_2.txt;unfrightened;0;0.001013;
./datasets/SuffixArchivos/Mezcla//500.txt;unfrightened;0;0.001013;
./datasets/SuffixArchivos/Mezcla//500_2.txt;unfrightened;0;0.001013;
./datasets/SuffixArchivos/Mezcla//1000.txt;genderer;0;0;
./datasets/SuffixArchivos/Mezcla//1000_2.txt;genderer;0;0;
./datasets/SuffixArchivos/Mezcla//1000_3.txt;genderer;0;0;
./datasets/SuffixArchivos/Mezcla//1000_4.txt;genderer;0;0;
./datasets/SuffixArchivos/Mezcla//1000_5.txt;genderer;0;0;
./datasets/SuffixArchivos/Mezcla//1000_6.txt;genderer;0;0;
./datasets/SuffixArchivos/Mezcla//200.txt;genderer;0;0;
./datasets/SuffixArchivos/Mezcla//200_2.txt;genderer;0;0;
./datasets/SuffixArchivos/Mezcla//500.txt;genderer;0;0;
./datasets/SuffixArchivos/Mezcla//500_2.txt;genderer;0;0;
./datasets/SuffixArchivos/Mezcla//1000.txt;cafeneh;0;0.000999;
./datasets/SuffixArchivos/Mezcla//1000_2.txt;cafeneh;0;0.000999;
./datasets/SuffixArchivos/Mezcla//1000_3.txt;cafeneh;0;0.000999;
./datasets/SuffixArchivos/Mezcla//1000_4.txt;cafeneh;0;0.000999;
./datasets/SuffixArchivos/Mezcla//1000_5.txt;cafeneh;0;0.000999;
./datasets/SuffixArchivos/Mezcla//1000_6.txt;cafeneh;0;0.000999;
./datasets/SuffixArchivos/Mezcla//200.txt;cafeneh;0;0.000999;
./datasets/SuffixArchivos/Mezcla//200_2.txt;cafeneh;0;0.000999;
./datasets/SuffixArchivos/Mezcla//500.txt;cafeneh;0;0.000999;
./datasets/SuffixArchivos/Mezcla//500_2.txt;cafeneh;0;0.000999;
./datasets/SuffixArchivos/Mezcla//1000.txt;forthwith;0;0;
./datasets/SuffixArchivos/Mezcla//1000_2.txt;forthwith;0;0;
./datasets/SuffixArchivos/Mezcla//1000_3.txt;forthwith;0;0;
./datasets/SuffixArchivos/Mezcla//1000_4.txt;forthwith;0;0;
./datasets/SuffixArchivos/Mezcla//1000_5.txt;forthwith;0;0;
./datasets/SuffixArchivos/Mezcla//1000_6.txt;forthwith;0;0;
./datasets/SuffixArchivos/Mezcla//200.txt;forthwith;0;0;
./datasets/SuffixArchivos/Mezcla//200_2.txt;forthwith;0;0;
./datasets/SuffixArchivos/Mezcla//500.txt;forthwith;0;0;
./datasets/SuffixArchivos/Mezcla//500_2.txt;forthwith;0;0;
./datasets/SuffixArchivos/Mezcla//1000.txt;intermenstruum;0;0.000999;
./datasets/SuffixArchivos/Mezcla//1000_2.txt;intermenstruum;0;0.000999;
./datasets/SuffixArchivos/Mezcla//1000_3.txt;intermenstruum;0;0.000999;
./datasets/SuffixArchivos/Mezcla//1000_4.txt;intermenstruum;0;0.000999;
./datasets/SuffixArchivos/Mezcla//1000_5.txt;intermenstruum;0;0.000999;
./datasets/SuffixArchivos/Mezcla//1000_6.txt;intermenstruum;0;0.000999;
./datasets/SuffixArchivos/Mezcla//200.txt;intermenstruum;0;0.000999;
./datasets/SuffixArchivos/Mezcla//200_2.txt;intermenstruum;0;0.000999;
./datasets/SuffixArchivos/Mezcla//500.txt;intermenstruum;0;0.000999;
./datasets/SuffixArchivos/Mezcla//500_2.txt;intermenstruum;0;0.000999;
./datasets/SuffixArchivos/Mezcla//1000.txt;bluggy;0;0;
./datasets/SuffixArchivos/Mezcla//1000_2.txt;bluggy;0;0;
./datasets/SuffixArchivos/Mezcla//1000_3.txt;bluggy;0;0;
./datasets/SuffixArchivos/Mezcla//1000_4.txt;bluggy;0;0;
./datasets/SuffixArchivos/Mezcla//1000_5.txt;bluggy;0;0;
./datasets/SuffixArchivos/Mezcla//1000_6.txt;bluggy;0;0;
./datasets/SuffixArchivos/Mezcla//200.txt;bluggy;0;0;
./datasets/SuffixArchivos/Mezcla//200_2.txt;bluggy;0;0;
./datasets/SuffixArchivos/Mezcla//500.txt;bluggy;0;0;
./datasets/SuffixArchivos/Mezcla//500_2.txt;bluggy;0;0;
./datasets/SuffixArchivos/Mezcla//1000.txt;buzylene;0;0;
./datasets/SuffixArchivos/Mezcla//1000_2.txt;buzylene;0;0;
./datasets/SuffixArchivos/Mezcla//1000_3.txt;buzylene;0;0;
./datasets/SuffixArchivos/Mezcla//1000_4.txt;buzylene;0;0;
./datasets/SuffixArchivos/Mezcla//1000_5.txt;buzylene;0;0;
./datasets/SuffixArchivos/Mezcla//1000_6.txt;buzylene;0;0;
./datasets/SuffixArchivos/Mezcla//200.txt;buzylene;0;0;
./datasets/SuffixArchivos/Mezcla//200_2.txt;buzylene;0;0;
./datasets/SuffixArchivos/Mezcla//500.txt;buzylene;0;0;
./datasets/SuffixArchivos/Mezcla//500_2.txt;buzylene;0;0;
./datasets/SuffixArchivos/Mezcla//1000.txt;faceteness;0;0;
./datasets/SuffixArchivos/Mezcla//1000_2.txt;faceteness;0;0;
./datasets/SuffixArchivos/Mezcla//1000_3.txt;faceteness;0;0;
./datasets/SuffixArchivos/Mezcla//1000_4.txt;faceteness;0;0;
./datasets/SuffixArchivos/Mezcla//1000_5.txt;faceteness;0;0;
./datasets/SuffixArchivos/Mezcla//1000_6.txt;faceteness;0;0;
./datasets/SuffixArchivos/Mezcla//200.txt;faceteness;0;0;
./datasets/SuffixArchivos/Mezcla//200_2.txt;faceteness;0;0;
./datasets/SuffixArchivos/Mezcla//500.txt;faceteness;0;0;
./datasets/SuffixArchivos/Mezcla//500_2.txt;faceteness;0;0;
./datasets/SuffixArchivos/Mezcla//1000.txt;Placophora;0;0;
./datasets/SuffixArchivos/Mezcla//1000_2.txt;Placophora;0;0;
./datasets/SuffixArchivos/Mezcla//1000_3.txt;Placophora;0;0;
./datasets/SuffixArchivos/Mezcla//1000_4.txt;Placophora;0;0;
./datasets/SuffixArchivos/Mezcla//1000_5.txt;Placophora;0;0;
./datasets/SuffixArchivos/Mezcla//1000_6.txt;Placophora;0;0;
./datasets/SuffixArchivos/Mezcla//200.txt;Placophora;0;0;
./datasets/SuffixArchivos/Mezcla//200_2.txt;Placophora;0;0;
./datasets/SuffixArchivos/Mezcla//500.txt;Placophora;0;0;
./datasets/SuffixArchivos/Mezcla//500_2.txt;Placophora;0;0;
./datasets/SuffixArchivos/Mezcla//1000.txt;mispleading;0;0.000999;
./datasets/SuffixArchivos/Mezcla//1000_2.txt;mispleading;0;0.000999;
./datasets/SuffixArchivos/Mezcla//1000_3.txt;mispleading;0;0.000999;
./datasets/SuffixArchivos/Mezcla//1000_4.txt;mispleading;0;0.000999;
./datasets/SuffixArchivos/Mezcla//1000_5.txt;mispleading;0;0.000999;
./datasets/SuffixArchivos/Mezcla//1000_6.txt;mispleading;0;0.000999;
./datasets/SuffixArchivos/Mezcla//200.txt;mispleading;0;0.000999;
./datasets/SuffixArchivos/Mezcla//200_2.txt;mispleading;0;0.000999;
./datasets/SuffixArchivos/Mezcla//500.txt;mispleading;0;0.000999;
./datasets/SuffixArchivos/Mezcla//500_2.txt;mispleading;0;0.000999;
./datasets/SuffixArchivos/Mezcla//1000.txt;sniffly;0;0;
./datasets/SuffixArchivos/Mezcla//1000_2.txt;sniffly;0;0;
./datasets/SuffixArchivos/Mezcla//1000_3.txt;sniffly;0;0;
./datasets/SuffixArchivos/Mezcla//1000_4.txt;sniffly;0;0;
./datasets/SuffixArchivos/Mezcla//1000_5.txt;sniffly;0;0;
./datasets/SuffixArchivos/Mezcla//1000_6.txt;sniffly;0;0;
./datasets/SuffixArchivos/Mezcla//200.txt;sniffly;0;0;
./datasets/SuffixArchivos/Mezcla//200_2.txt;sniffly;0;0;
./datasets/SuffixArchivos/Mezcla//500.txt;sniffly;0;0;
./datasets/SuffixArchivos/Mezcla//500_2.txt;sniffly;0;0;
./datasets/SuffixArchivos/Mezcla//1000.txt;dredge;0;0;
./datasets/SuffixArchivos/Mezcla//1000_2.txt;dredge;0;0;
./datasets/SuffixArchivos/Mezcla//1000_3.txt;dredge;0;0;
./datasets/SuffixArchivos/Mezcla//1000_4.txt;dredge;0;0;
./datasets/SuffixArchivos/Mezcla//1000_5.txt;dredge;0;0;
./datasets/SuffixArchivos/Mezcla//1000_6.txt;dredge;0;0;
./datasets/SuffixArchivos/Mezcla//200.txt;dredge;0;0;
./datasets/SuffixArchivos/Mezcla//200_2.txt;dredge;0;0;
./datasets/SuffixArchivos/Mezcla//500.txt;dredge;0;0;
./datasets/SuffixArchivos/Mezcla//500_2.txt;dredge;0;0;
./datasets/SuffixArchivos/Mezcla//1000.txt;neurocity;0;0.000988;
./datasets/SuffixArchivos/Mezcla//1000_2.txt;neurocity;0;0.000988;
./datasets/SuffixArchivos/Mezcla//1000_3.txt;neurocity;0;0.000988;
./datasets/SuffixArchivos/Mezcla//1000_4.txt;neurocity;0;0.000988;
./datasets/SuffixArchivos/Mezcla//1000_5.txt;neurocity;0;0.000988;
./datasets/SuffixArchivos/Mezcla//1000_6.txt;neurocity;0;0.000988;
./datasets/SuffixArchivos/Mezcla//200.txt;neurocity;0;0.000988;
./datasets/SuffixArchivos/Mezcla//200_2.txt;neurocity;0;0.000988;
./datasets/SuffixArchivos/Mezcla//500.txt;neurocity;0;0.000988;
./datasets/SuffixArchivos/Mezcla//500_2.txt;neurocity;0;0.000988;
./datasets/SuffixArchivos/Mezcla//1000.txt;terminable;0;0;
./datasets/SuffixArchivos/Mezcla//1000_2.txt;terminable;0;0;
./datasets/SuffixArchivos/Mezcla//1000_3.txt;terminable;0;0;
./datasets/SuffixArchivos/Mezcla//1000_4.txt;terminable;0;0;
./datasets/SuffixArchivos/Mezcla//1000_5.txt;terminable;0;0;
./datasets/SuffixArchivos/Mezcla//1000_6.txt;terminable;0;0;
./datasets/SuffixArchivos/Mezcla//200.txt;terminable;0;0;
./datasets/SuffixArchivos/Mezcla//200_2.txt;terminable;0;0;
./datasets/SuffixArchivos/Mezcla//500.txt;terminable;0;0;
./datasets/SuffixArchivos/Mezcla//500_2.txt;terminable;0;0;
./datasets/SuffixArchivos/Mezcla//1000.txt;trest;0;0;
./datasets/SuffixArchivos/Mezcla//1000_2.txt;trest;0;0;
./datasets/SuffixArchivos/Mezcla//1000_3.txt;trest;0;0;
./datasets/SuffixArchivos/Mezcla//1000_4.txt;trest;0;0;
./datasets/SuffixArchivos/Mezcla//1000_5.txt;trest;0;0;
./datasets/SuffixArchivos/Mezcla//1000_6.txt;trest;0;0;
./datasets/SuffixArchivos/Mezcla//200.txt;trest;0;0;
./datasets/SuffixArchivos/Mezcla//200_2.txt;trest;0;0;
./datasets/SuffixArchivos/Mezcla//500.txt;trest;0;0;
./datasets/SuffixArchivos/Mezcla//500_2.txt;trest;0;0;
./datasets/SuffixArchivos/Mezcla//1000.txt;stythe;0;0;
./datasets/SuffixArchivos/Mezcla//1000_2.txt;stythe;0;0;
./datasets/SuffixArchivos/Mezcla//1000_3.txt;stythe;0;0;
./datasets/SuffixArchivos/Mezcla//1000_4.txt;stythe;0;0;
./datasets/SuffixArchivos/Mezcla//1000_5.txt;stythe;0;0;
./datasets/SuffixArchivos/Mezcla//1000_6.txt;stythe;0;0;
./datasets/SuffixArchivos/Mezcla//200.txt;stythe;0;0;
./datasets/SuffixArchivos/Mezcla//200_2.txt;stythe;0;0;
./datasets/SuffixArchivos/Mezcla//500.txt;stythe;0;0;
./datasets/SuffixArchivos/Mezcla//500_2.txt;stythe;0;0;
./datasets/SuffixArchivos/Mezcla//1000.txt;pitchometer;0;0.001;
./datasets/SuffixArchivos/Mezcla//1000_2.txt;pitchometer;0;0.001;
./datasets/SuffixArchivos/Mezcla//1000_3.txt;pitchometer;0;0.001;
./datasets/SuffixArchivos/Mezcla//1000_4.txt;pitchometer;0;0.001;
./datasets/SuffixArchivos/Mezcla//1000_5.txt;pitchometer;0;0.001;
./datasets/SuffixArchivos/Mezcla//1000_6.txt;pitchometer;0;0.001;
./datasets/SuffixArchivos/Mezcla//200.txt;pitchometer;0;0.001;
./datasets/SuffixArchivos/Mezcla//200_2.txt;pitchometer;0;0.001;
./datasets/SuffixArchivos/Mezcla//500.txt;pitchometer;0;0.001;
./datasets/SuffixArchivos/Mezcla//500_2.txt;pitchometer;0;0.001;
./datasets/SuffixArchivos/Mezcla//1000.txt;breaker;0;0;
./datasets/SuffixArchivos/Mezcla//1000_2.txt;breaker;0;0;
./datasets/SuffixArchivos/Mezcla//1000_3.txt;breaker;0;0;
./datasets/SuffixArchivos/Mezcla//1000_4.txt;breaker;0;0;
./datasets/SuffixArchivos/Mezcla//1000_5.txt;breaker;0;0;
./datasets/SuffixArchivos/Mezcla//1000_6.txt;breaker;0;0;
./datasets/SuffixArchivos/Mezcla//200.txt;breaker;0;0;
./datasets/SuffixArchivos/Mezcla//200_2.txt;breaker;0;0;
./datasets/SuffixArchivos/Mezcla//500.txt;breaker;0;0;
./datasets/SuffixArchivos/Mezcla//500_2.txt;breaker;0;0;
./datasets/SuffixArchivos/Mezcla//1000.txt;glossarize;0;0.001;
./datasets/SuffixArchivos/Mezcla//1000_2.txt;glossarize;0;0.001;
./datasets/SuffixArchivos/Mezcla//1000_3.txt;glossarize;0;0.001;
./datasets/SuffixArchivos/Mezcla//1000_4.txt;glossarize;0;0.001;
./datasets/SuffixArchivos/Mezcla//1000_5.txt;glossarize;0;0.001;
./datasets/SuffixArchivos/Mezcla//1000_6.txt;glossarize;0;0.001;
./datasets/SuffixArchivos/Mezcla//200.txt;glossarize;0;0.001;
./datasets/SuffixArchivos/Mezcla//200_2.txt;glossarize;0;0.001;
./datasets/SuffixArchivos/Mezcla//500.txt;glossarize;0;0.001;
./datasets/SuffixArchivos/Mezcla//500_2.txt;glossarize;0;0.001;
./datasets/SuffixArchivos/Mezcla//1000.txt;macrosymbiont;0;0;
./datasets/SuffixArchivos/Mezcla//1000_2.txt;macrosymbiont;0;0;
./datasets/SuffixArchivos/Mezcla//1000_3.txt;macrosymbiont;0;0;
./datasets/SuffixArchivos/Mezcla//1000_4.txt;macrosymbiont;0;0;
./datasets/SuffixArchivos/Mezcla//1000_5.txt;macrosymbiont;0;0;
./datasets/SuffixArchivos/Mezcla//1000_6.txt;macrosymbiont;0;0;
./datasets/SuffixArchivos/Mezcla//200.txt;macrosymbiont;0;0;
./datasets/SuffixArchivos/Mezcla//200_2.txt;macrosymbiont;0;0;
./datasets/SuffixArchivos/Mezcla//500.txt;macrosymbiont;0;0;
./datasets/SuffixArchivos/Mezcla//500_2.txt;macrosymbiont;0;0;
./datasets/SuffixArchivos/Mezcla//1000.txt;perisphere;0;0.000998;
./datasets/SuffixArchivos/Mezcla//1000_2.txt;perisphere;0;0.000998;
./datasets/SuffixArchivos/Mezcla//1000_3.txt;perisphere;0;0.000998;
./datasets/SuffixArchivos/Mezcla//1000_4.txt;perisphere;0;0.000998;
./datasets/SuffixArchivos/Mezcla//1000_5.txt;perisphere;0;0.000998;
./datasets/SuffixArchivos/Mezcla//1000_6.txt;perisphere;0;0.000998;
./datasets/SuffixArchivos/Mezcla//200.txt;perisphere;0;0.000998;
./datasets/SuffixArchivos/Mezcla//200_2.txt;perisphere;0;0.000998;
./datasets/SuffixArchivos/Mezcla//500.txt;perisphere;0;0.000998;
./datasets/SuffixArchivos/Mezcla//500_2.txt;perisphere;0;0.000998;
./datasets/SuffixArchivos/Mezcla//1000.txt;torse;0;0;
./datasets/SuffixArchivos/Mezcla//1000_2.txt;torse;0;0;
./datasets/SuffixArchivos/Mezcla//1000_3.txt;torse;0;0;
./datasets/SuffixArchivos/Mezcla//1000_4.txt;torse;0;0;
./datasets/SuffixArchivos/Mezcla//1000_5.txt;torse;0;0;
./datasets/SuffixArchivos/Mezcla//1000_6.txt;torse;0;0;
./datasets/SuffixArchivos/Mezcla//200.txt;torse;0;0;
./datasets/SuffixArchivos/Mezcla//200_2.txt;torse;0;0;
./datasets/SuffixArchivos/Mezcla//500.txt;torse;0;0;
./datasets/SuffixArchivos/Mezcla//500_2.txt;torse;0;0;
./datasets/SuffixArchivos/Mezcla//1000.txt;garter;0;0.001;
./datasets/SuffixArchivos/Mezcla//1000_2.txt;garter;0;0.001;
./datasets/SuffixArchivos/Mezcla//1000_3.txt;garter;0;0.001;
./datasets/SuffixArchivos/Mezcla//1000_4.txt;garter;0;0.001;
./datasets/SuffixArchivos/Mezcla//1000_5.txt;garter;2;0.001;
./datasets/SuffixArchivos/Mezcla//1000_6.txt;garter;0;0.001;
./datasets/SuffixArchivos/Mezcla//200.txt;garter;0;0.001;
./datasets/SuffixArchivos/Mezcla//200_2.txt;garter;0;0.001;
./datasets/SuffixArchivos/Mezcla//500.txt;garter;0;0.001;
./datasets/SuffixArchivos/Mezcla//500_2.txt;garter;0;0.001;
./datasets/SuffixArchivos/Mezcla//1000.txt;ring;25;0;
./datasets/SuffixArchivos/Mezcla//1000_2.txt;ring;15;0;
./datasets/SuffixArchivos/Mezcla//1000_3.txt;ring;16;0;
./datasets/SuffixArchivos/Mezcla//1000_4.txt;ring;21;0;
./datasets/SuffixArchivos/Mezcla//1000_5.txt;ring;29;0;
./datasets/SuffixArchivos/Mezcla//1000_6.txt;ring;16;0;
./datasets/SuffixArchivos/Mezcla//200.txt;ring;3;0;
./datasets/SuffixArchivos/Mezcla//200_2.txt;ring;7;0;
./datasets/SuffixArchivos/Mezcla//500.txt;ring;18;0;
./datasets/SuffixArchivos/Mezcla//500_2.txt;ring;2;0;
./datasets/SuffixArchivos/Mezcla//1000.txt;bedstring;0;0.001;
./datasets/SuffixArchivos/Mezcla//1000_2.txt;bedstring;0;0.001;
./datasets/SuffixArchivos/Mezcla//1000_3.txt;bedstring;0;0.001;
./datasets/SuffixArchivos/Mezcla//1000_4.txt;bedstring;0;0.001;
./datasets/SuffixArchivos/Mezcla//1000_5.txt;bedstring;0;0.001;
./datasets/SuffixArchivos/Mezcla//1000_6.txt;bedstring;0;0.001;
./datasets/SuffixArchivos/Mezcla//200.txt;bedstring;0;0.001;
./datasets/SuffixArchivos/Mezcla//200_2.txt;bedstring;0;0.001;
./datasets/SuffixArchivos/Mezcla//500.txt;bedstring;0;0.001;
./datasets/SuffixArchivos/Mezcla//500_2.txt;bedstring;0;0.001;
./datasets/SuffixArchivos/Mezcla//1000.txt;hawserwise;0;0;
./datasets/SuffixArchivos/Mezcla//1000_2.txt;hawserwise;0;0;
./datasets/SuffixArchivos/Mezcla//1000_3.txt;hawserwise;0;0;
./datasets/SuffixArchivos/Mezcla//1000_4.txt;hawserwise;0;0;
./datasets/SuffixArchivos/Mezcla//1000_5.txt;hawserwise;0;0;
./datasets/SuffixArchivos/Mezcla//1000_6.txt;hawserwise;0;0;
./datasets/SuffixArchivos/Mezcla//200.txt;hawserwise;0;0;
./datasets/SuffixArchivos/Mezcla//200_2.txt;hawserwise;0;0;
./datasets/SuffixArchivos/Mezcla//500.txt;hawserwise;0;0;
./datasets/SuffixArchivos/Mezcla//500_2.txt;hawserwise;0;0;
./datasets/SuffixArchivos/Mezcla//1000.txt;pyrocellulose;0;0.000999;
./datasets/SuffixArchivos/Mezcla//1000_2.txt;pyrocellulose;0;0.000999;
./datasets/SuffixArchivos/Mezcla//1000_3.txt;pyrocellulose;0;0.000999;
./datasets/SuffixArchivos/Mezcla//1000_4.txt;pyrocellulose;0;0.000999;
./datasets/SuffixArchivos/Mezcla//1000_5.txt;pyrocellulose;0;0.000999;
./datasets/SuffixArchivos/Mezcla//1000_6.txt;pyrocellulose;0;0.000999;
./datasets/SuffixArchivos/Mezcla//200.txt;pyrocellulose;0;0.000999;
./datasets/SuffixArchivos/Mezcla//200_2.txt;pyrocellulose;0;0.000999;
./datasets/SuffixArchivos/Mezcla//500.txt;pyrocellulose;0;0.000999;
./datasets/SuffixArchivos/Mezcla//500_2.txt;pyrocellulose;0;0.000999;
./datasets/SuffixArchivos/Mezcla//1000.txt;soho;0;0;
./datasets/SuffixArchivos/Mezcla//1000_2.txt;soho;0;0;
./datasets/SuffixArchivos/Mezcla//1000_3.txt;soho;0;0;
./datasets/SuffixArchivos/Mezcla//1000_4.txt;soho;0;0;
./datasets/SuffixArchivos/Mezcla//1000_5.txt;soho;0;0;
./datasets/SuffixArchivos/Mezcla//1000_6.txt;soho;0;0;
./datasets/SuffixArchivos/Mezcla//200.txt;soho;0;0;
./datasets/SuffixArchivos/Mezcla//200_2.txt;soho;0;0;
./datasets/SuffixArchivos/Mezcla//500.txt;soho;0;0;
./datasets/SuffixArchivos/Mezcla//500_2.txt;soho;0;0;
./datasets/SuffixArchivos/Mezcla//1000.txt;silklike;0;0;
./datasets/SuffixArchivos/Mezcla//1000_2.txt;silklike;0;0;
./datasets/SuffixArchivos/Mezcla//1000_3.txt;silklike;0;0;
./datasets/SuffixArchivos/Mezcla//1000_4.txt;silklike;0;0;
./datasets/SuffixArchivos/Mezcla//1000_5.txt;silklike;0;0;
./datasets/SuffixArchivos/Mezcla//1000_6.txt;silklike;0;0;
./datasets/SuffixArchivos/Mezcla//200.txt;silklike;0;0;
./datasets/SuffixArchivos/Mezcla//200_2.txt;silklike;0;0;
./datasets/SuffixArchivos/Mezcla//500.txt;silklike;0;0;
./datasets/SuffixArchivos/Mezcla//500_2.txt;silklike;0;0;
./datasets/SuffixArchivos/Mezcla//1000.txt;ateleological;0;0;
./datasets/SuffixArchivos/Mezcla//1000_2.txt;ateleological;0;0;
./datasets/SuffixArchivos/Mezcla//1000_3.txt;ateleological;0;0;
./datasets/SuffixArchivos/Mezcla//1000_4.txt;ateleological;0;0;
./datasets/SuffixArchivos/Mezcla//1000_5.txt;ateleological;0;0;
./datasets/SuffixArchivos/Mezcla//1000_6.txt;ateleological;0;0;
./datasets/SuffixArchivos/Mezcla//200.txt;ateleological;0;0;
./datasets/SuffixArchivos/Mezcla//200_2.txt;ateleological;0;0;
./datasets/SuffixArchivos/Mezcla//500.txt;ateleological;0;0;
./datasets/SuffixArchivos/Mezcla//500_2.txt;ateleological;0;0;
./datasets/SuffixArchivos/Mezcla//1000.txt;kinematic;0;0;
./datasets/SuffixArchivos/Mezcla//1000_2.txt;kinematic;0;0;
./datasets/SuffixArchivos/Mezcla//1000_3.txt;kinematic;0;0;
./datasets/SuffixArchivos/Mezcla//1000_4.txt;kinematic;0;0;
./datasets/SuffixArchivos/Mezcla//1000_5.txt;kinematic;0;0;
./datasets/SuffixArchivos/Mezcla//1000_6.txt;kinematic;0;0;
./datasets/SuffixArchivos/Mezcla//200.txt;kinematic;0;0;
./datasets/SuffixArchivos/Mezcla//200_2.txt;kinematic;0;0;
./datasets/SuffixArchivos/Mezcla//500.txt;kinematic;0;0;
./datasets/SuffixArchivos/Mezcla//500_2.txt;kinematic;0;0;
./datasets/SuffixArchivos/Mezcla//1000.txt;nectariferous;0;0.000998;
./datasets/SuffixArchivos/Mezcla//1000_2.txt;nectariferous;0;0.000998;
./datasets/SuffixArchivos/Mezcla//1000_3.txt;nectariferous;0;0.000998;
./datasets/SuffixArchivos/Mezcla//1000_4.txt;nectariferous;0;0.000998;
./datasets/SuffixArchivos/Mezcla//1000_5.txt;nectariferous;0;0.000998;
./datasets/SuffixArchivos/Mezcla//1000_6.txt;nectariferous;0;0.000998;
./datasets/SuffixArchivos/Mezcla//200.txt;nectariferous;0;0.000998;
./datasets/SuffixArchivos/Mezcla//200_2.txt;nectariferous;0;0.000998;
./datasets/SuffixArchivos/Mezcla//500.txt;nectariferous;0;0.000998;
./datasets/SuffixArchivos/Mezcla//500_2.txt;nectariferous;0;0.000998;
./datasets/SuffixArchivos/Mezcla//1000.txt;freezer;0;0;
./datasets/SuffixArchivos/Mezcla//1000_2.txt;freezer;0;0;
./datasets/SuffixArchivos/Mezcla//1000_3.txt;freezer;0;0;
./datasets/SuffixArchivos/Mezcla//1000_4.txt;freezer;0;0;
./datasets/SuffixArchivos/Mezcla//1000_5.txt;freezer;0;0;
./datasets/SuffixArchivos/Mezcla//1000_6.txt;freezer;0;0;
./datasets/SuffixArchivos/Mezcla//200.txt;freezer;0;0;
./datasets/SuffixArchivos/Mezcla//200_2.txt;freezer;0;0;
./datasets/SuffixArchivos/Mezcla//500.txt;freezer;0;0;
./datasets/SuffixArchivos/Mezcla//500_2.txt;freezer;0;0;
./datasets/SuffixArchivos/Mezcla//1000.txt;Byronic;0;0.000999;
./datasets/SuffixArchivos/Mezcla//1000_2.txt;Byronic;0;0.000999;
./datasets/SuffixArchivos/Mezcla//1000_3.txt;Byronic;0;0.000999;
./datasets/SuffixArchivos/Mezcla//1000_4.txt;Byronic;0;0.000999;
./datasets/SuffixArchivos/Mezcla//1000_5.txt;Byronic;0;0.000999;
./datasets/SuffixArchivos/Mezcla//1000_6.txt;Byronic;0;0.000999;
./datasets/SuffixArchivos/Mezcla//200.txt;Byronic;0;0.000999;
./datasets/SuffixArchivos/Mezcla//200_2.txt;Byronic;0;0.000999;
./datasets/SuffixArchivos/Mezcla//500.txt;Byronic;0;0.000999;
./datasets/SuffixArchivos/Mezcla//500_2.txt;Byronic;0;0.000999;
./datasets/SuffixArchivos/Mezcla//1000.txt;congressionist;0;0;
./datasets/SuffixArchivos/Mezcla//1000_2.txt;congressionist;0;0;
./datasets/SuffixArchivos/Mezcla//1000_3.txt;congressionist;0;0;
./datasets/SuffixArchivos/Mezcla//1000_4.txt;congressionist;0;0;
./datasets/SuffixArchivos/Mezcla//1000_5.txt;congressionist;0;0;
./datasets/SuffixArchivos/Mezcla//1000_6.txt;congressionist;0;0;
./datasets/SuffixArchivos/Mezcla//200.txt;congressionist;0;0;
./datasets/SuffixArchivos/Mezcla//200_2.txt;congressionist;0;0;
./datasets/SuffixArchivos/Mezcla//500.txt;congressionist;0;0;
./datasets/SuffixArchivos/Mezcla//500_2.txt;congressionist;0;0;
./datasets/SuffixArchivos/Mezcla//1000.txt;dandruffy;0;0;
./datasets/SuffixArchivos/Mezcla//1000_2.txt;dandruffy;0;0;
./datasets/SuffixArchivos/Mezcla//1000_3.txt;dandruffy;0;0;
./datasets/SuffixArchivos/Mezcla//1000_4.txt;dandruffy;0;0;
./datasets/SuffixArchivos/Mezcla//1000_5.txt;dandruffy;0;0;
./datasets/SuffixArchivos/Mezcla//1000_6.txt;dandruffy;0;0;
./datasets/SuffixArchivos/Mezcla//200.txt;dandruffy;0;0;
./datasets/SuffixArchivos/Mezcla//200_2.txt;dandruffy;0;0;
./datasets/SuffixArchivos/Mezcla//500.txt;dandruffy;0;0;
./datasets/SuffixArchivos/Mezcla//500_2.txt;dandruffy;0;0;
./datasets/SuffixArchivos/Mezcla//1000.txt;Balkar;0;0;
./datasets/SuffixArchivos/Mezcla//1000_2.txt;Balkar;0;0;
./datasets/SuffixArchivos/Mezcla//1000_3.txt;Balkar;0;0;
./datasets/SuffixArchivos/Mezcla//1000_4.txt;Balkar;0;0;
./datasets/SuffixArchivos/Mezcla//1000_5.txt;Balkar;0;0;
./datasets/SuffixArchivos/Mezcla//1000_6.txt;Balkar;0;0;
./datasets/SuffixArchivos/Mezcla//200.txt;Balkar;0;0;
./datasets/SuffixArchivos/Mezcla//200_2.txt;Balkar;0;0;
./datasets/SuffixArchivos/Mezcla//500.txt;Balkar;0;0;
./datasets/SuffixArchivos/Mezcla//500_2.txt;Balkar;0;0;
./datasets/SuffixArchivos/Mezcla//1000.txt;tonsillectome;0;0;
./datasets/SuffixArchivos/Mezcla//1000_2.txt;tonsillectome;0;0;
./datasets/SuffixArchivos/Mezcla//1000_3.txt;tonsillectome;0;0;
./datasets/SuffixArchivos/Mezcla//1000_4.txt;tonsillectome;0;0;
./datasets/SuffixArchivos/Mezcla//1000_5.txt;tonsillectome;0;0;
./datasets/SuffixArchivos/Mezcla//1000_6.txt;tonsillectome;0;0;
./datasets/SuffixArchivos/Mezcla//200.txt;tonsillectome;0;0;
./datasets/SuffixArchivos/Mezcla//200_2.txt;tonsillectome;0;0;
./datasets/SuffixArchivos/Mezcla//500.txt;tonsillectome;0;0;
./datasets/SuffixArchivos/Mezcla//500_2.txt;tonsillectome;0;0;
./datasets/SuffixArchivos/Mezcla//1000.txt;crooningly;0;0;
./datasets/SuffixArchivos/Mezcla//1000_2.txt;crooningly;0;0;
./datasets/SuffixArchivos/Mezcla//1000_3.txt;crooningly;0;0;
./datasets/SuffixArchivos/Mezcla//1000_4.txt;crooningly;0;0;
./datasets/SuffixArchivos/Mezcla//1000_5.txt;crooningly;0;0;
./datasets/SuffixArchivos/Mezcla//1000_6.txt;crooningly;0;0;
./datasets/SuffixArchivos/Mezcla//200.txt;crooningly;0;0;
./datasets/SuffixArchivos/Mezcla//200_2.txt;crooningly;0;0;
./datasets/SuffixArchivos/Mezcla//500.txt;crooningly;0;0;
./datasets/SuffixArchivos/Mezcla//500_2.txt;crooningly;0;0;
./datasets/SuffixArchivos/Mezcla//1000.txt;hypodorian;0;0.001;
./datasets/SuffixArchivos/Mezcla//1000_2.txt;hypodorian;0;0.001;
./datasets/SuffixArchivos/Mezcla//1000_3.txt;hypodorian;0;0.001;
./datasets/SuffixArchivos/Mezcla//1000_4.txt;hypodorian;0;0.001;
./datasets/SuffixArchivos/Mezcla//1000_5.txt;hypodorian;0;0.001;
./datasets/SuffixArchivos/Mezcla//1000_6.txt;hypodorian;0;0.001;
./datasets/SuffixArchivos/Mezcla//200.txt;hypodorian;0;0.001;
./datasets/SuffixArchivos/Mezcla//200_2.txt;hypodorian;0;0.001;
./datasets/SuffixArchivos/Mezcla//500.txt;hypodorian;0;0.001;
./datasets/SuffixArchivos/Mezcla//500_2.txt;hypodorian;0;0.001;
./datasets/SuffixArchivos/Mezcla//1000.txt;interregnum;0;0;
./datasets/SuffixArchivos/Mezcla//1000_2.txt;interregnum;0;0;
./datasets/SuffixArchivos/Mezcla//1000_3.txt;interregnum;0;0;
./datasets/SuffixArchivos/Mezcla//1000_4.txt;interregnum;0;0;
./datasets/SuffixArchivos/Mezcla//1000_5.txt;interregnum;0;0;
./datasets/SuffixArchivos/Mezcla//1000_6.txt;interregnum;0;0;
./datasets/SuffixArchivos/Mezcla//200.txt;interregnum;0;0;
./datasets/SuffixArchivos/Mezcla//200_2.txt;interregnum;0;0;
./datasets/SuffixArchivos/Mezcla//500.txt;interregnum;0;0;
./datasets/SuffixArchivos/Mezcla//500_2.txt;interregnum;0;0;
./datasets/SuffixArchivos/Mezcla//1000.txt;mystificatory;0;0.000999;
./datasets/SuffixArchivos/Mezcla//1000_2.txt;mystificatory;0;0.000999;
./datasets/SuffixArchivos/Mezcla//1000_3.txt;mystificatory;0;0.000999;
./datasets/SuffixArchivos/Mezcla//1000_4.txt;mystificatory;0;0.000999;
./datasets/SuffixArchivos/Mezcla//1000_5.txt;mystificatory;0;0.000999;
./datasets/SuffixArchivos/Mezcla//1000_6.txt;mystificatory;0;0.000999;
./datasets/SuffixArchivos/Mezcla//200.txt;mystificatory;0;0.000999;
./datasets/SuffixArchivos/Mezcla//200_2.txt;mystificatory;0;0.000999;
./datasets/SuffixArchivos/Mezcla//500.txt;mystificatory;0;0.000999;
./datasets/SuffixArchivos/Mezcla//500_2.txt;mystificatory;0;0.000999;
./datasets/SuffixArchivos/Mezcla//1000.txt;flanched;0;0;
./datasets/SuffixArchivos/Mezcla//1000_2.txt;flanched;0;0;
./datasets/SuffixArchivos/Mezcla//1000_3.txt;flanched;0;0;
./datasets/SuffixArchivos/Mezcla//1000_4.txt;flanched;0;0;
./datasets/SuffixArchivos/Mezcla//1000_5.txt;flanched;0;0;
./datasets/SuffixArchivos/Mezcla//1000_6.txt;flanched;0;0;
./datasets/SuffixArchivos/Mezcla//200.txt;flanched;0;0;
./datasets/SuffixArchivos/Mezcla//200_2.txt;flanched;0;0;
./datasets/SuffixArchivos/Mezcla//500.txt;flanched;0;0;
./datasets/SuffixArchivos/Mezcla//500_2.txt;flanched;0;0;
./datasets/SuffixArchivos/Mezcla//1000.txt;nonimmigrant;0;0.001;
./datasets/SuffixArchivos/Mezcla//1000_2.txt;nonimmigrant;0;0.001;
./datasets/SuffixArchivos/Mezcla//1000_3.txt;nonimmigrant;0;0.001;
./datasets/SuffixArchivos/Mezcla//1000_4.txt;nonimmigrant;0;0.001;
./datasets/SuffixArchivos/Mezcla//1000_5.txt;nonimmigrant;0;0.001;
./datasets/SuffixArchivos/Mezcla//1000_6.txt;nonimmigrant;0;0.001;
./datasets/SuffixArchivos/Mezcla//200.txt;nonimmigrant;0;0.001;
./datasets/SuffixArchivos/Mezcla//200_2.txt;nonimmigrant;0;0.001;
./datasets/SuffixArchivos/Mezcla//500.txt;nonimmigrant;0;0.001;
./datasets/SuffixArchivos/Mezcla//500_2.txt;nonimmigrant;0;0.001;
./datasets/SuffixArchivos/Mezcla//1000.txt;ophthalmomalacia;0;0;
./datasets/SuffixArchivos/Mezcla//1000_2.txt;ophthalmomalacia;0;0;
./datasets/SuffixArchivos/Mezcla//1000_3.txt;ophthalmomalacia;0;0;
./datasets/SuffixArchivos/Mezcla//1000_4.txt;ophthalmomalacia;0;0;
./datasets/SuffixArchivos/Mezcla//1000_5.txt;ophthalmomalacia;0;0;
./datasets/SuffixArchivos/Mezcla//1000_6.txt;ophthalmomalacia;0;0;
./datasets/SuffixArchivos/Mezcla//200.txt;ophthalmomalacia;0;0;
./datasets/SuffixArchivos/Mezcla//200_2.txt;ophthalmomalacia;0;0;
./datasets/SuffixArchivos/Mezcla//500.txt;ophthalmomalacia;0;0;
./datasets/SuffixArchivos/Mezcla//500_2.txt;ophthalmomalacia;0;0;
./datasets/SuffixArchivos/Mezcla//1000.txt;unhero;0;0.001;
./datasets/SuffixArchivos/Mezcla//1000_2.txt;unhero;0;0.001;
./datasets/SuffixArchivos/Mezcla//1000_3.txt;unhero;0;0.001;
./datasets/SuffixArchivos/Mezcla//1000_4.txt;unhero;0;0.001;
./datasets/SuffixArchivos/Mezcla//1000_5.txt;unhero;0;0.001;
./datasets/SuffixArchivos/Mezcla//1000_6.txt;unhero;0;0.001;
./datasets/SuffixArchivos/Mezcla//200.txt;unhero;0;0.001;
./datasets/SuffixArchivos/Mezcla//200_2.txt;unhero;0;0.001;
./datasets/SuffixArchivos/Mezcla//500.txt;unhero;0;0.001;
./datasets/SuffixArchivos/Mezcla//500_2.txt;unhero;0;0.001;
./datasets/SuffixArchivos/Mezcla//1000.txt;meningocortical;0;0;
./datasets/SuffixArchivos/Mezcla//1000_2.txt;meningocortical;0;0;
./datasets/SuffixArchivos/Mezcla//1000_3.txt;meningocortical;0;0;
./datasets/SuffixArchivos/Mezcla//1000_4.txt;meningocortical;0;0;
./datasets/SuffixArchivos/Mezcla//1000_5.txt;meningocortical;0;0;
./datasets/SuffixArchivos/Mezcla//1000_6.txt;meningocortical;0;0;
./datasets/SuffixArchivos/Mezcla//200.txt;meningocortical;0;0;
./datasets/SuffixArchivos/Mezcla//200_2.txt;meningocortical;0;0;
./datasets/SuffixArchivos/Mezcla//500.txt;meningocortical;0;0;
./datasets/SuffixArchivos/Mezcla//500_2.txt;meningocortical;0;0;
./datasets/SuffixArchivos/Mezcla//1000.txt;apologizer;0;0;
./datasets/SuffixArchivos/Mezcla//1000_2.txt;apologizer;0;0;
./datasets/SuffixArchivos/Mezcla//1000_3.txt;apologizer;0;0;
./datasets/SuffixArchivos/Mezcla//1000_4.txt;apologizer;0;0;
./datasets/SuffixArchivos/Mezcla//1000_5.txt;apologizer;0;0;
./datasets/SuffixArchivos/Mezcla//1000_6.txt;apologizer;0;0;
./datasets/SuffixArchivos/Mezcla//200.txt;apologizer;0;0;
./datasets/SuffixArchivos/Mezcla//200_2.txt;apologizer;0;0;
./datasets/SuffixArchivos/Mezcla//500.txt;apologizer;0;0;
./datasets/SuffixArchivos/Mezcla//500_2.txt;apologizer;0;0;
./datasets/SuffixArchivos/Mezcla//1000.txt;Jatulian;0;0;
./datasets/SuffixArchivos/Mezcla//1000_2.txt;Jatulian;0;0;
./datasets/SuffixArchivos/Mezcla//1000_3.txt;Jatulian;0;0;
./datasets/SuffixArchivos/Mezcla//1000_4.txt;Jatulian;0;0;
./datasets/SuffixArchivos/Mezcla//1000_5.txt;Jatulian;0;0;
./datasets/SuffixArchivos/Mezcla//1000_6.txt;Jatulian;0;0;
./datasets/SuffixArchivos/Mezcla//200.txt;Jatulian;0;0;
./datasets/SuffixArchivos/Mezcla//200_2.txt;Jatulian;0;0;
./datasets/SuffixArchivos/Mezcla//500.txt;Jatulian;0;0;
./datasets/SuffixArchivos/Mezcla//500_2.txt;Jatulian;0;0;
./datasets/SuffixArchivos/Mezcla//1000.txt;nystagmus;0;0.000999;
./datasets/SuffixArchivos/Mezcla//1000_2.txt;nystagmus;0;0.000999;
./datasets/SuffixArchivos/Mezcla//1000_3.txt;nystagmus;0;0.000999;
./datasets/SuffixArchivos/Mezcla//1000_4.txt;nystagmus;0;0.000999;
./datasets/SuffixArchivos/Mezcla//1000_5.txt;nystagmus;0;0.000999;
./datasets/SuffixArchivos/Mezcla//1000_6.txt;nystagmus;0;0.000999;
./datasets/SuffixArchivos/Mezcla//200.txt;nystagmus;0;0.000999;
./datasets/SuffixArchivos/Mezcla//200_2.txt;nystagmus;0;0.000999;
./datasets/SuffixArchivos/Mezcla//500.txt;nystagmus;0;0.000999;
./datasets/SuffixArchivos/Mezcla//500_2.txt;nystagmus;0;0.000999;
./datasets/SuffixArchivos/Mezcla//1000.txt;bailer;0;0;
./datasets/SuffixArchivos/Mezcla//1000_2.txt;bailer;0;0;
./datasets/SuffixArchivos/Mezcla//1000_3.txt;bailer;0;0;
./datasets/SuffixArchivos/Mezcla//1000_4.txt;bailer;0;0;
./datasets/SuffixArchivos/Mezcla//1000_5.txt;bailer;0;0;
./datasets/SuffixArchivos/Mezcla//1000_6.txt;bailer;0;0;
./datasets/SuffixArchivos/Mezcla//200.txt;bailer;0;0;
./datasets/SuffixArchivos/Mezcla//200_2.txt;bailer;0;0;
./datasets/SuffixArchivos/Mezcla//500.txt;bailer;0;0;
./datasets/SuffixArchivos/Mezcla//500_2.txt;bailer;0;0;
./datasets/SuffixArchivos/Mezcla//1000.txt;worldling;0;0.000999;
./datasets/SuffixArchivos/Mezcla//1000_2.txt;worldling;0;0.000999;
./datasets/SuffixArchivos/Mezcla//1000_3.txt;worldling;0;0.000999;
./datasets/SuffixArchivos/Mezcla//1000_4.txt;worldling;0;0.000999;
./datasets/SuffixArchivos/Mezcla//1000_5.txt;worldling;0;0.000999;
./datasets/SuffixArchivos/Mezcla//1000_6.txt;worldling;0;0.000999;
./datasets/SuffixArchivos/Mezcla//200.txt;worldling;0;0.000999;
./datasets/SuffixArchivos/Mezcla//200_2.txt;worldling;0;0.000999;
./datasets/SuffixArchivos/Mezcla//500.txt;worldling;0;0.000999;
./datasets/SuffixArchivos/Mezcla//500_2.txt;worldling;0;0.000999;
./datasets/SuffixArchivos/Mezcla//1000.txt;preadjunct;0;0;
./datasets/SuffixArchivos/Mezcla//1000_2.txt;preadjunct;0;0;
./datasets/SuffixArchivos/Mezcla//1000_3.txt;preadjunct;0;0;
./datasets/SuffixArchivos/Mezcla//1000_4.txt;preadjunct;0;0;
./datasets/SuffixArchivos/Mezcla//1000_5.txt;preadjunct;0;0;
./datasets/SuffixArchivos/Mezcla//1000_6.txt;preadjunct;0;0;
./datasets/SuffixArchivos/Mezcla//200.txt;preadjunct;0;0;
./datasets/SuffixArchivos/Mezcla//200_2.txt;preadjunct;0;0;
./datasets/SuffixArchivos/Mezcla//500.txt;preadjunct;0;0;
./datasets/SuffixArchivos/Mezcla//500_2.txt;preadjunct;0;0;
./datasets/SuffixArchivos/Mezcla//1000.txt;deprivative;0;0.000999;
./datasets/SuffixArchivos/Mezcla//1000_2.txt;deprivative;0;0.000999;
./datasets/SuffixArchivos/Mezcla//1000_3.txt;deprivative;0;0.000999;
./datasets/SuffixArchivos/Mezcla//1000_4.txt;deprivative;0;0.000999;
./datasets/SuffixArchivos/Mezcla//1000_5.txt;deprivative;0;0.000999;
./datasets/SuffixArchivos/Mezcla//1000_6.txt;deprivative;0;0.000999;
./datasets/SuffixArchivos/Mezcla//200.txt;deprivative;0;0.000999;
./datasets/SuffixArchivos/Mezcla//200_2.txt;deprivative;0;0.000999;
./datasets/SuffixArchivos/Mezcla//500.txt;deprivative;0;0.000999;
./datasets/SuffixArchivos/Mezcla//500_2.txt;deprivative;0;0.000999;
./datasets/SuffixArchivos/Mezcla//1000.txt;babblishly;0;0;
./datasets/SuffixArchivos/Mezcla//1000_2.txt;babblishly;0;0;
./datasets/SuffixArchivos/Mezcla//1000_3.txt;babblishly;0;0;
./datasets/SuffixArchivos/Mezcla//1000_4.txt;babblishly;0;0;
./datasets/SuffixArchivos/Mezcla//1000_5.txt;babblishly;0;0;
./datasets/SuffixArchivos/Mezcla//1000_6.txt;babblishly;0;0;
./datasets/SuffixArchivos/Mezcla//200.txt;babblishly;0;0;
./datasets/SuffixArchivos/Mezcla//200_2.txt;babblishly;0;0;
./datasets/SuffixArchivos/Mezcla//500.txt;babblishly;0;0;
./datasets/SuffixArchivos/Mezcla//500_2.txt;babblishly;0;0;
./datasets/SuffixArchivos/Mezcla//1000.txt;ganglioid;0;0;
./datasets/SuffixArchivos/Mezcla//1000_2.txt;ganglioid;0;0;
./datasets/SuffixArchivos/Mezcla//1000_3.txt;ganglioid;0;0;
./datasets/SuffixArchivos/Mezcla//1000_4.txt;ganglioid;0;0;
./datasets/SuffixArchivos/Mezcla//1000_5.txt;ganglioid;0;0;
./datasets/SuffixArchivos/Mezcla//1000_6.txt;ganglioid;0;0;
./datasets/SuffixArchivos/Mezcla//200.txt;ganglioid;0;0;
./datasets/SuffixArchivos/Mezcla//200_2.txt;ganglioid;0;0;
./datasets/SuffixArchivos/Mezcla//500.txt;ganglioid;0;0;
./datasets/SuffixArchivos/Mezcla//500_2.txt;ganglioid;0;0;
./datasets/SuffixArchivos/Mezcla//1000.txt;themeless;0;0;
./datasets/SuffixArchivos/Mezcla//1000_2.txt;themeless;0;0;
./datasets/SuffixArchivos/Mezcla//1000_3.txt;themeless;0;0;
./datasets/SuffixArchivos/Mezcla//1000_4.txt;themeless;0;0;
./datasets/SuffixArchivos/Mezcla//1000_5.txt;themeless;0;0;
./datasets/SuffixArchivos/Mezcla//1000_6.txt;themeless;0;0;
./datasets/SuffixArchivos/Mezcla//200.txt;themeless;0;0;
./datasets/SuffixArchivos/Mezcla//200_2.txt;themeless;0;0;
./datasets/SuffixArchivos/Mezcla//500.txt;themeless;0;0;
./datasets/SuffixArchivos/Mezcla//500_2.txt;themeless;0;0;
./datasets/SuffixArchivos/Mezcla//1000.txt;gastrohelcosis;0;0.000995;
./datasets/SuffixArchivos/Mezcla//1000_2.txt;gastrohelcosis;0;0.000995;
./datasets/SuffixArchivos/Mezcla//1000_3.txt;gastrohelcosis;0;0.000995;
./datasets/SuffixArchivos/Mezcla//1000_4.txt;gastrohelcosis;0;0.000995;
./datasets/SuffixArchivos/Mezcla//1000_5.txt;gastrohelcosis;0;0.000995;
./datasets/SuffixArchivos/Mezcla//1000_6.txt;gastrohelcosis;0;0.000995;
./datasets/SuffixArchivos/Mezcla//200.txt;gastrohelcosis;0;0.000995;
./datasets/SuffixArchivos/Mezcla//200_2.txt;gastrohelcosis;0;0.000995;
./datasets/SuffixArchivos/Mezcla//500.txt;gastrohelcosis;0;0.000995;
./datasets/SuffixArchivos/Mezcla//500_2.txt;gastrohelcosis;0;0.000995;
./datasets/SuffixArchivos/Mezcla//1000.txt;housewifeliness;0;0;
./datasets/SuffixArchivos/Mezcla//1000_2.txt;housewifeliness;0;0;
./datasets/SuffixArchivos/Mezcla//1000_3.txt;housewifeliness;0;0;
./datasets/SuffixArchivos/Mezcla//1000_4.txt;housewifeliness;0;0;
./datasets/SuffixArchivos/Mezcla//1000_5.txt;housewifeliness;0;0;
./datasets/SuffixArchivos/Mezcla//1000_6.txt;housewifeliness;0;0;
./datasets/SuffixArchivos/Mezcla//200.txt;housewifeliness;0;0;
./datasets/SuffixArchivos/Mezcla//200_2.txt;housewifeliness;0;0;
./datasets/SuffixArchivos/Mezcla//500.txt;housewifeliness;0;0;
./datasets/SuffixArchivos/Mezcla//500_2.txt;housewifeliness;0;0;
./datasets/SuffixArchivos/Mezcla//1000.txt;psychoanalyzer;0;0.001004;
./datasets/SuffixArchivos/Mezcla//1000_2.txt;psychoanalyzer;0;0.001004;
./datasets/SuffixArchivos/Mezcla//1000_3.txt;psychoanalyzer;0;0.001004;
./datasets/SuffixArchivos/Mezcla//1000_4.txt;psychoanalyzer;0;0.001004;
./datasets/SuffixArchivos/Mezcla//1000_5.txt;psychoanalyzer;0;0.001004;
./datasets/SuffixArchivos/Mezcla//1000_6.txt;psychoanalyzer;0;0.001004;
./datasets/SuffixArchivos/Mezcla//200.txt;psychoanalyzer;0;0.001004;
./datasets/SuffixArchivos/Mezcla//200_2.txt;psychoanalyzer;0;0.001004;
./datasets/SuffixArchivos/Mezcla//500.txt;psychoanalyzer;0;0.001004;
./datasets/SuffixArchivos/Mezcla//500_2.txt;psychoanalyzer;0;0.001004;
./datasets/SuffixArchivos/Mezcla//1000.txt;pyelolithotomy;0;0;
./datasets/SuffixArchivos/Mezcla//1000_2.txt;pyelolithotomy;0;0;
./datasets/SuffixArchivos/Mezcla//1000_3.txt;pyelolithotomy;0;0;
./datasets/SuffixArchivos/Mezcla//1000_4.txt;pyelolithotomy;0;0;
./datasets/SuffixArchivos/Mezcla//1000_5.txt;pyelolithotomy;0;0;
./datasets/SuffixArchivos/Mezcla//1000_6.txt;pyelolithotomy;0;0;
./datasets/SuffixArchivos/Mezcla//200.txt;pyelolithotomy;0;0;
./datasets/SuffixArchivos/Mezcla//200_2.txt;pyelolithotomy;0;0;
./datasets/SuffixArchivos/Mezcla//500.txt;pyelolithotomy;0;0;
./datasets/SuffixArchivos/Mezcla//500_2.txt;pyelolithotomy;0;0;
./datasets/SuffixArchivos/Mezcla//1000.txt;ethmoid;0;0.000999;
./datasets/SuffixArchivos/Mezcla//1000_2.txt;ethmoid;0;0.000999;
./datasets/SuffixArchivos/Mezcla//1000_3.txt;ethmoid;0;0.000999;
./datasets/SuffixArchivos/Mezcla//1000_4.txt;ethmoid;0;0.000999;
./datasets/SuffixArchivos/Mezcla//1000_5.txt;ethmoid;0;0.000999;
./datasets/SuffixArchivos/Mezcla//1000_6.txt;ethmoid;0;0.000999;
./datasets/SuffixArchivos/Mezcla//200.txt;ethmoid;0;0.000999;
./datasets/SuffixArchivos/Mezcla//200_2.txt;ethmoid;0;0.000999;
./datasets/SuffixArchivos/Mezcla//500.txt;ethmoid;0;0.000999;
./datasets/SuffixArchivos/Mezcla//500_2.txt;ethmoid;0;0.000999;
./datasets/SuffixArchivos/Mezcla//1000.txt;cyclomania;0;0;
./datasets/SuffixArchivos/Mezcla//1000_2.txt;cyclomania;0;0;
./datasets/SuffixArchivos/Mezcla//1000_3.txt;cyclomania;0;0;
./datasets/SuffixArchivos/Mezcla//1000_4.txt;cyclomania;0;0;
./datasets/SuffixArchivos/Mezcla//1000_5.txt;cyclomania;0;0;
./datasets/SuffixArchivos/Mezcla//1000_6.txt;cyclomania;0;0;
./datasets/SuffixArchivos/Mezcla//200.txt;cyclomania;0;0;
./datasets/SuffixArchivos/Mezcla//200_2.txt;cyclomania;0;0;
./datasets/SuffixArchivos/Mezcla//500.txt;cyclomania;0;0;
./datasets/SuffixArchivos/Mezcla//500_2.txt;cyclomania;0;0;
./datasets/SuffixArchivos/Mezcla//1000.txt;cyathium;0;0.000992;
./datasets/SuffixArchivos/Mezcla//1000_2.txt;cyathium;0;0.000992;
./datasets/SuffixArchivos/Mezcla//1000_3.txt;cyathium;0;0.000992;
./datasets/SuffixArchivos/Mezcla//1000_4.txt;cyathium;0;0.000992;
./datasets/SuffixArchivos/Mezcla//1000_5.txt;cyathium;0;0.000992;
./datasets/SuffixArchivos/Mezcla//1000_6.txt;cyathium;0;0.000992;
./datasets/SuffixArchivos/Mezcla//200.txt;cyathium;0;0.000992;
./datasets/SuffixArchivos/Mezcla//200_2.txt;cyathium;0;0.000992;
./datasets/SuffixArchivos/Mezcla//500.txt;cyathium;0;0.000992;
./datasets/SuffixArchivos/Mezcla//500_2.txt;cyathium;0;0.000992;
./datasets/SuffixArchivos/Mezcla//1000.txt;fiduciary;0;0;
./datasets/SuffixArchivos/Mezcla//1000_2.txt;fiduciary;0;0;
./datasets/SuffixArchivos/Mezcla//1000_3.txt;fiduciary;0;0;
./datasets/SuffixArchivos/Mezcla//1000_4.txt;fiduciary;0;0;
./datasets/SuffixArchivos/Mezcla//1000_5.txt;fiduciary;0;0;
./datasets/SuffixArchivos/Mezcla//1000_6.txt;fiduciary;0;0;
./datasets/SuffixArchivos/Mezcla//200.txt;fiduciary;0;0;
./datasets/SuffixArchivos/Mezcla//200_2.txt;fiduciary;0;0;
./datasets/SuffixArchivos/Mezcla//500.txt;fiduciary;0;0;
./datasets/SuffixArchivos/Mezcla//500_2.txt;fiduciary;0;0;
./datasets/SuffixArchivos/Mezcla//1000.txt;upher;0;0;
./datasets/SuffixArchivos/Mezcla//1000_2.txt;upher;0;0;
./datasets/SuffixArchivos/Mezcla//1000_3.txt;upher;0;0;
./datasets/SuffixArchivos/Mezcla//1000_4.txt;upher;0;0;
./datasets/SuffixArchivos/Mezcla//1000_5.txt;upher;0;0;
./datasets/SuffixArchivos/Mezcla//1000_6.txt;upher;0;0;
./datasets/SuffixArchivos/Mezcla//200.txt;upher;0;0;
./datasets/SuffixArchivos/Mezcla//200_2.txt;upher;0;0;
./datasets/SuffixArchivos/Mezcla//500.txt;upher;0;0;
./datasets/SuffixArchivos/Mezcla//500_2.txt;upher;0;0;
./datasets/SuffixArchivos/Mezcla//1000.txt;ethnize;0;0;
./datasets/SuffixArchivos/Mezcla//1000_2.txt;ethnize;0;0;
./datasets/SuffixArchivos/Mezcla//1000_3.txt;ethnize;0;0;
./datasets/SuffixArchivos/Mezcla//1000_4.txt;ethnize;0;0;
./datasets/SuffixArchivos/Mezcla//1000_5.txt;ethnize;0;0;
./datasets/SuffixArchivos/Mezcla//1000_6.txt;ethnize;0;0;
./datasets/SuffixArchivos/Mezcla//200.txt;ethnize;0;0;
./datasets/SuffixArchivos/Mezcla//200_2.txt;ethnize;0;0;
./datasets/SuffixArchivos/Mezcla//500.txt;ethnize;0;0;
./datasets/SuffixArchivos/Mezcla//500_2.txt;ethnize;0;0;
./datasets/SuffixArchivos/Mezcla//1000.txt;hexastemonous;0;0.000999;
./datasets/SuffixArchivos/Mezcla//1000_2.txt;hexastemonous;0;0.000999;
./datasets/SuffixArchivos/Mezcla//1000_3.txt;hexastemonous;0;0.000999;
./datasets/SuffixArchivos/Mezcla//1000_4.txt;hexastemonous;0;0.000999;
./datasets/SuffixArchivos/Mezcla//1000_5.txt;hexastemonous;0;0.000999;
./datasets/SuffixArchivos/Mezcla//1000_6.txt;hexastemonous;0;0.000999;
./datasets/SuffixArchivos/Mezcla//200.txt;hexastemonous;0;0.000999;
./datasets/SuffixArchivos/Mezcla//200_2.txt;hexastemonous;0;0.000999;
./datasets/SuffixArchivos/Mezcla//500.txt;hexastemonous;0;0.000999;
./datasets/SuffixArchivos/Mezcla//500_2.txt;hexastemonous;0;0.000999;
./datasets/SuffixArchivos/Mezcla//1000.txt;echinodermic;0;0;
./datasets/SuffixArchivos/Mezcla//1000_2.txt;echinodermic;0;0;
./datasets/SuffixArchivos/Mezcla//1000_3.txt;echinodermic;0;0;
./datasets/SuffixArchivos/Mezcla//1000_4.txt;echinodermic;0;0;
./datasets/SuffixArchivos/Mezcla//1000_5.txt;echinodermic;0;0;
./datasets/SuffixArchivos/Mezcla//1000_6.txt;echinodermic;0;0;
./datasets/SuffixArchivos/Mezcla//200.txt;echinodermic;0;0;
./datasets/SuffixArchivos/Mezcla//200_2.txt;echinodermic;0;0;
./datasets/SuffixArchivos/Mezcla//500.txt;echinodermic;0;0;
./datasets/SuffixArchivos/Mezcla//500_2.txt;echinodermic;0;0;
./datasets/SuffixArchivos/Mezcla//1000.txt;sigillarian;0;0.001;
./datasets/SuffixArchivos/Mezcla//1000_2.txt;sigillarian;0;0.001;
./datasets/SuffixArchivos/Mezcla//1000_3.txt;sigillarian;0;0.001;
./datasets/SuffixArchivos/Mezcla//1000_4.txt;sigillarian;0;0.001;
./datasets/SuffixArchivos/Mezcla//1000_5.txt;sigillarian;0;0.001;
./datasets/SuffixArchivos/Mezcla//1000_6.txt;sigillarian;0;0.001;
./datasets/SuffixArchivos/Mezcla//200.txt;sigillarian;0;0.001;
./datasets/SuffixArchivos/Mezcla//200_2.txt;sigillarian;0;0.001;
./datasets/SuffixArchivos/Mezcla//500.txt;sigillarian;0;0.001;
./datasets/SuffixArchivos/Mezcla//500_2.txt;sigillarian;0;0.001;
./datasets/SuffixArchivos/Mezcla//1000.txt;grubbiness;0;0;
./datasets/SuffixArchivos/Mezcla//1000_2.txt;grubbiness;0;0;
./datasets/SuffixArchivos/Mezcla//1000_3.txt;grubbiness;0;0;
./datasets/SuffixArchivos/Mezcla//1000_4.txt;grubbiness;0;0;
./datasets/SuffixArchivos/Mezcla//1000_5.txt;grubbiness;0;0;
./datasets/SuffixArchivos/Mezcla//1000_6.txt;grubbiness;0;0;
./datasets/SuffixArchivos/Mezcla//200.txt;grubbiness;0;0;
./datasets/SuffixArchivos/Mezcla//200_2.txt;grubbiness;0;0;
./datasets/SuffixArchivos/Mezcla//500.txt;grubbiness;0;0;
./datasets/SuffixArchivos/Mezcla//500_2.txt;grubbiness;0;0;
./datasets/SuffixArchivos/Mezcla//1000.txt;overeducate;0;0.000999;
./datasets/SuffixArchivos/Mezcla//1000_2.txt;overeducate;0;0.000999;
./datasets/SuffixArchivos/Mezcla//1000_3.txt;overeducate;0;0.000999;
./datasets/SuffixArchivos/Mezcla//1000_4.txt;overeducate;0;0.000999;
./datasets/SuffixArchivos/Mezcla//1000_5.txt;overeducate;0;0.000999;
./datasets/SuffixArchivos/Mezcla//1000_6.txt;overeducate;0;0.000999;
./datasets/SuffixArchivos/Mezcla//200.txt;overeducate;0;0.000999;
./datasets/SuffixArchivos/Mezcla//200_2.txt;overeducate;0;0.000999;
./datasets/SuffixArchivos/Mezcla//500.txt;overeducate;0;0.000999;
./datasets/SuffixArchivos/Mezcla//500_2.txt;overeducate;0;0.000999;
./datasets/SuffixArchivos/Mezcla//1000.txt;flyflap;0;0;
./datasets/SuffixArchivos/Mezcla//1000_2.txt;flyflap;0;0;
./datasets/SuffixArchivos/Mezcla//1000_3.txt;flyflap;0;0;
./datasets/SuffixArchivos/Mezcla//1000_4.txt;flyflap;0;0;
./datasets/SuffixArchivos/Mezcla//1000_5.txt;flyflap;0;0;
./datasets/SuffixArchivos/Mezcla//1000_6.txt;flyflap;0;0;
./datasets/SuffixArchivos/Mezcla//200.txt;flyflap;0;0;
./datasets/SuffixArchivos/Mezcla//200_2.txt;flyflap;0;0;
./datasets/SuffixArchivos/Mezcla//500.txt;flyflap;0;0;
./datasets/SuffixArchivos/Mezcla//500_2.txt;flyflap;0;0;
./datasets/SuffixArchivos/Mezcla//1000.txt;tart;2;0.001;
./datasets/SuffixArchivos/Mezcla//1000_2.txt;tart;0;0.001;
./datasets/SuffixArchivos/Mezcla//1000_3.txt;tart;1;0.001;
./datasets/SuffixArchivos/Mezcla//1000_4.txt;tart;4;0.001;
./datasets/SuffixArchivos/Mezcla//1000_5.txt;tart;2;0.001;
./datasets/SuffixArchivos/Mezcla//1000_6.txt;tart;0;0.001;
./datasets/SuffixArchivos/Mezcla//200.txt;tart;2;0.001;
./datasets/SuffixArchivos/Mezcla//200_2.txt;tart;0;0.001;
./datasets/SuffixArchivos/Mezcla//500.txt;tart;1;0.001;
./datasets/SuffixArchivos/Mezcla//500_2.txt;tart;0;0.001;
./datasets/SuffixArchivos/Mezcla//1000.txt;statometer;0;0;
./datasets/SuffixArchivos/Mezcla//1000_2.txt;statometer;0;0;
./datasets/SuffixArchivos/Mezcla//1000_3.txt;statometer;0;0;
./datasets/SuffixArchivos/Mezcla//1000_4.txt;statometer;0;0;
./datasets/SuffixArchivos/Mezcla//1000_5.txt;statometer;0;0;
./datasets/SuffixArchivos/Mezcla//1000_6.txt;statometer;0;0;
./datasets/SuffixArchivos/Mezcla//200.txt;statometer;0;0;
./datasets/SuffixArchivos/Mezcla//200_2.txt;statometer;0;0;
./datasets/SuffixArchivos/Mezcla//500.txt;statometer;0;0;
./datasets/SuffixArchivos/Mezcla//500_2.txt;statometer;0;0;
./datasets/SuffixArchivos/Mezcla//1000.txt;sixpence;0;0.000999;
./datasets/SuffixArchivos/Mezcla//1000_2.txt;sixpence;0;0.000999;
./datasets/SuffixArchivos/Mezcla//1000_3.txt;sixpence;0;0.000999;
./datasets/SuffixArchivos/Mezcla//1000_4.txt;sixpence;0;0.000999;
./datasets/SuffixArchivos/Mezcla//1000_5.txt;sixpence;0;0.000999;
./datasets/SuffixArchivos/Mezcla//1000_6.txt;sixpence;0;0.000999;
./datasets/SuffixArchivos/Mezcla//200.txt;sixpence;0;0.000999;
./datasets/SuffixArchivos/Mezcla//200_2.txt;sixpence;0;0.000999;
./datasets/SuffixArchivos/Mezcla//500.txt;sixpence;0;0.000999;
./datasets/SuffixArchivos/Mezcla//500_2.txt;sixpence;0;0.000999;
./datasets/SuffixArchivos/Mezcla//1000.txt;Capernaitish;0;0.000983;
./datasets/SuffixArchivos/Mezcla//1000_2.txt;Capernaitish;0;0.000983;
./datasets/SuffixArchivos/Mezcla//1000_3.txt;Capernaitish;0;0.000983;
./datasets/SuffixArchivos/Mezcla//1000_4.txt;Capernaitish;0;0.000983;
./datasets/SuffixArchivos/Mezcla//1000_5.txt;Capernaitish;0;0.000983;
./datasets/SuffixArchivos/Mezcla//1000_6.txt;Capernaitish;0;0.000983;
./datasets/SuffixArchivos/Mezcla//200.txt;Capernaitish;0;0.000983;
./datasets/SuffixArchivos/Mezcla//200_2.txt;Capernaitish;0;0.000983;
./datasets/SuffixArchivos/Mezcla//500.txt;Capernaitish;0;0.000983;
./datasets/SuffixArchivos/Mezcla//500_2.txt;Capernaitish;0;0.000983;
./datasets/SuffixArchivos/Mezcla//1000.txt;Delsartean;0;0;
./datasets/SuffixArchivos/Mezcla//1000_2.txt;Delsartean;0;0;
./datasets/SuffixArchivos/Mezcla//1000_3.txt;Delsartean;0;0;
./datasets/SuffixArchivos/Mezcla//1000_4.txt;Delsartean;0;0;
./datasets/SuffixArchivos/Mezcla//1000_5.txt;Delsartean;0;0;
./datasets/SuffixArchivos/Mezcla//1000_6.txt;Delsartean;0;0;
./datasets/SuffixArchivos/Mezcla//200.txt;Delsartean;0;0;
./datasets/SuffixArchivos/Mezcla//200_2.txt;Delsartean;0;0;
./datasets/SuffixArchivos/Mezcla//500.txt;Delsartean;0;0;
./datasets/SuffixArchivos/Mezcla//500_2.txt;Delsartean;0;0;
./datasets/SuffixArchivos/Mezcla//1000.txt;celery;0;0.001012;
./datasets/SuffixArchivos/Mezcla//1000_2.txt;celery;0;0.001012;
./datasets/SuffixArchivos/Mezcla//1000_3.txt;celery;0;0.001012;
./datasets/SuffixArchivos/Mezcla//1000_4.txt;celery;0;0.001012;
./datasets/SuffixArchivos/Mezcla//1000_5.txt;celery;0;0.001012;
./datasets/SuffixArchivos/Mezcla//1000_6.txt;celery;0;0.001012;
./datasets/SuffixArchivos/Mezcla//200.txt;celery;0;0.001012;
./datasets/SuffixArchivos/Mezcla//200_2.txt;celery;0;0.001012;
./datasets/SuffixArchivos/Mezcla//500.txt;celery;0;0.001012;
./datasets/SuffixArchivos/Mezcla//500_2.txt;celery;0;0.001012;
./datasets/SuffixArchivos/Mezcla//1000.txt;astragalus;0;0;
./datasets/SuffixArchivos/Mezcla//1000_2.txt;astragalus;0;0;
./datasets/SuffixArchivos/Mezcla//1000_3.txt;astragalus;0;0;
./datasets/SuffixArchivos/Mezcla//1000_4.txt;astragalus;0;0;
./datasets/SuffixArchivos/Mezcla//1000_5.txt;astragalus;0;0;
./datasets/SuffixArchivos/Mezcla//1000_6.txt;astragalus;0;0;
./datasets/SuffixArchivos/Mezcla//200.txt;astragalus;0;0;
./datasets/SuffixArchivos/Mezcla//200_2.txt;astragalus;0;0;
./datasets/SuffixArchivos/Mezcla//500.txt;astragalus;0;0;
./datasets/SuffixArchivos/Mezcla//500_2.txt;astragalus;0;0;
./datasets/SuffixArchivos/Mezcla//1000.txt;overjoyful;0;0;
./datasets/SuffixArchivos/Mezcla//1000_2.txt;overjoyful;0;0;
./datasets/SuffixArchivos/Mezcla//1000_3.txt;overjoyful;0;0;
./datasets/SuffixArchivos/Mezcla//1000_4.txt;overjoyful;0;0;
./datasets/SuffixArchivos/Mezcla//1000_5.txt;overjoyful;0;0;
./datasets/SuffixArchivos/Mezcla//1000_6.txt;overjoyful;0;0;
./datasets/SuffixArchivos/Mezcla//200.txt;overjoyful;0;0;
./datasets/SuffixArchivos/Mezcla//200_2.txt;overjoyful;0;0;
./datasets/SuffixArchivos/Mezcla//500.txt;overjoyful;0;0;
./datasets/SuffixArchivos/Mezcla//500_2.txt;overjoyful;0;0;
./datasets/SuffixArchivos/Mezcla//1000.txt;synactic;0;0;
./datasets/SuffixArchivos/Mezcla//1000_2.txt;synactic;0;0;
./datasets/SuffixArchivos/Mezcla//1000_3.txt;synactic;0;0;
./datasets/SuffixArchivos/Mezcla//1000_4.txt;synactic;0;0;
./datasets/SuffixArchivos/Mezcla//1000_5.txt;synactic;0;0;
./datasets/SuffixArchivos/Mezcla//1000_6.txt;synactic;0;0;
./datasets/SuffixArchivos/Mezcla//200.txt;synactic;0;0;
./datasets/SuffixArchivos/Mezcla//200_2.txt;synactic;0;0;
./datasets/SuffixArchivos/Mezcla//500.txt;synactic;0;0;
./datasets/SuffixArchivos/Mezcla//500_2.txt;synactic;0;0;
./datasets/SuffixArchivos/Mezcla//1000.txt;unexceptionably;0;0;
./datasets/SuffixArchivos/Mezcla//1000_2.txt;unexceptionably;0;0;
./datasets/SuffixArchivos/Mezcla//1000_3.txt;unexceptionably;0;0;
./datasets/SuffixArchivos/Mezcla//1000_4.txt;unexceptionably;0;0;
./datasets/SuffixArchivos/Mezcla//1000_5.txt;unexceptionably;0;0;
./datasets/SuffixArchivos/Mezcla//1000_6.txt;unexceptionably;0;0;
./datasets/SuffixArchivos/Mezcla//200.txt;unexceptionably;0;0;
./datasets/SuffixArchivos/Mezcla//200_2.txt;unexceptionably;0;0;
./datasets/SuffixArchivos/Mezcla//500.txt;unexceptionably;0;0;
./datasets/SuffixArchivos/Mezcla//500_2.txt;unexceptionably;0;0;
./datasets/SuffixArchivos/Mezcla//1000.txt;Orobanche;0;0;
./datasets/SuffixArchivos/Mezcla//1000_2.txt;Orobanche;0;0;
./datasets/SuffixArchivos/Mezcla//1000_3.txt;Orobanche;0;0;
./datasets/SuffixArchivos/Mezcla//1000_4.txt;Orobanche;0;0;
./datasets/SuffixArchivos/Mezcla//1000_5.txt;Orobanche;0;0;
./datasets/SuffixArchivos/Mezcla//1000_6.txt;Orobanche;0;0;
./datasets/SuffixArchivos/Mezcla//200.txt;Orobanche;0;0;
./datasets/SuffixArchivos/Mezcla//200_2.txt;Orobanche;0;0;
./datasets/SuffixArchivos/Mezcla//500.txt;Orobanche;0;0;
./datasets/SuffixArchivos/Mezcla//500_2.txt;Orobanche;0;0;
./datasets/SuffixArchivos/Mezcla//1000.txt;driblet;0;0;
./datasets/SuffixArchivos/Mezcla//1000_2.txt;driblet;0;0;
./datasets/SuffixArchivos/Mezcla//1000_3.txt;driblet;0;0;
./datasets/SuffixArchivos/Mezcla//1000_4.txt;driblet;0;0;
./datasets/SuffixArchivos/Mezcla//1000_5.txt;driblet;0;0;
./datasets/SuffixArchivos/Mezcla//1000_6.txt;driblet;0;0;
./datasets/SuffixArchivos/Mezcla//200.txt;driblet;0;0;
./datasets/SuffixArchivos/Mezcla//200_2.txt;driblet;0;0;
./datasets/SuffixArchivos/Mezcla//500.txt;driblet;0;0;
./datasets/SuffixArchivos/Mezcla//500_2.txt;driblet;0;0;
./datasets/SuffixArchivos/Mezcla//1000.txt;rampire;0;0.000999;
./datasets/SuffixArchivos/Mezcla//1000_2.txt;rampire;0;0.000999;
./datasets/SuffixArchivos/Mezcla//1000_3.txt;rampire;0;0.000999;
./datasets/SuffixArchivos/Mezcla//1000_4.txt;rampire;0;0.000999;
./datasets/SuffixArchivos/Mezcla//1000_5.txt;rampire;0;0.000999;
./datasets/SuffixArchivos/Mezcla//1000_6.txt;rampire;0;0.000999;
./datasets/SuffixArchivos/Mezcla//200.txt;rampire;0;0.000999;
./datasets/SuffixArchivos/Mezcla//200_2.txt;rampire;0;0.000999;
./datasets/SuffixArchivos/Mezcla//500.txt;rampire;0;0.000999;
./datasets/SuffixArchivos/Mezcla//500_2.txt;rampire;0;0.000999;
./datasets/SuffixArchivos/Mezcla//1000.txt;Mil;0;0;
./datasets/SuffixArchivos/Mezcla//1000_2.txt;Mil;0;0;
./datasets/SuffixArchivos/Mezcla//1000_3.txt;Mil;0;0;
./datasets/SuffixArchivos/Mezcla//1000_4.txt;Mil;4;0;
./datasets/SuffixArchivos/Mezcla//1000_5.txt;Mil;0;0;
./datasets/SuffixArchivos/Mezcla//1000_6.txt;Mil;1;0;
./datasets/SuffixArchivos/Mezcla//200.txt;Mil;0;0;
./datasets/SuffixArchivos/Mezcla//200_2.txt;Mil;0;0;
./datasets/SuffixArchivos/Mezcla//500.txt;Mil;0;0;
./datasets/SuffixArchivos/Mezcla//500_2.txt;Mil;0;0;
./datasets/SuffixArchivos/Mezcla//1000.txt;wellington;0;0.001;
./datasets/SuffixArchivos/Mezcla//1000_2.txt;wellington;0;0.001;
./datasets/SuffixArchivos/Mezcla//1000_3.txt;wellington;0;0.001;
./datasets/SuffixArchivos/Mezcla//1000_4.txt;wellington;0;0.001;
./datasets/SuffixArchivos/Mezcla//1000_5.txt;wellington;0;0.001;
./datasets/SuffixArchivos/Mezcla//1000_6.txt;wellington;0;0.001;
./datasets/SuffixArchivos/Mezcla//200.txt;wellington;0;0.001;
./datasets/SuffixArchivos/Mezcla//200_2.txt;wellington;0;0.001;
./datasets/SuffixArchivos/Mezcla//500.txt;wellington;0;0.001;
./datasets/SuffixArchivos/Mezcla//500_2.txt;wellington;0;0.001;
./datasets/SuffixArchivos/Mezcla//1000.txt;unepic;0;0;
./datasets/SuffixArchivos/Mezcla//1000_2.txt;unepic;0;0;
./datasets/SuffixArchivos/Mezcla//1000_3.txt;unepic;0;0;
./datasets/SuffixArchivos/Mezcla//1000_4.txt;unepic;0;0;
./datasets/SuffixArchivos/Mezcla//1000_5.txt;unepic;0;0;
./datasets/SuffixArchivos/Mezcla//1000_6.txt;unepic;0;0;
./datasets/SuffixArchivos/Mezcla//200.txt;unepic;0;0;
./datasets/SuffixArchivos/Mezcla//200_2.txt;unepic;0;0;
./datasets/SuffixArchivos/Mezcla//500.txt;unepic;0;0;
./datasets/SuffixArchivos/Mezcla//500_2.txt;unepic;0;0;
./datasets/SuffixArchivos/Mezcla//1000.txt;pondage;0;0.000999;
./datasets/SuffixArchivos/Mezcla//1000_2.txt;pondage;0;0.000999;
./datasets/SuffixArchivos/Mezcla//1000_3.txt;pondage;0;0.000999;
./datasets/SuffixArchivos/Mezcla//1000_4.txt;pondage;0;0.000999;
./datasets/SuffixArchivos/Mezcla//1000_5.txt;pondage;0;0.000999;
./datasets/SuffixArchivos/Mezcla//1000_6.txt;pondage;0;0.000999;
./datasets/SuffixArchivos/Mezcla//200.txt;pondage;0;0.000999;
./datasets/SuffixArchivos/Mezcla//200_2.txt;pondage;0;0.000999;
./datasets/SuffixArchivos/Mezcla//500.txt;pondage;0;0.000999;
./datasets/SuffixArchivos/Mezcla//500_2.txt;pondage;0;0.000999;
./datasets/SuffixArchivos/Mezcla//1000.txt;octocentenary;0;0;
./datasets/SuffixArchivos/Mezcla//1000_2.txt;octocentenary;0;0;
./datasets/SuffixArchivos/Mezcla//1000_3.txt;octocentenary;0;0;
./datasets/SuffixArchivos/Mezcla//1000_4.txt;octocentenary;0;0;
./datasets/SuffixArchivos/Mezcla//1000_5.txt;octocentenary;0;0;
./datasets/SuffixArchivos/Mezcla//1000_6.txt;octocentenary;0;0;
./datasets/SuffixArchivos/Mezcla//200.txt;octocentenary;0;0;
./datasets/SuffixArchivos/Mezcla//200_2.txt;octocentenary;0;0;
./datasets/SuffixArchivos/Mezcla//500.txt;octocentenary;0;0;
./datasets/SuffixArchivos/Mezcla//500_2.txt;octocentenary;0;0;
./datasets/SuffixArchivos/Mezcla//1000.txt;Ansel;0;0.000995;
./datasets/SuffixArchivos/Mezcla//1000_2.txt;Ansel;0;0.000995;
./datasets/SuffixArchivos/Mezcla//1000_3.txt;Ansel;0;0.000995;
./datasets/SuffixArchivos/Mezcla//1000_4.txt;Ansel;0;0.000995;
./datasets/SuffixArchivos/Mezcla//1000_5.txt;Ansel;0;0.000995;
./datasets/SuffixArchivos/Mezcla//1000_6.txt;Ansel;0;0.000995;
./datasets/SuffixArchivos/Mezcla//200.txt;Ansel;0;0.000995;
./datasets/SuffixArchivos/Mezcla//200_2.txt;Ansel;0;0.000995;
./datasets/SuffixArchivos/Mezcla//500.txt;Ansel;0;0.000995;
./datasets/SuffixArchivos/Mezcla//500_2.txt;Ansel;0;0.000995;
./datasets/SuffixArchivos/Mezcla//1000.txt;unmackly;0;0;
./datasets/SuffixArchivos/Mezcla//1000_2.txt;unmackly;0;0;
./datasets/SuffixArchivos/Mezcla//1000_3.txt;unmackly;0;0;
./datasets/SuffixArchivos/Mezcla//1000_4.txt;unmackly;0;0;
./datasets/SuffixArchivos/Mezcla//1000_5.txt;unmackly;0;0;
./datasets/SuffixArchivos/Mezcla//1000_6.txt;unmackly;0;0;
./datasets/SuffixArchivos/Mezcla//200.txt;unmackly;0;0;
./datasets/SuffixArchivos/Mezcla//200_2.txt;unmackly;0;0;
./datasets/SuffixArchivos/Mezcla//500.txt;unmackly;0;0;
./datasets/SuffixArchivos/Mezcla//500_2.txt;unmackly;0;0;
./datasets/SuffixArchivos/Mezcla//1000.txt;nonfermentative;0;0.000987;
./datasets/SuffixArchivos/Mezcla//1000_2.txt;nonfermentative;0;0.000987;
./datasets/SuffixArchivos/Mezcla//1000_3.txt;nonfermentative;0;0.000987;
./datasets/SuffixArchivos/Mezcla//1000_4.txt;nonfermentative;0;0.000987;
./datasets/SuffixArchivos/Mezcla//1000_5.txt;nonfermentative;0;0.000987;
./datasets/SuffixArchivos/Mezcla//1000_6.txt;nonfermentative;0;0.000987;
./datasets/SuffixArchivos/Mezcla//200.txt;nonfermentative;0;0.000987;
./datasets/SuffixArchivos/Mezcla//200_2.txt;nonfermentative;0;0.000987;
./datasets/SuffixArchivos/Mezcla//500.txt;nonfermentative;0;0.000987;
./datasets/SuffixArchivos/Mezcla//500_2.txt;nonfermentative;0;0.000987;
./datasets/SuffixArchivos/Mezcla//1000.txt;silk;0;0;
./datasets/SuffixArchivos/Mezcla//1000_2.txt;silk;1;0;
./datasets/SuffixArchivos/Mezcla//1000_3.txt;silk;0;0;
./datasets/SuffixArchivos/Mezcla//1000_4.txt;silk;0;0;
./datasets/SuffixArchivos/Mezcla//1000_5.txt;silk;0;0;
./datasets/SuffixArchivos/Mezcla//1000_6.txt;silk;1;0;
./datasets/SuffixArchivos/Mezcla//200.txt;silk;0;0;
./datasets/SuffixArchivos/Mezcla//200_2.txt;silk;0;0;
./datasets/SuffixArchivos/Mezcla//500.txt;silk;0;0;
./datasets/SuffixArchivos/Mezcla//500_2.txt;silk;0;0;
./datasets/SuffixArchivos/Mezcla//1000.txt;angiolith;0;0.001017;
./datasets/SuffixArchivos/Mezcla//1000_2.txt;angiolith;0;0.001017;
./datasets/SuffixArchivos/Mezcla//1000_3.txt;angiolith;0;0.001017;
./datasets/SuffixArchivos/Mezcla//1000_4.txt;angiolith;0;0.001017;
./datasets/SuffixArchivos/Mezcla//1000_5.txt;angiolith;0;0.001017;
./datasets/SuffixArchivos/Mezcla//1000_6.txt;angiolith;0;0.001017;
./datasets/SuffixArchivos/Mezcla//200.txt;angiolith;0;0.001017;
./datasets/SuffixArchivos/Mezcla//200_2.txt;angiolith;0;0.001017;
./datasets/SuffixArchivos/Mezcla//500.txt;angiolith;0;0.001017;
./datasets/SuffixArchivos/Mezcla//500_2.txt;angiolith;0;0.001017;
./datasets/SuffixArchivos/Mezcla//1000.txt;sparrer;0;0.000996;
./datasets/SuffixArchivos/Mezcla//1000_2.txt;sparrer;0;0.000996;
./datasets/SuffixArchivos/Mezcla//1000_3.txt;sparrer;0;0.000996;
./datasets/SuffixArchivos/Mezcla//1000_4.txt;sparrer;0;0.000996;
./datasets/SuffixArchivos/Mezcla//1000_5.txt;sparrer;0;0.000996;
./datasets/SuffixArchivos/Mezcla//1000_6.txt;sparrer;0;0.000996;
./datasets/SuffixArchivos/Mezcla//200.txt;sparrer;0;0.000996;
./datasets/SuffixArchivos/Mezcla//200_2.txt;sparrer;0;0.000996;
./datasets/SuffixArchivos/Mezcla//500.txt;sparrer;0;0.000996;
./datasets/SuffixArchivos/Mezcla//500_2.txt;sparrer;0;0.000996;
./datasets/SuffixArchivos/Mezcla//1000.txt;frigorify;0;0;
./datasets/SuffixArchivos/Mezcla//1000_2.txt;frigorify;0;0;
./datasets/SuffixArchivos/Mezcla//1000_3.txt;frigorify;0;0;
./datasets/SuffixArchivos/Mezcla//1000_4.txt;frigorify;0;0;
./datasets/SuffixArchivos/Mezcla//1000_5.txt;frigorify;0;0;
./datasets/SuffixArchivos/Mezcla//1000_6.txt;frigorify;0;0;
./datasets/SuffixArchivos/Mezcla//200.txt;frigorify;0;0;
./datasets/SuffixArchivos/Mezcla//200_2.txt;frigorify;0;0;
./datasets/SuffixArchivos/Mezcla//500.txt;frigorify;0;0;
./datasets/SuffixArchivos/Mezcla//500_2.txt;frigorify;0;0;
./datasets/SuffixArchivos/Mezcla//1000.txt;preofficially;0;0;
./datasets/SuffixArchivos/Mezcla//1000_2.txt;preofficially;0;0;
./datasets/SuffixArchivos/Mezcla//1000_3.txt;preofficially;0;0;
./datasets/SuffixArchivos/Mezcla//1000_4.txt;preofficially;0;0;
./datasets/SuffixArchivos/Mezcla//1000_5.txt;preofficially;0;0;
./datasets/SuffixArchivos/Mezcla//1000_6.txt;preofficially;0;0;
./datasets/SuffixArchivos/Mezcla//200.txt;preofficially;0;0;
./datasets/SuffixArchivos/Mezcla//200_2.txt;preofficially;0;0;
./datasets/SuffixArchivos/Mezcla//500.txt;preofficially;0;0;
./datasets/SuffixArchivos/Mezcla//500_2.txt;preofficially;0;0;
./datasets/SuffixArchivos/Mezcla//1000.txt;bridle;0;0;
./datasets/SuffixArchivos/Mezcla//1000_2.txt;bridle;0;0;
./datasets/SuffixArchivos/Mezcla//1000_3.txt;bridle;0;0;
./datasets/SuffixArchivos/Mezcla//1000_4.txt;bridle;0;0;
./datasets/SuffixArchivos/Mezcla//1000_5.txt;bridle;1;0;
./datasets/SuffixArchivos/Mezcla//1000_6.txt;bridle;2;0;
./datasets/SuffixArchivos/Mezcla//200.txt;bridle;0;0;
./datasets/SuffixArchivos/Mezcla//200_2.txt;bridle;0;0;
./datasets/SuffixArchivos/Mezcla//500.txt;bridle;0;0;
./datasets/SuffixArchivos/Mezcla//500_2.txt;bridle;0;0;
./datasets/SuffixArchivos/Mezcla//1000.txt;princeps;0;0;
./datasets/SuffixArchivos/Mezcla//1000_2.txt;princeps;0;0;
./datasets/SuffixArchivos/Mezcla//1000_3.txt;princeps;0;0;
./datasets/SuffixArchivos/Mezcla//1000_4.txt;princeps;0;0;
./datasets/SuffixArchivos/Mezcla//1000_5.txt;princeps;0;0;
./datasets/SuffixArchivos/Mezcla//1000_6.txt;princeps;0;0;
./datasets/SuffixArchivos/Mezcla//200.txt;princeps;0;0;
./datasets/SuffixArchivos/Mezcla//200_2.txt;princeps;0;0;
./datasets/SuffixArchivos/Mezcla//500.txt;princeps;0;0;
./datasets/SuffixArchivos/Mezcla//500_2.txt;princeps;0;0;
./datasets/SuffixArchivos/Mezcla//1000.txt;pentathionic;0;0.001;
./datasets/SuffixArchivos/Mezcla//1000_2.txt;pentathionic;0;0.001;
./datasets/SuffixArchivos/Mezcla//1000_3.txt;pentathionic;0;0.001;
./datasets/SuffixArchivos/Mezcla//1000_4.txt;pentathionic;0;0.001;
./datasets/SuffixArchivos/Mezcla//1000_5.txt;pentathionic;0;0.001;
./datasets/SuffixArchivos/Mezcla//1000_6.txt;pentathionic;0;0.001;
./datasets/SuffixArchivos/Mezcla//200.txt;pentathionic;0;0.001;
./datasets/SuffixArchivos/Mezcla//200_2.txt;pentathionic;0;0.001;
./datasets/SuffixArchivos/Mezcla//500.txt;pentathionic;0;0.001;
./datasets/SuffixArchivos/Mezcla//500_2.txt;pentathionic;0;0.001;
./datasets/SuffixArchivos/Mezcla//1000.txt;doltishness;0;0;
./datasets/SuffixArchivos/Mezcla//1000_2.txt;doltishness;0;0;
./datasets/SuffixArchivos/Mezcla//1000_3.txt;doltishness;0;0;
./datasets/SuffixArchivos/Mezcla//1000_4.txt;doltishness;0;0;
./datasets/SuffixArchivos/Mezcla//1000_5.txt;doltishness;0;0;
./datasets/SuffixArchivos/Mezcla//1000_6.txt;doltishness;0;0;
./datasets/SuffixArchivos/Mezcla//200.txt;doltishness;0;0;
./datasets/SuffixArchivos/Mezcla//200_2.txt;doltishness;0;0;
./datasets/SuffixArchivos/Mezcla//500.txt;doltishness;0;0;
./datasets/SuffixArchivos/Mezcla//500_2.txt;doltishness;0;0;
./datasets/SuffixArchivos/Mezcla//1000.txt;trunkless;0;0.001;
./datasets/SuffixArchivos/Mezcla//1000_2.txt;trunkless;0;0.001;
./datasets/SuffixArchivos/Mezcla//1000_3.txt;trunkless;0;0.001;
./datasets/SuffixArchivos/Mezcla//1000_4.txt;trunkless;0;0.001;
./datasets/SuffixArchivos/Mezcla//1000_5.txt;trunkless;0;0.001;
./datasets/SuffixArchivos/Mezcla//1000_6.txt;trunkless;0;0.001;
./datasets/SuffixArchivos/Mezcla//200.txt;trunkless;0;0.001;
./datasets/SuffixArchivos/Mezcla//200_2.txt;trunkless;0;0.001;
./datasets/SuffixArchivos/Mezcla//500.txt;trunkless;0;0.001;
./datasets/SuffixArchivos/Mezcla//500_2.txt;trunkless;0;0.001;
./datasets/SuffixArchivos/Mezcla//1000.txt;Idiosepiidae;0;0;
./datasets/SuffixArchivos/Mezcla//1000_2.txt;Idiosepiidae;0;0;
./datasets/SuffixArchivos/Mezcla//1000_3.txt;Idiosepiidae;0;0;
./datasets/SuffixArchivos/Mezcla//1000_4.txt;Idiosepiidae;0;0;
./datasets/SuffixArchivos/Mezcla//1000_5.txt;Idiosepiidae;0;0;
./datasets/SuffixArchivos/Mezcla//1000_6.txt;Idiosepiidae;0;0;
./datasets/SuffixArchivos/Mezcla//200.txt;Idiosepiidae;0;0;
./datasets/SuffixArchivos/Mezcla//200_2.txt;Idiosepiidae;0;0;
./datasets/SuffixArchivos/Mezcla//500.txt;Idiosepiidae;0;0;
./datasets/SuffixArchivos/Mezcla//500_2.txt;Idiosepiidae;0;0;
./datasets/SuffixArchivos/Mezcla//1000.txt;autohypnotization;0;0.000999;
./datasets/SuffixArchivos/Mezcla//1000_2.txt;autohypnotization;0;0.000999;
./datasets/SuffixArchivos/Mezcla//1000_3.txt;autohypnotization;0;0.000999;
./datasets/SuffixArchivos/Mezcla//1000_4.txt;autohypnotization;0;0.000999;
./datasets/SuffixArchivos/Mezcla//1000_5.txt;autohypnotization;0;0.000999;
./datasets/SuffixArchivos/Mezcla//1000_6.txt;autohypnotization;0;0.000999;
./datasets/SuffixArchivos/Mezcla//200.txt;autohypnotization;0;0.000999;
./datasets/SuffixArchivos/Mezcla//200_2.txt;autohypnotization;0;0.000999;
./datasets/SuffixArchivos/Mezcla//500.txt;autohypnotization;0;0.000999;
./datasets/SuffixArchivos/Mezcla//500_2.txt;autohypnotization;0;0.000999;
./datasets/SuffixArchivos/Mezcla//1000.txt;lingenberry;0;0;
./datasets/SuffixArchivos/Mezcla//1000_2.txt;lingenberry;0;0;
./datasets/SuffixArchivos/Mezcla//1000_3.txt;lingenberry;0;0;
./datasets/SuffixArchivos/Mezcla//1000_4.txt;lingenberry;0;0;
./datasets/SuffixArchivos/Mezcla//1000_5.txt;lingenberry;0;0;
./datasets/SuffixArchivos/Mezcla//1000_6.txt;lingenberry;0;0;
./datasets/SuffixArchivos/Mezcla//200.txt;lingenberry;0;0;
./datasets/SuffixArchivos/Mezcla//200_2.txt;lingenberry;0;0;
./datasets/SuffixArchivos/Mezcla//500.txt;lingenberry;0;0;
./datasets/SuffixArchivos/Mezcla//500_2.txt;lingenberry;0;0;
./datasets/SuffixArchivos/Mezcla//1000.txt;nonsetting;0;0.000999;
./datasets/SuffixArchivos/Mezcla//1000_2.txt;nonsetting;0;0.000999;
./datasets/SuffixArchivos/Mezcla//1000_3.txt;nonsetting;0;0.000999;
./datasets/SuffixArchivos/Mezcla//1000_4.txt;nonsetting;0;0.000999;
./datasets/SuffixArchivos/Mezcla//1000_5.txt;nonsetting;0;0.000999;
./datasets/SuffixArchivos/Mezcla//1000_6.txt;nonsetting;0;0.000999;
./datasets/SuffixArchivos/Mezcla//200.txt;nonsetting;0;0.000999;
./datasets/SuffixArchivos/Mezcla//200_2.txt;nonsetting;0;0.000999;
./datasets/SuffixArchivos/Mezcla//500.txt;nonsetting;0;0.000999;
./datasets/SuffixArchivos/Mezcla//500_2.txt;nonsetting;0;0.000999;
./datasets/SuffixArchivos/Mezcla//1000.txt;prescapula;0;0;
./datasets/SuffixArchivos/Mezcla//1000_2.txt;prescapula;0;0;
./datasets/SuffixArchivos/Mezcla//1000_3.txt;prescapula;0;0;
./datasets/SuffixArchivos/Mezcla//1000_4.txt;prescapula;0;0;
./datasets/SuffixArchivos/Mezcla//1000_5.txt;prescapula;0;0;
./datasets/SuffixArchivos/Mezcla//1000_6.txt;prescapula;0;0;
./datasets/SuffixArchivos/Mezcla//200.txt;prescapula;0;0;
./datasets/SuffixArchivos/Mezcla//200_2.txt;prescapula;0;0;
./datasets/SuffixArchivos/Mezcla//500.txt;prescapula;0;0;
./datasets/SuffixArchivos/Mezcla//500_2.txt;prescapula;0;0;
./datasets/SuffixArchivos/Mezcla//1000.txt;proagrarian;0;0.000999;
./datasets/SuffixArchivos/Mezcla//1000_2.txt;proagrarian;0;0.000999;
./datasets/SuffixArchivos/Mezcla//1000_3.txt;proagrarian;0;0.000999;
./datasets/SuffixArchivos/Mezcla//1000_4.txt;proagrarian;0;0.000999;
./datasets/SuffixArchivos/Mezcla//1000_5.txt;proagrarian;0;0.000999;
./datasets/SuffixArchivos/Mezcla//1000_6.txt;proagrarian;0;0.000999;
./datasets/SuffixArchivos/Mezcla//200.txt;proagrarian;0;0.000999;
./datasets/SuffixArchivos/Mezcla//200_2.txt;proagrarian;0;0.000999;
./datasets/SuffixArchivos/Mezcla//500.txt;proagrarian;0;0.000999;
./datasets/SuffixArchivos/Mezcla//500_2.txt;proagrarian;0;0.000999;
./datasets/SuffixArchivos/Mezcla//1000.txt;nonlover;0;0;
./datasets/SuffixArchivos/Mezcla//1000_2.txt;nonlover;0;0;
./datasets/SuffixArchivos/Mezcla//1000_3.txt;nonlover;0;0;
./datasets/SuffixArchivos/Mezcla//1000_4.txt;nonlover;0;0;
./datasets/SuffixArchivos/Mezcla//1000_5.txt;nonlover;0;0;
./datasets/SuffixArchivos/Mezcla//1000_6.txt;nonlover;0;0;
./datasets/SuffixArchivos/Mezcla//200.txt;nonlover;0;0;
./datasets/SuffixArchivos/Mezcla//200_2.txt;nonlover;0;0;
./datasets/SuffixArchivos/Mezcla//500.txt;nonlover;0;0;
./datasets/SuffixArchivos/Mezcla//500_2.txt;nonlover;0;0;
./datasets/SuffixArchivos/Mezcla//1000.txt;bumbaste;0;0;
./datasets/SuffixArchivos/Mezcla//1000_2.txt;bumbaste;0;0;
./datasets/SuffixArchivos/Mezcla//1000_3.txt;bumbaste;0;0;
./datasets/SuffixArchivos/Mezcla//1000_4.txt;bumbaste;0;0;
./datasets/SuffixArchivos/Mezcla//1000_5.txt;bumbaste;0;0;
./datasets/SuffixArchivos/Mezcla//1000_6.txt;bumbaste;0;0;
./datasets/SuffixArchivos/Mezcla//200.txt;bumbaste;0;0;
./datasets/SuffixArchivos/Mezcla//200_2.txt;bumbaste;0;0;
./datasets/SuffixArchivos/Mezcla//500.txt;bumbaste;0;0;
./datasets/SuffixArchivos/Mezcla//500_2.txt;bumbaste;0;0;
./datasets/SuffixArchivos/Mezcla//1000.txt;aischrolatreia;0;0;
./datasets/SuffixArchivos/Mezcla//1000_2.txt;aischrolatreia;0;0;
./datasets/SuffixArchivos/Mezcla//1000_3.txt;aischrolatreia;0;0;
./datasets/SuffixArchivos/Mezcla//1000_4.txt;aischrolatreia;0;0;
./datasets/SuffixArchivos/Mezcla//1000_5.txt;aischrolatreia;0;0;
./datasets/SuffixArchivos/Mezcla//1000_6.txt;aischrolatreia;0;0;
./datasets/SuffixArchivos/Mezcla//200.txt;aischrolatreia;0;0;
./datasets/SuffixArchivos/Mezcla//200_2.txt;aischrolatreia;0;0;
./datasets/SuffixArchivos/Mezcla//500.txt;aischrolatreia;0;0;
./datasets/SuffixArchivos/Mezcla//500_2.txt;aischrolatreia;0;0;
./datasets/SuffixArchivos/Mezcla//1000.txt;tupanship;0;0;
./datasets/SuffixArchivos/Mezcla//1000_2.txt;tupanship;0;0;
./datasets/SuffixArchivos/Mezcla//1000_3.txt;tupanship;0;0;
./datasets/SuffixArchivos/Mezcla//1000_4.txt;tupanship;0;0;
./datasets/SuffixArchivos/Mezcla//1000_5.txt;tupanship;0;0;
./datasets/SuffixArchivos/Mezcla//1000_6.txt;tupanship;0;0;
./datasets/SuffixArchivos/Mezcla//200.txt;tupanship;0;0;
./datasets/SuffixArchivos/Mezcla//200_2.txt;tupanship;0;0;
./datasets/SuffixArchivos/Mezcla//500.txt;tupanship;0;0;
./datasets/SuffixArchivos/Mezcla//500_2.txt;tupanship;0;0;
./datasets/SuffixArchivos/Mezcla//1000.txt;proctoclysis;0;0;
./datasets/SuffixArchivos/Mezcla//1000_2.txt;proctoclysis;0;0;
./datasets/SuffixArchivos/Mezcla//1000_3.txt;proctoclysis;0;0;
./datasets/SuffixArchivos/Mezcla//1000_4.txt;proctoclysis;0;0;
./datasets/SuffixArchivos/Mezcla//1000_5.txt;proctoclysis;0;0;
./datasets/SuffixArchivos/Mezcla//1000_6.txt;proctoclysis;0;0;
./datasets/SuffixArchivos/Mezcla//200.txt;proctoclysis;0;0;
./datasets/SuffixArchivos/Mezcla//200_2.txt;proctoclysis;0;0;
./datasets/SuffixArchivos/Mezcla//500.txt;proctoclysis;0;0;
./datasets/SuffixArchivos/Mezcla//500_2.txt;proctoclysis;0;0;
./datasets/SuffixArchivos/Mezcla//1000.txt;basilweed;0;0.001;
./datasets/SuffixArchivos/Mezcla//1000_2.txt;basilweed;0;0.001;
./datasets/SuffixArchivos/Mezcla//1000_3.txt;basilweed;0;0.001;
./datasets/SuffixArchivos/Mezcla//1000_4.txt;basilweed;0;0.001;
./datasets/SuffixArchivos/Mezcla//1000_5.txt;basilweed;0;0.001;
./datasets/SuffixArchivos/Mezcla//1000_6.txt;basilweed;0;0.001;
./datasets/SuffixArchivos/Mezcla//200.txt;basilweed;0;0.001;
./datasets/SuffixArchivos/Mezcla//200_2.txt;basilweed;0;0.001;
./datasets/SuffixArchivos/Mezcla//500.txt;basilweed;0;0.001;
./datasets/SuffixArchivos/Mezcla//500_2.txt;basilweed;0;0.001;
./datasets/SuffixArchivos/Mezcla//1000.txt;counternoise;0;0;
./datasets/SuffixArchivos/Mezcla//1000_2.txt;counternoise;0;0;
./datasets/SuffixArchivos/Mezcla//1000_3.txt;counternoise;0;0;
./datasets/SuffixArchivos/Mezcla//1000_4.txt;counternoise;0;0;
./datasets/SuffixArchivos/Mezcla//1000_5.txt;counternoise;0;0;
./datasets/SuffixArchivos/Mezcla//1000_6.txt;counternoise;0;0;
./datasets/SuffixArchivos/Mezcla//200.txt;counternoise;0;0;
./datasets/SuffixArchivos/Mezcla//200_2.txt;counternoise;0;0;
./datasets/SuffixArchivos/Mezcla//500.txt;counternoise;0;0;
./datasets/SuffixArchivos/Mezcla//500_2.txt;counternoise;0;0;
./datasets/SuffixArchivos/Mezcla//1000.txt;interparietale;0;0.001017;
./datasets/SuffixArchivos/Mezcla//1000_2.txt;interparietale;0;0.001017;
./datasets/SuffixArchivos/Mezcla//1000_3.txt;interparietale;0;0.001017;
./datasets/SuffixArchivos/Mezcla//1000_4.txt;interparietale;0;0.001017;
./datasets/SuffixArchivos/Mezcla//1000_5.txt;interparietale;0;0.001017;
./datasets/SuffixArchivos/Mezcla//1000_6.txt;interparietale;0;0.001017;
./datasets/SuffixArchivos/Mezcla//200.txt;interparietale;0;0.001017;
./datasets/SuffixArchivos/Mezcla//200_2.txt;interparietale;0;0.001017;
./datasets/SuffixArchivos/Mezcla//500.txt;interparietale;0;0.001017;
./datasets/SuffixArchivos/Mezcla//500_2.txt;interparietale;0;0.001017;
./datasets/SuffixArchivos/Mezcla//1000.txt;Saccobranchiata;0;0;
./datasets/SuffixArchivos/Mezcla//1000_2.txt;Saccobranchiata;0;0;
./datasets/SuffixArchivos/Mezcla//1000_3.txt;Saccobranchiata;0;0;
./datasets/SuffixArchivos/Mezcla//1000_4.txt;Saccobranchiata;0;0;
./datasets/SuffixArchivos/Mezcla//1000_5.txt;Saccobranchiata;0;0;
./datasets/SuffixArchivos/Mezcla//1000_6.txt;Saccobranchiata;0;0;
./datasets/SuffixArchivos/Mezcla//200.txt;Saccobranchiata;0;0;
./datasets/SuffixArchivos/Mezcla//200_2.txt;Saccobranchiata;0;0;
./datasets/SuffixArchivos/Mezcla//500.txt;Saccobranchiata;0;0;
./datasets/SuffixArchivos/Mezcla//500_2.txt;Saccobranchiata;0;0;
./datasets/SuffixArchivos/Mezcla//1000.txt;tonga;0;0.000994;
./datasets/SuffixArchivos/Mezcla//1000_2.txt;tonga;0;0.000994;
./datasets/SuffixArchivos/Mezcla//1000_3.txt;tonga;0;0.000994;
./datasets/SuffixArchivos/Mezcla//1000_4.txt;tonga;0;0.000994;
./datasets/SuffixArchivos/Mezcla//1000_5.txt;tonga;0;0.000994;
./datasets/SuffixArchivos/Mezcla//1000_6.txt;tonga;0;0.000994;
./datasets/SuffixArchivos/Mezcla//200.txt;tonga;0;0.000994;
./datasets/SuffixArchivos/Mezcla//200_2.txt;tonga;0;0.000994;
./datasets/SuffixArchivos/Mezcla//500.txt;tonga;0;0.000994;
./datasets/SuffixArchivos/Mezcla//500_2.txt;tonga;0;0.000994;
./datasets/SuffixArchivos/Mezcla//1000.txt;iceland;0;0;
./datasets/SuffixArchivos/Mezcla//1000_2.txt;iceland;0;0;
./datasets/SuffixArchivos/Mezcla//1000_3.txt;iceland;0;0;
./datasets/SuffixArchivos/Mezcla//1000_4.txt;iceland;0;0;
./datasets/SuffixArchivos/Mezcla//1000_5.txt;iceland;0;0;
./datasets/SuffixArchivos/Mezcla//1000_6.txt;iceland;0;0;
./datasets/SuffixArchivos/Mezcla//200.txt;iceland;0;0;
./datasets/SuffixArchivos/Mezcla//200_2.txt;iceland;0;0;
./datasets/SuffixArchivos/Mezcla//500.txt;iceland;0;0;
./datasets/SuffixArchivos/Mezcla//500_2.txt;iceland;0;0;
./datasets/SuffixArchivos/Mezcla//1000.txt;mandelic;0;0.001;
./datasets/SuffixArchivos/Mezcla//1000_2.txt;mandelic;0;0.001;
./datasets/SuffixArchivos/Mezcla//1000_3.txt;mandelic;0;0.001;
./datasets/SuffixArchivos/Mezcla//1000_4.txt;mandelic;0;0.001;
./datasets/SuffixArchivos/Mezcla//1000_5.txt;mandelic;0;0.001;
./datasets/SuffixArchivos/Mezcla//1000_6.txt;mandelic;0;0.001;
./datasets/SuffixArchivos/Mezcla//200.txt;mandelic;0;0.001;
./datasets/SuffixArchivos/Mezcla//200_2.txt;mandelic;0;0.001;
./datasets/SuffixArchivos/Mezcla//500.txt;mandelic;0;0.001;
./datasets/SuffixArchivos/Mezcla//500_2.txt;mandelic;0;0.001;
./datasets/SuffixArchivos/Mezcla//1000.txt;monkeyish;0;0;
./datasets/SuffixArchivos/Mezcla//1000_2.txt;monkeyish;0;0;
./datasets/SuffixArchivos/Mezcla//1000_3.txt;monkeyish;0;0;
./datasets/SuffixArchivos/Mezcla//1000_4.txt;monkeyish;0;0;
./datasets/SuffixArchivos/Mezcla//1000_5.txt;monkeyish;0;0;
./datasets/SuffixArchivos/Mezcla//1000_6.txt;monkeyish;0;0;
./datasets/SuffixArchivos/Mezcla//200.txt;monkeyish;0;0;
./datasets/SuffixArchivos/Mezcla//200_2.txt;monkeyish;0;0;
./datasets/SuffixArchivos/Mezcla//500.txt;monkeyish;0;0;
./datasets/SuffixArchivos/Mezcla//500_2.txt;monkeyish;0;0;
./datasets/SuffixArchivos/Mezcla//1000.txt;fanon;0;0.000999;
./datasets/SuffixArchivos/Mezcla//1000_2.txt;fanon;0;0.000999;
./datasets/SuffixArchivos/Mezcla//1000_3.txt;fanon;0;0.000999;
./datasets/SuffixArchivos/Mezcla//1000_4.txt;fanon;0;0.000999;
./datasets/SuffixArchivos/Mezcla//1000_5.txt;fanon;0;0.000999;
./datasets/SuffixArchivos/Mezcla//1000_6.txt;fanon;0;0.000999;
./datasets/SuffixArchivos/Mezcla//200.txt;fanon;0;0.000999;
./datasets/SuffixArchivos/Mezcla//200_2.txt;fanon;0;0.000999;
./datasets/SuffixArchivos/Mezcla//500.txt;fanon;0;0.000999;
./datasets/SuffixArchivos/Mezcla//500_2.txt;fanon;0;0.000999;
./datasets/SuffixArchivos/Mezcla//1000.txt;sled;0;0;
./datasets/SuffixArchivos/Mezcla//1000_2.txt;sled;0;0;
./datasets/SuffixArchivos/Mezcla//1000_3.txt;sled;0;0;
./datasets/SuffixArchivos/Mezcla//1000_4.txt;sled;0;0;
./datasets/SuffixArchivos/Mezcla//1000_5.txt;sled;0;0;
./datasets/SuffixArchivos/Mezcla//1000_6.txt;sled;0;0;
./datasets/SuffixArchivos/Mezcla//200.txt;sled;0;0;
./datasets/SuffixArchivos/Mezcla//200_2.txt;sled;0;0;
./datasets/SuffixArchivos/Mezcla//500.txt;sled;0;0;
./datasets/SuffixArchivos/Mezcla//500_2.txt;sled;0;0;
./datasets/SuffixArchivos/Mezcla//1000.txt;taxine;0;0.000999;
./datasets/SuffixArchivos/Mezcla//1000_2.txt;taxine;0;0.000999;
./datasets/SuffixArchivos/Mezcla//1000_3.txt;taxine;0;0.000999;
./datasets/SuffixArchivos/Mezcla//1000_4.txt;taxine;0;0.000999;
./datasets/SuffixArchivos/Mezcla//1000_5.txt;taxine;0;0.000999;
./datasets/SuffixArchivos/Mezcla//1000_6.txt;taxine;0;0.000999;
./datasets/SuffixArchivos/Mezcla//200.txt;taxine;0;0.000999;
./datasets/SuffixArchivos/Mezcla//200_2.txt;taxine;0;0.000999;
./datasets/SuffixArchivos/Mezcla//500.txt;taxine;0;0.000999;
./datasets/SuffixArchivos/Mezcla//500_2.txt;taxine;0;0.000999;
./datasets/SuffixArchivos/Mezcla//1000.txt;rattlingly;0;0;
./datasets/SuffixArchivos/Mezcla//1000_2.txt;rattlingly;0;0;
./datasets/SuffixArchivos/Mezcla//1000_3.txt;rattlingly;0;0;
./datasets/SuffixArchivos/Mezcla//1000_4.txt;rattlingly;0;0;
./datasets/SuffixArchivos/Mezcla//1000_5.txt;rattlingly;0;0;
./datasets/SuffixArchivos/Mezcla//1000_6.txt;rattlingly;0;0;
./datasets/SuffixArchivos/Mezcla//200.txt;rattlingly;0;0;
./datasets/SuffixArchivos/Mezcla//200_2.txt;rattlingly;0;0;
./datasets/SuffixArchivos/Mezcla//500.txt;rattlingly;0;0;
./datasets/SuffixArchivos/Mezcla//500_2.txt;rattlingly;0;0;
./datasets/SuffixArchivos/Mezcla//1000.txt;monolithic;0;0;
./datasets/SuffixArchivos/Mezcla//1000_2.txt;monolithic;0;0;
./datasets/SuffixArchivos/Mezcla//1000_3.txt;monolithic;0;0;
./datasets/SuffixArchivos/Mezcla//1000_4.txt;monolithic;0;0;
./datasets/SuffixArchivos/Mezcla//1000_5.txt;monolithic;0;0;
./datasets/SuffixArchivos/Mezcla//1000_6.txt;monolithic;0;0;
./datasets/SuffixArchivos/Mezcla//200.txt;monolithic;0;0;
./datasets/SuffixArchivos/Mezcla//200_2.txt;monolithic;0;0;
./datasets/SuffixArchivos/Mezcla//500.txt;monolithic;0;0;
./datasets/SuffixArchivos/Mezcla//500_2.txt;monolithic;0;0;
./datasets/SuffixArchivos/Mezcla//1000.txt;oxbiter;0;0.001016;
./datasets/SuffixArchivos/Mezcla//1000_2.txt;oxbiter;0;0.001016;
./datasets/SuffixArchivos/Mezcla//1000_3.txt;oxbiter;0;0.001016;
./datasets/SuffixArchivos/Mezcla//1000_4.txt;oxbiter;0;0.001016;
./datasets/SuffixArchivos/Mezcla//1000_5.txt;oxbiter;0;0.001016;
./datasets/SuffixArchivos/Mezcla//1000_6.txt;oxbiter;0;0.001016;
./datasets/SuffixArchivos/Mezcla//200.txt;oxbiter;0;0.001016;
./datasets/SuffixArchivos/Mezcla//200_2.txt;oxbiter;0;0.001016;
./datasets/SuffixArchivos/Mezcla//500.txt;oxbiter;0;0.001016;
./datasets/SuffixArchivos/Mezcla//500_2.txt;oxbiter;0;0.001016;
./datasets/SuffixArchivos/Mezcla//1000.txt;scelerat;0;0;
./datasets/SuffixArchivos/Mezcla//1000_2.txt;scelerat;0;0;
./datasets/SuffixArchivos/Mezcla//1000_3.txt;scelerat;0;0;
./datasets/SuffixArchivos/Mezcla//1000_4.txt;scelerat;0;0;
./datasets/SuffixArchivos/Mezcla//1000_5.txt;scelerat;0;0;
./datasets/SuffixArchivos/Mezcla//1000_6.txt;scelerat;0;0;
./datasets/SuffixArchivos/Mezcla//200.txt;scelerat;0;0;
./datasets/SuffixArchivos/Mezcla//200_2.txt;scelerat;0;0;
./datasets/SuffixArchivos/Mezcla//500.txt;scelerat;0;0;
./datasets/SuffixArchivos/Mezcla//500_2.txt;scelerat;0;0;
./datasets/SuffixArchivos/Mezcla//1000.txt;primitivism;0;0.000995;
./datasets/SuffixArchivos/Mezcla//1000_2.txt;primitivism;0;0.000995;
./datasets/SuffixArchivos/Mezcla//1000_3.txt;primitivism;0;0.000995;
./datasets/SuffixArchivos/Mezcla//1000_4.txt;primitivism;0;0.000995;
./datasets/SuffixArchivos/Mezcla//1000_5.txt;primitivism;0;0.000995;
./datasets/SuffixArchivos/Mezcla//1000_6.txt;primitivism;0;0.000995;
./datasets/SuffixArchivos/Mezcla//200.txt;primitivism;0;0.000995;
./datasets/SuffixArchivos/Mezcla//200_2.txt;primitivism;0;0.000995;
./datasets/SuffixArchivos/Mezcla//500.txt;primitivism;0;0.000995;
./datasets/SuffixArchivos/Mezcla//500_2.txt;primitivism;0;0.000995;
./datasets/SuffixArchivos/Mezcla//1000.txt;grapnel;0;0;
./datasets/SuffixArchivos/Mezcla//1000_2.txt;grapnel;0;0;
./datasets/SuffixArchivos/Mezcla//1000_3.txt;grapnel;0;0;
./datasets/SuffixArchivos/Mezcla//1000_4.txt;grapnel;0;0;
./datasets/SuffixArchivos/Mezcla//1000_5.txt;grapnel;0;0;
./datasets/SuffixArchivos/Mezcla//1000_6.txt;grapnel;0;0;
./datasets/SuffixArchivos/Mezcla//200.txt;grapnel;0;0;
./datasets/SuffixArchivos/Mezcla//200_2.txt;grapnel;0;0;
./datasets/SuffixArchivos/Mezcla//500.txt;grapnel;0;0;
./datasets/SuffixArchivos/Mezcla//500_2.txt;grapnel;0;0;
./datasets/SuffixArchivos/Mezcla//1000.txt;recreative;0;0;
./datasets/SuffixArchivos/Mezcla//1000_2.txt;recreative;0;0;
./datasets/SuffixArchivos/Mezcla//1000_3.txt;recreative;0;0;
./datasets/SuffixArchivos/Mezcla//1000_4.txt;recreative;0;0;
./datasets/SuffixArchivos/Mezcla//1000_5.txt;recreative;0;0;
./datasets/SuffixArchivos/Mezcla//1000_6.txt;recreative;0;0;
./datasets/SuffixArchivos/Mezcla//200.txt;recreative;0;0;
./datasets/SuffixArchivos/Mezcla//200_2.txt;recreative;0;0;
./datasets/SuffixArchivos/Mezcla//500.txt;recreative;0;0;
./datasets/SuffixArchivos/Mezcla//500_2.txt;recreative;0;0;
./datasets/SuffixArchivos/Mezcla//1000.txt;plumbum;0;0;
./datasets/SuffixArchivos/Mezcla//1000_2.txt;plumbum;0;0;
./datasets/SuffixArchivos/Mezcla//1000_3.txt;plumbum;0;0;
./datasets/SuffixArchivos/Mezcla//1000_4.txt;plumbum;0;0;
./datasets/SuffixArchivos/Mezcla//1000_5.txt;plumbum;0;0;
./datasets/SuffixArchivos/Mezcla//1000_6.txt;plumbum;0;0;
./datasets/SuffixArchivos/Mezcla//200.txt;plumbum;0;0;
./datasets/SuffixArchivos/Mezcla//200_2.txt;plumbum;0;0;
./datasets/SuffixArchivos/Mezcla//500.txt;plumbum;0;0;
./datasets/SuffixArchivos/Mezcla//500_2.txt;plumbum;0;0;
./datasets/SuffixArchivos/Mezcla//1000.txt;enthusiastical;0;0;
./datasets/SuffixArchivos/Mezcla//1000_2.txt;enthusiastical;0;0;
./datasets/SuffixArchivos/Mezcla//1000_3.txt;enthusiastical;0;0;
./datasets/SuffixArchivos/Mezcla//1000_4.txt;enthusiastical;0;0;
./datasets/SuffixArchivos/Mezcla//1000_5.txt;enthusiastical;0;0;
./datasets/SuffixArchivos/Mezcla//1000_6.txt;enthusiastical;0;0;
./datasets/SuffixArchivos/Mezcla//200.txt;enthusiastical;0;0;
./datasets/SuffixArchivos/Mezcla//200_2.txt;enthusiastical;0;0;
./datasets/SuffixArchivos/Mezcla//500.txt;enthusiastical;0;0;
./datasets/SuffixArchivos/Mezcla//500_2.txt;enthusiastical;0;0;
./datasets/SuffixArchivos/Mezcla//1000.txt;stomachlessness;0;0;
./datasets/SuffixArchivos/Mezcla//1000_2.txt;stomachlessness;0;0;
./datasets/SuffixArchivos/Mezcla//1000_3.txt;stomachlessness;0;0;
./datasets/SuffixArchivos/Mezcla//1000_4.txt;stomachlessness;0;0;
./datasets/SuffixArchivos/Mezcla//1000_5.txt;stomachlessness;0;0;
./datasets/SuffixArchivos/Mezcla//1000_6.txt;stomachlessness;0;0;
./datasets/SuffixArchivos/Mezcla//200.txt;stomachlessness;0;0;
./datasets/SuffixArchivos/Mezcla//200_2.txt;stomachlessness;0;0;
./datasets/SuffixArchivos/Mezcla//500.txt;stomachlessness;0;0;
./datasets/SuffixArchivos/Mezcla//500_2.txt;stomachlessness;0;0;
./datasets/SuffixArchivos/Mezcla//1000.txt;busher;0;0.001;
./datasets/SuffixArchivos/Mezcla//1000_2.txt;busher;0;0.001;
./datasets/SuffixArchivos/Mezcla//1000_3.txt;busher;0;0.001;
./datasets/SuffixArchivos/Mezcla//1000_4.txt;busher;0;0.001;
./datasets/SuffixArchivos/Mezcla//1000_5.txt;busher;0;0.001;
./datasets/SuffixArchivos/Mezcla//1000_6.txt;busher;0;0.001;
./datasets/SuffixArchivos/Mezcla//200.txt;busher;0;0.001;
./datasets/SuffixArchivos/Mezcla//200_2.txt;busher;0;0.001;
./datasets/SuffixArchivos/Mezcla//500.txt;busher;0;0.001;
./datasets/SuffixArchivos/Mezcla//500_2.txt;busher;0;0.001;
./datasets/SuffixArchivos/Mezcla//1000.txt;uninsured;0;0;
./datasets/SuffixArchivos/Mezcla//1000_2.txt;uninsured;0;0;
./datasets/SuffixArchivos/Mezcla//1000_3.txt;uninsured;0;0;
./datasets/SuffixArchivos/Mezcla//1000_4.txt;uninsured;0;0;
./datasets/SuffixArchivos/Mezcla//1000_5.txt;uninsured;0;0;
./datasets/SuffixArchivos/Mezcla//1000_6.txt;uninsured;0;0;
./datasets/SuffixArchivos/Mezcla//200.txt;uninsured;0;0;
./datasets/SuffixArchivos/Mezcla//200_2.txt;uninsured;0;0;
./datasets/SuffixArchivos/Mezcla//500.txt;uninsured;0;0;
./datasets/SuffixArchivos/Mezcla//500_2.txt;uninsured;0;0;
./datasets/SuffixArchivos/Mezcla//1000.txt;unobjective;0;0;
./datasets/SuffixArchivos/Mezcla//1000_2.txt;unobjective;0;0;
./datasets/SuffixArchivos/Mezcla//1000_3.txt;unobjective;0;0;
./datasets/SuffixArchivos/Mezcla//1000_4.txt;unobjective;0;0;
./datasets/SuffixArchivos/Mezcla//1000_5.txt;unobjective;0;0;
./datasets/SuffixArchivos/Mezcla//1000_6.txt;unobjective;0;0;
./datasets/SuffixArchivos/Mezcla//200.txt;unobjective;0;0;
./datasets/SuffixArchivos/Mezcla//200_2.txt;unobjective;0;0;
./datasets/SuffixArchivos/Mezcla//500.txt;unobjective;0;0;
./datasets/SuffixArchivos/Mezcla//500_2.txt;unobjective;0;0;
./datasets/SuffixArchivos/Mezcla//1000.txt;collyrium;0;0;
./datasets/SuffixArchivos/Mezcla//1000_2.txt;collyrium;0;0;
./datasets/SuffixArchivos/Mezcla//1000_3.txt;collyrium;0;0;
./datasets/SuffixArchivos/Mezcla//1000_4.txt;collyrium;0;0;
./datasets/SuffixArchivos/Mezcla//1000_5.txt;collyrium;0;0;
./datasets/SuffixArchivos/Mezcla//1000_6.txt;collyrium;0;0;
./datasets/SuffixArchivos/Mezcla//200.txt;collyrium;0;0;
./datasets/SuffixArchivos/Mezcla//200_2.txt;collyrium;0;0;
./datasets/SuffixArchivos/Mezcla//500.txt;collyrium;0;0;
./datasets/SuffixArchivos/Mezcla//500_2.txt;collyrium;0;0;
./datasets/SuffixArchivos/Mezcla//1000.txt;aspheterism;0;0;
./datasets/SuffixArchivos/Mezcla//1000_2.txt;aspheterism;0;0;
./datasets/SuffixArchivos/Mezcla//1000_3.txt;aspheterism;0;0;
./datasets/SuffixArchivos/Mezcla//1000_4.txt;aspheterism;0;0;
./datasets/SuffixArchivos/Mezcla//1000_5.txt;aspheterism;0;0;
./datasets/SuffixArchivos/Mezcla//1000_6.txt;aspheterism;0;0;
./datasets/SuffixArchivos/Mezcla//200.txt;aspheterism;0;0;
./datasets/SuffixArchivos/Mezcla//200_2.txt;aspheterism;0;0;
./datasets/SuffixArchivos/Mezcla//500.txt;aspheterism;0;0;
./datasets/SuffixArchivos/Mezcla//500_2.txt;aspheterism;0;0;
./datasets/SuffixArchivos/Mezcla//1000.txt;mantology;0;0;
./datasets/SuffixArchivos/Mezcla//1000_2.txt;mantology;0;0;
./datasets/SuffixArchivos/Mezcla//1000_3.txt;mantology;0;0;
./datasets/SuffixArchivos/Mezcla//1000_4.txt;mantology;0;0;
./datasets/SuffixArchivos/Mezcla//1000_5.txt;mantology;0;0;
./datasets/SuffixArchivos/Mezcla//1000_6.txt;mantology;0;0;
./datasets/SuffixArchivos/Mezcla//200.txt;mantology;0;0;
./datasets/SuffixArchivos/Mezcla//200_2.txt;mantology;0;0;
./datasets/SuffixArchivos/Mezcla//500.txt;mantology;0;0;
./datasets/SuffixArchivos/Mezcla//500_2.txt;mantology;0;0;
./datasets/SuffixArchivos/Mezcla//1000.txt;monk;0;0.000986;
./datasets/SuffixArchivos/Mezcla//1000_2.txt;monk;0;0.000986;
./datasets/SuffixArchivos/Mezcla//1000_3.txt;monk;0;0.000986;
./datasets/SuffixArchivos/Mezcla//1000_4.txt;monk;0;0.000986;
./datasets/SuffixArchivos/Mezcla//1000_5.txt;monk;0;0.000986;
./datasets/SuffixArchivos/Mezcla//1000_6.txt;monk;0;0.000986;
./datasets/SuffixArchivos/Mezcla//200.txt;monk;0;0.000986;
./datasets/SuffixArchivos/Mezcla//200_2.txt;monk;0;0.000986;
./datasets/SuffixArchivos/Mezcla//500.txt;monk;0;0.000986;
./datasets/SuffixArchivos/Mezcla//500_2.txt;monk;0;0.000986;
./datasets/SuffixArchivos/Mezcla//1000.txt;troolie;0;0;
./datasets/SuffixArchivos/Mezcla//1000_2.txt;troolie;0;0;
./datasets/SuffixArchivos/Mezcla//1000_3.txt;troolie;0;0;
./datasets/SuffixArchivos/Mezcla//1000_4.txt;troolie;0;0;
./datasets/SuffixArchivos/Mezcla//1000_5.txt;troolie;0;0;
./datasets/SuffixArchivos/Mezcla//1000_6.txt;troolie;0;0;
./datasets/SuffixArchivos/Mezcla//200.txt;troolie;0;0;
./datasets/SuffixArchivos/Mezcla//200_2.txt;troolie;0;0;
./datasets/SuffixArchivos/Mezcla//500.txt;troolie;0;0;
./datasets/SuffixArchivos/Mezcla//500_2.txt;troolie;0;0;
./datasets/SuffixArchivos/Mezcla//1000.txt;ghaist;0;0;
./datasets/SuffixArchivos/Mezcla//1000_2.txt;ghaist;0;0;
./datasets/SuffixArchivos/Mezcla//1000_3.txt;ghaist;0;0;
./datasets/SuffixArchivos/Mezcla//1000_4.txt;ghaist;0;0;
./datasets/SuffixArchivos/Mezcla//1000_5.txt;ghaist;0;0;
./datasets/SuffixArchivos/Mezcla//1000_6.txt;ghaist;0;0;
./datasets/SuffixArchivos/Mezcla//200.txt;ghaist;0;0;
./datasets/SuffixArchivos/Mezcla//200_2.txt;ghaist;0;0;
./datasets/SuffixArchivos/Mezcla//500.txt;ghaist;0;0;
./datasets/SuffixArchivos/Mezcla//500_2.txt;ghaist;0;0;
./datasets/SuffixArchivos/Mezcla//1000.txt;unplebeian;0;0;
./datasets/SuffixArchivos/Mezcla//1000_2.txt;unplebeian;0;0;
./datasets/SuffixArchivos/Mezcla//1000_3.txt;unplebeian;0;0;
./datasets/SuffixArchivos/Mezcla//1000_4.txt;unplebeian;0;0;
./datasets/SuffixArchivos/Mezcla//1000_5.txt;unplebeian;0;0;
./datasets/SuffixArchivos/Mezcla//1000_6.txt;unplebeian;0;0;
./datasets/SuffixArchivos/Mezcla//200.txt;unplebeian;0;0;
./datasets/SuffixArchivos/Mezcla//200_2.txt;unplebeian;0;0;
./datasets/SuffixArchivos/Mezcla//500.txt;unplebeian;0;0;
./datasets/SuffixArchivos/Mezcla//500_2.txt;unplebeian;0;0;
./datasets/SuffixArchivos/Mezcla//1000.txt;fusible;0;0;
./datasets/SuffixArchivos/Mezcla//1000_2.txt;fusible;0;0;
./datasets/SuffixArchivos/Mezcla//1000_3.txt;fusible;0;0;
./datasets/SuffixArchivos/Mezcla//1000_4.txt;fusible;0;0;
./datasets/SuffixArchivos/Mezcla//1000_5.txt;fusible;0;0;
./datasets/SuffixArchivos/Mezcla//1000_6.txt;fusible;0;0;
./datasets/SuffixArchivos/Mezcla//200.txt;fusible;0;0;
./datasets/SuffixArchivos/Mezcla//200_2.txt;fusible;0;0;
./datasets/SuffixArchivos/Mezcla//500.txt;fusible;0;0;
./datasets/SuffixArchivos/Mezcla//500_2.txt;fusible;0;0;
./datasets/SuffixArchivos/Mezcla//1000.txt;unjagged;0;0;
./datasets/SuffixArchivos/Mezcla//1000_2.txt;unjagged;0;0;
./datasets/SuffixArchivos/Mezcla//1000_3.txt;unjagged;0;0;
./datasets/SuffixArchivos/Mezcla//1000_4.txt;unjagged;0;0;
./datasets/SuffixArchivos/Mezcla//1000_5.txt;unjagged;0;0;
./datasets/SuffixArchivos/Mezcla//1000_6.txt;unjagged;0;0;
./datasets/SuffixArchivos/Mezcla//200.txt;unjagged;0;0;
./datasets/SuffixArchivos/Mezcla//200_2.txt;unjagged;0;0;
./datasets/SuffixArchivos/Mezcla//500.txt;unjagged;0;0;
./datasets/SuffixArchivos/Mezcla//500_2.txt;unjagged;0;0;
./datasets/SuffixArchivos/Mezcla//1000.txt;lazaret;0;0.001;
./datasets/SuffixArchivos/Mezcla//1000_2.txt;lazaret;0;0.001;
./datasets/SuffixArchivos/Mezcla//1000_3.txt;lazaret;0;0.001;
./datasets/SuffixArchivos/Mezcla//1000_4.txt;lazaret;0;0.001;
./datasets/SuffixArchivos/Mezcla//1000_5.txt;lazaret;0;0.001;
./datasets/SuffixArchivos/Mezcla//1000_6.txt;lazaret;0;0.001;
./datasets/SuffixArchivos/Mezcla//200.txt;lazaret;0;0.001;
./datasets/SuffixArchivos/Mezcla//200_2.txt;lazaret;0;0.001;
./datasets/SuffixArchivos/Mezcla//500.txt;lazaret;0;0.001;
./datasets/SuffixArchivos/Mezcla//500_2.txt;lazaret;0;0.001;
./datasets/SuffixArchivos/Mezcla//1000.txt;childlike;0;0;
./datasets/SuffixArchivos/Mezcla//1000_2.txt;childlike;0;0;
./datasets/SuffixArchivos/Mezcla//1000_3.txt;childlike;0;0;
./datasets/SuffixArchivos/Mezcla//1000_4.txt;childlike;0;0;
./datasets/SuffixArchivos/Mezcla//1000_5.txt;childlike;0;0;
./datasets/SuffixArchivos/Mezcla//1000_6.txt;childlike;0;0;
./datasets/SuffixArchivos/Mezcla//200.txt;childlike;0;0;
./datasets/SuffixArchivos/Mezcla//200_2.txt;childlike;0;0;
./datasets/SuffixArchivos/Mezcla//500.txt;childlike;0;0;
./datasets/SuffixArchivos/Mezcla//500_2.txt;childlike;0;0;
./datasets/SuffixArchivos/Mezcla//1000.txt;Sid;0;0.000999;
./datasets/SuffixArchivos/Mezcla//1000_2.txt;Sid;0;0.000999;
./datasets/SuffixArchivos/Mezcla//1000_3.txt;Sid;0;0.000999;
./datasets/SuffixArchivos/Mezcla//1000_4.txt;Sid;0;0.000999;
./datasets/SuffixArchivos/Mezcla//1000_5.txt;Sid;0;0.000999;
./datasets/SuffixArchivos/Mezcla//1000_6.txt;Sid;0;0.000999;
./datasets/SuffixArchivos/Mezcla//200.txt;Sid;0;0.000999;
./datasets/SuffixArchivos/Mezcla//200_2.txt;Sid;0;0.000999;
./datasets/SuffixArchivos/Mezcla//500.txt;Sid;0;0.000999;
./datasets/SuffixArchivos/Mezcla//500_2.txt;Sid;0;0.000999;
./datasets/SuffixArchivos/Mezcla//1000.txt;dihydroxy;0;0;
./datasets/SuffixArchivos/Mezcla//1000_2.txt;dihydroxy;0;0;
./datasets/SuffixArchivos/Mezcla//1000_3.txt;dihydroxy;0;0;
./datasets/SuffixArchivos/Mezcla//1000_4.txt;dihydroxy;0;0;
./datasets/SuffixArchivos/Mezcla//1000_5.txt;dihydroxy;0;0;
./datasets/SuffixArchivos/Mezcla//1000_6.txt;dihydroxy;0;0;
./datasets/SuffixArchivos/Mezcla//200.txt;dihydroxy;0;0;
./datasets/SuffixArchivos/Mezcla//200_2.txt;dihydroxy;0;0;
./datasets/SuffixArchivos/Mezcla//500.txt;dihydroxy;0;0;
./datasets/SuffixArchivos/Mezcla//500_2.txt;dihydroxy;0;0;
./datasets/SuffixArchivos/Mezcla//1000.txt;extractible;0;0.000999;
./datasets/SuffixArchivos/Mezcla//1000_2.txt;extractible;0;0.000999;
./datasets/SuffixArchivos/Mezcla//1000_3.txt;extractible;0;0.000999;
./datasets/SuffixArchivos/Mezcla//1000_4.txt;extractible;0;0.000999;
./datasets/SuffixArchivos/Mezcla//1000_5.txt;extractible;0;0.000999;
./datasets/SuffixArchivos/Mezcla//1000_6.txt;extractible;0;0.000999;
./datasets/SuffixArchivos/Mezcla//200.txt;extractible;0;0.000999;
./datasets/SuffixArchivos/Mezcla//200_2.txt;extractible;0;0.000999;
./datasets/SuffixArchivos/Mezcla//500.txt;extractible;0;0.000999;
./datasets/SuffixArchivos/Mezcla//500_2.txt;extractible;0;0.000999;
./datasets/SuffixArchivos/Mezcla//1000.txt;hammy;0;0;
./datasets/SuffixArchivos/Mezcla//1000_2.txt;hammy;0;0;
./datasets/SuffixArchivos/Mezcla//1000_3.txt;hammy;0;0;
./datasets/SuffixArchivos/Mezcla//1000_4.txt;hammy;0;0;
./datasets/SuffixArchivos/Mezcla//1000_5.txt;hammy;0;0;
./datasets/SuffixArchivos/Mezcla//1000_6.txt;hammy;0;0;
./datasets/SuffixArchivos/Mezcla//200.txt;hammy;0;0;
./datasets/SuffixArchivos/Mezcla//200_2.txt;hammy;0;0;
./datasets/SuffixArchivos/Mezcla//500.txt;hammy;0;0;
./datasets/SuffixArchivos/Mezcla//500_2.txt;hammy;0;0;
./datasets/SuffixArchivos/Mezcla//1000.txt;impetition;0;0.001;
./datasets/SuffixArchivos/Mezcla//1000_2.txt;impetition;0;0.001;
./datasets/SuffixArchivos/Mezcla//1000_3.txt;impetition;0;0.001;
./datasets/SuffixArchivos/Mezcla//1000_4.txt;impetition;0;0.001;
./datasets/SuffixArchivos/Mezcla//1000_5.txt;impetition;0;0.001;
./datasets/SuffixArchivos/Mezcla//1000_6.txt;impetition;0;0.001;
./datasets/SuffixArchivos/Mezcla//200.txt;impetition;0;0.001;
./datasets/SuffixArchivos/Mezcla//200_2.txt;impetition;0;0.001;
./datasets/SuffixArchivos/Mezcla//500.txt;impetition;0;0.001;
./datasets/SuffixArchivos/Mezcla//500_2.txt;impetition;0;0.001;
./datasets/SuffixArchivos/Mezcla//1000.txt;rissel;0;0;
./datasets/SuffixArchivos/Mezcla//1000_2.txt;rissel;0;0;
./datasets/SuffixArchivos/Mezcla//1000_3.txt;rissel;0;0;
./datasets/SuffixArchivos/Mezcla//1000_4.txt;rissel;0;0;
./datasets/SuffixArchivos/Mezcla//1000_5.txt;rissel;0;0;
./datasets/SuffixArchivos/Mezcla//1000_6.txt;rissel;0;0;
./datasets/SuffixArchivos/Mezcla//200.txt;rissel;0;0;
./datasets/SuffixArchivos/Mezcla//200_2.txt;rissel;0;0;
./datasets/SuffixArchivos/Mezcla//500.txt;rissel;0;0;
./datasets/SuffixArchivos/Mezcla//500_2.txt;rissel;0;0;
./datasets/SuffixArchivos/Mezcla//1000.txt;principalness;0;0.000999;
./datasets/SuffixArchivos/Mezcla//1000_2.txt;principalness;0;0.000999;
./datasets/SuffixArchivos/Mezcla//1000_3.txt;principalness;0;0.000999;
./datasets/SuffixArchivos/Mezcla//1000_4.txt;principalness;0;0.000999;
./datasets/SuffixArchivos/Mezcla//1000_5.txt;principalness;0;0.000999;
./datasets/SuffixArchivos/Mezcla//1000_6.txt;principalness;0;0.000999;
./datasets/SuffixArchivos/Mezcla//200.txt;principalness;0;0.000999;
./datasets/SuffixArchivos/Mezcla//200_2.txt;principalness;0;0.000999;
./datasets/SuffixArchivos/Mezcla//500.txt;principalness;0;0.000999;
./datasets/SuffixArchivos/Mezcla//500_2.txt;principalness;0;0.000999;
./datasets/SuffixArchivos/Mezcla//1000.txt;parsonage;0;0;
./datasets/SuffixArchivos/Mezcla//1000_2.txt;parsonage;0;0;
./datasets/SuffixArchivos/Mezcla//1000_3.txt;parsonage;0;0;
./datasets/SuffixArchivos/Mezcla//1000_4.txt;parsonage;0;0;
./datasets/SuffixArchivos/Mezcla//1000_5.txt;parsonage;0;0;
./datasets/SuffixArchivos/Mezcla//1000_6.txt;parsonage;0;0;
./datasets/SuffixArchivos/Mezcla//200.txt;parsonage;0;0;
./datasets/SuffixArchivos/Mezcla//200_2.txt;parsonage;0;0;
./datasets/SuffixArchivos/Mezcla//500.txt;parsonage;0;0;
./datasets/SuffixArchivos/Mezcla//500_2.txt;parsonage;0;0;
./datasets/SuffixArchivos/Mezcla//1000.txt;yogoite;0;0;
./datasets/SuffixArchivos/Mezcla//1000_2.txt;yogoite;0;0;
./datasets/SuffixArchivos/Mezcla//1000_3.txt;yogoite;0;0;
./datasets/SuffixArchivos/Mezcla//1000_4.txt;yogoite;0;0;
./datasets/SuffixArchivos/Mezcla//1000_5.txt;yogoite;0;0;
./datasets/SuffixArchivos/Mezcla//1000_6.txt;yogoite;0;0;
./datasets/SuffixArchivos/Mezcla//200.txt;yogoite;0;0;
./datasets/SuffixArchivos/Mezcla//200_2.txt;yogoite;0;0;
./datasets/SuffixArchivos/Mezcla//500.txt;yogoite;0;0;
./datasets/SuffixArchivos/Mezcla//500_2.txt;yogoite;0;0;
./datasets/SuffixArchivos/Mezcla//1000.txt;extratension;0;0;
./datasets/SuffixArchivos/Mezcla//1000_2.txt;extratension;0;0;
./datasets/SuffixArchivos/Mezcla//1000_3.txt;extratension;0;0;
./datasets/SuffixArchivos/Mezcla//1000_4.txt;extratension;0;0;
./datasets/SuffixArchivos/Mezcla//1000_5.txt;extratension;0;0;
./datasets/SuffixArchivos/Mezcla//1000_6.txt;extratension;0;0;
./datasets/SuffixArchivos/Mezcla//200.txt;extratension;0;0;
./datasets/SuffixArchivos/Mezcla//200_2.txt;extratension;0;0;
./datasets/SuffixArchivos/Mezcla//500.txt;extratension;0;0;
./datasets/SuffixArchivos/Mezcla//500_2.txt;extratension;0;0;
./datasets/SuffixArchivos/Mezcla//1000.txt;bombastic;0;0;
./datasets/SuffixArchivos/Mezcla//1000_2.txt;bombastic;0;0;
./datasets/SuffixArchivos/Mezcla//1000_3.txt;bombastic;0;0;
./datasets/SuffixArchivos/Mezcla//1000_4.txt;bombastic;0;0;
./datasets/SuffixArchivos/Mezcla//1000_5.txt;bombastic;0;0;
./datasets/SuffixArchivos/Mezcla//1000_6.txt;bombastic;0;0;
./datasets/SuffixArchivos/Mezcla//200.txt;bombastic;0;0;
./datasets/SuffixArchivos/Mezcla//200_2.txt;bombastic;0;0;
./datasets/SuffixArchivos/Mezcla//500.txt;bombastic;0;0;
./datasets/SuffixArchivos/Mezcla//500_2.txt;bombastic;0;0;
./datasets/SuffixArchivos/Mezcla//1000.txt;reblow;0;0;
./datasets/SuffixArchivos/Mezcla//1000_2.txt;reblow;0;0;
./datasets/SuffixArchivos/Mezcla//1000_3.txt;reblow;0;0;
./datasets/SuffixArchivos/Mezcla//1000_4.txt;reblow;0;0;
./datasets/SuffixArchivos/Mezcla//1000_5.txt;reblow;0;0;
./datasets/SuffixArchivos/Mezcla//1000_6.txt;reblow;0;0;
./datasets/SuffixArchivos/Mezcla//200.txt;reblow;0;0;
./datasets/SuffixArchivos/Mezcla//200_2.txt;reblow;0;0;
./datasets/SuffixArchivos/Mezcla//500.txt;reblow;0;0;
./datasets/SuffixArchivos/Mezcla//500_2.txt;reblow;0;0;
./datasets/SuffixArchivos/Mezcla//1000.txt;Phajus;0;0;
./datasets/SuffixArchivos/Mezcla//1000_2.txt;Phajus;0;0;
./datasets/SuffixArchivos/Mezcla//1000_3.txt;Phajus;0;0;
./datasets/SuffixArchivos/Mezcla//1000_4.txt;Phajus;0;0;
./datasets/SuffixArchivos/Mezcla//1000_5.txt;Phajus;0;0;
./datasets/SuffixArchivos/Mezcla//1000_6.txt;Phajus;0;0;
./datasets/SuffixArchivos/Mezcla//200.txt;Phajus;0;0;
./datasets/SuffixArchivos/Mezcla//200_2.txt;Phajus;0;0;
./datasets/SuffixArchivos/Mezcla//500.txt;Phajus;0;0;
./datasets/SuffixArchivos/Mezcla//500_2.txt;Phajus;0;0;
./datasets/SuffixArchivos/Mezcla//1000.txt;merchantableness;0;0;
./datasets/SuffixArchivos/Mezcla//1000_2.txt;merchantableness;0;0;
./datasets/SuffixArchivos/Mezcla//1000_3.txt;merchantableness;0;0;
./datasets/SuffixArchivos/Mezcla//1000_4.txt;merchantableness;0;0;
./datasets/SuffixArchivos/Mezcla//1000_5.txt;merchantableness;0;0;
./datasets/SuffixArchivos/Mezcla//1000_6.txt;merchantableness;0;0;
./datasets/SuffixArchivos/Mezcla//200.txt;merchantableness;0;0;
./datasets/SuffixArchivos/Mezcla//200_2.txt;merchantableness;0;0;
./datasets/SuffixArchivos/Mezcla//500.txt;merchantableness;0;0;
./datasets/SuffixArchivos/Mezcla//500_2.txt;merchantableness;0;0;
./datasets/SuffixArchivos/Mezcla//1000.txt;Dyophysitism;0;0;
./datasets/SuffixArchivos/Mezcla//1000_2.txt;Dyophysitism;0;0;
./datasets/SuffixArchivos/Mezcla//1000_3.txt;Dyophysitism;0;0;
./datasets/SuffixArchivos/Mezcla//1000_4.txt;Dyophysitism;0;0;
./datasets/SuffixArchivos/Mezcla//1000_5.txt;Dyophysitism;0;0;
./datasets/SuffixArchivos/Mezcla//1000_6.txt;Dyophysitism;0;0;
./datasets/SuffixArchivos/Mezcla//200.txt;Dyophysitism;0;0;
./datasets/SuffixArchivos/Mezcla//200_2.txt;Dyophysitism;0;0;
./datasets/SuffixArchivos/Mezcla//500.txt;Dyophysitism;0;0;
./datasets/SuffixArchivos/Mezcla//500_2.txt;Dyophysitism;0;0;
./datasets/SuffixArchivos/Mezcla//1000.txt;attainability;0;0;
./datasets/SuffixArchivos/Mezcla//1000_2.txt;attainability;0;0;
./datasets/SuffixArchivos/Mezcla//1000_3.txt;attainability;0;0;
./datasets/SuffixArchivos/Mezcla//1000_4.txt;attainability;0;0;
./datasets/SuffixArchivos/Mezcla//1000_5.txt;attainability;0;0;
./datasets/SuffixArchivos/Mezcla//1000_6.txt;attainability;0;0;
./datasets/SuffixArchivos/Mezcla//200.txt;attainability;0;0;
./datasets/SuffixArchivos/Mezcla//200_2.txt;attainability;0;0;
./datasets/SuffixArchivos/Mezcla//500.txt;attainability;0;0;
./datasets/SuffixArchivos/Mezcla//500_2.txt;attainability;0;0;
./datasets/SuffixArchivos/Mezcla//1000.txt;mycomycete;0;0;
./datasets/SuffixArchivos/Mezcla//1000_2.txt;mycomycete;0;0;
./datasets/SuffixArchivos/Mezcla//1000_3.txt;mycomycete;0;0;
./datasets/SuffixArchivos/Mezcla//1000_4.txt;mycomycete;0;0;
./datasets/SuffixArchivos/Mezcla//1000_5.txt;mycomycete;0;0;
./datasets/SuffixArchivos/Mezcla//1000_6.txt;mycomycete;0;0;
./datasets/SuffixArchivos/Mezcla//200.txt;mycomycete;0;0;
./datasets/SuffixArchivos/Mezcla//200_2.txt;mycomycete;0;0;
./datasets/SuffixArchivos/Mezcla//500.txt;mycomycete;0;0;
./datasets/SuffixArchivos/Mezcla//500_2.txt;mycomycete;0;0;
./datasets/SuffixArchivos/Mezcla//1000.txt;unequated;0;0;
./datasets/SuffixArchivos/Mezcla//1000_2.txt;unequated;0;0;
./datasets/SuffixArchivos/Mezcla//1000_3.txt;unequated;0;0;
./datasets/SuffixArchivos/Mezcla//1000_4.txt;unequated;0;0;
./datasets/SuffixArchivos/Mezcla//1000_5.txt;unequated;0;0;
./datasets/SuffixArchivos/Mezcla//1000_6.txt;unequated;0;0;
./datasets/SuffixArchivos/Mezcla//200.txt;unequated;0;0;
./datasets/SuffixArchivos/Mezcla//200_2.txt;unequated;0;0;
./datasets/SuffixArchivos/Mezcla//500.txt;unequated;0;0;
./datasets/SuffixArchivos/Mezcla//500_2.txt;unequated;0;0;
./datasets/SuffixArchivos/Mezcla//1000.txt;exalate;0;0;
./datasets/SuffixArchivos/Mezcla//1000_2.txt;exalate;0;0;
./datasets/SuffixArchivos/Mezcla//1000_3.txt;exalate;0;0;
./datasets/SuffixArchivos/Mezcla//1000_4.txt;exalate;0;0;
./datasets/SuffixArchivos/Mezcla//1000_5.txt;exalate;0;0;
./datasets/SuffixArchivos/Mezcla//1000_6.txt;exalate;0;0;
./datasets/SuffixArchivos/Mezcla//200.txt;exalate;0;0;
./datasets/SuffixArchivos/Mezcla//200_2.txt;exalate;0;0;
./datasets/SuffixArchivos/Mezcla//500.txt;exalate;0;0;
./datasets/SuffixArchivos/Mezcla//500_2.txt;exalate;0;0;
./datasets/SuffixArchivos/Mezcla//1000.txt;rerun;0;0;
./datasets/SuffixArchivos/Mezcla//1000_2.txt;rerun;0;0;
./datasets/SuffixArchivos/Mezcla//1000_3.txt;rerun;0;0;
./datasets/SuffixArchivos/Mezcla//1000_4.txt;rerun;0;0;
./datasets/SuffixArchivos/Mezcla//1000_5.txt;rerun;0;0;
./datasets/SuffixArchivos/Mezcla//1000_6.txt;rerun;0;0;
./datasets/SuffixArchivos/Mezcla//200.txt;rerun;0;0;
./datasets/SuffixArchivos/Mezcla//200_2.txt;rerun;0;0;
./datasets/SuffixArchivos/Mezcla//500.txt;rerun;0;0;
./datasets/SuffixArchivos/Mezcla//500_2.txt;rerun;0;0;
./datasets/SuffixArchivos/Mezcla//1000.txt;pneumonic;0;0;
./datasets/SuffixArchivos/Mezcla//1000_2.txt;pneumonic;0;0;
./datasets/SuffixArchivos/Mezcla//1000_3.txt;pneumonic;0;0;
./datasets/SuffixArchivos/Mezcla//1000_4.txt;pneumonic;0;0;
./datasets/SuffixArchivos/Mezcla//1000_5.txt;pneumonic;0;0;
./datasets/SuffixArchivos/Mezcla//1000_6.txt;pneumonic;0;0;
./datasets/SuffixArchivos/Mezcla//200.txt;pneumonic;0;0;
./datasets/SuffixArchivos/Mezcla//200_2.txt;pneumonic;0;0;
./datasets/SuffixArchivos/Mezcla//500.txt;pneumonic;0;0;
./datasets/SuffixArchivos/Mezcla//500_2.txt;pneumonic;0;0;
./datasets/SuffixArchivos/Mezcla//1000.txt;supersympathy;0;0;
./datasets/SuffixArchivos/Mezcla//1000_2.txt;supersympathy;0;0;
./datasets/SuffixArchivos/Mezcla//1000_3.txt;supersympathy;0;0;
./datasets/SuffixArchivos/Mezcla//1000_4.txt;supersympathy;0;0;
./datasets/SuffixArchivos/Mezcla//1000_5.txt;supersympathy;0;0;
./datasets/SuffixArchivos/Mezcla//1000_6.txt;supersympathy;0;0;
./datasets/SuffixArchivos/Mezcla//200.txt;supersympathy;0;0;
./datasets/SuffixArchivos/Mezcla//200_2.txt;supersympathy;0;0;
./datasets/SuffixArchivos/Mezcla//500.txt;supersympathy;0;0;
./datasets/SuffixArchivos/Mezcla//500_2.txt;supersympathy;0;0;
./datasets/SuffixArchivos/Mezcla//1000.txt;commenceable;0;0;
./datasets/SuffixArchivos/Mezcla//1000_2.txt;commenceable;0;0;
./datasets/SuffixArchivos/Mezcla//1000_3.txt;commenceable;0;0;
./datasets/SuffixArchivos/Mezcla//1000_4.txt;commenceable;0;0;
./datasets/SuffixArchivos/Mezcla//1000_5.txt;commenceable;0;0;
./datasets/SuffixArchivos/Mezcla//1000_6.txt;commenceable;0;0;
./datasets/SuffixArchivos/Mezcla//200.txt;commenceable;0;0;
./datasets/SuffixArchivos/Mezcla//200_2.txt;commenceable;0;0;
./datasets/SuffixArchivos/Mezcla//500.txt;commenceable;0;0;
./datasets/SuffixArchivos/Mezcla//500_2.txt;commenceable;0;0;
./datasets/SuffixArchivos/Mezcla//1000.txt;borele;0;0;
./datasets/SuffixArchivos/Mezcla//1000_2.txt;borele;0;0;
./datasets/SuffixArchivos/Mezcla//1000_3.txt;borele;0;0;
./datasets/SuffixArchivos/Mezcla//1000_4.txt;borele;0;0;
./datasets/SuffixArchivos/Mezcla//1000_5.txt;borele;0;0;
./datasets/SuffixArchivos/Mezcla//1000_6.txt;borele;0;0;
./datasets/SuffixArchivos/Mezcla//200.txt;borele;0;0;
./datasets/SuffixArchivos/Mezcla//200_2.txt;borele;0;0;
./datasets/SuffixArchivos/Mezcla//500.txt;borele;0;0;
./datasets/SuffixArchivos/Mezcla//500_2.txt;borele;0;0;
./datasets/SuffixArchivos/Mezcla//1000.txt;telemetric;0;0;
./datasets/SuffixArchivos/Mezcla//1000_2.txt;telemetric;0;0;
./datasets/SuffixArchivos/Mezcla//1000_3.txt;telemetric;0;0;
./datasets/SuffixArchivos/Mezcla//1000_4.txt;telemetric;0;0;
./datasets/SuffixArchivos/Mezcla//1000_5.txt;telemetric;0;0;
./datasets/SuffixArchivos/Mezcla//1000_6.txt;telemetric;0;0;
./datasets/SuffixArchivos/Mezcla//200.txt;telemetric;0;0;
./datasets/SuffixArchivos/Mezcla//200_2.txt;telemetric;0;0;
./datasets/SuffixArchivos/Mezcla//500.txt;telemetric;0;0;
./datasets/SuffixArchivos/Mezcla//500_2.txt;telemetric;0;0;
./datasets/SuffixArchivos/Mezcla//1000.txt;muskellunge;0;0.000999;
./datasets/SuffixArchivos/Mezcla//1000_2.txt;muskellunge;0;0.000999;
./datasets/SuffixArchivos/Mezcla//1000_3.txt;muskellunge;0;0.000999;
./datasets/SuffixArchivos/Mezcla//1000_4.txt;muskellunge;0;0.000999;
./datasets/SuffixArchivos/Mezcla//1000_5.txt;muskellunge;0;0.000999;
./datasets/SuffixArchivos/Mezcla//1000_6.txt;muskellunge;0;0.000999;
./datasets/SuffixArchivos/Mezcla//200.txt;muskellunge;0;0.000999;
./datasets/SuffixArchivos/Mezcla//200_2.txt;muskellunge;0;0.000999;
./datasets/SuffixArchivos/Mezcla//500.txt;muskellunge;0;0.000999;
./datasets/SuffixArchivos/Mezcla//500_2.txt;muskellunge;0;0.000999;
./datasets/SuffixArchivos/Mezcla//1000.txt;eutropic;0;0;
./datasets/SuffixArchivos/Mezcla//1000_2.txt;eutropic;0;0;
./datasets/SuffixArchivos/Mezcla//1000_3.txt;eutropic;0;0;
./datasets/SuffixArchivos/Mezcla//1000_4.txt;eutropic;0;0;
./datasets/SuffixArchivos/Mezcla//1000_5.txt;eutropic;0;0;
./datasets/SuffixArchivos/Mezcla//1000_6.txt;eutropic;0;0;
./datasets/SuffixArchivos/Mezcla//200.txt;eutropic;0;0;
./datasets/SuffixArchivos/Mezcla//200_2.txt;eutropic;0;0;
./datasets/SuffixArchivos/Mezcla//500.txt;eutropic;0;0;
./datasets/SuffixArchivos/Mezcla//500_2.txt;eutropic;0;0;
./datasets/SuffixArchivos/Mezcla//1000.txt;Actaeon;0;0.001005;
./datasets/SuffixArchivos/Mezcla//1000_2.txt;Actaeon;0;0.001005;
./datasets/SuffixArchivos/Mezcla//1000_3.txt;Actaeon;0;0.001005;
./datasets/SuffixArchivos/Mezcla//1000_4.txt;Actaeon;0;0.001005;
./datasets/SuffixArchivos/Mezcla//1000_5.txt;Actaeon;0;0.001005;
./datasets/SuffixArchivos/Mezcla//1000_6.txt;Actaeon;0;0.001005;
./datasets/SuffixArchivos/Mezcla//200.txt;Actaeon;0;0.001005;
./datasets/SuffixArchivos/Mezcla//200_2.txt;Actaeon;0;0.001005;
./datasets/SuffixArchivos/Mezcla//500.txt;Actaeon;0;0.001005;
./datasets/SuffixArchivos/Mezcla//500_2.txt;Actaeon;0;0.001005;
./datasets/SuffixArchivos/Mezcla//1000.txt;consentiently;0;0;
./datasets/SuffixArchivos/Mezcla//1000_2.txt;consentiently;0;0;
./datasets/SuffixArchivos/Mezcla//1000_3.txt;consentiently;0;0;
./datasets/SuffixArchivos/Mezcla//1000_4.txt;consentiently;0;0;
./datasets/SuffixArchivos/Mezcla//1000_5.txt;consentiently;0;0;
./datasets/SuffixArchivos/Mezcla//1000_6.txt;consentiently;0;0;
./datasets/SuffixArchivos/Mezcla//200.txt;consentiently;0;0;
./datasets/SuffixArchivos/Mezcla//200_2.txt;consentiently;0;0;
./datasets/SuffixArchivos/Mezcla//500.txt;consentiently;0;0;
./datasets/SuffixArchivos/Mezcla//500_2.txt;consentiently;0;0;
./datasets/SuffixArchivos/Mezcla//1000.txt;deferment;0;0.000991;
./datasets/SuffixArchivos/Mezcla//1000_2.txt;deferment;0;0.000991;
./datasets/SuffixArchivos/Mezcla//1000_3.txt;deferment;0;0.000991;
./datasets/SuffixArchivos/Mezcla//1000_4.txt;deferment;0;0.000991;
./datasets/SuffixArchivos/Mezcla//1000_5.txt;deferment;0;0.000991;
./datasets/SuffixArchivos/Mezcla//1000_6.txt;deferment;0;0.000991;
./datasets/SuffixArchivos/Mezcla//200.txt;deferment;0;0.000991;
./datasets/SuffixArchivos/Mezcla//200_2.txt;deferment;0;0.000991;
./datasets/SuffixArchivos/Mezcla//500.txt;deferment;0;0.000991;
./datasets/SuffixArchivos/Mezcla//500_2.txt;deferment;0;0.000991;
./datasets/SuffixArchivos/Mezcla//1000.txt;microdrawing;0;0;
./datasets/SuffixArchivos/Mezcla//1000_2.txt;microdrawing;0;0;
./datasets/SuffixArchivos/Mezcla//1000_3.txt;microdrawing;0;0;
./datasets/SuffixArchivos/Mezcla//1000_4.txt;microdrawing;0;0;
./datasets/SuffixArchivos/Mezcla//1000_5.txt;microdrawing;0;0;
./datasets/SuffixArchivos/Mezcla//1000_6.txt;microdrawing;0;0;
./datasets/SuffixArchivos/Mezcla//200.txt;microdrawing;0;0;
./datasets/SuffixArchivos/Mezcla//200_2.txt;microdrawing;0;0;
./datasets/SuffixArchivos/Mezcla//500.txt;microdrawing;0;0;
./datasets/SuffixArchivos/Mezcla//500_2.txt;microdrawing;0;0;
./datasets/SuffixArchivos/Mezcla//1000.txt;behammer;0;0;
./datasets/SuffixArchivos/Mezcla//1000_2.txt;behammer;0;0;
./datasets/SuffixArchivos/Mezcla//1000_3.txt;behammer;0;0;
./datasets/SuffixArchivos/Mezcla//1000_4.txt;behammer;0;0;
./datasets/SuffixArchivos/Mezcla//1000_5.txt;behammer;0;0;
./datasets/SuffixArchivos/Mezcla//1000_6.txt;behammer;0;0;
./datasets/SuffixArchivos/Mezcla//200.txt;behammer;0;0;
./datasets/SuffixArchivos/Mezcla//200_2.txt;behammer;0;0;
./datasets/SuffixArchivos/Mezcla//500.txt;behammer;0;0;
./datasets/SuffixArchivos/Mezcla//500_2.txt;behammer;0;0;
./datasets/SuffixArchivos/Mezcla//1000.txt;Acacian;0;0;
./datasets/SuffixArchivos/Mezcla//1000_2.txt;Acacian;0;0;
./datasets/SuffixArchivos/Mezcla//1000_3.txt;Acacian;0;0;
./datasets/SuffixArchivos/Mezcla//1000_4.txt;Acacian;0;0;
./datasets/SuffixArchivos/Mezcla//1000_5.txt;Acacian;0;0;
./datasets/SuffixArchivos/Mezcla//1000_6.txt;Acacian;0;0;
./datasets/SuffixArchivos/Mezcla//200.txt;Acacian;0;0;
./datasets/SuffixArchivos/Mezcla//200_2.txt;Acacian;0;0;
./datasets/SuffixArchivos/Mezcla//500.txt;Acacian;0;0;
./datasets/SuffixArchivos/Mezcla//500_2.txt;Acacian;0;0;
./datasets/SuffixArchivos/Mezcla//1000.txt;guanaco;0;0.000999;
./datasets/SuffixArchivos/Mezcla//1000_2.txt;guanaco;0;0.000999;
./datasets/SuffixArchivos/Mezcla//1000_3.txt;guanaco;0;0.000999;
./datasets/SuffixArchivos/Mezcla//1000_4.txt;guanaco;0;0.000999;
./datasets/SuffixArchivos/Mezcla//1000_5.txt;guanaco;0;0.000999;
./datasets/SuffixArchivos/Mezcla//1000_6.txt;guanaco;0;0.000999;
./datasets/SuffixArchivos/Mezcla//200.txt;guanaco;0;0.000999;
./datasets/SuffixArchivos/Mezcla//200_2.txt;guanaco;0;0.000999;
./datasets/SuffixArchivos/Mezcla//500.txt;guanaco;0;0.000999;
./datasets/SuffixArchivos/Mezcla//500_2.txt;guanaco;0;0.000999;
./datasets/SuffixArchivos/Mezcla//1000.txt;unkillable;0;0;
./datasets/SuffixArchivos/Mezcla//1000_2.txt;unkillable;0;0;
./datasets/SuffixArchivos/Mezcla//1000_3.txt;unkillable;0;0;
./datasets/SuffixArchivos/Mezcla//1000_4.txt;unkillable;0;0;
./datasets/SuffixArchivos/Mezcla//1000_5.txt;unkillable;0;0;
./datasets/SuffixArchivos/Mezcla//1000_6.txt;unkillable;0;0;
./datasets/SuffixArchivos/Mezcla//200.txt;unkillable;0;0;
./datasets/SuffixArchivos/Mezcla//200_2.txt;unkillable;0;0;
./datasets/SuffixArchivos/Mezcla//500.txt;unkillable;0;0;
./datasets/SuffixArchivos/Mezcla//500_2.txt;unkillable;0;0;
./datasets/SuffixArchivos/Mezcla//1000.txt;eave;8;0.001;
./datasets/SuffixArchivos/Mezcla//1000_2.txt;eave;8;0.001;
./datasets/SuffixArchivos/Mezcla//1000_3.txt;eave;7;0.001;
./datasets/SuffixArchivos/Mezcla//1000_4.txt;eave;10;0.001;
./datasets/SuffixArchivos/Mezcla//1000_5.txt;eave;13;0.001;
./datasets/SuffixArchivos/Mezcla//1000_6.txt;eave;14;0.001;
./datasets/SuffixArchivos/Mezcla//200.txt;eave;0;0.001;
./datasets/SuffixArchivos/Mezcla//200_2.txt;eave;0;0.001;
./datasets/SuffixArchivos/Mezcla//500.txt;eave;2;0.001;
./datasets/SuffixArchivos/Mezcla//500_2.txt;eave;0;0.001;
./datasets/SuffixArchivos/Mezcla//1000.txt;empyrean;0;0;
./datasets/SuffixArchivos/Mezcla//1000_2.txt;empyrean;0;0;
./datasets/SuffixArchivos/Mezcla//1000_3.txt;empyrean;0;0;
./datasets/SuffixArchivos/Mezcla//1000_4.txt;empyrean;0;0;
./datasets/SuffixArchivos/Mezcla//1000_5.txt;empyrean;0;0;
./datasets/SuffixArchivos/Mezcla//1000_6.txt;empyrean;0;0;
./datasets/SuffixArchivos/Mezcla//200.txt;empyrean;0;0;
./datasets/SuffixArchivos/Mezcla//200_2.txt;empyrean;0;0;
./datasets/SuffixArchivos/Mezcla//500.txt;empyrean;0;0;
./datasets/SuffixArchivos/Mezcla//500_2.txt;empyrean;0;0;
./datasets/SuffixArchivos/Mezcla//1000.txt;nondivergent;0;0.001004;
./datasets/SuffixArchivos/Mezcla//1000_2.txt;nondivergent;0;0.001004;
./datasets/SuffixArchivos/Mezcla//1000_3.txt;nondivergent;0;0.001004;
./datasets/SuffixArchivos/Mezcla//1000_4.txt;nondivergent;0;0.001004;
./datasets/SuffixArchivos/Mezcla//1000_5.txt;nondivergent;0;0.001004;
./datasets/SuffixArchivos/Mezcla//1000_6.txt;nondivergent;0;0.001004;
./datasets/SuffixArchivos/Mezcla//200.txt;nondivergent;0;0.001004;
./datasets/SuffixArchivos/Mezcla//200_2.txt;nondivergent;0;0.001004;
./datasets/SuffixArchivos/Mezcla//500.txt;nondivergent;0;0.001004;
./datasets/SuffixArchivos/Mezcla//500_2.txt;nondivergent;0;0.001004;
./datasets/SuffixArchivos/Mezcla//1000.txt;dubitatingly;0;0;
./datasets/SuffixArchivos/Mezcla//1000_2.txt;dubitatingly;0;0;
./datasets/SuffixArchivos/Mezcla//1000_3.txt;dubitatingly;0;0;
./datasets/SuffixArchivos/Mezcla//1000_4.txt;dubitatingly;0;0;
./datasets/SuffixArchivos/Mezcla//1000_5.txt;dubitatingly;0;0;
./datasets/SuffixArchivos/Mezcla//1000_6.txt;dubitatingly;0;0;
./datasets/SuffixArchivos/Mezcla//200.txt;dubitatingly;0;0;
./datasets/SuffixArchivos/Mezcla//200_2.txt;dubitatingly;0;0;
./datasets/SuffixArchivos/Mezcla//500.txt;dubitatingly;0;0;
./datasets/SuffixArchivos/Mezcla//500_2.txt;dubitatingly;0;0;
./datasets/SuffixArchivos/Mezcla//1000.txt;existentially;0;0;
./datasets/SuffixArchivos/Mezcla//1000_2.txt;existentially;0;0;
./datasets/SuffixArchivos/Mezcla//1000_3.txt;existentially;0;0;
./datasets/SuffixArchivos/Mezcla//1000_4.txt;existentially;0;0;
./datasets/SuffixArchivos/Mezcla//1000_5.txt;existentially;0;0;
./datasets/SuffixArchivos/Mezcla//1000_6.txt;existentially;0;0;
./datasets/SuffixArchivos/Mezcla//200.txt;existentially;0;0;
./datasets/SuffixArchivos/Mezcla//200_2.txt;existentially;0;0;
./datasets/SuffixArchivos/Mezcla//500.txt;existentially;0;0;
./datasets/SuffixArchivos/Mezcla//500_2.txt;existentially;0;0;
./datasets/SuffixArchivos/Mezcla//1000.txt;pelvisternum;0;0;
./datasets/SuffixArchivos/Mezcla//1000_2.txt;pelvisternum;0;0;
./datasets/SuffixArchivos/Mezcla//1000_3.txt;pelvisternum;0;0;
./datasets/SuffixArchivos/Mezcla//1000_4.txt;pelvisternum;0;0;
./datasets/SuffixArchivos/Mezcla//1000_5.txt;pelvisternum;0;0;
./datasets/SuffixArchivos/Mezcla//1000_6.txt;pelvisternum;0;0;
./datasets/SuffixArchivos/Mezcla//200.txt;pelvisternum;0;0;
./datasets/SuffixArchivos/Mezcla//200_2.txt;pelvisternum;0;0;
./datasets/SuffixArchivos/Mezcla//500.txt;pelvisternum;0;0;
./datasets/SuffixArchivos/Mezcla//500_2.txt;pelvisternum;0;0;
./datasets/SuffixArchivos/Mezcla//1000.txt;Siva;0;0;
./datasets/SuffixArchivos/Mezcla//1000_2.txt;Siva;0;0;
./datasets/SuffixArchivos/Mezcla//1000_3.txt;Siva;0;0;
./datasets/SuffixArchivos/Mezcla//1000_4.txt;Siva;0;0;
./datasets/SuffixArchivos/Mezcla//1000_5.txt;Siva;0;0;
./datasets/SuffixArchivos/Mezcla//1000_6.txt;Siva;0;0;
./datasets/SuffixArchivos/Mezcla//200.txt;Siva;0;0;
./datasets/SuffixArchivos/Mezcla//200_2.txt;Siva;0;0;
./datasets/SuffixArchivos/Mezcla//500.txt;Siva;0;0;
./datasets/SuffixArchivos/Mezcla//500_2.txt;Siva;0;0;
./datasets/SuffixArchivos/Mezcla//1000.txt;Birkenhead;0;0;
./datasets/SuffixArchivos/Mezcla//1000_2.txt;Birkenhead;0;0;
./datasets/SuffixArchivos/Mezcla//1000_3.txt;Birkenhead;0;0;
./datasets/SuffixArchivos/Mezcla//1000_4.txt;Birkenhead;0;0;
./datasets/SuffixArchivos/Mezcla//1000_5.txt;Birkenhead;0;0;
./datasets/SuffixArchivos/Mezcla//1000_6.txt;Birkenhead;0;0;
./datasets/SuffixArchivos/Mezcla//200.txt;Birkenhead;0;0;
./datasets/SuffixArchivos/Mezcla//200_2.txt;Birkenhead;0;0;
./datasets/SuffixArchivos/Mezcla//500.txt;Birkenhead;0;0;
./datasets/SuffixArchivos/Mezcla//500_2.txt;Birkenhead;0;0;
./datasets/SuffixArchivos/Mezcla//1000.txt;sneeshing;0;0.000986;
./datasets/SuffixArchivos/Mezcla//1000_2.txt;sneeshing;0;0.000986;
./datasets/SuffixArchivos/Mezcla//1000_3.txt;sneeshing;0;0.000986;
./datasets/SuffixArchivos/Mezcla//1000_4.txt;sneeshing;0;0.000986;
./datasets/SuffixArchivos/Mezcla//1000_5.txt;sneeshing;0;0.000986;
./datasets/SuffixArchivos/Mezcla//1000_6.txt;sneeshing;0;0.000986;
./datasets/SuffixArchivos/Mezcla//200.txt;sneeshing;0;0.000986;
./datasets/SuffixArchivos/Mezcla//200_2.txt;sneeshing;0;0.000986;
./datasets/SuffixArchivos/Mezcla//500.txt;sneeshing;0;0.000986;
./datasets/SuffixArchivos/Mezcla//500_2.txt;sneeshing;0;0.000986;
./datasets/SuffixArchivos/Mezcla//1000.txt;Inodes;0;0;
./datasets/SuffixArchivos/Mezcla//1000_2.txt;Inodes;0;0;
./datasets/SuffixArchivos/Mezcla//1000_3.txt;Inodes;0;0;
./datasets/SuffixArchivos/Mezcla//1000_4.txt;Inodes;0;0;
./datasets/SuffixArchivos/Mezcla//1000_5.txt;Inodes;0;0;
./datasets/SuffixArchivos/Mezcla//1000_6.txt;Inodes;0;0;
./datasets/SuffixArchivos/Mezcla//200.txt;Inodes;0;0;
./datasets/SuffixArchivos/Mezcla//200_2.txt;Inodes;0;0;
./datasets/SuffixArchivos/Mezcla//500.txt;Inodes;0;0;
./datasets/SuffixArchivos/Mezcla//500_2.txt;Inodes;0;0;
./datasets/SuffixArchivos/Mezcla//1000.txt;worriedness;0;0.000999;
./datasets/SuffixArchivos/Mezcla//1000_2.txt;worriedness;0;0.000999;
./datasets/SuffixArchivos/Mezcla//1000_3.txt;worriedness;0;0.000999;
./datasets/SuffixArchivos/Mezcla//1000_4.txt;worriedness;0;0.000999;
./datasets/SuffixArchivos/Mezcla//1000_5.txt;worriedness;0;0.000999;
./datasets/SuffixArchivos/Mezcla//1000_6.txt;worriedness;0;0.000999;
./datasets/SuffixArchivos/Mezcla//200.txt;worriedness;0;0.000999;
./datasets/SuffixArchivos/Mezcla//200_2.txt;worriedness;0;0.000999;
./datasets/SuffixArchivos/Mezcla//500.txt;worriedness;0;0.000999;
./datasets/SuffixArchivos/Mezcla//500_2.txt;worriedness;0;0.000999;
./datasets/SuffixArchivos/Mezcla//1000.txt;outdraft;0;0;
./datasets/SuffixArchivos/Mezcla//1000_2.txt;outdraft;0;0;
./datasets/SuffixArchivos/Mezcla//1000_3.txt;outdraft;0;0;
./datasets/SuffixArchivos/Mezcla//1000_4.txt;outdraft;0;0;
./datasets/SuffixArchivos/Mezcla//1000_5.txt;outdraft;0;0;
./datasets/SuffixArchivos/Mezcla//1000_6.txt;outdraft;0;0;
./datasets/SuffixArchivos/Mezcla//200.txt;outdraft;0;0;
./datasets/SuffixArchivos/Mezcla//200_2.txt;outdraft;0;0;
./datasets/SuffixArchivos/Mezcla//500.txt;outdraft;0;0;
./datasets/SuffixArchivos/Mezcla//500_2.txt;outdraft;0;0;
./datasets/SuffixArchivos/Mezcla//1000.txt;squandermania;0;0;
./datasets/SuffixArchivos/Mezcla//1000_2.txt;squandermania;0;0;
./datasets/SuffixArchivos/Mezcla//1000_3.txt;squandermania;0;0;
./datasets/SuffixArchivos/Mezcla//1000_4.txt;squandermania;0;0;
./datasets/SuffixArchivos/Mezcla//1000_5.txt;squandermania;0;0;
./datasets/SuffixArchivos/Mezcla//1000_6.txt;squandermania;0;0;
./datasets/SuffixArchivos/Mezcla//200.txt;squandermania;0;0;
./datasets/SuffixArchivos/Mezcla//200_2.txt;squandermania;0;0;
./datasets/SuffixArchivos/Mezcla//500.txt;squandermania;0;0;
./datasets/SuffixArchivos/Mezcla//500_2.txt;squandermania;0;0;
