creacion: 0.001982;./datasets/SuffixArchivos/Mezcla//1000.txt;resink;0;0.001;
./datasets/SuffixArchivos/Mezcla//1000_2.txt;resink;0;0.001;
./datasets/SuffixArchivos/Mezcla//1000_3.txt;resink;0;0.001;
./datasets/SuffixArchivos/Mezcla//1000_4.txt;resink;0;0.001;
./datasets/SuffixArchivos/Mezcla//1000_5.txt;resink;0;0.001;
./datasets/SuffixArchivos/Mezcla//1000_6.txt;resink;0;0.001;
./datasets/SuffixArchivos/Mezcla//200.txt;resink;0;0.001;
./datasets/SuffixArchivos/Mezcla//200_2.txt;resink;0;0.001;
./datasets/SuffixArchivos/Mezcla//500.txt;resink;0;0.001;
./datasets/SuffixArchivos/Mezcla//500_2.txt;resink;0;0.001;
./datasets/SuffixArchivos/Mezcla//1000.txt;transversomedial;0;0;
./datasets/SuffixArchivos/Mezcla//1000_2.txt;transversomedial;0;0;
./datasets/SuffixArchivos/Mezcla//1000_3.txt;transversomedial;0;0;
./datasets/SuffixArchivos/Mezcla//1000_4.txt;transversomedial;0;0;
./datasets/SuffixArchivos/Mezcla//1000_5.txt;transversomedial;0;0;
./datasets/SuffixArchivos/Mezcla//1000_6.txt;transversomedial;0;0;
./datasets/SuffixArchivos/Mezcla//200.txt;transversomedial;0;0;
./datasets/SuffixArchivos/Mezcla//200_2.txt;transversomedial;0;0;
./datasets/SuffixArchivos/Mezcla//500.txt;transversomedial;0;0;
./datasets/SuffixArchivos/Mezcla//500_2.txt;transversomedial;0;0;
./datasets/SuffixArchivos/Mezcla//1000.txt;pharyngopathy;0;0;
./datasets/SuffixArchivos/Mezcla//1000_2.txt;pharyngopathy;0;0;
./datasets/SuffixArchivos/Mezcla//1000_3.txt;pharyngopathy;0;0;
./datasets/SuffixArchivos/Mezcla//1000_4.txt;pharyngopathy;0;0;
./datasets/SuffixArchivos/Mezcla//1000_5.txt;pharyngopathy;0;0;
./datasets/SuffixArchivos/Mezcla//1000_6.txt;pharyngopathy;0;0;
./datasets/SuffixArchivos/Mezcla//200.txt;pharyngopathy;0;0;
./datasets/SuffixArchivos/Mezcla//200_2.txt;pharyngopathy;0;0;
./datasets/SuffixArchivos/Mezcla//500.txt;pharyngopathy;0;0;
./datasets/SuffixArchivos/Mezcla//500_2.txt;pharyngopathy;0;0;
./datasets/SuffixArchivos/Mezcla//1000.txt;postmineral;0;0.001002;
./datasets/SuffixArchivos/Mezcla//1000_2.txt;postmineral;0;0.001002;
./datasets/SuffixArchivos/Mezcla//1000_3.txt;postmineral;0;0.001002;
./datasets/SuffixArchivos/Mezcla//1000_4.txt;postmineral;0;0.001002;
./datasets/SuffixArchivos/Mezcla//1000_5.txt;postmineral;0;0.001002;
./datasets/SuffixArchivos/Mezcla//1000_6.txt;postmineral;0;0.001002;
./datasets/SuffixArchivos/Mezcla//200.txt;postmineral;0;0.001002;
./datasets/SuffixArchivos/Mezcla//200_2.txt;postmineral;0;0.001002;
./datasets/SuffixArchivos/Mezcla//500.txt;postmineral;0;0.001002;
./datasets/SuffixArchivos/Mezcla//500_2.txt;postmineral;0;0.001002;
./datasets/SuffixArchivos/Mezcla//1000.txt;myelosyphilis;0;0;
./datasets/SuffixArchivos/Mezcla//1000_2.txt;myelosyphilis;0;0;
./datasets/SuffixArchivos/Mezcla//1000_3.txt;myelosyphilis;0;0;
./datasets/SuffixArchivos/Mezcla//1000_4.txt;myelosyphilis;0;0;
./datasets/SuffixArchivos/Mezcla//1000_5.txt;myelosyphilis;0;0;
./datasets/SuffixArchivos/Mezcla//1000_6.txt;myelosyphilis;0;0;
./datasets/SuffixArchivos/Mezcla//200.txt;myelosyphilis;0;0;
./datasets/SuffixArchivos/Mezcla//200_2.txt;myelosyphilis;0;0;
./datasets/SuffixArchivos/Mezcla//500.txt;myelosyphilis;0;0;
./datasets/SuffixArchivos/Mezcla//500_2.txt;myelosyphilis;0;0;
./datasets/SuffixArchivos/Mezcla//1000.txt;silverer;0;0;
./datasets/SuffixArchivos/Mezcla//1000_2.txt;silverer;0;0;
./datasets/SuffixArchivos/Mezcla//1000_3.txt;silverer;0;0;
./datasets/SuffixArchivos/Mezcla//1000_4.txt;silverer;0;0;
./datasets/SuffixArchivos/Mezcla//1000_5.txt;silverer;0;0;
./datasets/SuffixArchivos/Mezcla//1000_6.txt;silverer;0;0;
./datasets/SuffixArchivos/Mezcla//200.txt;silverer;0;0;
./datasets/SuffixArchivos/Mezcla//200_2.txt;silverer;0;0;
./datasets/SuffixArchivos/Mezcla//500.txt;silverer;0;0;
./datasets/SuffixArchivos/Mezcla//500_2.txt;silverer;0;0;
./datasets/SuffixArchivos/Mezcla//1000.txt;evincement;0;0;
./datasets/SuffixArchivos/Mezcla//1000_2.txt;evincement;0;0;
./datasets/SuffixArchivos/Mezcla//1000_3.txt;evincement;0;0;
./datasets/SuffixArchivos/Mezcla//1000_4.txt;evincement;0;0;
./datasets/SuffixArchivos/Mezcla//1000_5.txt;evincement;0;0;
./datasets/SuffixArchivos/Mezcla//1000_6.txt;evincement;0;0;
./datasets/SuffixArchivos/Mezcla//200.txt;evincement;0;0;
./datasets/SuffixArchivos/Mezcla//200_2.txt;evincement;0;0;
./datasets/SuffixArchivos/Mezcla//500.txt;evincement;0;0;
./datasets/SuffixArchivos/Mezcla//500_2.txt;evincement;0;0;
./datasets/SuffixArchivos/Mezcla//1000.txt;phrygium;0;0;
./datasets/SuffixArchivos/Mezcla//1000_2.txt;phrygium;0;0;
./datasets/SuffixArchivos/Mezcla//1000_3.txt;phrygium;0;0;
./datasets/SuffixArchivos/Mezcla//1000_4.txt;phrygium;0;0;
./datasets/SuffixArchivos/Mezcla//1000_5.txt;phrygium;0;0;
./datasets/SuffixArchivos/Mezcla//1000_6.txt;phrygium;0;0;
./datasets/SuffixArchivos/Mezcla//200.txt;phrygium;0;0;
./datasets/SuffixArchivos/Mezcla//200_2.txt;phrygium;0;0;
./datasets/SuffixArchivos/Mezcla//500.txt;phrygium;0;0;
./datasets/SuffixArchivos/Mezcla//500_2.txt;phrygium;0;0;
./datasets/SuffixArchivos/Mezcla//1000.txt;punnigram;0;0;
./datasets/SuffixArchivos/Mezcla//1000_2.txt;punnigram;0;0;
./datasets/SuffixArchivos/Mezcla//1000_3.txt;punnigram;0;0;
./datasets/SuffixArchivos/Mezcla//1000_4.txt;punnigram;0;0;
./datasets/SuffixArchivos/Mezcla//1000_5.txt;punnigram;0;0;
./datasets/SuffixArchivos/Mezcla//1000_6.txt;punnigram;0;0;
./datasets/SuffixArchivos/Mezcla//200.txt;punnigram;0;0;
./datasets/SuffixArchivos/Mezcla//200_2.txt;punnigram;0;0;
./datasets/SuffixArchivos/Mezcla//500.txt;punnigram;0;0;
./datasets/SuffixArchivos/Mezcla//500_2.txt;punnigram;0;0;
./datasets/SuffixArchivos/Mezcla//1000.txt;imminution;0;0.001;
./datasets/SuffixArchivos/Mezcla//1000_2.txt;imminution;0;0.001;
./datasets/SuffixArchivos/Mezcla//1000_3.txt;imminution;0;0.001;
./datasets/SuffixArchivos/Mezcla//1000_4.txt;imminution;0;0.001;
./datasets/SuffixArchivos/Mezcla//1000_5.txt;imminution;0;0.001;
./datasets/SuffixArchivos/Mezcla//1000_6.txt;imminution;0;0.001;
./datasets/SuffixArchivos/Mezcla//200.txt;imminution;0;0.001;
./datasets/SuffixArchivos/Mezcla//200_2.txt;imminution;0;0.001;
./datasets/SuffixArchivos/Mezcla//500.txt;imminution;0;0.001;
./datasets/SuffixArchivos/Mezcla//500_2.txt;imminution;0;0.001;
./datasets/SuffixArchivos/Mezcla//1000.txt;environmental;0;0;
./datasets/SuffixArchivos/Mezcla//1000_2.txt;environmental;0;0;
./datasets/SuffixArchivos/Mezcla//1000_3.txt;environmental;0;0;
./datasets/SuffixArchivos/Mezcla//1000_4.txt;environmental;0;0;
./datasets/SuffixArchivos/Mezcla//1000_5.txt;environmental;0;0;
./datasets/SuffixArchivos/Mezcla//1000_6.txt;environmental;0;0;
./datasets/SuffixArchivos/Mezcla//200.txt;environmental;0;0;
./datasets/SuffixArchivos/Mezcla//200_2.txt;environmental;0;0;
./datasets/SuffixArchivos/Mezcla//500.txt;environmental;0;0;
./datasets/SuffixArchivos/Mezcla//500_2.txt;environmental;0;0;
./datasets/SuffixArchivos/Mezcla//1000.txt;sleepify;0;0.000999;
./datasets/SuffixArchivos/Mezcla//1000_2.txt;sleepify;0;0.000999;
./datasets/SuffixArchivos/Mezcla//1000_3.txt;sleepify;0;0.000999;
./datasets/SuffixArchivos/Mezcla//1000_4.txt;sleepify;0;0.000999;
./datasets/SuffixArchivos/Mezcla//1000_5.txt;sleepify;0;0.000999;
./datasets/SuffixArchivos/Mezcla//1000_6.txt;sleepify;0;0.000999;
./datasets/SuffixArchivos/Mezcla//200.txt;sleepify;0;0.000999;
./datasets/SuffixArchivos/Mezcla//200_2.txt;sleepify;0;0.000999;
./datasets/SuffixArchivos/Mezcla//500.txt;sleepify;0;0.000999;
./datasets/SuffixArchivos/Mezcla//500_2.txt;sleepify;0;0.000999;
./datasets/SuffixArchivos/Mezcla//1000.txt;nope;0;0;
./datasets/SuffixArchivos/Mezcla//1000_2.txt;nope;0;0;
./datasets/SuffixArchivos/Mezcla//1000_3.txt;nope;0;0;
./datasets/SuffixArchivos/Mezcla//1000_4.txt;nope;0;0;
./datasets/SuffixArchivos/Mezcla//1000_5.txt;nope;0;0;
./datasets/SuffixArchivos/Mezcla//1000_6.txt;nope;0;0;
./datasets/SuffixArchivos/Mezcla//200.txt;nope;0;0;
./datasets/SuffixArchivos/Mezcla//200_2.txt;nope;0;0;
./datasets/SuffixArchivos/Mezcla//500.txt;nope;0;0;
./datasets/SuffixArchivos/Mezcla//500_2.txt;nope;0;0;
./datasets/SuffixArchivos/Mezcla//1000.txt;wauken;0;0.000999;
./datasets/SuffixArchivos/Mezcla//1000_2.txt;wauken;0;0.000999;
./datasets/SuffixArchivos/Mezcla//1000_3.txt;wauken;0;0.000999;
./datasets/SuffixArchivos/Mezcla//1000_4.txt;wauken;0;0.000999;
./datasets/SuffixArchivos/Mezcla//1000_5.txt;wauken;0;0.000999;
./datasets/SuffixArchivos/Mezcla//1000_6.txt;wauken;0;0.000999;
./datasets/SuffixArchivos/Mezcla//200.txt;wauken;0;0.000999;
./datasets/SuffixArchivos/Mezcla//200_2.txt;wauken;0;0.000999;
./datasets/SuffixArchivos/Mezcla//500.txt;wauken;0;0.000999;
./datasets/SuffixArchivos/Mezcla//500_2.txt;wauken;0;0.000999;
./datasets/SuffixArchivos/Mezcla//1000.txt;indignance;0;0;
./datasets/SuffixArchivos/Mezcla//1000_2.txt;indignance;0;0;
./datasets/SuffixArchivos/Mezcla//1000_3.txt;indignance;0;0;
./datasets/SuffixArchivos/Mezcla//1000_4.txt;indignance;0;0;
./datasets/SuffixArchivos/Mezcla//1000_5.txt;indignance;0;0;
./datasets/SuffixArchivos/Mezcla//1000_6.txt;indignance;0;0;
./datasets/SuffixArchivos/Mezcla//200.txt;indignance;0;0;
./datasets/SuffixArchivos/Mezcla//200_2.txt;indignance;0;0;
./datasets/SuffixArchivos/Mezcla//500.txt;indignance;0;0;
./datasets/SuffixArchivos/Mezcla//500_2.txt;indignance;0;0;
./datasets/SuffixArchivos/Mezcla//1000.txt;knotwort;0;0;
./datasets/SuffixArchivos/Mezcla//1000_2.txt;knotwort;0;0;
./datasets/SuffixArchivos/Mezcla//1000_3.txt;knotwort;0;0;
./datasets/SuffixArchivos/Mezcla//1000_4.txt;knotwort;0;0;
./datasets/SuffixArchivos/Mezcla//1000_5.txt;knotwort;0;0;
./datasets/SuffixArchivos/Mezcla//1000_6.txt;knotwort;0;0;
./datasets/SuffixArchivos/Mezcla//200.txt;knotwort;0;0;
./datasets/SuffixArchivos/Mezcla//200_2.txt;knotwort;0;0;
./datasets/SuffixArchivos/Mezcla//500.txt;knotwort;0;0;
./datasets/SuffixArchivos/Mezcla//500_2.txt;knotwort;0;0;
./datasets/SuffixArchivos/Mezcla//1000.txt;apocodeine;0;0;
./datasets/SuffixArchivos/Mezcla//1000_2.txt;apocodeine;0;0;
./datasets/SuffixArchivos/Mezcla//1000_3.txt;apocodeine;0;0;
./datasets/SuffixArchivos/Mezcla//1000_4.txt;apocodeine;0;0;
./datasets/SuffixArchivos/Mezcla//1000_5.txt;apocodeine;0;0;
./datasets/SuffixArchivos/Mezcla//1000_6.txt;apocodeine;0;0;
./datasets/SuffixArchivos/Mezcla//200.txt;apocodeine;0;0;
./datasets/SuffixArchivos/Mezcla//200_2.txt;apocodeine;0;0;
./datasets/SuffixArchivos/Mezcla//500.txt;apocodeine;0;0;
./datasets/SuffixArchivos/Mezcla//500_2.txt;apocodeine;0;0;
./datasets/SuffixArchivos/Mezcla//1000.txt;escortee;0;0.000999;
./datasets/SuffixArchivos/Mezcla//1000_2.txt;escortee;0;0.000999;
./datasets/SuffixArchivos/Mezcla//1000_3.txt;escortee;0;0.000999;
./datasets/SuffixArchivos/Mezcla//1000_4.txt;escortee;0;0.000999;
./datasets/SuffixArchivos/Mezcla//1000_5.txt;escortee;0;0.000999;
./datasets/SuffixArchivos/Mezcla//1000_6.txt;escortee;0;0.000999;
./datasets/SuffixArchivos/Mezcla//200.txt;escortee;0;0.000999;
./datasets/SuffixArchivos/Mezcla//200_2.txt;escortee;0;0.000999;
./datasets/SuffixArchivos/Mezcla//500.txt;escortee;0;0.000999;
./datasets/SuffixArchivos/Mezcla//500_2.txt;escortee;0;0.000999;
./datasets/SuffixArchivos/Mezcla//1000.txt;dogwatch;0;0.002;
./datasets/SuffixArchivos/Mezcla//1000_2.txt;dogwatch;0;0.002;
./datasets/SuffixArchivos/Mezcla//1000_3.txt;dogwatch;0;0.002;
./datasets/SuffixArchivos/Mezcla//1000_4.txt;dogwatch;0;0.002;
./datasets/SuffixArchivos/Mezcla//1000_5.txt;dogwatch;0;0.002;
./datasets/SuffixArchivos/Mezcla//1000_6.txt;dogwatch;0;0.002;
./datasets/SuffixArchivos/Mezcla//200.txt;dogwatch;0;0.002;
./datasets/SuffixArchivos/Mezcla//200_2.txt;dogwatch;0;0.002;
./datasets/SuffixArchivos/Mezcla//500.txt;dogwatch;0;0.002;
./datasets/SuffixArchivos/Mezcla//500_2.txt;dogwatch;0;0.002;
./datasets/SuffixArchivos/Mezcla//1000.txt;eaglewood;0;0.001998;
./datasets/SuffixArchivos/Mezcla//1000_2.txt;eaglewood;0;0.001998;
./datasets/SuffixArchivos/Mezcla//1000_3.txt;eaglewood;0;0.001998;
./datasets/SuffixArchivos/Mezcla//1000_4.txt;eaglewood;0;0.001998;
./datasets/SuffixArchivos/Mezcla//1000_5.txt;eaglewood;0;0.001998;
./datasets/SuffixArchivos/Mezcla//1000_6.txt;eaglewood;0;0.001998;
./datasets/SuffixArchivos/Mezcla//200.txt;eaglewood;0;0.001998;
./datasets/SuffixArchivos/Mezcla//200_2.txt;eaglewood;0;0.001998;
./datasets/SuffixArchivos/Mezcla//500.txt;eaglewood;0;0.001998;
./datasets/SuffixArchivos/Mezcla//500_2.txt;eaglewood;0;0.001998;
./datasets/SuffixArchivos/Mezcla//1000.txt;unbrotherliness;0;0.000999;
./datasets/SuffixArchivos/Mezcla//1000_2.txt;unbrotherliness;0;0.000999;
./datasets/SuffixArchivos/Mezcla//1000_3.txt;unbrotherliness;0;0.000999;
./datasets/SuffixArchivos/Mezcla//1000_4.txt;unbrotherliness;0;0.000999;
./datasets/SuffixArchivos/Mezcla//1000_5.txt;unbrotherliness;0;0.000999;
./datasets/SuffixArchivos/Mezcla//1000_6.txt;unbrotherliness;0;0.000999;
./datasets/SuffixArchivos/Mezcla//200.txt;unbrotherliness;0;0.000999;
./datasets/SuffixArchivos/Mezcla//200_2.txt;unbrotherliness;0;0.000999;
./datasets/SuffixArchivos/Mezcla//500.txt;unbrotherliness;0;0.000999;
./datasets/SuffixArchivos/Mezcla//500_2.txt;unbrotherliness;0;0.000999;
./datasets/SuffixArchivos/Mezcla//1000.txt;mulse;0;0.001999;
./datasets/SuffixArchivos/Mezcla//1000_2.txt;mulse;0;0.001999;
./datasets/SuffixArchivos/Mezcla//1000_3.txt;mulse;0;0.001999;
./datasets/SuffixArchivos/Mezcla//1000_4.txt;mulse;0;0.001999;
./datasets/SuffixArchivos/Mezcla//1000_5.txt;mulse;0;0.001999;
./datasets/SuffixArchivos/Mezcla//1000_6.txt;mulse;0;0.001999;
./datasets/SuffixArchivos/Mezcla//200.txt;mulse;0;0.001999;
./datasets/SuffixArchivos/Mezcla//200_2.txt;mulse;0;0.001999;
./datasets/SuffixArchivos/Mezcla//500.txt;mulse;0;0.001999;
./datasets/SuffixArchivos/Mezcla//500_2.txt;mulse;0;0.001999;
./datasets/SuffixArchivos/Mezcla//1000.txt;dermobranchiata;0;0.001999;
./datasets/SuffixArchivos/Mezcla//1000_2.txt;dermobranchiata;0;0.001999;
./datasets/SuffixArchivos/Mezcla//1000_3.txt;dermobranchiata;0;0.001999;
./datasets/SuffixArchivos/Mezcla//1000_4.txt;dermobranchiata;0;0.001999;
./datasets/SuffixArchivos/Mezcla//1000_5.txt;dermobranchiata;0;0.001999;
./datasets/SuffixArchivos/Mezcla//1000_6.txt;dermobranchiata;0;0.001999;
./datasets/SuffixArchivos/Mezcla//200.txt;dermobranchiata;0;0.001999;
./datasets/SuffixArchivos/Mezcla//200_2.txt;dermobranchiata;0;0.001999;
./datasets/SuffixArchivos/Mezcla//500.txt;dermobranchiata;0;0.001999;
./datasets/SuffixArchivos/Mezcla//500_2.txt;dermobranchiata;0;0.001999;
./datasets/SuffixArchivos/Mezcla//1000.txt;typhic;0;0.001998;
./datasets/SuffixArchivos/Mezcla//1000_2.txt;typhic;0;0.001998;
./datasets/SuffixArchivos/Mezcla//1000_3.txt;typhic;0;0.001998;
./datasets/SuffixArchivos/Mezcla//1000_4.txt;typhic;0;0.001998;
./datasets/SuffixArchivos/Mezcla//1000_5.txt;typhic;0;0.001998;
./datasets/SuffixArchivos/Mezcla//1000_6.txt;typhic;0;0.001998;
./datasets/SuffixArchivos/Mezcla//200.txt;typhic;0;0.001998;
./datasets/SuffixArchivos/Mezcla//200_2.txt;typhic;0;0.001998;
./datasets/SuffixArchivos/Mezcla//500.txt;typhic;0;0.001998;
./datasets/SuffixArchivos/Mezcla//500_2.txt;typhic;0;0.001998;
./datasets/SuffixArchivos/Mezcla//1000.txt;poststertorous;0;0.001999;
./datasets/SuffixArchivos/Mezcla//1000_2.txt;poststertorous;0;0.001999;
./datasets/SuffixArchivos/Mezcla//1000_3.txt;poststertorous;0;0.001999;
./datasets/SuffixArchivos/Mezcla//1000_4.txt;poststertorous;0;0.001999;
./datasets/SuffixArchivos/Mezcla//1000_5.txt;poststertorous;0;0.001999;
./datasets/SuffixArchivos/Mezcla//1000_6.txt;poststertorous;0;0.001999;
./datasets/SuffixArchivos/Mezcla//200.txt;poststertorous;0;0.001999;
./datasets/SuffixArchivos/Mezcla//200_2.txt;poststertorous;0;0.001999;
./datasets/SuffixArchivos/Mezcla//500.txt;poststertorous;0;0.001999;
./datasets/SuffixArchivos/Mezcla//500_2.txt;poststertorous;0;0.001999;
./datasets/SuffixArchivos/Mezcla//1000.txt;indevout;0;0.001999;
./datasets/SuffixArchivos/Mezcla//1000_2.txt;indevout;0;0.001999;
./datasets/SuffixArchivos/Mezcla//1000_3.txt;indevout;0;0.001999;
./datasets/SuffixArchivos/Mezcla//1000_4.txt;indevout;0;0.001999;
./datasets/SuffixArchivos/Mezcla//1000_5.txt;indevout;0;0.001999;
./datasets/SuffixArchivos/Mezcla//1000_6.txt;indevout;0;0.001999;
./datasets/SuffixArchivos/Mezcla//200.txt;indevout;0;0.001999;
./datasets/SuffixArchivos/Mezcla//200_2.txt;indevout;0;0.001999;
./datasets/SuffixArchivos/Mezcla//500.txt;indevout;0;0.001999;
./datasets/SuffixArchivos/Mezcla//500_2.txt;indevout;0;0.001999;
./datasets/SuffixArchivos/Mezcla//1000.txt;anatomicopathologic;0;0.000999;
./datasets/SuffixArchivos/Mezcla//1000_2.txt;anatomicopathologic;0;0.000999;
./datasets/SuffixArchivos/Mezcla//1000_3.txt;anatomicopathologic;0;0.000999;
./datasets/SuffixArchivos/Mezcla//1000_4.txt;anatomicopathologic;0;0.000999;
./datasets/SuffixArchivos/Mezcla//1000_5.txt;anatomicopathologic;0;0.000999;
./datasets/SuffixArchivos/Mezcla//1000_6.txt;anatomicopathologic;0;0.000999;
./datasets/SuffixArchivos/Mezcla//200.txt;anatomicopathologic;0;0.000999;
./datasets/SuffixArchivos/Mezcla//200_2.txt;anatomicopathologic;0;0.000999;
./datasets/SuffixArchivos/Mezcla//500.txt;anatomicopathologic;0;0.000999;
./datasets/SuffixArchivos/Mezcla//500_2.txt;anatomicopathologic;0;0.000999;
./datasets/SuffixArchivos/Mezcla//1000.txt;unimpenetrable;0;0.002;
./datasets/SuffixArchivos/Mezcla//1000_2.txt;unimpenetrable;0;0.002;
./datasets/SuffixArchivos/Mezcla//1000_3.txt;unimpenetrable;0;0.002;
./datasets/SuffixArchivos/Mezcla//1000_4.txt;unimpenetrable;0;0.002;
./datasets/SuffixArchivos/Mezcla//1000_5.txt;unimpenetrable;0;0.002;
./datasets/SuffixArchivos/Mezcla//1000_6.txt;unimpenetrable;0;0.002;
./datasets/SuffixArchivos/Mezcla//200.txt;unimpenetrable;0;0.002;
./datasets/SuffixArchivos/Mezcla//200_2.txt;unimpenetrable;0;0.002;
./datasets/SuffixArchivos/Mezcla//500.txt;unimpenetrable;0;0.002;
./datasets/SuffixArchivos/Mezcla//500_2.txt;unimpenetrable;0;0.002;
./datasets/SuffixArchivos/Mezcla//1000.txt;hoggy;0;0.001999;
./datasets/SuffixArchivos/Mezcla//1000_2.txt;hoggy;0;0.001999;
./datasets/SuffixArchivos/Mezcla//1000_3.txt;hoggy;0;0.001999;
./datasets/SuffixArchivos/Mezcla//1000_4.txt;hoggy;0;0.001999;
./datasets/SuffixArchivos/Mezcla//1000_5.txt;hoggy;0;0.001999;
./datasets/SuffixArchivos/Mezcla//1000_6.txt;hoggy;0;0.001999;
./datasets/SuffixArchivos/Mezcla//200.txt;hoggy;0;0.001999;
./datasets/SuffixArchivos/Mezcla//200_2.txt;hoggy;0;0.001999;
./datasets/SuffixArchivos/Mezcla//500.txt;hoggy;0;0.001999;
./datasets/SuffixArchivos/Mezcla//500_2.txt;hoggy;0;0.001999;
./datasets/SuffixArchivos/Mezcla//1000.txt;urrhodin;0;0.001998;
./datasets/SuffixArchivos/Mezcla//1000_2.txt;urrhodin;0;0.001998;
./datasets/SuffixArchivos/Mezcla//1000_3.txt;urrhodin;0;0.001998;
./datasets/SuffixArchivos/Mezcla//1000_4.txt;urrhodin;0;0.001998;
./datasets/SuffixArchivos/Mezcla//1000_5.txt;urrhodin;0;0.001998;
./datasets/SuffixArchivos/Mezcla//1000_6.txt;urrhodin;0;0.001998;
./datasets/SuffixArchivos/Mezcla//200.txt;urrhodin;0;0.001998;
./datasets/SuffixArchivos/Mezcla//200_2.txt;urrhodin;0;0.001998;
./datasets/SuffixArchivos/Mezcla//500.txt;urrhodin;0;0.001998;
./datasets/SuffixArchivos/Mezcla//500_2.txt;urrhodin;0;0.001998;
./datasets/SuffixArchivos/Mezcla//1000.txt;Dioecia;0;0.002;
./datasets/SuffixArchivos/Mezcla//1000_2.txt;Dioecia;0;0.002;
./datasets/SuffixArchivos/Mezcla//1000_3.txt;Dioecia;0;0.002;
./datasets/SuffixArchivos/Mezcla//1000_4.txt;Dioecia;0;0.002;
./datasets/SuffixArchivos/Mezcla//1000_5.txt;Dioecia;0;0.002;
./datasets/SuffixArchivos/Mezcla//1000_6.txt;Dioecia;0;0.002;
./datasets/SuffixArchivos/Mezcla//200.txt;Dioecia;0;0.002;
./datasets/SuffixArchivos/Mezcla//200_2.txt;Dioecia;0;0.002;
./datasets/SuffixArchivos/Mezcla//500.txt;Dioecia;0;0.002;
./datasets/SuffixArchivos/Mezcla//500_2.txt;Dioecia;0;0.002;
./datasets/SuffixArchivos/Mezcla//1000.txt;unchapter;0;0.001;
./datasets/SuffixArchivos/Mezcla//1000_2.txt;unchapter;0;0.001;
./datasets/SuffixArchivos/Mezcla//1000_3.txt;unchapter;0;0.001;
./datasets/SuffixArchivos/Mezcla//1000_4.txt;unchapter;0;0.001;
./datasets/SuffixArchivos/Mezcla//1000_5.txt;unchapter;0;0.001;
./datasets/SuffixArchivos/Mezcla//1000_6.txt;unchapter;0;0.001;
./datasets/SuffixArchivos/Mezcla//200.txt;unchapter;0;0.001;
./datasets/SuffixArchivos/Mezcla//200_2.txt;unchapter;0;0.001;
./datasets/SuffixArchivos/Mezcla//500.txt;unchapter;0;0.001;
./datasets/SuffixArchivos/Mezcla//500_2.txt;unchapter;0;0.001;
./datasets/SuffixArchivos/Mezcla//1000.txt;nonumbilicate;0;0.001998;
./datasets/SuffixArchivos/Mezcla//1000_2.txt;nonumbilicate;0;0.001998;
./datasets/SuffixArchivos/Mezcla//1000_3.txt;nonumbilicate;0;0.001998;
./datasets/SuffixArchivos/Mezcla//1000_4.txt;nonumbilicate;0;0.001998;
./datasets/SuffixArchivos/Mezcla//1000_5.txt;nonumbilicate;0;0.001998;
./datasets/SuffixArchivos/Mezcla//1000_6.txt;nonumbilicate;0;0.001998;
./datasets/SuffixArchivos/Mezcla//200.txt;nonumbilicate;0;0.001998;
./datasets/SuffixArchivos/Mezcla//200_2.txt;nonumbilicate;0;0.001998;
./datasets/SuffixArchivos/Mezcla//500.txt;nonumbilicate;0;0.001998;
./datasets/SuffixArchivos/Mezcla//500_2.txt;nonumbilicate;0;0.001998;
./datasets/SuffixArchivos/Mezcla//1000.txt;zwitterionic;0;0.001999;
./datasets/SuffixArchivos/Mezcla//1000_2.txt;zwitterionic;0;0.001999;
./datasets/SuffixArchivos/Mezcla//1000_3.txt;zwitterionic;0;0.001999;
./datasets/SuffixArchivos/Mezcla//1000_4.txt;zwitterionic;0;0.001999;
./datasets/SuffixArchivos/Mezcla//1000_5.txt;zwitterionic;0;0.001999;
./datasets/SuffixArchivos/Mezcla//1000_6.txt;zwitterionic;0;0.001999;
./datasets/SuffixArchivos/Mezcla//200.txt;zwitterionic;0;0.001999;
./datasets/SuffixArchivos/Mezcla//200_2.txt;zwitterionic;0;0.001999;
./datasets/SuffixArchivos/Mezcla//500.txt;zwitterionic;0;0.001999;
./datasets/SuffixArchivos/Mezcla//500_2.txt;zwitterionic;0;0.001999;
./datasets/SuffixArchivos/Mezcla//1000.txt;apportionable;0;0.001;
./datasets/SuffixArchivos/Mezcla//1000_2.txt;apportionable;0;0.001;
./datasets/SuffixArchivos/Mezcla//1000_3.txt;apportionable;0;0.001;
./datasets/SuffixArchivos/Mezcla//1000_4.txt;apportionable;0;0.001;
./datasets/SuffixArchivos/Mezcla//1000_5.txt;apportionable;0;0.001;
./datasets/SuffixArchivos/Mezcla//1000_6.txt;apportionable;0;0.001;
./datasets/SuffixArchivos/Mezcla//200.txt;apportionable;0;0.001;
./datasets/SuffixArchivos/Mezcla//200_2.txt;apportionable;0;0.001;
./datasets/SuffixArchivos/Mezcla//500.txt;apportionable;0;0.001;
./datasets/SuffixArchivos/Mezcla//500_2.txt;apportionable;0;0.001;
./datasets/SuffixArchivos/Mezcla//1000.txt;ferulic;0;0.001988;
./datasets/SuffixArchivos/Mezcla//1000_2.txt;ferulic;0;0.001988;
./datasets/SuffixArchivos/Mezcla//1000_3.txt;ferulic;0;0.001988;
./datasets/SuffixArchivos/Mezcla//1000_4.txt;ferulic;0;0.001988;
./datasets/SuffixArchivos/Mezcla//1000_5.txt;ferulic;0;0.001988;
./datasets/SuffixArchivos/Mezcla//1000_6.txt;ferulic;0;0.001988;
./datasets/SuffixArchivos/Mezcla//200.txt;ferulic;0;0.001988;
./datasets/SuffixArchivos/Mezcla//200_2.txt;ferulic;0;0.001988;
./datasets/SuffixArchivos/Mezcla//500.txt;ferulic;0;0.001988;
./datasets/SuffixArchivos/Mezcla//500_2.txt;ferulic;0;0.001988;
./datasets/SuffixArchivos/Mezcla//1000.txt;statefulness;0;0.001999;
./datasets/SuffixArchivos/Mezcla//1000_2.txt;statefulness;0;0.001999;
./datasets/SuffixArchivos/Mezcla//1000_3.txt;statefulness;0;0.001999;
./datasets/SuffixArchivos/Mezcla//1000_4.txt;statefulness;0;0.001999;
./datasets/SuffixArchivos/Mezcla//1000_5.txt;statefulness;0;0.001999;
./datasets/SuffixArchivos/Mezcla//1000_6.txt;statefulness;0;0.001999;
./datasets/SuffixArchivos/Mezcla//200.txt;statefulness;0;0.001999;
./datasets/SuffixArchivos/Mezcla//200_2.txt;statefulness;0;0.001999;
./datasets/SuffixArchivos/Mezcla//500.txt;statefulness;0;0.001999;
./datasets/SuffixArchivos/Mezcla//500_2.txt;statefulness;0;0.001999;
./datasets/SuffixArchivos/Mezcla//1000.txt;pharyngotonsillitis;0;0.001;
./datasets/SuffixArchivos/Mezcla//1000_2.txt;pharyngotonsillitis;0;0.001;
./datasets/SuffixArchivos/Mezcla//1000_3.txt;pharyngotonsillitis;0;0.001;
./datasets/SuffixArchivos/Mezcla//1000_4.txt;pharyngotonsillitis;0;0.001;
./datasets/SuffixArchivos/Mezcla//1000_5.txt;pharyngotonsillitis;0;0.001;
./datasets/SuffixArchivos/Mezcla//1000_6.txt;pharyngotonsillitis;0;0.001;
./datasets/SuffixArchivos/Mezcla//200.txt;pharyngotonsillitis;0;0.001;
./datasets/SuffixArchivos/Mezcla//200_2.txt;pharyngotonsillitis;0;0.001;
./datasets/SuffixArchivos/Mezcla//500.txt;pharyngotonsillitis;0;0.001;
./datasets/SuffixArchivos/Mezcla//500_2.txt;pharyngotonsillitis;0;0.001;
./datasets/SuffixArchivos/Mezcla//1000.txt;Mimulus;0;0.002002;
./datasets/SuffixArchivos/Mezcla//1000_2.txt;Mimulus;0;0.002002;
./datasets/SuffixArchivos/Mezcla//1000_3.txt;Mimulus;0;0.002002;
./datasets/SuffixArchivos/Mezcla//1000_4.txt;Mimulus;0;0.002002;
./datasets/SuffixArchivos/Mezcla//1000_5.txt;Mimulus;0;0.002002;
./datasets/SuffixArchivos/Mezcla//1000_6.txt;Mimulus;0;0.002002;
./datasets/SuffixArchivos/Mezcla//200.txt;Mimulus;0;0.002002;
./datasets/SuffixArchivos/Mezcla//200_2.txt;Mimulus;0;0.002002;
./datasets/SuffixArchivos/Mezcla//500.txt;Mimulus;0;0.002002;
./datasets/SuffixArchivos/Mezcla//500_2.txt;Mimulus;0;0.002002;
./datasets/SuffixArchivos/Mezcla//1000.txt;recce;0;0.001996;
./datasets/SuffixArchivos/Mezcla//1000_2.txt;recce;0;0.001996;
./datasets/SuffixArchivos/Mezcla//1000_3.txt;recce;0;0.001996;
./datasets/SuffixArchivos/Mezcla//1000_4.txt;recce;0;0.001996;
./datasets/SuffixArchivos/Mezcla//1000_5.txt;recce;0;0.001996;
./datasets/SuffixArchivos/Mezcla//1000_6.txt;recce;0;0.001996;
./datasets/SuffixArchivos/Mezcla//200.txt;recce;0;0.001996;
./datasets/SuffixArchivos/Mezcla//200_2.txt;recce;0;0.001996;
./datasets/SuffixArchivos/Mezcla//500.txt;recce;0;0.001996;
./datasets/SuffixArchivos/Mezcla//500_2.txt;recce;0;0.001996;
./datasets/SuffixArchivos/Mezcla//1000.txt;mutinously;0;0.000999;
./datasets/SuffixArchivos/Mezcla//1000_2.txt;mutinously;0;0.000999;
./datasets/SuffixArchivos/Mezcla//1000_3.txt;mutinously;0;0.000999;
./datasets/SuffixArchivos/Mezcla//1000_4.txt;mutinously;0;0.000999;
./datasets/SuffixArchivos/Mezcla//1000_5.txt;mutinously;0;0.000999;
./datasets/SuffixArchivos/Mezcla//1000_6.txt;mutinously;0;0.000999;
./datasets/SuffixArchivos/Mezcla//200.txt;mutinously;0;0.000999;
./datasets/SuffixArchivos/Mezcla//200_2.txt;mutinously;0;0.000999;
./datasets/SuffixArchivos/Mezcla//500.txt;mutinously;0;0.000999;
./datasets/SuffixArchivos/Mezcla//500_2.txt;mutinously;0;0.000999;
./datasets/SuffixArchivos/Mezcla//1000.txt;reboant;0;0.001999;
./datasets/SuffixArchivos/Mezcla//1000_2.txt;reboant;0;0.001999;
./datasets/SuffixArchivos/Mezcla//1000_3.txt;reboant;0;0.001999;
./datasets/SuffixArchivos/Mezcla//1000_4.txt;reboant;0;0.001999;
./datasets/SuffixArchivos/Mezcla//1000_5.txt;reboant;0;0.001999;
./datasets/SuffixArchivos/Mezcla//1000_6.txt;reboant;0;0.001999;
./datasets/SuffixArchivos/Mezcla//200.txt;reboant;0;0.001999;
./datasets/SuffixArchivos/Mezcla//200_2.txt;reboant;0;0.001999;
./datasets/SuffixArchivos/Mezcla//500.txt;reboant;0;0.001999;
./datasets/SuffixArchivos/Mezcla//500_2.txt;reboant;0;0.001999;
./datasets/SuffixArchivos/Mezcla//1000.txt;marshwort;0;0.001;
./datasets/SuffixArchivos/Mezcla//1000_2.txt;marshwort;0;0.001;
./datasets/SuffixArchivos/Mezcla//1000_3.txt;marshwort;0;0.001;
./datasets/SuffixArchivos/Mezcla//1000_4.txt;marshwort;0;0.001;
./datasets/SuffixArchivos/Mezcla//1000_5.txt;marshwort;0;0.001;
./datasets/SuffixArchivos/Mezcla//1000_6.txt;marshwort;0;0.001;
./datasets/SuffixArchivos/Mezcla//200.txt;marshwort;0;0.001;
./datasets/SuffixArchivos/Mezcla//200_2.txt;marshwort;0;0.001;
./datasets/SuffixArchivos/Mezcla//500.txt;marshwort;0;0.001;
./datasets/SuffixArchivos/Mezcla//500_2.txt;marshwort;0;0.001;
./datasets/SuffixArchivos/Mezcla//1000.txt;lupoid;0;0.001999;
./datasets/SuffixArchivos/Mezcla//1000_2.txt;lupoid;0;0.001999;
./datasets/SuffixArchivos/Mezcla//1000_3.txt;lupoid;0;0.001999;
./datasets/SuffixArchivos/Mezcla//1000_4.txt;lupoid;0;0.001999;
./datasets/SuffixArchivos/Mezcla//1000_5.txt;lupoid;0;0.001999;
./datasets/SuffixArchivos/Mezcla//1000_6.txt;lupoid;0;0.001999;
./datasets/SuffixArchivos/Mezcla//200.txt;lupoid;0;0.001999;
./datasets/SuffixArchivos/Mezcla//200_2.txt;lupoid;0;0.001999;
./datasets/SuffixArchivos/Mezcla//500.txt;lupoid;0;0.001999;
./datasets/SuffixArchivos/Mezcla//500_2.txt;lupoid;0;0.001999;
./datasets/SuffixArchivos/Mezcla//1000.txt;chromatophilic;0;0.001999;
./datasets/SuffixArchivos/Mezcla//1000_2.txt;chromatophilic;0;0.001999;
./datasets/SuffixArchivos/Mezcla//1000_3.txt;chromatophilic;0;0.001999;
./datasets/SuffixArchivos/Mezcla//1000_4.txt;chromatophilic;0;0.001999;
./datasets/SuffixArchivos/Mezcla//1000_5.txt;chromatophilic;0;0.001999;
./datasets/SuffixArchivos/Mezcla//1000_6.txt;chromatophilic;0;0.001999;
./datasets/SuffixArchivos/Mezcla//200.txt;chromatophilic;0;0.001999;
./datasets/SuffixArchivos/Mezcla//200_2.txt;chromatophilic;0;0.001999;
./datasets/SuffixArchivos/Mezcla//500.txt;chromatophilic;0;0.001999;
./datasets/SuffixArchivos/Mezcla//500_2.txt;chromatophilic;0;0.001999;
./datasets/SuffixArchivos/Mezcla//1000.txt;lauder;0;0.001999;
./datasets/SuffixArchivos/Mezcla//1000_2.txt;lauder;0;0.001999;
./datasets/SuffixArchivos/Mezcla//1000_3.txt;lauder;0;0.001999;
./datasets/SuffixArchivos/Mezcla//1000_4.txt;lauder;0;0.001999;
./datasets/SuffixArchivos/Mezcla//1000_5.txt;lauder;0;0.001999;
./datasets/SuffixArchivos/Mezcla//1000_6.txt;lauder;0;0.001999;
./datasets/SuffixArchivos/Mezcla//200.txt;lauder;0;0.001999;
./datasets/SuffixArchivos/Mezcla//200_2.txt;lauder;0;0.001999;
./datasets/SuffixArchivos/Mezcla//500.txt;lauder;0;0.001999;
./datasets/SuffixArchivos/Mezcla//500_2.txt;lauder;0;0.001999;
./datasets/SuffixArchivos/Mezcla//1000.txt;nirles;0;0.000999;
./datasets/SuffixArchivos/Mezcla//1000_2.txt;nirles;0;0.000999;
./datasets/SuffixArchivos/Mezcla//1000_3.txt;nirles;0;0.000999;
./datasets/SuffixArchivos/Mezcla//1000_4.txt;nirles;0;0.000999;
./datasets/SuffixArchivos/Mezcla//1000_5.txt;nirles;0;0.000999;
./datasets/SuffixArchivos/Mezcla//1000_6.txt;nirles;0;0.000999;
./datasets/SuffixArchivos/Mezcla//200.txt;nirles;0;0.000999;
./datasets/SuffixArchivos/Mezcla//200_2.txt;nirles;0;0.000999;
./datasets/SuffixArchivos/Mezcla//500.txt;nirles;0;0.000999;
./datasets/SuffixArchivos/Mezcla//500_2.txt;nirles;0;0.000999;
./datasets/SuffixArchivos/Mezcla//1000.txt;esthesiometer;0;0.001;
./datasets/SuffixArchivos/Mezcla//1000_2.txt;esthesiometer;0;0.001;
./datasets/SuffixArchivos/Mezcla//1000_3.txt;esthesiometer;0;0.001;
./datasets/SuffixArchivos/Mezcla//1000_4.txt;esthesiometer;0;0.001;
./datasets/SuffixArchivos/Mezcla//1000_5.txt;esthesiometer;0;0.001;
./datasets/SuffixArchivos/Mezcla//1000_6.txt;esthesiometer;0;0.001;
./datasets/SuffixArchivos/Mezcla//200.txt;esthesiometer;0;0.001;
./datasets/SuffixArchivos/Mezcla//200_2.txt;esthesiometer;0;0.001;
./datasets/SuffixArchivos/Mezcla//500.txt;esthesiometer;0;0.001;
./datasets/SuffixArchivos/Mezcla//500_2.txt;esthesiometer;0;0.001;
./datasets/SuffixArchivos/Mezcla//1000.txt;semisocial;0;0.001998;
./datasets/SuffixArchivos/Mezcla//1000_2.txt;semisocial;0;0.001998;
./datasets/SuffixArchivos/Mezcla//1000_3.txt;semisocial;0;0.001998;
./datasets/SuffixArchivos/Mezcla//1000_4.txt;semisocial;0;0.001998;
./datasets/SuffixArchivos/Mezcla//1000_5.txt;semisocial;0;0.001998;
./datasets/SuffixArchivos/Mezcla//1000_6.txt;semisocial;0;0.001998;
./datasets/SuffixArchivos/Mezcla//200.txt;semisocial;0;0.001998;
./datasets/SuffixArchivos/Mezcla//200_2.txt;semisocial;0;0.001998;
./datasets/SuffixArchivos/Mezcla//500.txt;semisocial;0;0.001998;
./datasets/SuffixArchivos/Mezcla//500_2.txt;semisocial;0;0.001998;
./datasets/SuffixArchivos/Mezcla//1000.txt;unbeing;0;0.001;
./datasets/SuffixArchivos/Mezcla//1000_2.txt;unbeing;0;0.001;
./datasets/SuffixArchivos/Mezcla//1000_3.txt;unbeing;0;0.001;
./datasets/SuffixArchivos/Mezcla//1000_4.txt;unbeing;0;0.001;
./datasets/SuffixArchivos/Mezcla//1000_5.txt;unbeing;0;0.001;
./datasets/SuffixArchivos/Mezcla//1000_6.txt;unbeing;0;0.001;
./datasets/SuffixArchivos/Mezcla//200.txt;unbeing;0;0.001;
./datasets/SuffixArchivos/Mezcla//200_2.txt;unbeing;0;0.001;
./datasets/SuffixArchivos/Mezcla//500.txt;unbeing;0;0.001;
./datasets/SuffixArchivos/Mezcla//500_2.txt;unbeing;0;0.001;
./datasets/SuffixArchivos/Mezcla//1000.txt;kangaroo;0;0.001999;
./datasets/SuffixArchivos/Mezcla//1000_2.txt;kangaroo;0;0.001999;
./datasets/SuffixArchivos/Mezcla//1000_3.txt;kangaroo;0;0.001999;
./datasets/SuffixArchivos/Mezcla//1000_4.txt;kangaroo;0;0.001999;
./datasets/SuffixArchivos/Mezcla//1000_5.txt;kangaroo;0;0.001999;
./datasets/SuffixArchivos/Mezcla//1000_6.txt;kangaroo;0;0.001999;
./datasets/SuffixArchivos/Mezcla//200.txt;kangaroo;0;0.001999;
./datasets/SuffixArchivos/Mezcla//200_2.txt;kangaroo;0;0.001999;
./datasets/SuffixArchivos/Mezcla//500.txt;kangaroo;0;0.001999;
./datasets/SuffixArchivos/Mezcla//500_2.txt;kangaroo;0;0.001999;
./datasets/SuffixArchivos/Mezcla//1000.txt;takosis;0;0.000999;
./datasets/SuffixArchivos/Mezcla//1000_2.txt;takosis;0;0.000999;
./datasets/SuffixArchivos/Mezcla//1000_3.txt;takosis;0;0.000999;
./datasets/SuffixArchivos/Mezcla//1000_4.txt;takosis;0;0.000999;
./datasets/SuffixArchivos/Mezcla//1000_5.txt;takosis;0;0.000999;
./datasets/SuffixArchivos/Mezcla//1000_6.txt;takosis;0;0.000999;
./datasets/SuffixArchivos/Mezcla//200.txt;takosis;0;0.000999;
./datasets/SuffixArchivos/Mezcla//200_2.txt;takosis;0;0.000999;
./datasets/SuffixArchivos/Mezcla//500.txt;takosis;0;0.000999;
./datasets/SuffixArchivos/Mezcla//500_2.txt;takosis;0;0.000999;
./datasets/SuffixArchivos/Mezcla//1000.txt;inconvertibility;0;0.001999;
./datasets/SuffixArchivos/Mezcla//1000_2.txt;inconvertibility;0;0.001999;
./datasets/SuffixArchivos/Mezcla//1000_3.txt;inconvertibility;0;0.001999;
./datasets/SuffixArchivos/Mezcla//1000_4.txt;inconvertibility;0;0.001999;
./datasets/SuffixArchivos/Mezcla//1000_5.txt;inconvertibility;0;0.001999;
./datasets/SuffixArchivos/Mezcla//1000_6.txt;inconvertibility;0;0.001999;
./datasets/SuffixArchivos/Mezcla//200.txt;inconvertibility;0;0.001999;
./datasets/SuffixArchivos/Mezcla//200_2.txt;inconvertibility;0;0.001999;
./datasets/SuffixArchivos/Mezcla//500.txt;inconvertibility;0;0.001999;
./datasets/SuffixArchivos/Mezcla//500_2.txt;inconvertibility;0;0.001999;
./datasets/SuffixArchivos/Mezcla//1000.txt;anesthetist;0;0.000999;
./datasets/SuffixArchivos/Mezcla//1000_2.txt;anesthetist;0;0.000999;
./datasets/SuffixArchivos/Mezcla//1000_3.txt;anesthetist;0;0.000999;
./datasets/SuffixArchivos/Mezcla//1000_4.txt;anesthetist;0;0.000999;
./datasets/SuffixArchivos/Mezcla//1000_5.txt;anesthetist;0;0.000999;
./datasets/SuffixArchivos/Mezcla//1000_6.txt;anesthetist;0;0.000999;
./datasets/SuffixArchivos/Mezcla//200.txt;anesthetist;0;0.000999;
./datasets/SuffixArchivos/Mezcla//200_2.txt;anesthetist;0;0.000999;
./datasets/SuffixArchivos/Mezcla//500.txt;anesthetist;0;0.000999;
./datasets/SuffixArchivos/Mezcla//500_2.txt;anesthetist;0;0.000999;
./datasets/SuffixArchivos/Mezcla//1000.txt;rumorproof;0;0.001999;
./datasets/SuffixArchivos/Mezcla//1000_2.txt;rumorproof;0;0.001999;
./datasets/SuffixArchivos/Mezcla//1000_3.txt;rumorproof;0;0.001999;
./datasets/SuffixArchivos/Mezcla//1000_4.txt;rumorproof;0;0.001999;
./datasets/SuffixArchivos/Mezcla//1000_5.txt;rumorproof;0;0.001999;
./datasets/SuffixArchivos/Mezcla//1000_6.txt;rumorproof;0;0.001999;
./datasets/SuffixArchivos/Mezcla//200.txt;rumorproof;0;0.001999;
./datasets/SuffixArchivos/Mezcla//200_2.txt;rumorproof;0;0.001999;
./datasets/SuffixArchivos/Mezcla//500.txt;rumorproof;0;0.001999;
./datasets/SuffixArchivos/Mezcla//500_2.txt;rumorproof;0;0.001999;
./datasets/SuffixArchivos/Mezcla//1000.txt;thoracoscopy;0;0.000999;
./datasets/SuffixArchivos/Mezcla//1000_2.txt;thoracoscopy;0;0.000999;
./datasets/SuffixArchivos/Mezcla//1000_3.txt;thoracoscopy;0;0.000999;
./datasets/SuffixArchivos/Mezcla//1000_4.txt;thoracoscopy;0;0.000999;
./datasets/SuffixArchivos/Mezcla//1000_5.txt;thoracoscopy;0;0.000999;
./datasets/SuffixArchivos/Mezcla//1000_6.txt;thoracoscopy;0;0.000999;
./datasets/SuffixArchivos/Mezcla//200.txt;thoracoscopy;0;0.000999;
./datasets/SuffixArchivos/Mezcla//200_2.txt;thoracoscopy;0;0.000999;
./datasets/SuffixArchivos/Mezcla//500.txt;thoracoscopy;0;0.000999;
./datasets/SuffixArchivos/Mezcla//500_2.txt;thoracoscopy;0;0.000999;
./datasets/SuffixArchivos/Mezcla//1000.txt;euphorbium;0;0.002;
./datasets/SuffixArchivos/Mezcla//1000_2.txt;euphorbium;0;0.002;
./datasets/SuffixArchivos/Mezcla//1000_3.txt;euphorbium;0;0.002;
./datasets/SuffixArchivos/Mezcla//1000_4.txt;euphorbium;0;0.002;
./datasets/SuffixArchivos/Mezcla//1000_5.txt;euphorbium;0;0.002;
./datasets/SuffixArchivos/Mezcla//1000_6.txt;euphorbium;0;0.002;
./datasets/SuffixArchivos/Mezcla//200.txt;euphorbium;0;0.002;
./datasets/SuffixArchivos/Mezcla//200_2.txt;euphorbium;0;0.002;
./datasets/SuffixArchivos/Mezcla//500.txt;euphorbium;0;0.002;
./datasets/SuffixArchivos/Mezcla//500_2.txt;euphorbium;0;0.002;
./datasets/SuffixArchivos/Mezcla//1000.txt;bizet;0;0.001;
./datasets/SuffixArchivos/Mezcla//1000_2.txt;bizet;0;0.001;
./datasets/SuffixArchivos/Mezcla//1000_3.txt;bizet;0;0.001;
./datasets/SuffixArchivos/Mezcla//1000_4.txt;bizet;0;0.001;
./datasets/SuffixArchivos/Mezcla//1000_5.txt;bizet;0;0.001;
./datasets/SuffixArchivos/Mezcla//1000_6.txt;bizet;0;0.001;
./datasets/SuffixArchivos/Mezcla//200.txt;bizet;0;0.001;
./datasets/SuffixArchivos/Mezcla//200_2.txt;bizet;0;0.001;
./datasets/SuffixArchivos/Mezcla//500.txt;bizet;0;0.001;
./datasets/SuffixArchivos/Mezcla//500_2.txt;bizet;0;0.001;
./datasets/SuffixArchivos/Mezcla//1000.txt;song;0;0.000999;
./datasets/SuffixArchivos/Mezcla//1000_2.txt;song;0;0.000999;
./datasets/SuffixArchivos/Mezcla//1000_3.txt;song;1;0.000999;
./datasets/SuffixArchivos/Mezcla//1000_4.txt;song;0;0.000999;
./datasets/SuffixArchivos/Mezcla//1000_5.txt;song;1;0.000999;
./datasets/SuffixArchivos/Mezcla//1000_6.txt;song;1;0.000999;
./datasets/SuffixArchivos/Mezcla//200.txt;song;1;0.000999;
./datasets/SuffixArchivos/Mezcla//200_2.txt;song;0;0.000999;
./datasets/SuffixArchivos/Mezcla//500.txt;song;0;0.000999;
./datasets/SuffixArchivos/Mezcla//500_2.txt;song;6;0.000999;
./datasets/SuffixArchivos/Mezcla//1000.txt;dolichocephali;0;0.001999;
./datasets/SuffixArchivos/Mezcla//1000_2.txt;dolichocephali;0;0.001999;
./datasets/SuffixArchivos/Mezcla//1000_3.txt;dolichocephali;0;0.001999;
./datasets/SuffixArchivos/Mezcla//1000_4.txt;dolichocephali;0;0.001999;
./datasets/SuffixArchivos/Mezcla//1000_5.txt;dolichocephali;0;0.001999;
./datasets/SuffixArchivos/Mezcla//1000_6.txt;dolichocephali;0;0.001999;
./datasets/SuffixArchivos/Mezcla//200.txt;dolichocephali;0;0.001999;
./datasets/SuffixArchivos/Mezcla//200_2.txt;dolichocephali;0;0.001999;
./datasets/SuffixArchivos/Mezcla//500.txt;dolichocephali;0;0.001999;
./datasets/SuffixArchivos/Mezcla//500_2.txt;dolichocephali;0;0.001999;
./datasets/SuffixArchivos/Mezcla//1000.txt;platemaker;0;0.000999;
./datasets/SuffixArchivos/Mezcla//1000_2.txt;platemaker;0;0.000999;
./datasets/SuffixArchivos/Mezcla//1000_3.txt;platemaker;0;0.000999;
./datasets/SuffixArchivos/Mezcla//1000_4.txt;platemaker;0;0.000999;
./datasets/SuffixArchivos/Mezcla//1000_5.txt;platemaker;0;0.000999;
./datasets/SuffixArchivos/Mezcla//1000_6.txt;platemaker;0;0.000999;
./datasets/SuffixArchivos/Mezcla//200.txt;platemaker;0;0.000999;
./datasets/SuffixArchivos/Mezcla//200_2.txt;platemaker;0;0.000999;
./datasets/SuffixArchivos/Mezcla//500.txt;platemaker;0;0.000999;
./datasets/SuffixArchivos/Mezcla//500_2.txt;platemaker;0;0.000999;
./datasets/SuffixArchivos/Mezcla//1000.txt;vesicupapular;0;0.001;
./datasets/SuffixArchivos/Mezcla//1000_2.txt;vesicupapular;0;0.001;
./datasets/SuffixArchivos/Mezcla//1000_3.txt;vesicupapular;0;0.001;
./datasets/SuffixArchivos/Mezcla//1000_4.txt;vesicupapular;0;0.001;
./datasets/SuffixArchivos/Mezcla//1000_5.txt;vesicupapular;0;0.001;
./datasets/SuffixArchivos/Mezcla//1000_6.txt;vesicupapular;0;0.001;
./datasets/SuffixArchivos/Mezcla//200.txt;vesicupapular;0;0.001;
./datasets/SuffixArchivos/Mezcla//200_2.txt;vesicupapular;0;0.001;
./datasets/SuffixArchivos/Mezcla//500.txt;vesicupapular;0;0.001;
./datasets/SuffixArchivos/Mezcla//500_2.txt;vesicupapular;0;0.001;
./datasets/SuffixArchivos/Mezcla//1000.txt;electroforming;0;0.001;
./datasets/SuffixArchivos/Mezcla//1000_2.txt;electroforming;0;0.001;
./datasets/SuffixArchivos/Mezcla//1000_3.txt;electroforming;0;0.001;
./datasets/SuffixArchivos/Mezcla//1000_4.txt;electroforming;0;0.001;
./datasets/SuffixArchivos/Mezcla//1000_5.txt;electroforming;0;0.001;
./datasets/SuffixArchivos/Mezcla//1000_6.txt;electroforming;0;0.001;
./datasets/SuffixArchivos/Mezcla//200.txt;electroforming;0;0.001;
./datasets/SuffixArchivos/Mezcla//200_2.txt;electroforming;0;0.001;
./datasets/SuffixArchivos/Mezcla//500.txt;electroforming;0;0.001;
./datasets/SuffixArchivos/Mezcla//500_2.txt;electroforming;0;0.001;
./datasets/SuffixArchivos/Mezcla//1000.txt;dilatingly;0;0.001;
./datasets/SuffixArchivos/Mezcla//1000_2.txt;dilatingly;0;0.001;
./datasets/SuffixArchivos/Mezcla//1000_3.txt;dilatingly;0;0.001;
./datasets/SuffixArchivos/Mezcla//1000_4.txt;dilatingly;0;0.001;
./datasets/SuffixArchivos/Mezcla//1000_5.txt;dilatingly;0;0.001;
./datasets/SuffixArchivos/Mezcla//1000_6.txt;dilatingly;0;0.001;
./datasets/SuffixArchivos/Mezcla//200.txt;dilatingly;0;0.001;
./datasets/SuffixArchivos/Mezcla//200_2.txt;dilatingly;0;0.001;
./datasets/SuffixArchivos/Mezcla//500.txt;dilatingly;0;0.001;
./datasets/SuffixArchivos/Mezcla//500_2.txt;dilatingly;0;0.001;
./datasets/SuffixArchivos/Mezcla//1000.txt;meethelp;0;0.000999;
./datasets/SuffixArchivos/Mezcla//1000_2.txt;meethelp;0;0.000999;
./datasets/SuffixArchivos/Mezcla//1000_3.txt;meethelp;0;0.000999;
./datasets/SuffixArchivos/Mezcla//1000_4.txt;meethelp;0;0.000999;
./datasets/SuffixArchivos/Mezcla//1000_5.txt;meethelp;0;0.000999;
./datasets/SuffixArchivos/Mezcla//1000_6.txt;meethelp;0;0.000999;
./datasets/SuffixArchivos/Mezcla//200.txt;meethelp;0;0.000999;
./datasets/SuffixArchivos/Mezcla//200_2.txt;meethelp;0;0.000999;
./datasets/SuffixArchivos/Mezcla//500.txt;meethelp;0;0.000999;
./datasets/SuffixArchivos/Mezcla//500_2.txt;meethelp;0;0.000999;
./datasets/SuffixArchivos/Mezcla//1000.txt;loincloth;0;0.000999;
./datasets/SuffixArchivos/Mezcla//1000_2.txt;loincloth;0;0.000999;
./datasets/SuffixArchivos/Mezcla//1000_3.txt;loincloth;0;0.000999;
./datasets/SuffixArchivos/Mezcla//1000_4.txt;loincloth;0;0.000999;
./datasets/SuffixArchivos/Mezcla//1000_5.txt;loincloth;0;0.000999;
./datasets/SuffixArchivos/Mezcla//1000_6.txt;loincloth;0;0.000999;
./datasets/SuffixArchivos/Mezcla//200.txt;loincloth;0;0.000999;
./datasets/SuffixArchivos/Mezcla//200_2.txt;loincloth;0;0.000999;
./datasets/SuffixArchivos/Mezcla//500.txt;loincloth;0;0.000999;
./datasets/SuffixArchivos/Mezcla//500_2.txt;loincloth;0;0.000999;
./datasets/SuffixArchivos/Mezcla//1000.txt;avowably;0;0.000999;
./datasets/SuffixArchivos/Mezcla//1000_2.txt;avowably;0;0.000999;
./datasets/SuffixArchivos/Mezcla//1000_3.txt;avowably;0;0.000999;
./datasets/SuffixArchivos/Mezcla//1000_4.txt;avowably;0;0.000999;
./datasets/SuffixArchivos/Mezcla//1000_5.txt;avowably;0;0.000999;
./datasets/SuffixArchivos/Mezcla//1000_6.txt;avowably;0;0.000999;
./datasets/SuffixArchivos/Mezcla//200.txt;avowably;0;0.000999;
./datasets/SuffixArchivos/Mezcla//200_2.txt;avowably;0;0.000999;
./datasets/SuffixArchivos/Mezcla//500.txt;avowably;0;0.000999;
./datasets/SuffixArchivos/Mezcla//500_2.txt;avowably;0;0.000999;
./datasets/SuffixArchivos/Mezcla//1000.txt;counterindicate;0;0.000998;
./datasets/SuffixArchivos/Mezcla//1000_2.txt;counterindicate;0;0.000998;
./datasets/SuffixArchivos/Mezcla//1000_3.txt;counterindicate;0;0.000998;
./datasets/SuffixArchivos/Mezcla//1000_4.txt;counterindicate;0;0.000998;
./datasets/SuffixArchivos/Mezcla//1000_5.txt;counterindicate;0;0.000998;
./datasets/SuffixArchivos/Mezcla//1000_6.txt;counterindicate;0;0.000998;
./datasets/SuffixArchivos/Mezcla//200.txt;counterindicate;0;0.000998;
./datasets/SuffixArchivos/Mezcla//200_2.txt;counterindicate;0;0.000998;
./datasets/SuffixArchivos/Mezcla//500.txt;counterindicate;0;0.000998;
./datasets/SuffixArchivos/Mezcla//500_2.txt;counterindicate;0;0.000998;
./datasets/SuffixArchivos/Mezcla//1000.txt;treacliness;0;0.000998;
./datasets/SuffixArchivos/Mezcla//1000_2.txt;treacliness;0;0.000998;
./datasets/SuffixArchivos/Mezcla//1000_3.txt;treacliness;0;0.000998;
./datasets/SuffixArchivos/Mezcla//1000_4.txt;treacliness;0;0.000998;
./datasets/SuffixArchivos/Mezcla//1000_5.txt;treacliness;0;0.000998;
./datasets/SuffixArchivos/Mezcla//1000_6.txt;treacliness;0;0.000998;
./datasets/SuffixArchivos/Mezcla//200.txt;treacliness;0;0.000998;
./datasets/SuffixArchivos/Mezcla//200_2.txt;treacliness;0;0.000998;
./datasets/SuffixArchivos/Mezcla//500.txt;treacliness;0;0.000998;
./datasets/SuffixArchivos/Mezcla//500_2.txt;treacliness;0;0.000998;
./datasets/SuffixArchivos/Mezcla//1000.txt;Epigonus;0;0.001;
./datasets/SuffixArchivos/Mezcla//1000_2.txt;Epigonus;0;0.001;
./datasets/SuffixArchivos/Mezcla//1000_3.txt;Epigonus;0;0.001;
./datasets/SuffixArchivos/Mezcla//1000_4.txt;Epigonus;0;0.001;
./datasets/SuffixArchivos/Mezcla//1000_5.txt;Epigonus;0;0.001;
./datasets/SuffixArchivos/Mezcla//1000_6.txt;Epigonus;0;0.001;
./datasets/SuffixArchivos/Mezcla//200.txt;Epigonus;0;0.001;
./datasets/SuffixArchivos/Mezcla//200_2.txt;Epigonus;0;0.001;
./datasets/SuffixArchivos/Mezcla//500.txt;Epigonus;0;0.001;
./datasets/SuffixArchivos/Mezcla//500_2.txt;Epigonus;0;0.001;
./datasets/SuffixArchivos/Mezcla//1000.txt;airmark;0;0;
./datasets/SuffixArchivos/Mezcla//1000_2.txt;airmark;0;0;
./datasets/SuffixArchivos/Mezcla//1000_3.txt;airmark;0;0;
./datasets/SuffixArchivos/Mezcla//1000_4.txt;airmark;0;0;
./datasets/SuffixArchivos/Mezcla//1000_5.txt;airmark;0;0;
./datasets/SuffixArchivos/Mezcla//1000_6.txt;airmark;0;0;
./datasets/SuffixArchivos/Mezcla//200.txt;airmark;0;0;
./datasets/SuffixArchivos/Mezcla//200_2.txt;airmark;0;0;
./datasets/SuffixArchivos/Mezcla//500.txt;airmark;0;0;
./datasets/SuffixArchivos/Mezcla//500_2.txt;airmark;0;0;
./datasets/SuffixArchivos/Mezcla//1000.txt;polarography;0;0.001;
./datasets/SuffixArchivos/Mezcla//1000_2.txt;polarography;0;0.001;
./datasets/SuffixArchivos/Mezcla//1000_3.txt;polarography;0;0.001;
./datasets/SuffixArchivos/Mezcla//1000_4.txt;polarography;0;0.001;
./datasets/SuffixArchivos/Mezcla//1000_5.txt;polarography;0;0.001;
./datasets/SuffixArchivos/Mezcla//1000_6.txt;polarography;0;0.001;
./datasets/SuffixArchivos/Mezcla//200.txt;polarography;0;0.001;
./datasets/SuffixArchivos/Mezcla//200_2.txt;polarography;0;0.001;
./datasets/SuffixArchivos/Mezcla//500.txt;polarography;0;0.001;
./datasets/SuffixArchivos/Mezcla//500_2.txt;polarography;0;0.001;
./datasets/SuffixArchivos/Mezcla//1000.txt;precomposition;0;0.000999;
./datasets/SuffixArchivos/Mezcla//1000_2.txt;precomposition;0;0.000999;
./datasets/SuffixArchivos/Mezcla//1000_3.txt;precomposition;0;0.000999;
./datasets/SuffixArchivos/Mezcla//1000_4.txt;precomposition;0;0.000999;
./datasets/SuffixArchivos/Mezcla//1000_5.txt;precomposition;0;0.000999;
./datasets/SuffixArchivos/Mezcla//1000_6.txt;precomposition;0;0.000999;
./datasets/SuffixArchivos/Mezcla//200.txt;precomposition;0;0.000999;
./datasets/SuffixArchivos/Mezcla//200_2.txt;precomposition;0;0.000999;
./datasets/SuffixArchivos/Mezcla//500.txt;precomposition;0;0.000999;
./datasets/SuffixArchivos/Mezcla//500_2.txt;precomposition;0;0.000999;
./datasets/SuffixArchivos/Mezcla//1000.txt;lemography;0;0.001;
./datasets/SuffixArchivos/Mezcla//1000_2.txt;lemography;0;0.001;
./datasets/SuffixArchivos/Mezcla//1000_3.txt;lemography;0;0.001;
./datasets/SuffixArchivos/Mezcla//1000_4.txt;lemography;0;0.001;
./datasets/SuffixArchivos/Mezcla//1000_5.txt;lemography;0;0.001;
./datasets/SuffixArchivos/Mezcla//1000_6.txt;lemography;0;0.001;
./datasets/SuffixArchivos/Mezcla//200.txt;lemography;0;0.001;
./datasets/SuffixArchivos/Mezcla//200_2.txt;lemography;0;0.001;
./datasets/SuffixArchivos/Mezcla//500.txt;lemography;0;0.001;
./datasets/SuffixArchivos/Mezcla//500_2.txt;lemography;0;0.001;
./datasets/SuffixArchivos/Mezcla//1000.txt;Apinage;0;0.000999;
./datasets/SuffixArchivos/Mezcla//1000_2.txt;Apinage;0;0.000999;
./datasets/SuffixArchivos/Mezcla//1000_3.txt;Apinage;0;0.000999;
./datasets/SuffixArchivos/Mezcla//1000_4.txt;Apinage;0;0.000999;
./datasets/SuffixArchivos/Mezcla//1000_5.txt;Apinage;0;0.000999;
./datasets/SuffixArchivos/Mezcla//1000_6.txt;Apinage;0;0.000999;
./datasets/SuffixArchivos/Mezcla//200.txt;Apinage;0;0.000999;
./datasets/SuffixArchivos/Mezcla//200_2.txt;Apinage;0;0.000999;
./datasets/SuffixArchivos/Mezcla//500.txt;Apinage;0;0.000999;
./datasets/SuffixArchivos/Mezcla//500_2.txt;Apinage;0;0.000999;
./datasets/SuffixArchivos/Mezcla//1000.txt;Taal;0;0.000998;
./datasets/SuffixArchivos/Mezcla//1000_2.txt;Taal;0;0.000998;
./datasets/SuffixArchivos/Mezcla//1000_3.txt;Taal;0;0.000998;
./datasets/SuffixArchivos/Mezcla//1000_4.txt;Taal;0;0.000998;
./datasets/SuffixArchivos/Mezcla//1000_5.txt;Taal;0;0.000998;
./datasets/SuffixArchivos/Mezcla//1000_6.txt;Taal;0;0.000998;
./datasets/SuffixArchivos/Mezcla//200.txt;Taal;0;0.000998;
./datasets/SuffixArchivos/Mezcla//200_2.txt;Taal;0;0.000998;
./datasets/SuffixArchivos/Mezcla//500.txt;Taal;0;0.000998;
./datasets/SuffixArchivos/Mezcla//500_2.txt;Taal;0;0.000998;
./datasets/SuffixArchivos/Mezcla//1000.txt;logology;0;0.001;
./datasets/SuffixArchivos/Mezcla//1000_2.txt;logology;0;0.001;
./datasets/SuffixArchivos/Mezcla//1000_3.txt;logology;0;0.001;
./datasets/SuffixArchivos/Mezcla//1000_4.txt;logology;0;0.001;
./datasets/SuffixArchivos/Mezcla//1000_5.txt;logology;0;0.001;
./datasets/SuffixArchivos/Mezcla//1000_6.txt;logology;0;0.001;
./datasets/SuffixArchivos/Mezcla//200.txt;logology;0;0.001;
./datasets/SuffixArchivos/Mezcla//200_2.txt;logology;0;0.001;
./datasets/SuffixArchivos/Mezcla//500.txt;logology;0;0.001;
./datasets/SuffixArchivos/Mezcla//500_2.txt;logology;0;0.001;
./datasets/SuffixArchivos/Mezcla//1000.txt;probeer;0;0.000999;
./datasets/SuffixArchivos/Mezcla//1000_2.txt;probeer;0;0.000999;
./datasets/SuffixArchivos/Mezcla//1000_3.txt;probeer;0;0.000999;
./datasets/SuffixArchivos/Mezcla//1000_4.txt;probeer;0;0.000999;
./datasets/SuffixArchivos/Mezcla//1000_5.txt;probeer;0;0.000999;
./datasets/SuffixArchivos/Mezcla//1000_6.txt;probeer;0;0.000999;
./datasets/SuffixArchivos/Mezcla//200.txt;probeer;0;0.000999;
./datasets/SuffixArchivos/Mezcla//200_2.txt;probeer;0;0.000999;
./datasets/SuffixArchivos/Mezcla//500.txt;probeer;0;0.000999;
./datasets/SuffixArchivos/Mezcla//500_2.txt;probeer;0;0.000999;
./datasets/SuffixArchivos/Mezcla//1000.txt;randomization;0;0.001;
./datasets/SuffixArchivos/Mezcla//1000_2.txt;randomization;0;0.001;
./datasets/SuffixArchivos/Mezcla//1000_3.txt;randomization;0;0.001;
./datasets/SuffixArchivos/Mezcla//1000_4.txt;randomization;0;0.001;
./datasets/SuffixArchivos/Mezcla//1000_5.txt;randomization;0;0.001;
./datasets/SuffixArchivos/Mezcla//1000_6.txt;randomization;0;0.001;
./datasets/SuffixArchivos/Mezcla//200.txt;randomization;0;0.001;
./datasets/SuffixArchivos/Mezcla//200_2.txt;randomization;0;0.001;
./datasets/SuffixArchivos/Mezcla//500.txt;randomization;0;0.001;
./datasets/SuffixArchivos/Mezcla//500_2.txt;randomization;0;0.001;
./datasets/SuffixArchivos/Mezcla//1000.txt;poditic;0;0.000999;
./datasets/SuffixArchivos/Mezcla//1000_2.txt;poditic;0;0.000999;
./datasets/SuffixArchivos/Mezcla//1000_3.txt;poditic;0;0.000999;
./datasets/SuffixArchivos/Mezcla//1000_4.txt;poditic;0;0.000999;
./datasets/SuffixArchivos/Mezcla//1000_5.txt;poditic;0;0.000999;
./datasets/SuffixArchivos/Mezcla//1000_6.txt;poditic;0;0.000999;
./datasets/SuffixArchivos/Mezcla//200.txt;poditic;0;0.000999;
./datasets/SuffixArchivos/Mezcla//200_2.txt;poditic;0;0.000999;
./datasets/SuffixArchivos/Mezcla//500.txt;poditic;0;0.000999;
./datasets/SuffixArchivos/Mezcla//500_2.txt;poditic;0;0.000999;
./datasets/SuffixArchivos/Mezcla//1000.txt;individualize;0;0.000999;
./datasets/SuffixArchivos/Mezcla//1000_2.txt;individualize;0;0.000999;
./datasets/SuffixArchivos/Mezcla//1000_3.txt;individualize;0;0.000999;
./datasets/SuffixArchivos/Mezcla//1000_4.txt;individualize;0;0.000999;
./datasets/SuffixArchivos/Mezcla//1000_5.txt;individualize;0;0.000999;
./datasets/SuffixArchivos/Mezcla//1000_6.txt;individualize;0;0.000999;
./datasets/SuffixArchivos/Mezcla//200.txt;individualize;0;0.000999;
./datasets/SuffixArchivos/Mezcla//200_2.txt;individualize;0;0.000999;
./datasets/SuffixArchivos/Mezcla//500.txt;individualize;0;0.000999;
./datasets/SuffixArchivos/Mezcla//500_2.txt;individualize;0;0.000999;
./datasets/SuffixArchivos/Mezcla//1000.txt;castigate;0;0.001;
./datasets/SuffixArchivos/Mezcla//1000_2.txt;castigate;0;0.001;
./datasets/SuffixArchivos/Mezcla//1000_3.txt;castigate;0;0.001;
./datasets/SuffixArchivos/Mezcla//1000_4.txt;castigate;0;0.001;
./datasets/SuffixArchivos/Mezcla//1000_5.txt;castigate;0;0.001;
./datasets/SuffixArchivos/Mezcla//1000_6.txt;castigate;0;0.001;
./datasets/SuffixArchivos/Mezcla//200.txt;castigate;0;0.001;
./datasets/SuffixArchivos/Mezcla//200_2.txt;castigate;0;0.001;
./datasets/SuffixArchivos/Mezcla//500.txt;castigate;0;0.001;
./datasets/SuffixArchivos/Mezcla//500_2.txt;castigate;0;0.001;
./datasets/SuffixArchivos/Mezcla//1000.txt;Biloculina;0;0.001;
./datasets/SuffixArchivos/Mezcla//1000_2.txt;Biloculina;0;0.001;
./datasets/SuffixArchivos/Mezcla//1000_3.txt;Biloculina;0;0.001;
./datasets/SuffixArchivos/Mezcla//1000_4.txt;Biloculina;0;0.001;
./datasets/SuffixArchivos/Mezcla//1000_5.txt;Biloculina;0;0.001;
./datasets/SuffixArchivos/Mezcla//1000_6.txt;Biloculina;0;0.001;
./datasets/SuffixArchivos/Mezcla//200.txt;Biloculina;0;0.001;
./datasets/SuffixArchivos/Mezcla//200_2.txt;Biloculina;0;0.001;
./datasets/SuffixArchivos/Mezcla//500.txt;Biloculina;0;0.001;
./datasets/SuffixArchivos/Mezcla//500_2.txt;Biloculina;0;0.001;
./datasets/SuffixArchivos/Mezcla//1000.txt;overscrub;0;0.000999;
./datasets/SuffixArchivos/Mezcla//1000_2.txt;overscrub;0;0.000999;
./datasets/SuffixArchivos/Mezcla//1000_3.txt;overscrub;0;0.000999;
./datasets/SuffixArchivos/Mezcla//1000_4.txt;overscrub;0;0.000999;
./datasets/SuffixArchivos/Mezcla//1000_5.txt;overscrub;0;0.000999;
./datasets/SuffixArchivos/Mezcla//1000_6.txt;overscrub;0;0.000999;
./datasets/SuffixArchivos/Mezcla//200.txt;overscrub;0;0.000999;
./datasets/SuffixArchivos/Mezcla//200_2.txt;overscrub;0;0.000999;
./datasets/SuffixArchivos/Mezcla//500.txt;overscrub;0;0.000999;
./datasets/SuffixArchivos/Mezcla//500_2.txt;overscrub;0;0.000999;
./datasets/SuffixArchivos/Mezcla//1000.txt;koolah;0;0.001;
./datasets/SuffixArchivos/Mezcla//1000_2.txt;koolah;0;0.001;
./datasets/SuffixArchivos/Mezcla//1000_3.txt;koolah;0;0.001;
./datasets/SuffixArchivos/Mezcla//1000_4.txt;koolah;0;0.001;
./datasets/SuffixArchivos/Mezcla//1000_5.txt;koolah;0;0.001;
./datasets/SuffixArchivos/Mezcla//1000_6.txt;koolah;0;0.001;
./datasets/SuffixArchivos/Mezcla//200.txt;koolah;0;0.001;
./datasets/SuffixArchivos/Mezcla//200_2.txt;koolah;0;0.001;
./datasets/SuffixArchivos/Mezcla//500.txt;koolah;0;0.001;
./datasets/SuffixArchivos/Mezcla//500_2.txt;koolah;0;0.001;
./datasets/SuffixArchivos/Mezcla//1000.txt;weetless;0;0.000999;
./datasets/SuffixArchivos/Mezcla//1000_2.txt;weetless;0;0.000999;
./datasets/SuffixArchivos/Mezcla//1000_3.txt;weetless;0;0.000999;
./datasets/SuffixArchivos/Mezcla//1000_4.txt;weetless;0;0.000999;
./datasets/SuffixArchivos/Mezcla//1000_5.txt;weetless;0;0.000999;
./datasets/SuffixArchivos/Mezcla//1000_6.txt;weetless;0;0.000999;
./datasets/SuffixArchivos/Mezcla//200.txt;weetless;0;0.000999;
./datasets/SuffixArchivos/Mezcla//200_2.txt;weetless;0;0.000999;
./datasets/SuffixArchivos/Mezcla//500.txt;weetless;0;0.000999;
./datasets/SuffixArchivos/Mezcla//500_2.txt;weetless;0;0.000999;
./datasets/SuffixArchivos/Mezcla//1000.txt;erased;0;0;
./datasets/SuffixArchivos/Mezcla//1000_2.txt;erased;0;0;
./datasets/SuffixArchivos/Mezcla//1000_3.txt;erased;0;0;
./datasets/SuffixArchivos/Mezcla//1000_4.txt;erased;0;0;
./datasets/SuffixArchivos/Mezcla//1000_5.txt;erased;0;0;
./datasets/SuffixArchivos/Mezcla//1000_6.txt;erased;0;0;
./datasets/SuffixArchivos/Mezcla//200.txt;erased;0;0;
./datasets/SuffixArchivos/Mezcla//200_2.txt;erased;0;0;
./datasets/SuffixArchivos/Mezcla//500.txt;erased;0;0;
./datasets/SuffixArchivos/Mezcla//500_2.txt;erased;0;0;
./datasets/SuffixArchivos/Mezcla//1000.txt;layery;0;0;
./datasets/SuffixArchivos/Mezcla//1000_2.txt;layery;0;0;
./datasets/SuffixArchivos/Mezcla//1000_3.txt;layery;0;0;
./datasets/SuffixArchivos/Mezcla//1000_4.txt;layery;0;0;
./datasets/SuffixArchivos/Mezcla//1000_5.txt;layery;0;0;
./datasets/SuffixArchivos/Mezcla//1000_6.txt;layery;0;0;
./datasets/SuffixArchivos/Mezcla//200.txt;layery;0;0;
./datasets/SuffixArchivos/Mezcla//200_2.txt;layery;0;0;
./datasets/SuffixArchivos/Mezcla//500.txt;layery;0;0;
./datasets/SuffixArchivos/Mezcla//500_2.txt;layery;0;0;
./datasets/SuffixArchivos/Mezcla//1000.txt;discontinuee;0;0.001006;
./datasets/SuffixArchivos/Mezcla//1000_2.txt;discontinuee;0;0.001006;
./datasets/SuffixArchivos/Mezcla//1000_3.txt;discontinuee;0;0.001006;
./datasets/SuffixArchivos/Mezcla//1000_4.txt;discontinuee;0;0.001006;
./datasets/SuffixArchivos/Mezcla//1000_5.txt;discontinuee;0;0.001006;
./datasets/SuffixArchivos/Mezcla//1000_6.txt;discontinuee;0;0.001006;
./datasets/SuffixArchivos/Mezcla//200.txt;discontinuee;0;0.001006;
./datasets/SuffixArchivos/Mezcla//200_2.txt;discontinuee;0;0.001006;
./datasets/SuffixArchivos/Mezcla//500.txt;discontinuee;0;0.001006;
./datasets/SuffixArchivos/Mezcla//500_2.txt;discontinuee;0;0.001006;
./datasets/SuffixArchivos/Mezcla//1000.txt;anaphylatoxin;0;0.000994;
./datasets/SuffixArchivos/Mezcla//1000_2.txt;anaphylatoxin;0;0.000994;
./datasets/SuffixArchivos/Mezcla//1000_3.txt;anaphylatoxin;0;0.000994;
./datasets/SuffixArchivos/Mezcla//1000_4.txt;anaphylatoxin;0;0.000994;
./datasets/SuffixArchivos/Mezcla//1000_5.txt;anaphylatoxin;0;0.000994;
./datasets/SuffixArchivos/Mezcla//1000_6.txt;anaphylatoxin;0;0.000994;
./datasets/SuffixArchivos/Mezcla//200.txt;anaphylatoxin;0;0.000994;
./datasets/SuffixArchivos/Mezcla//200_2.txt;anaphylatoxin;0;0.000994;
./datasets/SuffixArchivos/Mezcla//500.txt;anaphylatoxin;0;0.000994;
./datasets/SuffixArchivos/Mezcla//500_2.txt;anaphylatoxin;0;0.000994;
./datasets/SuffixArchivos/Mezcla//1000.txt;unwounded;0;0.000998;
./datasets/SuffixArchivos/Mezcla//1000_2.txt;unwounded;0;0.000998;
./datasets/SuffixArchivos/Mezcla//1000_3.txt;unwounded;0;0.000998;
./datasets/SuffixArchivos/Mezcla//1000_4.txt;unwounded;0;0.000998;
./datasets/SuffixArchivos/Mezcla//1000_5.txt;unwounded;0;0.000998;
./datasets/SuffixArchivos/Mezcla//1000_6.txt;unwounded;0;0.000998;
./datasets/SuffixArchivos/Mezcla//200.txt;unwounded;0;0.000998;
./datasets/SuffixArchivos/Mezcla//200_2.txt;unwounded;0;0.000998;
./datasets/SuffixArchivos/Mezcla//500.txt;unwounded;0;0.000998;
./datasets/SuffixArchivos/Mezcla//500_2.txt;unwounded;0;0.000998;
./datasets/SuffixArchivos/Mezcla//1000.txt;personalism;0;0.001;
./datasets/SuffixArchivos/Mezcla//1000_2.txt;personalism;0;0.001;
./datasets/SuffixArchivos/Mezcla//1000_3.txt;personalism;0;0.001;
./datasets/SuffixArchivos/Mezcla//1000_4.txt;personalism;0;0.001;
./datasets/SuffixArchivos/Mezcla//1000_5.txt;personalism;0;0.001;
./datasets/SuffixArchivos/Mezcla//1000_6.txt;personalism;0;0.001;
./datasets/SuffixArchivos/Mezcla//200.txt;personalism;0;0.001;
./datasets/SuffixArchivos/Mezcla//200_2.txt;personalism;0;0.001;
./datasets/SuffixArchivos/Mezcla//500.txt;personalism;0;0.001;
./datasets/SuffixArchivos/Mezcla//500_2.txt;personalism;0;0.001;
./datasets/SuffixArchivos/Mezcla//1000.txt;howitzer;0;0.000998;
./datasets/SuffixArchivos/Mezcla//1000_2.txt;howitzer;0;0.000998;
./datasets/SuffixArchivos/Mezcla//1000_3.txt;howitzer;0;0.000998;
./datasets/SuffixArchivos/Mezcla//1000_4.txt;howitzer;0;0.000998;
./datasets/SuffixArchivos/Mezcla//1000_5.txt;howitzer;0;0.000998;
./datasets/SuffixArchivos/Mezcla//1000_6.txt;howitzer;0;0.000998;
./datasets/SuffixArchivos/Mezcla//200.txt;howitzer;0;0.000998;
./datasets/SuffixArchivos/Mezcla//200_2.txt;howitzer;0;0.000998;
./datasets/SuffixArchivos/Mezcla//500.txt;howitzer;0;0.000998;
./datasets/SuffixArchivos/Mezcla//500_2.txt;howitzer;0;0.000998;
./datasets/SuffixArchivos/Mezcla//1000.txt;hexahydroxy;0;0.001;
./datasets/SuffixArchivos/Mezcla//1000_2.txt;hexahydroxy;0;0.001;
./datasets/SuffixArchivos/Mezcla//1000_3.txt;hexahydroxy;0;0.001;
./datasets/SuffixArchivos/Mezcla//1000_4.txt;hexahydroxy;0;0.001;
./datasets/SuffixArchivos/Mezcla//1000_5.txt;hexahydroxy;0;0.001;
./datasets/SuffixArchivos/Mezcla//1000_6.txt;hexahydroxy;0;0.001;
./datasets/SuffixArchivos/Mezcla//200.txt;hexahydroxy;0;0.001;
./datasets/SuffixArchivos/Mezcla//200_2.txt;hexahydroxy;0;0.001;
./datasets/SuffixArchivos/Mezcla//500.txt;hexahydroxy;0;0.001;
./datasets/SuffixArchivos/Mezcla//500_2.txt;hexahydroxy;0;0.001;
./datasets/SuffixArchivos/Mezcla//1000.txt;koku;0;0.000999;
./datasets/SuffixArchivos/Mezcla//1000_2.txt;koku;0;0.000999;
./datasets/SuffixArchivos/Mezcla//1000_3.txt;koku;0;0.000999;
./datasets/SuffixArchivos/Mezcla//1000_4.txt;koku;0;0.000999;
./datasets/SuffixArchivos/Mezcla//1000_5.txt;koku;0;0.000999;
./datasets/SuffixArchivos/Mezcla//1000_6.txt;koku;0;0.000999;
./datasets/SuffixArchivos/Mezcla//200.txt;koku;0;0.000999;
./datasets/SuffixArchivos/Mezcla//200_2.txt;koku;0;0.000999;
./datasets/SuffixArchivos/Mezcla//500.txt;koku;0;0.000999;
./datasets/SuffixArchivos/Mezcla//500_2.txt;koku;0;0.000999;
./datasets/SuffixArchivos/Mezcla//1000.txt;reamer;0;0.001001;
./datasets/SuffixArchivos/Mezcla//1000_2.txt;reamer;0;0.001001;
./datasets/SuffixArchivos/Mezcla//1000_3.txt;reamer;0;0.001001;
./datasets/SuffixArchivos/Mezcla//1000_4.txt;reamer;0;0.001001;
./datasets/SuffixArchivos/Mezcla//1000_5.txt;reamer;0;0.001001;
./datasets/SuffixArchivos/Mezcla//1000_6.txt;reamer;0;0.001001;
./datasets/SuffixArchivos/Mezcla//200.txt;reamer;0;0.001001;
./datasets/SuffixArchivos/Mezcla//200_2.txt;reamer;0;0.001001;
./datasets/SuffixArchivos/Mezcla//500.txt;reamer;0;0.001001;
./datasets/SuffixArchivos/Mezcla//500_2.txt;reamer;0;0.001001;
./datasets/SuffixArchivos/Mezcla//1000.txt;tonguiness;0;0.000997;
./datasets/SuffixArchivos/Mezcla//1000_2.txt;tonguiness;0;0.000997;
./datasets/SuffixArchivos/Mezcla//1000_3.txt;tonguiness;0;0.000997;
./datasets/SuffixArchivos/Mezcla//1000_4.txt;tonguiness;0;0.000997;
./datasets/SuffixArchivos/Mezcla//1000_5.txt;tonguiness;0;0.000997;
./datasets/SuffixArchivos/Mezcla//1000_6.txt;tonguiness;0;0.000997;
./datasets/SuffixArchivos/Mezcla//200.txt;tonguiness;0;0.000997;
./datasets/SuffixArchivos/Mezcla//200_2.txt;tonguiness;0;0.000997;
./datasets/SuffixArchivos/Mezcla//500.txt;tonguiness;0;0.000997;
./datasets/SuffixArchivos/Mezcla//500_2.txt;tonguiness;0;0.000997;
./datasets/SuffixArchivos/Mezcla//1000.txt;microgametocyte;0;0.001998;
./datasets/SuffixArchivos/Mezcla//1000_2.txt;microgametocyte;0;0.001998;
./datasets/SuffixArchivos/Mezcla//1000_3.txt;microgametocyte;0;0.001998;
./datasets/SuffixArchivos/Mezcla//1000_4.txt;microgametocyte;0;0.001998;
./datasets/SuffixArchivos/Mezcla//1000_5.txt;microgametocyte;0;0.001998;
./datasets/SuffixArchivos/Mezcla//1000_6.txt;microgametocyte;0;0.001998;
./datasets/SuffixArchivos/Mezcla//200.txt;microgametocyte;0;0.001998;
./datasets/SuffixArchivos/Mezcla//200_2.txt;microgametocyte;0;0.001998;
./datasets/SuffixArchivos/Mezcla//500.txt;microgametocyte;0;0.001998;
./datasets/SuffixArchivos/Mezcla//500_2.txt;microgametocyte;0;0.001998;
./datasets/SuffixArchivos/Mezcla//1000.txt;baba;0;0.001002;
./datasets/SuffixArchivos/Mezcla//1000_2.txt;baba;0;0.001002;
./datasets/SuffixArchivos/Mezcla//1000_3.txt;baba;0;0.001002;
./datasets/SuffixArchivos/Mezcla//1000_4.txt;baba;0;0.001002;
./datasets/SuffixArchivos/Mezcla//1000_5.txt;baba;0;0.001002;
./datasets/SuffixArchivos/Mezcla//1000_6.txt;baba;0;0.001002;
./datasets/SuffixArchivos/Mezcla//200.txt;baba;0;0.001002;
./datasets/SuffixArchivos/Mezcla//200_2.txt;baba;0;0.001002;
./datasets/SuffixArchivos/Mezcla//500.txt;baba;0;0.001002;
./datasets/SuffixArchivos/Mezcla//500_2.txt;baba;0;0.001002;
./datasets/SuffixArchivos/Mezcla//1000.txt;ludefisk;0;0.000999;
./datasets/SuffixArchivos/Mezcla//1000_2.txt;ludefisk;0;0.000999;
./datasets/SuffixArchivos/Mezcla//1000_3.txt;ludefisk;0;0.000999;
./datasets/SuffixArchivos/Mezcla//1000_4.txt;ludefisk;0;0.000999;
./datasets/SuffixArchivos/Mezcla//1000_5.txt;ludefisk;0;0.000999;
./datasets/SuffixArchivos/Mezcla//1000_6.txt;ludefisk;0;0.000999;
./datasets/SuffixArchivos/Mezcla//200.txt;ludefisk;0;0.000999;
./datasets/SuffixArchivos/Mezcla//200_2.txt;ludefisk;0;0.000999;
./datasets/SuffixArchivos/Mezcla//500.txt;ludefisk;0;0.000999;
./datasets/SuffixArchivos/Mezcla//500_2.txt;ludefisk;0;0.000999;
./datasets/SuffixArchivos/Mezcla//1000.txt;novelwright;0;0.000999;
./datasets/SuffixArchivos/Mezcla//1000_2.txt;novelwright;0;0.000999;
./datasets/SuffixArchivos/Mezcla//1000_3.txt;novelwright;0;0.000999;
./datasets/SuffixArchivos/Mezcla//1000_4.txt;novelwright;0;0.000999;
./datasets/SuffixArchivos/Mezcla//1000_5.txt;novelwright;0;0.000999;
./datasets/SuffixArchivos/Mezcla//1000_6.txt;novelwright;0;0.000999;
./datasets/SuffixArchivos/Mezcla//200.txt;novelwright;0;0.000999;
./datasets/SuffixArchivos/Mezcla//200_2.txt;novelwright;0;0.000999;
./datasets/SuffixArchivos/Mezcla//500.txt;novelwright;0;0.000999;
./datasets/SuffixArchivos/Mezcla//500_2.txt;novelwright;0;0.000999;
./datasets/SuffixArchivos/Mezcla//1000.txt;swinehull;0;0.001;
./datasets/SuffixArchivos/Mezcla//1000_2.txt;swinehull;0;0.001;
./datasets/SuffixArchivos/Mezcla//1000_3.txt;swinehull;0;0.001;
./datasets/SuffixArchivos/Mezcla//1000_4.txt;swinehull;0;0.001;
./datasets/SuffixArchivos/Mezcla//1000_5.txt;swinehull;0;0.001;
./datasets/SuffixArchivos/Mezcla//1000_6.txt;swinehull;0;0.001;
./datasets/SuffixArchivos/Mezcla//200.txt;swinehull;0;0.001;
./datasets/SuffixArchivos/Mezcla//200_2.txt;swinehull;0;0.001;
./datasets/SuffixArchivos/Mezcla//500.txt;swinehull;0;0.001;
./datasets/SuffixArchivos/Mezcla//500_2.txt;swinehull;0;0.001;
./datasets/SuffixArchivos/Mezcla//1000.txt;Odonata;0;0.001001;
./datasets/SuffixArchivos/Mezcla//1000_2.txt;Odonata;0;0.001001;
./datasets/SuffixArchivos/Mezcla//1000_3.txt;Odonata;0;0.001001;
./datasets/SuffixArchivos/Mezcla//1000_4.txt;Odonata;0;0.001001;
./datasets/SuffixArchivos/Mezcla//1000_5.txt;Odonata;0;0.001001;
./datasets/SuffixArchivos/Mezcla//1000_6.txt;Odonata;0;0.001001;
./datasets/SuffixArchivos/Mezcla//200.txt;Odonata;0;0.001001;
./datasets/SuffixArchivos/Mezcla//200_2.txt;Odonata;0;0.001001;
./datasets/SuffixArchivos/Mezcla//500.txt;Odonata;0;0.001001;
./datasets/SuffixArchivos/Mezcla//500_2.txt;Odonata;0;0.001001;
./datasets/SuffixArchivos/Mezcla//1000.txt;indefinable;0;0.000999;
./datasets/SuffixArchivos/Mezcla//1000_2.txt;indefinable;0;0.000999;
./datasets/SuffixArchivos/Mezcla//1000_3.txt;indefinable;0;0.000999;
./datasets/SuffixArchivos/Mezcla//1000_4.txt;indefinable;0;0.000999;
./datasets/SuffixArchivos/Mezcla//1000_5.txt;indefinable;0;0.000999;
./datasets/SuffixArchivos/Mezcla//1000_6.txt;indefinable;0;0.000999;
./datasets/SuffixArchivos/Mezcla//200.txt;indefinable;0;0.000999;
./datasets/SuffixArchivos/Mezcla//200_2.txt;indefinable;0;0.000999;
./datasets/SuffixArchivos/Mezcla//500.txt;indefinable;0;0.000999;
./datasets/SuffixArchivos/Mezcla//500_2.txt;indefinable;0;0.000999;
./datasets/SuffixArchivos/Mezcla//1000.txt;faineance;0;0.001002;
./datasets/SuffixArchivos/Mezcla//1000_2.txt;faineance;0;0.001002;
./datasets/SuffixArchivos/Mezcla//1000_3.txt;faineance;0;0.001002;
./datasets/SuffixArchivos/Mezcla//1000_4.txt;faineance;0;0.001002;
./datasets/SuffixArchivos/Mezcla//1000_5.txt;faineance;0;0.001002;
./datasets/SuffixArchivos/Mezcla//1000_6.txt;faineance;0;0.001002;
./datasets/SuffixArchivos/Mezcla//200.txt;faineance;0;0.001002;
./datasets/SuffixArchivos/Mezcla//200_2.txt;faineance;0;0.001002;
./datasets/SuffixArchivos/Mezcla//500.txt;faineance;0;0.001002;
./datasets/SuffixArchivos/Mezcla//500_2.txt;faineance;0;0.001002;
./datasets/SuffixArchivos/Mezcla//1000.txt;nidologist;0;0.001003;
./datasets/SuffixArchivos/Mezcla//1000_2.txt;nidologist;0;0.001003;
./datasets/SuffixArchivos/Mezcla//1000_3.txt;nidologist;0;0.001003;
./datasets/SuffixArchivos/Mezcla//1000_4.txt;nidologist;0;0.001003;
./datasets/SuffixArchivos/Mezcla//1000_5.txt;nidologist;0;0.001003;
./datasets/SuffixArchivos/Mezcla//1000_6.txt;nidologist;0;0.001003;
./datasets/SuffixArchivos/Mezcla//200.txt;nidologist;0;0.001003;
./datasets/SuffixArchivos/Mezcla//200_2.txt;nidologist;0;0.001003;
./datasets/SuffixArchivos/Mezcla//500.txt;nidologist;0;0.001003;
./datasets/SuffixArchivos/Mezcla//500_2.txt;nidologist;0;0.001003;
./datasets/SuffixArchivos/Mezcla//1000.txt;supracargo;0;0.000995;
./datasets/SuffixArchivos/Mezcla//1000_2.txt;supracargo;0;0.000995;
./datasets/SuffixArchivos/Mezcla//1000_3.txt;supracargo;0;0.000995;
./datasets/SuffixArchivos/Mezcla//1000_4.txt;supracargo;0;0.000995;
./datasets/SuffixArchivos/Mezcla//1000_5.txt;supracargo;0;0.000995;
./datasets/SuffixArchivos/Mezcla//1000_6.txt;supracargo;0;0.000995;
./datasets/SuffixArchivos/Mezcla//200.txt;supracargo;0;0.000995;
./datasets/SuffixArchivos/Mezcla//200_2.txt;supracargo;0;0.000995;
./datasets/SuffixArchivos/Mezcla//500.txt;supracargo;0;0.000995;
./datasets/SuffixArchivos/Mezcla//500_2.txt;supracargo;0;0.000995;
./datasets/SuffixArchivos/Mezcla//1000.txt;beriberic;0;0.001;
./datasets/SuffixArchivos/Mezcla//1000_2.txt;beriberic;0;0.001;
./datasets/SuffixArchivos/Mezcla//1000_3.txt;beriberic;0;0.001;
./datasets/SuffixArchivos/Mezcla//1000_4.txt;beriberic;0;0.001;
./datasets/SuffixArchivos/Mezcla//1000_5.txt;beriberic;0;0.001;
./datasets/SuffixArchivos/Mezcla//1000_6.txt;beriberic;0;0.001;
./datasets/SuffixArchivos/Mezcla//200.txt;beriberic;0;0.001;
./datasets/SuffixArchivos/Mezcla//200_2.txt;beriberic;0;0.001;
./datasets/SuffixArchivos/Mezcla//500.txt;beriberic;0;0.001;
./datasets/SuffixArchivos/Mezcla//500_2.txt;beriberic;0;0.001;
./datasets/SuffixArchivos/Mezcla//1000.txt;betso;0;0.001005;
./datasets/SuffixArchivos/Mezcla//1000_2.txt;betso;0;0.001005;
./datasets/SuffixArchivos/Mezcla//1000_3.txt;betso;0;0.001005;
./datasets/SuffixArchivos/Mezcla//1000_4.txt;betso;0;0.001005;
./datasets/SuffixArchivos/Mezcla//1000_5.txt;betso;0;0.001005;
./datasets/SuffixArchivos/Mezcla//1000_6.txt;betso;0;0.001005;
./datasets/SuffixArchivos/Mezcla//200.txt;betso;0;0.001005;
./datasets/SuffixArchivos/Mezcla//200_2.txt;betso;0;0.001005;
./datasets/SuffixArchivos/Mezcla//500.txt;betso;0;0.001005;
./datasets/SuffixArchivos/Mezcla//500_2.txt;betso;0;0.001005;
./datasets/SuffixArchivos/Mezcla//1000.txt;archheart;0;0.00099;
./datasets/SuffixArchivos/Mezcla//1000_2.txt;archheart;0;0.00099;
./datasets/SuffixArchivos/Mezcla//1000_3.txt;archheart;0;0.00099;
./datasets/SuffixArchivos/Mezcla//1000_4.txt;archheart;0;0.00099;
./datasets/SuffixArchivos/Mezcla//1000_5.txt;archheart;0;0.00099;
./datasets/SuffixArchivos/Mezcla//1000_6.txt;archheart;0;0.00099;
./datasets/SuffixArchivos/Mezcla//200.txt;archheart;0;0.00099;
./datasets/SuffixArchivos/Mezcla//200_2.txt;archheart;0;0.00099;
./datasets/SuffixArchivos/Mezcla//500.txt;archheart;0;0.00099;
./datasets/SuffixArchivos/Mezcla//500_2.txt;archheart;0;0.00099;
./datasets/SuffixArchivos/Mezcla//1000.txt;snary;0;0;
./datasets/SuffixArchivos/Mezcla//1000_2.txt;snary;0;0;
./datasets/SuffixArchivos/Mezcla//1000_3.txt;snary;0;0;
./datasets/SuffixArchivos/Mezcla//1000_4.txt;snary;0;0;
./datasets/SuffixArchivos/Mezcla//1000_5.txt;snary;0;0;
./datasets/SuffixArchivos/Mezcla//1000_6.txt;snary;0;0;
./datasets/SuffixArchivos/Mezcla//200.txt;snary;0;0;
./datasets/SuffixArchivos/Mezcla//200_2.txt;snary;0;0;
./datasets/SuffixArchivos/Mezcla//500.txt;snary;0;0;
./datasets/SuffixArchivos/Mezcla//500_2.txt;snary;0;0;
./datasets/SuffixArchivos/Mezcla//1000.txt;Viminal;0;0.001;
./datasets/SuffixArchivos/Mezcla//1000_2.txt;Viminal;0;0.001;
./datasets/SuffixArchivos/Mezcla//1000_3.txt;Viminal;0;0.001;
./datasets/SuffixArchivos/Mezcla//1000_4.txt;Viminal;0;0.001;
./datasets/SuffixArchivos/Mezcla//1000_5.txt;Viminal;0;0.001;
./datasets/SuffixArchivos/Mezcla//1000_6.txt;Viminal;0;0.001;
./datasets/SuffixArchivos/Mezcla//200.txt;Viminal;0;0.001;
./datasets/SuffixArchivos/Mezcla//200_2.txt;Viminal;0;0.001;
./datasets/SuffixArchivos/Mezcla//500.txt;Viminal;0;0.001;
./datasets/SuffixArchivos/Mezcla//500_2.txt;Viminal;0;0.001;
./datasets/SuffixArchivos/Mezcla//1000.txt;Pygopodidae;0;0.000999;
./datasets/SuffixArchivos/Mezcla//1000_2.txt;Pygopodidae;0;0.000999;
./datasets/SuffixArchivos/Mezcla//1000_3.txt;Pygopodidae;0;0.000999;
./datasets/SuffixArchivos/Mezcla//1000_4.txt;Pygopodidae;0;0.000999;
./datasets/SuffixArchivos/Mezcla//1000_5.txt;Pygopodidae;0;0.000999;
./datasets/SuffixArchivos/Mezcla//1000_6.txt;Pygopodidae;0;0.000999;
./datasets/SuffixArchivos/Mezcla//200.txt;Pygopodidae;0;0.000999;
./datasets/SuffixArchivos/Mezcla//200_2.txt;Pygopodidae;0;0.000999;
./datasets/SuffixArchivos/Mezcla//500.txt;Pygopodidae;0;0.000999;
./datasets/SuffixArchivos/Mezcla//500_2.txt;Pygopodidae;0;0.000999;
./datasets/SuffixArchivos/Mezcla//1000.txt;acetylenediurein;0;0.001002;
./datasets/SuffixArchivos/Mezcla//1000_2.txt;acetylenediurein;0;0.001002;
./datasets/SuffixArchivos/Mezcla//1000_3.txt;acetylenediurein;0;0.001002;
./datasets/SuffixArchivos/Mezcla//1000_4.txt;acetylenediurein;0;0.001002;
./datasets/SuffixArchivos/Mezcla//1000_5.txt;acetylenediurein;0;0.001002;
./datasets/SuffixArchivos/Mezcla//1000_6.txt;acetylenediurein;0;0.001002;
./datasets/SuffixArchivos/Mezcla//200.txt;acetylenediurein;0;0.001002;
./datasets/SuffixArchivos/Mezcla//200_2.txt;acetylenediurein;0;0.001002;
./datasets/SuffixArchivos/Mezcla//500.txt;acetylenediurein;0;0.001002;
./datasets/SuffixArchivos/Mezcla//500_2.txt;acetylenediurein;0;0.001002;
./datasets/SuffixArchivos/Mezcla//1000.txt;asphalt;0;0.001;
./datasets/SuffixArchivos/Mezcla//1000_2.txt;asphalt;0;0.001;
./datasets/SuffixArchivos/Mezcla//1000_3.txt;asphalt;0;0.001;
./datasets/SuffixArchivos/Mezcla//1000_4.txt;asphalt;0;0.001;
./datasets/SuffixArchivos/Mezcla//1000_5.txt;asphalt;0;0.001;
./datasets/SuffixArchivos/Mezcla//1000_6.txt;asphalt;0;0.001;
./datasets/SuffixArchivos/Mezcla//200.txt;asphalt;0;0.001;
./datasets/SuffixArchivos/Mezcla//200_2.txt;asphalt;0;0.001;
./datasets/SuffixArchivos/Mezcla//500.txt;asphalt;0;0.001;
./datasets/SuffixArchivos/Mezcla//500_2.txt;asphalt;0;0.001;
./datasets/SuffixArchivos/Mezcla//1000.txt;preimpress;0;0.000999;
./datasets/SuffixArchivos/Mezcla//1000_2.txt;preimpress;0;0.000999;
./datasets/SuffixArchivos/Mezcla//1000_3.txt;preimpress;0;0.000999;
./datasets/SuffixArchivos/Mezcla//1000_4.txt;preimpress;0;0.000999;
./datasets/SuffixArchivos/Mezcla//1000_5.txt;preimpress;0;0.000999;
./datasets/SuffixArchivos/Mezcla//1000_6.txt;preimpress;0;0.000999;
./datasets/SuffixArchivos/Mezcla//200.txt;preimpress;0;0.000999;
./datasets/SuffixArchivos/Mezcla//200_2.txt;preimpress;0;0.000999;
./datasets/SuffixArchivos/Mezcla//500.txt;preimpress;0;0.000999;
./datasets/SuffixArchivos/Mezcla//500_2.txt;preimpress;0;0.000999;
./datasets/SuffixArchivos/Mezcla//1000.txt;fountainlet;0;0.000999;
./datasets/SuffixArchivos/Mezcla//1000_2.txt;fountainlet;0;0.000999;
./datasets/SuffixArchivos/Mezcla//1000_3.txt;fountainlet;0;0.000999;
./datasets/SuffixArchivos/Mezcla//1000_4.txt;fountainlet;0;0.000999;
./datasets/SuffixArchivos/Mezcla//1000_5.txt;fountainlet;0;0.000999;
./datasets/SuffixArchivos/Mezcla//1000_6.txt;fountainlet;0;0.000999;
./datasets/SuffixArchivos/Mezcla//200.txt;fountainlet;0;0.000999;
./datasets/SuffixArchivos/Mezcla//200_2.txt;fountainlet;0;0.000999;
./datasets/SuffixArchivos/Mezcla//500.txt;fountainlet;0;0.000999;
./datasets/SuffixArchivos/Mezcla//500_2.txt;fountainlet;0;0.000999;
./datasets/SuffixArchivos/Mezcla//1000.txt;bejel;0;0.001;
./datasets/SuffixArchivos/Mezcla//1000_2.txt;bejel;0;0.001;
./datasets/SuffixArchivos/Mezcla//1000_3.txt;bejel;0;0.001;
./datasets/SuffixArchivos/Mezcla//1000_4.txt;bejel;0;0.001;
./datasets/SuffixArchivos/Mezcla//1000_5.txt;bejel;0;0.001;
./datasets/SuffixArchivos/Mezcla//1000_6.txt;bejel;0;0.001;
./datasets/SuffixArchivos/Mezcla//200.txt;bejel;0;0.001;
./datasets/SuffixArchivos/Mezcla//200_2.txt;bejel;0;0.001;
./datasets/SuffixArchivos/Mezcla//500.txt;bejel;0;0.001;
./datasets/SuffixArchivos/Mezcla//500_2.txt;bejel;0;0.001;
./datasets/SuffixArchivos/Mezcla//1000.txt;unpictorially;0;0.000996;
./datasets/SuffixArchivos/Mezcla//1000_2.txt;unpictorially;0;0.000996;
./datasets/SuffixArchivos/Mezcla//1000_3.txt;unpictorially;0;0.000996;
./datasets/SuffixArchivos/Mezcla//1000_4.txt;unpictorially;0;0.000996;
./datasets/SuffixArchivos/Mezcla//1000_5.txt;unpictorially;0;0.000996;
./datasets/SuffixArchivos/Mezcla//1000_6.txt;unpictorially;0;0.000996;
./datasets/SuffixArchivos/Mezcla//200.txt;unpictorially;0;0.000996;
./datasets/SuffixArchivos/Mezcla//200_2.txt;unpictorially;0;0.000996;
./datasets/SuffixArchivos/Mezcla//500.txt;unpictorially;0;0.000996;
./datasets/SuffixArchivos/Mezcla//500_2.txt;unpictorially;0;0.000996;
./datasets/SuffixArchivos/Mezcla//1000.txt;heliophyte;0;0.001;
./datasets/SuffixArchivos/Mezcla//1000_2.txt;heliophyte;0;0.001;
./datasets/SuffixArchivos/Mezcla//1000_3.txt;heliophyte;0;0.001;
./datasets/SuffixArchivos/Mezcla//1000_4.txt;heliophyte;0;0.001;
./datasets/SuffixArchivos/Mezcla//1000_5.txt;heliophyte;0;0.001;
./datasets/SuffixArchivos/Mezcla//1000_6.txt;heliophyte;0;0.001;
./datasets/SuffixArchivos/Mezcla//200.txt;heliophyte;0;0.001;
./datasets/SuffixArchivos/Mezcla//200_2.txt;heliophyte;0;0.001;
./datasets/SuffixArchivos/Mezcla//500.txt;heliophyte;0;0.001;
./datasets/SuffixArchivos/Mezcla//500_2.txt;heliophyte;0;0.001;
./datasets/SuffixArchivos/Mezcla//1000.txt;chimopeelagic;0;0.001002;
./datasets/SuffixArchivos/Mezcla//1000_2.txt;chimopeelagic;0;0.001002;
./datasets/SuffixArchivos/Mezcla//1000_3.txt;chimopeelagic;0;0.001002;
./datasets/SuffixArchivos/Mezcla//1000_4.txt;chimopeelagic;0;0.001002;
./datasets/SuffixArchivos/Mezcla//1000_5.txt;chimopeelagic;0;0.001002;
./datasets/SuffixArchivos/Mezcla//1000_6.txt;chimopeelagic;0;0.001002;
./datasets/SuffixArchivos/Mezcla//200.txt;chimopeelagic;0;0.001002;
./datasets/SuffixArchivos/Mezcla//200_2.txt;chimopeelagic;0;0.001002;
./datasets/SuffixArchivos/Mezcla//500.txt;chimopeelagic;0;0.001002;
./datasets/SuffixArchivos/Mezcla//500_2.txt;chimopeelagic;0;0.001002;
./datasets/SuffixArchivos/Mezcla//1000.txt;warison;0;0.000997;
./datasets/SuffixArchivos/Mezcla//1000_2.txt;warison;0;0.000997;
./datasets/SuffixArchivos/Mezcla//1000_3.txt;warison;0;0.000997;
./datasets/SuffixArchivos/Mezcla//1000_4.txt;warison;0;0.000997;
./datasets/SuffixArchivos/Mezcla//1000_5.txt;warison;0;0.000997;
./datasets/SuffixArchivos/Mezcla//1000_6.txt;warison;0;0.000997;
./datasets/SuffixArchivos/Mezcla//200.txt;warison;0;0.000997;
./datasets/SuffixArchivos/Mezcla//200_2.txt;warison;0;0.000997;
./datasets/SuffixArchivos/Mezcla//500.txt;warison;0;0.000997;
./datasets/SuffixArchivos/Mezcla//500_2.txt;warison;0;0.000997;
./datasets/SuffixArchivos/Mezcla//1000.txt;antivaccinist;0;0;
./datasets/SuffixArchivos/Mezcla//1000_2.txt;antivaccinist;0;0;
./datasets/SuffixArchivos/Mezcla//1000_3.txt;antivaccinist;0;0;
./datasets/SuffixArchivos/Mezcla//1000_4.txt;antivaccinist;0;0;
./datasets/SuffixArchivos/Mezcla//1000_5.txt;antivaccinist;0;0;
./datasets/SuffixArchivos/Mezcla//1000_6.txt;antivaccinist;0;0;
./datasets/SuffixArchivos/Mezcla//200.txt;antivaccinist;0;0;
./datasets/SuffixArchivos/Mezcla//200_2.txt;antivaccinist;0;0;
./datasets/SuffixArchivos/Mezcla//500.txt;antivaccinist;0;0;
./datasets/SuffixArchivos/Mezcla//500_2.txt;antivaccinist;0;0;
./datasets/SuffixArchivos/Mezcla//1000.txt;overtwine;0;0;
./datasets/SuffixArchivos/Mezcla//1000_2.txt;overtwine;0;0;
./datasets/SuffixArchivos/Mezcla//1000_3.txt;overtwine;0;0;
./datasets/SuffixArchivos/Mezcla//1000_4.txt;overtwine;0;0;
./datasets/SuffixArchivos/Mezcla//1000_5.txt;overtwine;0;0;
./datasets/SuffixArchivos/Mezcla//1000_6.txt;overtwine;0;0;
./datasets/SuffixArchivos/Mezcla//200.txt;overtwine;0;0;
./datasets/SuffixArchivos/Mezcla//200_2.txt;overtwine;0;0;
./datasets/SuffixArchivos/Mezcla//500.txt;overtwine;0;0;
./datasets/SuffixArchivos/Mezcla//500_2.txt;overtwine;0;0;
./datasets/SuffixArchivos/Mezcla//1000.txt;preremove;0;0.001002;
./datasets/SuffixArchivos/Mezcla//1000_2.txt;preremove;0;0.001002;
./datasets/SuffixArchivos/Mezcla//1000_3.txt;preremove;0;0.001002;
./datasets/SuffixArchivos/Mezcla//1000_4.txt;preremove;0;0.001002;
./datasets/SuffixArchivos/Mezcla//1000_5.txt;preremove;0;0.001002;
./datasets/SuffixArchivos/Mezcla//1000_6.txt;preremove;0;0.001002;
./datasets/SuffixArchivos/Mezcla//200.txt;preremove;0;0.001002;
./datasets/SuffixArchivos/Mezcla//200_2.txt;preremove;0;0.001002;
./datasets/SuffixArchivos/Mezcla//500.txt;preremove;0;0.001002;
./datasets/SuffixArchivos/Mezcla//500_2.txt;preremove;0;0.001002;
./datasets/SuffixArchivos/Mezcla//1000.txt;nerval;0;0.001001;
./datasets/SuffixArchivos/Mezcla//1000_2.txt;nerval;0;0.001001;
./datasets/SuffixArchivos/Mezcla//1000_3.txt;nerval;0;0.001001;
./datasets/SuffixArchivos/Mezcla//1000_4.txt;nerval;0;0.001001;
./datasets/SuffixArchivos/Mezcla//1000_5.txt;nerval;0;0.001001;
./datasets/SuffixArchivos/Mezcla//1000_6.txt;nerval;0;0.001001;
./datasets/SuffixArchivos/Mezcla//200.txt;nerval;0;0.001001;
./datasets/SuffixArchivos/Mezcla//200_2.txt;nerval;0;0.001001;
./datasets/SuffixArchivos/Mezcla//500.txt;nerval;0;0.001001;
./datasets/SuffixArchivos/Mezcla//500_2.txt;nerval;0;0.001001;
./datasets/SuffixArchivos/Mezcla//1000.txt;bufonite;0;0.001;
./datasets/SuffixArchivos/Mezcla//1000_2.txt;bufonite;0;0.001;
./datasets/SuffixArchivos/Mezcla//1000_3.txt;bufonite;0;0.001;
./datasets/SuffixArchivos/Mezcla//1000_4.txt;bufonite;0;0.001;
./datasets/SuffixArchivos/Mezcla//1000_5.txt;bufonite;0;0.001;
./datasets/SuffixArchivos/Mezcla//1000_6.txt;bufonite;0;0.001;
./datasets/SuffixArchivos/Mezcla//200.txt;bufonite;0;0.001;
./datasets/SuffixArchivos/Mezcla//200_2.txt;bufonite;0;0.001;
./datasets/SuffixArchivos/Mezcla//500.txt;bufonite;0;0.001;
./datasets/SuffixArchivos/Mezcla//500_2.txt;bufonite;0;0.001;
./datasets/SuffixArchivos/Mezcla//1000.txt;eradicator;0;0.000997;
./datasets/SuffixArchivos/Mezcla//1000_2.txt;eradicator;0;0.000997;
./datasets/SuffixArchivos/Mezcla//1000_3.txt;eradicator;0;0.000997;
./datasets/SuffixArchivos/Mezcla//1000_4.txt;eradicator;0;0.000997;
./datasets/SuffixArchivos/Mezcla//1000_5.txt;eradicator;0;0.000997;
./datasets/SuffixArchivos/Mezcla//1000_6.txt;eradicator;0;0.000997;
./datasets/SuffixArchivos/Mezcla//200.txt;eradicator;0;0.000997;
./datasets/SuffixArchivos/Mezcla//200_2.txt;eradicator;0;0.000997;
./datasets/SuffixArchivos/Mezcla//500.txt;eradicator;0;0.000997;
./datasets/SuffixArchivos/Mezcla//500_2.txt;eradicator;0;0.000997;
./datasets/SuffixArchivos/Mezcla//1000.txt;turtling;0;0.001001;
./datasets/SuffixArchivos/Mezcla//1000_2.txt;turtling;0;0.001001;
./datasets/SuffixArchivos/Mezcla//1000_3.txt;turtling;0;0.001001;
./datasets/SuffixArchivos/Mezcla//1000_4.txt;turtling;0;0.001001;
./datasets/SuffixArchivos/Mezcla//1000_5.txt;turtling;0;0.001001;
./datasets/SuffixArchivos/Mezcla//1000_6.txt;turtling;0;0.001001;
./datasets/SuffixArchivos/Mezcla//200.txt;turtling;0;0.001001;
./datasets/SuffixArchivos/Mezcla//200_2.txt;turtling;0;0.001001;
./datasets/SuffixArchivos/Mezcla//500.txt;turtling;0;0.001001;
./datasets/SuffixArchivos/Mezcla//500_2.txt;turtling;0;0.001001;
./datasets/SuffixArchivos/Mezcla//1000.txt;winrace;0;0.000999;
./datasets/SuffixArchivos/Mezcla//1000_2.txt;winrace;0;0.000999;
./datasets/SuffixArchivos/Mezcla//1000_3.txt;winrace;0;0.000999;
./datasets/SuffixArchivos/Mezcla//1000_4.txt;winrace;0;0.000999;
./datasets/SuffixArchivos/Mezcla//1000_5.txt;winrace;0;0.000999;
./datasets/SuffixArchivos/Mezcla//1000_6.txt;winrace;0;0.000999;
./datasets/SuffixArchivos/Mezcla//200.txt;winrace;0;0.000999;
./datasets/SuffixArchivos/Mezcla//200_2.txt;winrace;0;0.000999;
./datasets/SuffixArchivos/Mezcla//500.txt;winrace;0;0.000999;
./datasets/SuffixArchivos/Mezcla//500_2.txt;winrace;0;0.000999;
./datasets/SuffixArchivos/Mezcla//1000.txt;psychographic;0;0.000999;
./datasets/SuffixArchivos/Mezcla//1000_2.txt;psychographic;0;0.000999;
./datasets/SuffixArchivos/Mezcla//1000_3.txt;psychographic;0;0.000999;
./datasets/SuffixArchivos/Mezcla//1000_4.txt;psychographic;0;0.000999;
./datasets/SuffixArchivos/Mezcla//1000_5.txt;psychographic;0;0.000999;
./datasets/SuffixArchivos/Mezcla//1000_6.txt;psychographic;0;0.000999;
./datasets/SuffixArchivos/Mezcla//200.txt;psychographic;0;0.000999;
./datasets/SuffixArchivos/Mezcla//200_2.txt;psychographic;0;0.000999;
./datasets/SuffixArchivos/Mezcla//500.txt;psychographic;0;0.000999;
./datasets/SuffixArchivos/Mezcla//500_2.txt;psychographic;0;0.000999;
./datasets/SuffixArchivos/Mezcla//1000.txt;impalpably;0;0.001;
./datasets/SuffixArchivos/Mezcla//1000_2.txt;impalpably;0;0.001;
./datasets/SuffixArchivos/Mezcla//1000_3.txt;impalpably;0;0.001;
./datasets/SuffixArchivos/Mezcla//1000_4.txt;impalpably;0;0.001;
./datasets/SuffixArchivos/Mezcla//1000_5.txt;impalpably;0;0.001;
./datasets/SuffixArchivos/Mezcla//1000_6.txt;impalpably;0;0.001;
./datasets/SuffixArchivos/Mezcla//200.txt;impalpably;0;0.001;
./datasets/SuffixArchivos/Mezcla//200_2.txt;impalpably;0;0.001;
./datasets/SuffixArchivos/Mezcla//500.txt;impalpably;0;0.001;
./datasets/SuffixArchivos/Mezcla//500_2.txt;impalpably;0;0.001;
./datasets/SuffixArchivos/Mezcla//1000.txt;amygdalase;0;0;
./datasets/SuffixArchivos/Mezcla//1000_2.txt;amygdalase;0;0;
./datasets/SuffixArchivos/Mezcla//1000_3.txt;amygdalase;0;0;
./datasets/SuffixArchivos/Mezcla//1000_4.txt;amygdalase;0;0;
./datasets/SuffixArchivos/Mezcla//1000_5.txt;amygdalase;0;0;
./datasets/SuffixArchivos/Mezcla//1000_6.txt;amygdalase;0;0;
./datasets/SuffixArchivos/Mezcla//200.txt;amygdalase;0;0;
./datasets/SuffixArchivos/Mezcla//200_2.txt;amygdalase;0;0;
./datasets/SuffixArchivos/Mezcla//500.txt;amygdalase;0;0;
./datasets/SuffixArchivos/Mezcla//500_2.txt;amygdalase;0;0;
./datasets/SuffixArchivos/Mezcla//1000.txt;Octogynia;0;0.001;
./datasets/SuffixArchivos/Mezcla//1000_2.txt;Octogynia;0;0.001;
./datasets/SuffixArchivos/Mezcla//1000_3.txt;Octogynia;0;0.001;
./datasets/SuffixArchivos/Mezcla//1000_4.txt;Octogynia;0;0.001;
./datasets/SuffixArchivos/Mezcla//1000_5.txt;Octogynia;0;0.001;
./datasets/SuffixArchivos/Mezcla//1000_6.txt;Octogynia;0;0.001;
./datasets/SuffixArchivos/Mezcla//200.txt;Octogynia;0;0.001;
./datasets/SuffixArchivos/Mezcla//200_2.txt;Octogynia;0;0.001;
./datasets/SuffixArchivos/Mezcla//500.txt;Octogynia;0;0.001;
./datasets/SuffixArchivos/Mezcla//500_2.txt;Octogynia;0;0.001;
./datasets/SuffixArchivos/Mezcla//1000.txt;brimming;1;0.000999;
./datasets/SuffixArchivos/Mezcla//1000_2.txt;brimming;0;0.000999;
./datasets/SuffixArchivos/Mezcla//1000_3.txt;brimming;0;0.000999;
./datasets/SuffixArchivos/Mezcla//1000_4.txt;brimming;0;0.000999;
./datasets/SuffixArchivos/Mezcla//1000_5.txt;brimming;0;0.000999;
./datasets/SuffixArchivos/Mezcla//1000_6.txt;brimming;0;0.000999;
./datasets/SuffixArchivos/Mezcla//200.txt;brimming;0;0.000999;
./datasets/SuffixArchivos/Mezcla//200_2.txt;brimming;0;0.000999;
./datasets/SuffixArchivos/Mezcla//500.txt;brimming;0;0.000999;
./datasets/SuffixArchivos/Mezcla//500_2.txt;brimming;0;0.000999;
./datasets/SuffixArchivos/Mezcla//1000.txt;grist;0;0;
./datasets/SuffixArchivos/Mezcla//1000_2.txt;grist;0;0;
./datasets/SuffixArchivos/Mezcla//1000_3.txt;grist;0;0;
./datasets/SuffixArchivos/Mezcla//1000_4.txt;grist;0;0;
./datasets/SuffixArchivos/Mezcla//1000_5.txt;grist;0;0;
./datasets/SuffixArchivos/Mezcla//1000_6.txt;grist;0;0;
./datasets/SuffixArchivos/Mezcla//200.txt;grist;0;0;
./datasets/SuffixArchivos/Mezcla//200_2.txt;grist;0;0;
./datasets/SuffixArchivos/Mezcla//500.txt;grist;0;0;
./datasets/SuffixArchivos/Mezcla//500_2.txt;grist;0;0;
./datasets/SuffixArchivos/Mezcla//1000.txt;casave;0;0.000999;
./datasets/SuffixArchivos/Mezcla//1000_2.txt;casave;0;0.000999;
./datasets/SuffixArchivos/Mezcla//1000_3.txt;casave;0;0.000999;
./datasets/SuffixArchivos/Mezcla//1000_4.txt;casave;0;0.000999;
./datasets/SuffixArchivos/Mezcla//1000_5.txt;casave;0;0.000999;
./datasets/SuffixArchivos/Mezcla//1000_6.txt;casave;0;0.000999;
./datasets/SuffixArchivos/Mezcla//200.txt;casave;0;0.000999;
./datasets/SuffixArchivos/Mezcla//200_2.txt;casave;0;0.000999;
./datasets/SuffixArchivos/Mezcla//500.txt;casave;0;0.000999;
./datasets/SuffixArchivos/Mezcla//500_2.txt;casave;0;0.000999;
./datasets/SuffixArchivos/Mezcla//1000.txt;brazilein;0;0;
./datasets/SuffixArchivos/Mezcla//1000_2.txt;brazilein;0;0;
./datasets/SuffixArchivos/Mezcla//1000_3.txt;brazilein;0;0;
./datasets/SuffixArchivos/Mezcla//1000_4.txt;brazilein;0;0;
./datasets/SuffixArchivos/Mezcla//1000_5.txt;brazilein;0;0;
./datasets/SuffixArchivos/Mezcla//1000_6.txt;brazilein;0;0;
./datasets/SuffixArchivos/Mezcla//200.txt;brazilein;0;0;
./datasets/SuffixArchivos/Mezcla//200_2.txt;brazilein;0;0;
./datasets/SuffixArchivos/Mezcla//500.txt;brazilein;0;0;
./datasets/SuffixArchivos/Mezcla//500_2.txt;brazilein;0;0;
./datasets/SuffixArchivos/Mezcla//1000.txt;afluking;0;0;
./datasets/SuffixArchivos/Mezcla//1000_2.txt;afluking;0;0;
./datasets/SuffixArchivos/Mezcla//1000_3.txt;afluking;0;0;
./datasets/SuffixArchivos/Mezcla//1000_4.txt;afluking;0;0;
./datasets/SuffixArchivos/Mezcla//1000_5.txt;afluking;0;0;
./datasets/SuffixArchivos/Mezcla//1000_6.txt;afluking;0;0;
./datasets/SuffixArchivos/Mezcla//200.txt;afluking;0;0;
./datasets/SuffixArchivos/Mezcla//200_2.txt;afluking;0;0;
./datasets/SuffixArchivos/Mezcla//500.txt;afluking;0;0;
./datasets/SuffixArchivos/Mezcla//500_2.txt;afluking;0;0;
./datasets/SuffixArchivos/Mezcla//1000.txt;meliceris;0;0.001;
./datasets/SuffixArchivos/Mezcla//1000_2.txt;meliceris;0;0.001;
./datasets/SuffixArchivos/Mezcla//1000_3.txt;meliceris;0;0.001;
./datasets/SuffixArchivos/Mezcla//1000_4.txt;meliceris;0;0.001;
./datasets/SuffixArchivos/Mezcla//1000_5.txt;meliceris;0;0.001;
./datasets/SuffixArchivos/Mezcla//1000_6.txt;meliceris;0;0.001;
./datasets/SuffixArchivos/Mezcla//200.txt;meliceris;0;0.001;
./datasets/SuffixArchivos/Mezcla//200_2.txt;meliceris;0;0.001;
./datasets/SuffixArchivos/Mezcla//500.txt;meliceris;0;0.001;
./datasets/SuffixArchivos/Mezcla//500_2.txt;meliceris;0;0.001;
./datasets/SuffixArchivos/Mezcla//1000.txt;portative;0;0.000999;
./datasets/SuffixArchivos/Mezcla//1000_2.txt;portative;0;0.000999;
./datasets/SuffixArchivos/Mezcla//1000_3.txt;portative;0;0.000999;
./datasets/SuffixArchivos/Mezcla//1000_4.txt;portative;0;0.000999;
./datasets/SuffixArchivos/Mezcla//1000_5.txt;portative;0;0.000999;
./datasets/SuffixArchivos/Mezcla//1000_6.txt;portative;0;0.000999;
./datasets/SuffixArchivos/Mezcla//200.txt;portative;0;0.000999;
./datasets/SuffixArchivos/Mezcla//200_2.txt;portative;0;0.000999;
./datasets/SuffixArchivos/Mezcla//500.txt;portative;0;0.000999;
./datasets/SuffixArchivos/Mezcla//500_2.txt;portative;0;0.000999;
./datasets/SuffixArchivos/Mezcla//1000.txt;unsteck;0;0.001;
./datasets/SuffixArchivos/Mezcla//1000_2.txt;unsteck;0;0.001;
./datasets/SuffixArchivos/Mezcla//1000_3.txt;unsteck;0;0.001;
./datasets/SuffixArchivos/Mezcla//1000_4.txt;unsteck;0;0.001;
./datasets/SuffixArchivos/Mezcla//1000_5.txt;unsteck;0;0.001;
./datasets/SuffixArchivos/Mezcla//1000_6.txt;unsteck;0;0.001;
./datasets/SuffixArchivos/Mezcla//200.txt;unsteck;0;0.001;
./datasets/SuffixArchivos/Mezcla//200_2.txt;unsteck;0;0.001;
./datasets/SuffixArchivos/Mezcla//500.txt;unsteck;0;0.001;
./datasets/SuffixArchivos/Mezcla//500_2.txt;unsteck;0;0.001;
./datasets/SuffixArchivos/Mezcla//1000.txt;Madelon;0;0.000999;
./datasets/SuffixArchivos/Mezcla//1000_2.txt;Madelon;0;0.000999;
./datasets/SuffixArchivos/Mezcla//1000_3.txt;Madelon;0;0.000999;
./datasets/SuffixArchivos/Mezcla//1000_4.txt;Madelon;0;0.000999;
./datasets/SuffixArchivos/Mezcla//1000_5.txt;Madelon;0;0.000999;
./datasets/SuffixArchivos/Mezcla//1000_6.txt;Madelon;0;0.000999;
./datasets/SuffixArchivos/Mezcla//200.txt;Madelon;0;0.000999;
./datasets/SuffixArchivos/Mezcla//200_2.txt;Madelon;0;0.000999;
./datasets/SuffixArchivos/Mezcla//500.txt;Madelon;0;0.000999;
./datasets/SuffixArchivos/Mezcla//500_2.txt;Madelon;0;0.000999;
./datasets/SuffixArchivos/Mezcla//1000.txt;barramunda;0;0.000999;
./datasets/SuffixArchivos/Mezcla//1000_2.txt;barramunda;0;0.000999;
./datasets/SuffixArchivos/Mezcla//1000_3.txt;barramunda;0;0.000999;
./datasets/SuffixArchivos/Mezcla//1000_4.txt;barramunda;0;0.000999;
./datasets/SuffixArchivos/Mezcla//1000_5.txt;barramunda;0;0.000999;
./datasets/SuffixArchivos/Mezcla//1000_6.txt;barramunda;0;0.000999;
./datasets/SuffixArchivos/Mezcla//200.txt;barramunda;0;0.000999;
./datasets/SuffixArchivos/Mezcla//200_2.txt;barramunda;0;0.000999;
./datasets/SuffixArchivos/Mezcla//500.txt;barramunda;0;0.000999;
./datasets/SuffixArchivos/Mezcla//500_2.txt;barramunda;0;0.000999;
./datasets/SuffixArchivos/Mezcla//1000.txt;optotechnics;0;0.000999;
./datasets/SuffixArchivos/Mezcla//1000_2.txt;optotechnics;0;0.000999;
./datasets/SuffixArchivos/Mezcla//1000_3.txt;optotechnics;0;0.000999;
./datasets/SuffixArchivos/Mezcla//1000_4.txt;optotechnics;0;0.000999;
./datasets/SuffixArchivos/Mezcla//1000_5.txt;optotechnics;0;0.000999;
./datasets/SuffixArchivos/Mezcla//1000_6.txt;optotechnics;0;0.000999;
./datasets/SuffixArchivos/Mezcla//200.txt;optotechnics;0;0.000999;
./datasets/SuffixArchivos/Mezcla//200_2.txt;optotechnics;0;0.000999;
./datasets/SuffixArchivos/Mezcla//500.txt;optotechnics;0;0.000999;
./datasets/SuffixArchivos/Mezcla//500_2.txt;optotechnics;0;0.000999;
./datasets/SuffixArchivos/Mezcla//1000.txt;metapterygium;0;0.001;
./datasets/SuffixArchivos/Mezcla//1000_2.txt;metapterygium;0;0.001;
./datasets/SuffixArchivos/Mezcla//1000_3.txt;metapterygium;0;0.001;
./datasets/SuffixArchivos/Mezcla//1000_4.txt;metapterygium;0;0.001;
./datasets/SuffixArchivos/Mezcla//1000_5.txt;metapterygium;0;0.001;
./datasets/SuffixArchivos/Mezcla//1000_6.txt;metapterygium;0;0.001;
./datasets/SuffixArchivos/Mezcla//200.txt;metapterygium;0;0.001;
./datasets/SuffixArchivos/Mezcla//200_2.txt;metapterygium;0;0.001;
./datasets/SuffixArchivos/Mezcla//500.txt;metapterygium;0;0.001;
./datasets/SuffixArchivos/Mezcla//500_2.txt;metapterygium;0;0.001;
./datasets/SuffixArchivos/Mezcla//1000.txt;unromanticalness;0;0.000999;
./datasets/SuffixArchivos/Mezcla//1000_2.txt;unromanticalness;0;0.000999;
./datasets/SuffixArchivos/Mezcla//1000_3.txt;unromanticalness;0;0.000999;
./datasets/SuffixArchivos/Mezcla//1000_4.txt;unromanticalness;0;0.000999;
./datasets/SuffixArchivos/Mezcla//1000_5.txt;unromanticalness;0;0.000999;
./datasets/SuffixArchivos/Mezcla//1000_6.txt;unromanticalness;0;0.000999;
./datasets/SuffixArchivos/Mezcla//200.txt;unromanticalness;0;0.000999;
./datasets/SuffixArchivos/Mezcla//200_2.txt;unromanticalness;0;0.000999;
./datasets/SuffixArchivos/Mezcla//500.txt;unromanticalness;0;0.000999;
./datasets/SuffixArchivos/Mezcla//500_2.txt;unromanticalness;0;0.000999;
./datasets/SuffixArchivos/Mezcla//1000.txt;Jacobinism;0;0;
./datasets/SuffixArchivos/Mezcla//1000_2.txt;Jacobinism;0;0;
./datasets/SuffixArchivos/Mezcla//1000_3.txt;Jacobinism;0;0;
./datasets/SuffixArchivos/Mezcla//1000_4.txt;Jacobinism;0;0;
./datasets/SuffixArchivos/Mezcla//1000_5.txt;Jacobinism;0;0;
./datasets/SuffixArchivos/Mezcla//1000_6.txt;Jacobinism;0;0;
./datasets/SuffixArchivos/Mezcla//200.txt;Jacobinism;0;0;
./datasets/SuffixArchivos/Mezcla//200_2.txt;Jacobinism;0;0;
./datasets/SuffixArchivos/Mezcla//500.txt;Jacobinism;0;0;
./datasets/SuffixArchivos/Mezcla//500_2.txt;Jacobinism;0;0;
./datasets/SuffixArchivos/Mezcla//1000.txt;pricklingly;0;0;
./datasets/SuffixArchivos/Mezcla//1000_2.txt;pricklingly;0;0;
./datasets/SuffixArchivos/Mezcla//1000_3.txt;pricklingly;0;0;
./datasets/SuffixArchivos/Mezcla//1000_4.txt;pricklingly;0;0;
./datasets/SuffixArchivos/Mezcla//1000_5.txt;pricklingly;0;0;
./datasets/SuffixArchivos/Mezcla//1000_6.txt;pricklingly;0;0;
./datasets/SuffixArchivos/Mezcla//200.txt;pricklingly;0;0;
./datasets/SuffixArchivos/Mezcla//200_2.txt;pricklingly;0;0;
./datasets/SuffixArchivos/Mezcla//500.txt;pricklingly;0;0;
./datasets/SuffixArchivos/Mezcla//500_2.txt;pricklingly;0;0;
./datasets/SuffixArchivos/Mezcla//1000.txt;blameless;0;0.000999;
./datasets/SuffixArchivos/Mezcla//1000_2.txt;blameless;0;0.000999;
./datasets/SuffixArchivos/Mezcla//1000_3.txt;blameless;0;0.000999;
./datasets/SuffixArchivos/Mezcla//1000_4.txt;blameless;0;0.000999;
./datasets/SuffixArchivos/Mezcla//1000_5.txt;blameless;0;0.000999;
./datasets/SuffixArchivos/Mezcla//1000_6.txt;blameless;0;0.000999;
./datasets/SuffixArchivos/Mezcla//200.txt;blameless;0;0.000999;
./datasets/SuffixArchivos/Mezcla//200_2.txt;blameless;0;0.000999;
./datasets/SuffixArchivos/Mezcla//500.txt;blameless;0;0.000999;
./datasets/SuffixArchivos/Mezcla//500_2.txt;blameless;0;0.000999;
./datasets/SuffixArchivos/Mezcla//1000.txt;elderhood;0;0.001;
./datasets/SuffixArchivos/Mezcla//1000_2.txt;elderhood;0;0.001;
./datasets/SuffixArchivos/Mezcla//1000_3.txt;elderhood;0;0.001;
./datasets/SuffixArchivos/Mezcla//1000_4.txt;elderhood;0;0.001;
./datasets/SuffixArchivos/Mezcla//1000_5.txt;elderhood;0;0.001;
./datasets/SuffixArchivos/Mezcla//1000_6.txt;elderhood;0;0.001;
./datasets/SuffixArchivos/Mezcla//200.txt;elderhood;0;0.001;
./datasets/SuffixArchivos/Mezcla//200_2.txt;elderhood;0;0.001;
./datasets/SuffixArchivos/Mezcla//500.txt;elderhood;0;0.001;
./datasets/SuffixArchivos/Mezcla//500_2.txt;elderhood;0;0.001;
./datasets/SuffixArchivos/Mezcla//1000.txt;committeewoman;0;0.001;
./datasets/SuffixArchivos/Mezcla//1000_2.txt;committeewoman;0;0.001;
./datasets/SuffixArchivos/Mezcla//1000_3.txt;committeewoman;0;0.001;
./datasets/SuffixArchivos/Mezcla//1000_4.txt;committeewoman;0;0.001;
./datasets/SuffixArchivos/Mezcla//1000_5.txt;committeewoman;0;0.001;
./datasets/SuffixArchivos/Mezcla//1000_6.txt;committeewoman;0;0.001;
./datasets/SuffixArchivos/Mezcla//200.txt;committeewoman;0;0.001;
./datasets/SuffixArchivos/Mezcla//200_2.txt;committeewoman;0;0.001;
./datasets/SuffixArchivos/Mezcla//500.txt;committeewoman;0;0.001;
./datasets/SuffixArchivos/Mezcla//500_2.txt;committeewoman;0;0.001;
./datasets/SuffixArchivos/Mezcla//1000.txt;comicocynical;0;0.001002;
./datasets/SuffixArchivos/Mezcla//1000_2.txt;comicocynical;0;0.001002;
./datasets/SuffixArchivos/Mezcla//1000_3.txt;comicocynical;0;0.001002;
./datasets/SuffixArchivos/Mezcla//1000_4.txt;comicocynical;0;0.001002;
./datasets/SuffixArchivos/Mezcla//1000_5.txt;comicocynical;0;0.001002;
./datasets/SuffixArchivos/Mezcla//1000_6.txt;comicocynical;0;0.001002;
./datasets/SuffixArchivos/Mezcla//200.txt;comicocynical;0;0.001002;
./datasets/SuffixArchivos/Mezcla//200_2.txt;comicocynical;0;0.001002;
./datasets/SuffixArchivos/Mezcla//500.txt;comicocynical;0;0.001002;
./datasets/SuffixArchivos/Mezcla//500_2.txt;comicocynical;0;0.001002;
./datasets/SuffixArchivos/Mezcla//1000.txt;aggrate;0;0.001005;
./datasets/SuffixArchivos/Mezcla//1000_2.txt;aggrate;0;0.001005;
./datasets/SuffixArchivos/Mezcla//1000_3.txt;aggrate;0;0.001005;
./datasets/SuffixArchivos/Mezcla//1000_4.txt;aggrate;0;0.001005;
./datasets/SuffixArchivos/Mezcla//1000_5.txt;aggrate;0;0.001005;
./datasets/SuffixArchivos/Mezcla//1000_6.txt;aggrate;0;0.001005;
./datasets/SuffixArchivos/Mezcla//200.txt;aggrate;0;0.001005;
./datasets/SuffixArchivos/Mezcla//200_2.txt;aggrate;0;0.001005;
./datasets/SuffixArchivos/Mezcla//500.txt;aggrate;0;0.001005;
./datasets/SuffixArchivos/Mezcla//500_2.txt;aggrate;0;0.001005;
./datasets/SuffixArchivos/Mezcla//1000.txt;stentoronic;0;0.000991;
./datasets/SuffixArchivos/Mezcla//1000_2.txt;stentoronic;0;0.000991;
./datasets/SuffixArchivos/Mezcla//1000_3.txt;stentoronic;0;0.000991;
./datasets/SuffixArchivos/Mezcla//1000_4.txt;stentoronic;0;0.000991;
./datasets/SuffixArchivos/Mezcla//1000_5.txt;stentoronic;0;0.000991;
./datasets/SuffixArchivos/Mezcla//1000_6.txt;stentoronic;0;0.000991;
./datasets/SuffixArchivos/Mezcla//200.txt;stentoronic;0;0.000991;
./datasets/SuffixArchivos/Mezcla//200_2.txt;stentoronic;0;0.000991;
./datasets/SuffixArchivos/Mezcla//500.txt;stentoronic;0;0.000991;
./datasets/SuffixArchivos/Mezcla//500_2.txt;stentoronic;0;0.000991;
./datasets/SuffixArchivos/Mezcla//1000.txt;flatwise;0;0.000999;
./datasets/SuffixArchivos/Mezcla//1000_2.txt;flatwise;0;0.000999;
./datasets/SuffixArchivos/Mezcla//1000_3.txt;flatwise;0;0.000999;
./datasets/SuffixArchivos/Mezcla//1000_4.txt;flatwise;0;0.000999;
./datasets/SuffixArchivos/Mezcla//1000_5.txt;flatwise;0;0.000999;
./datasets/SuffixArchivos/Mezcla//1000_6.txt;flatwise;0;0.000999;
./datasets/SuffixArchivos/Mezcla//200.txt;flatwise;0;0.000999;
./datasets/SuffixArchivos/Mezcla//200_2.txt;flatwise;0;0.000999;
./datasets/SuffixArchivos/Mezcla//500.txt;flatwise;0;0.000999;
./datasets/SuffixArchivos/Mezcla//500_2.txt;flatwise;0;0.000999;
./datasets/SuffixArchivos/Mezcla//1000.txt;bipyridyl;0;0.001;
./datasets/SuffixArchivos/Mezcla//1000_2.txt;bipyridyl;0;0.001;
./datasets/SuffixArchivos/Mezcla//1000_3.txt;bipyridyl;0;0.001;
./datasets/SuffixArchivos/Mezcla//1000_4.txt;bipyridyl;0;0.001;
./datasets/SuffixArchivos/Mezcla//1000_5.txt;bipyridyl;0;0.001;
./datasets/SuffixArchivos/Mezcla//1000_6.txt;bipyridyl;0;0.001;
./datasets/SuffixArchivos/Mezcla//200.txt;bipyridyl;0;0.001;
./datasets/SuffixArchivos/Mezcla//200_2.txt;bipyridyl;0;0.001;
./datasets/SuffixArchivos/Mezcla//500.txt;bipyridyl;0;0.001;
./datasets/SuffixArchivos/Mezcla//500_2.txt;bipyridyl;0;0.001;
./datasets/SuffixArchivos/Mezcla//1000.txt;untastable;0;0;
./datasets/SuffixArchivos/Mezcla//1000_2.txt;untastable;0;0;
./datasets/SuffixArchivos/Mezcla//1000_3.txt;untastable;0;0;
./datasets/SuffixArchivos/Mezcla//1000_4.txt;untastable;0;0;
./datasets/SuffixArchivos/Mezcla//1000_5.txt;untastable;0;0;
./datasets/SuffixArchivos/Mezcla//1000_6.txt;untastable;0;0;
./datasets/SuffixArchivos/Mezcla//200.txt;untastable;0;0;
./datasets/SuffixArchivos/Mezcla//200_2.txt;untastable;0;0;
./datasets/SuffixArchivos/Mezcla//500.txt;untastable;0;0;
./datasets/SuffixArchivos/Mezcla//500_2.txt;untastable;0;0;
./datasets/SuffixArchivos/Mezcla//1000.txt;aegerian;0;0;
./datasets/SuffixArchivos/Mezcla//1000_2.txt;aegerian;0;0;
./datasets/SuffixArchivos/Mezcla//1000_3.txt;aegerian;0;0;
./datasets/SuffixArchivos/Mezcla//1000_4.txt;aegerian;0;0;
./datasets/SuffixArchivos/Mezcla//1000_5.txt;aegerian;0;0;
./datasets/SuffixArchivos/Mezcla//1000_6.txt;aegerian;0;0;
./datasets/SuffixArchivos/Mezcla//200.txt;aegerian;0;0;
./datasets/SuffixArchivos/Mezcla//200_2.txt;aegerian;0;0;
./datasets/SuffixArchivos/Mezcla//500.txt;aegerian;0;0;
./datasets/SuffixArchivos/Mezcla//500_2.txt;aegerian;0;0;
./datasets/SuffixArchivos/Mezcla//1000.txt;unmistrusted;0;0.000999;
./datasets/SuffixArchivos/Mezcla//1000_2.txt;unmistrusted;0;0.000999;
./datasets/SuffixArchivos/Mezcla//1000_3.txt;unmistrusted;0;0.000999;
./datasets/SuffixArchivos/Mezcla//1000_4.txt;unmistrusted;0;0.000999;
./datasets/SuffixArchivos/Mezcla//1000_5.txt;unmistrusted;0;0.000999;
./datasets/SuffixArchivos/Mezcla//1000_6.txt;unmistrusted;0;0.000999;
./datasets/SuffixArchivos/Mezcla//200.txt;unmistrusted;0;0.000999;
./datasets/SuffixArchivos/Mezcla//200_2.txt;unmistrusted;0;0.000999;
./datasets/SuffixArchivos/Mezcla//500.txt;unmistrusted;0;0.000999;
./datasets/SuffixArchivos/Mezcla//500_2.txt;unmistrusted;0;0.000999;
./datasets/SuffixArchivos/Mezcla//1000.txt;quadrigamist;0;0.001012;
./datasets/SuffixArchivos/Mezcla//1000_2.txt;quadrigamist;0;0.001012;
./datasets/SuffixArchivos/Mezcla//1000_3.txt;quadrigamist;0;0.001012;
./datasets/SuffixArchivos/Mezcla//1000_4.txt;quadrigamist;0;0.001012;
./datasets/SuffixArchivos/Mezcla//1000_5.txt;quadrigamist;0;0.001012;
./datasets/SuffixArchivos/Mezcla//1000_6.txt;quadrigamist;0;0.001012;
./datasets/SuffixArchivos/Mezcla//200.txt;quadrigamist;0;0.001012;
./datasets/SuffixArchivos/Mezcla//200_2.txt;quadrigamist;0;0.001012;
./datasets/SuffixArchivos/Mezcla//500.txt;quadrigamist;0;0.001012;
./datasets/SuffixArchivos/Mezcla//500_2.txt;quadrigamist;0;0.001012;
./datasets/SuffixArchivos/Mezcla//1000.txt;Meleagrinae;0;0.000988;
./datasets/SuffixArchivos/Mezcla//1000_2.txt;Meleagrinae;0;0.000988;
./datasets/SuffixArchivos/Mezcla//1000_3.txt;Meleagrinae;0;0.000988;
./datasets/SuffixArchivos/Mezcla//1000_4.txt;Meleagrinae;0;0.000988;
./datasets/SuffixArchivos/Mezcla//1000_5.txt;Meleagrinae;0;0.000988;
./datasets/SuffixArchivos/Mezcla//1000_6.txt;Meleagrinae;0;0.000988;
./datasets/SuffixArchivos/Mezcla//200.txt;Meleagrinae;0;0.000988;
./datasets/SuffixArchivos/Mezcla//200_2.txt;Meleagrinae;0;0.000988;
./datasets/SuffixArchivos/Mezcla//500.txt;Meleagrinae;0;0.000988;
./datasets/SuffixArchivos/Mezcla//500_2.txt;Meleagrinae;0;0.000988;
./datasets/SuffixArchivos/Mezcla//1000.txt;helvite;0;0;
./datasets/SuffixArchivos/Mezcla//1000_2.txt;helvite;0;0;
./datasets/SuffixArchivos/Mezcla//1000_3.txt;helvite;0;0;
./datasets/SuffixArchivos/Mezcla//1000_4.txt;helvite;0;0;
./datasets/SuffixArchivos/Mezcla//1000_5.txt;helvite;0;0;
./datasets/SuffixArchivos/Mezcla//1000_6.txt;helvite;0;0;
./datasets/SuffixArchivos/Mezcla//200.txt;helvite;0;0;
./datasets/SuffixArchivos/Mezcla//200_2.txt;helvite;0;0;
./datasets/SuffixArchivos/Mezcla//500.txt;helvite;0;0;
./datasets/SuffixArchivos/Mezcla//500_2.txt;helvite;0;0;
./datasets/SuffixArchivos/Mezcla//1000.txt;neuralist;0;0.000999;
./datasets/SuffixArchivos/Mezcla//1000_2.txt;neuralist;0;0.000999;
./datasets/SuffixArchivos/Mezcla//1000_3.txt;neuralist;0;0.000999;
./datasets/SuffixArchivos/Mezcla//1000_4.txt;neuralist;0;0.000999;
./datasets/SuffixArchivos/Mezcla//1000_5.txt;neuralist;0;0.000999;
./datasets/SuffixArchivos/Mezcla//1000_6.txt;neuralist;0;0.000999;
./datasets/SuffixArchivos/Mezcla//200.txt;neuralist;0;0.000999;
./datasets/SuffixArchivos/Mezcla//200_2.txt;neuralist;0;0.000999;
./datasets/SuffixArchivos/Mezcla//500.txt;neuralist;0;0.000999;
./datasets/SuffixArchivos/Mezcla//500_2.txt;neuralist;0;0.000999;
./datasets/SuffixArchivos/Mezcla//1000.txt;Swietenia;0;0.000999;
./datasets/SuffixArchivos/Mezcla//1000_2.txt;Swietenia;0;0.000999;
./datasets/SuffixArchivos/Mezcla//1000_3.txt;Swietenia;0;0.000999;
./datasets/SuffixArchivos/Mezcla//1000_4.txt;Swietenia;0;0.000999;
./datasets/SuffixArchivos/Mezcla//1000_5.txt;Swietenia;0;0.000999;
./datasets/SuffixArchivos/Mezcla//1000_6.txt;Swietenia;0;0.000999;
./datasets/SuffixArchivos/Mezcla//200.txt;Swietenia;0;0.000999;
./datasets/SuffixArchivos/Mezcla//200_2.txt;Swietenia;0;0.000999;
./datasets/SuffixArchivos/Mezcla//500.txt;Swietenia;0;0.000999;
./datasets/SuffixArchivos/Mezcla//500_2.txt;Swietenia;0;0.000999;
./datasets/SuffixArchivos/Mezcla//1000.txt;unpleadable;0;0;
./datasets/SuffixArchivos/Mezcla//1000_2.txt;unpleadable;0;0;
./datasets/SuffixArchivos/Mezcla//1000_3.txt;unpleadable;0;0;
./datasets/SuffixArchivos/Mezcla//1000_4.txt;unpleadable;0;0;
./datasets/SuffixArchivos/Mezcla//1000_5.txt;unpleadable;0;0;
./datasets/SuffixArchivos/Mezcla//1000_6.txt;unpleadable;0;0;
./datasets/SuffixArchivos/Mezcla//200.txt;unpleadable;0;0;
./datasets/SuffixArchivos/Mezcla//200_2.txt;unpleadable;0;0;
./datasets/SuffixArchivos/Mezcla//500.txt;unpleadable;0;0;
./datasets/SuffixArchivos/Mezcla//500_2.txt;unpleadable;0;0;
./datasets/SuffixArchivos/Mezcla//1000.txt;colorably;0;0;
./datasets/SuffixArchivos/Mezcla//1000_2.txt;colorably;0;0;
./datasets/SuffixArchivos/Mezcla//1000_3.txt;colorably;0;0;
./datasets/SuffixArchivos/Mezcla//1000_4.txt;colorably;0;0;
./datasets/SuffixArchivos/Mezcla//1000_5.txt;colorably;0;0;
./datasets/SuffixArchivos/Mezcla//1000_6.txt;colorably;0;0;
./datasets/SuffixArchivos/Mezcla//200.txt;colorably;0;0;
./datasets/SuffixArchivos/Mezcla//200_2.txt;colorably;0;0;
./datasets/SuffixArchivos/Mezcla//500.txt;colorably;0;0;
./datasets/SuffixArchivos/Mezcla//500_2.txt;colorably;0;0;
./datasets/SuffixArchivos/Mezcla//1000.txt;mogilalism;0;0.000999;
./datasets/SuffixArchivos/Mezcla//1000_2.txt;mogilalism;0;0.000999;
./datasets/SuffixArchivos/Mezcla//1000_3.txt;mogilalism;0;0.000999;
./datasets/SuffixArchivos/Mezcla//1000_4.txt;mogilalism;0;0.000999;
./datasets/SuffixArchivos/Mezcla//1000_5.txt;mogilalism;0;0.000999;
./datasets/SuffixArchivos/Mezcla//1000_6.txt;mogilalism;0;0.000999;
./datasets/SuffixArchivos/Mezcla//200.txt;mogilalism;0;0.000999;
./datasets/SuffixArchivos/Mezcla//200_2.txt;mogilalism;0;0.000999;
./datasets/SuffixArchivos/Mezcla//500.txt;mogilalism;0;0.000999;
./datasets/SuffixArchivos/Mezcla//500_2.txt;mogilalism;0;0.000999;
./datasets/SuffixArchivos/Mezcla//1000.txt;consequently;0;0;
./datasets/SuffixArchivos/Mezcla//1000_2.txt;consequently;0;0;
./datasets/SuffixArchivos/Mezcla//1000_3.txt;consequently;0;0;
./datasets/SuffixArchivos/Mezcla//1000_4.txt;consequently;0;0;
./datasets/SuffixArchivos/Mezcla//1000_5.txt;consequently;0;0;
./datasets/SuffixArchivos/Mezcla//1000_6.txt;consequently;0;0;
./datasets/SuffixArchivos/Mezcla//200.txt;consequently;0;0;
./datasets/SuffixArchivos/Mezcla//200_2.txt;consequently;0;0;
./datasets/SuffixArchivos/Mezcla//500.txt;consequently;0;0;
./datasets/SuffixArchivos/Mezcla//500_2.txt;consequently;0;0;
./datasets/SuffixArchivos/Mezcla//1000.txt;atamasco;0;0;
./datasets/SuffixArchivos/Mezcla//1000_2.txt;atamasco;0;0;
./datasets/SuffixArchivos/Mezcla//1000_3.txt;atamasco;0;0;
./datasets/SuffixArchivos/Mezcla//1000_4.txt;atamasco;0;0;
./datasets/SuffixArchivos/Mezcla//1000_5.txt;atamasco;0;0;
./datasets/SuffixArchivos/Mezcla//1000_6.txt;atamasco;0;0;
./datasets/SuffixArchivos/Mezcla//200.txt;atamasco;0;0;
./datasets/SuffixArchivos/Mezcla//200_2.txt;atamasco;0;0;
./datasets/SuffixArchivos/Mezcla//500.txt;atamasco;0;0;
./datasets/SuffixArchivos/Mezcla//500_2.txt;atamasco;0;0;
./datasets/SuffixArchivos/Mezcla//1000.txt;inhospitality;0;0.000999;
./datasets/SuffixArchivos/Mezcla//1000_2.txt;inhospitality;0;0.000999;
./datasets/SuffixArchivos/Mezcla//1000_3.txt;inhospitality;0;0.000999;
./datasets/SuffixArchivos/Mezcla//1000_4.txt;inhospitality;0;0.000999;
./datasets/SuffixArchivos/Mezcla//1000_5.txt;inhospitality;0;0.000999;
./datasets/SuffixArchivos/Mezcla//1000_6.txt;inhospitality;0;0.000999;
./datasets/SuffixArchivos/Mezcla//200.txt;inhospitality;0;0.000999;
./datasets/SuffixArchivos/Mezcla//200_2.txt;inhospitality;0;0.000999;
./datasets/SuffixArchivos/Mezcla//500.txt;inhospitality;0;0.000999;
./datasets/SuffixArchivos/Mezcla//500_2.txt;inhospitality;0;0.000999;
./datasets/SuffixArchivos/Mezcla//1000.txt;noncarnivorous;0;0.001;
./datasets/SuffixArchivos/Mezcla//1000_2.txt;noncarnivorous;0;0.001;
./datasets/SuffixArchivos/Mezcla//1000_3.txt;noncarnivorous;0;0.001;
./datasets/SuffixArchivos/Mezcla//1000_4.txt;noncarnivorous;0;0.001;
./datasets/SuffixArchivos/Mezcla//1000_5.txt;noncarnivorous;0;0.001;
./datasets/SuffixArchivos/Mezcla//1000_6.txt;noncarnivorous;0;0.001;
./datasets/SuffixArchivos/Mezcla//200.txt;noncarnivorous;0;0.001;
./datasets/SuffixArchivos/Mezcla//200_2.txt;noncarnivorous;0;0.001;
./datasets/SuffixArchivos/Mezcla//500.txt;noncarnivorous;0;0.001;
./datasets/SuffixArchivos/Mezcla//500_2.txt;noncarnivorous;0;0.001;
./datasets/SuffixArchivos/Mezcla//1000.txt;counterruin;0;0.001;
./datasets/SuffixArchivos/Mezcla//1000_2.txt;counterruin;0;0.001;
./datasets/SuffixArchivos/Mezcla//1000_3.txt;counterruin;0;0.001;
./datasets/SuffixArchivos/Mezcla//1000_4.txt;counterruin;0;0.001;
./datasets/SuffixArchivos/Mezcla//1000_5.txt;counterruin;0;0.001;
./datasets/SuffixArchivos/Mezcla//1000_6.txt;counterruin;0;0.001;
./datasets/SuffixArchivos/Mezcla//200.txt;counterruin;0;0.001;
./datasets/SuffixArchivos/Mezcla//200_2.txt;counterruin;0;0.001;
./datasets/SuffixArchivos/Mezcla//500.txt;counterruin;0;0.001;
./datasets/SuffixArchivos/Mezcla//500_2.txt;counterruin;0;0.001;
./datasets/SuffixArchivos/Mezcla//1000.txt;gryposis;0;0.000999;
./datasets/SuffixArchivos/Mezcla//1000_2.txt;gryposis;0;0.000999;
./datasets/SuffixArchivos/Mezcla//1000_3.txt;gryposis;0;0.000999;
./datasets/SuffixArchivos/Mezcla//1000_4.txt;gryposis;0;0.000999;
./datasets/SuffixArchivos/Mezcla//1000_5.txt;gryposis;0;0.000999;
./datasets/SuffixArchivos/Mezcla//1000_6.txt;gryposis;0;0.000999;
./datasets/SuffixArchivos/Mezcla//200.txt;gryposis;0;0.000999;
./datasets/SuffixArchivos/Mezcla//200_2.txt;gryposis;0;0.000999;
./datasets/SuffixArchivos/Mezcla//500.txt;gryposis;0;0.000999;
./datasets/SuffixArchivos/Mezcla//500_2.txt;gryposis;0;0.000999;
./datasets/SuffixArchivos/Mezcla//1000.txt;ringe;0;0;
./datasets/SuffixArchivos/Mezcla//1000_2.txt;ringe;0;0;
./datasets/SuffixArchivos/Mezcla//1000_3.txt;ringe;0;0;
./datasets/SuffixArchivos/Mezcla//1000_4.txt;ringe;0;0;
./datasets/SuffixArchivos/Mezcla//1000_5.txt;ringe;0;0;
./datasets/SuffixArchivos/Mezcla//1000_6.txt;ringe;0;0;
./datasets/SuffixArchivos/Mezcla//200.txt;ringe;0;0;
./datasets/SuffixArchivos/Mezcla//200_2.txt;ringe;0;0;
./datasets/SuffixArchivos/Mezcla//500.txt;ringe;0;0;
./datasets/SuffixArchivos/Mezcla//500_2.txt;ringe;0;0;
./datasets/SuffixArchivos/Mezcla//1000.txt;displeasedly;0;0.000999;
./datasets/SuffixArchivos/Mezcla//1000_2.txt;displeasedly;0;0.000999;
./datasets/SuffixArchivos/Mezcla//1000_3.txt;displeasedly;0;0.000999;
./datasets/SuffixArchivos/Mezcla//1000_4.txt;displeasedly;0;0.000999;
./datasets/SuffixArchivos/Mezcla//1000_5.txt;displeasedly;0;0.000999;
./datasets/SuffixArchivos/Mezcla//1000_6.txt;displeasedly;0;0.000999;
./datasets/SuffixArchivos/Mezcla//200.txt;displeasedly;0;0.000999;
./datasets/SuffixArchivos/Mezcla//200_2.txt;displeasedly;0;0.000999;
./datasets/SuffixArchivos/Mezcla//500.txt;displeasedly;0;0.000999;
./datasets/SuffixArchivos/Mezcla//500_2.txt;displeasedly;0;0.000999;
./datasets/SuffixArchivos/Mezcla//1000.txt;incenter;0;0;
./datasets/SuffixArchivos/Mezcla//1000_2.txt;incenter;0;0;
./datasets/SuffixArchivos/Mezcla//1000_3.txt;incenter;0;0;
./datasets/SuffixArchivos/Mezcla//1000_4.txt;incenter;0;0;
./datasets/SuffixArchivos/Mezcla//1000_5.txt;incenter;0;0;
./datasets/SuffixArchivos/Mezcla//1000_6.txt;incenter;0;0;
./datasets/SuffixArchivos/Mezcla//200.txt;incenter;0;0;
./datasets/SuffixArchivos/Mezcla//200_2.txt;incenter;0;0;
./datasets/SuffixArchivos/Mezcla//500.txt;incenter;0;0;
./datasets/SuffixArchivos/Mezcla//500_2.txt;incenter;0;0;
./datasets/SuffixArchivos/Mezcla//1000.txt;gallycrow;0;0;
./datasets/SuffixArchivos/Mezcla//1000_2.txt;gallycrow;0;0;
./datasets/SuffixArchivos/Mezcla//1000_3.txt;gallycrow;0;0;
./datasets/SuffixArchivos/Mezcla//1000_4.txt;gallycrow;0;0;
./datasets/SuffixArchivos/Mezcla//1000_5.txt;gallycrow;0;0;
./datasets/SuffixArchivos/Mezcla//1000_6.txt;gallycrow;0;0;
./datasets/SuffixArchivos/Mezcla//200.txt;gallycrow;0;0;
./datasets/SuffixArchivos/Mezcla//200_2.txt;gallycrow;0;0;
./datasets/SuffixArchivos/Mezcla//500.txt;gallycrow;0;0;
./datasets/SuffixArchivos/Mezcla//500_2.txt;gallycrow;0;0;
./datasets/SuffixArchivos/Mezcla//1000.txt;whincow;0;0.001;
./datasets/SuffixArchivos/Mezcla//1000_2.txt;whincow;0;0.001;
./datasets/SuffixArchivos/Mezcla//1000_3.txt;whincow;0;0.001;
./datasets/SuffixArchivos/Mezcla//1000_4.txt;whincow;0;0.001;
./datasets/SuffixArchivos/Mezcla//1000_5.txt;whincow;0;0.001;
./datasets/SuffixArchivos/Mezcla//1000_6.txt;whincow;0;0.001;
./datasets/SuffixArchivos/Mezcla//200.txt;whincow;0;0.001;
./datasets/SuffixArchivos/Mezcla//200_2.txt;whincow;0;0.001;
./datasets/SuffixArchivos/Mezcla//500.txt;whincow;0;0.001;
./datasets/SuffixArchivos/Mezcla//500_2.txt;whincow;0;0.001;
./datasets/SuffixArchivos/Mezcla//1000.txt;repudiationist;0;0;
./datasets/SuffixArchivos/Mezcla//1000_2.txt;repudiationist;0;0;
./datasets/SuffixArchivos/Mezcla//1000_3.txt;repudiationist;0;0;
./datasets/SuffixArchivos/Mezcla//1000_4.txt;repudiationist;0;0;
./datasets/SuffixArchivos/Mezcla//1000_5.txt;repudiationist;0;0;
./datasets/SuffixArchivos/Mezcla//1000_6.txt;repudiationist;0;0;
./datasets/SuffixArchivos/Mezcla//200.txt;repudiationist;0;0;
./datasets/SuffixArchivos/Mezcla//200_2.txt;repudiationist;0;0;
./datasets/SuffixArchivos/Mezcla//500.txt;repudiationist;0;0;
./datasets/SuffixArchivos/Mezcla//500_2.txt;repudiationist;0;0;
./datasets/SuffixArchivos/Mezcla//1000.txt;unagile;0;0.000999;
./datasets/SuffixArchivos/Mezcla//1000_2.txt;unagile;0;0.000999;
./datasets/SuffixArchivos/Mezcla//1000_3.txt;unagile;0;0.000999;
./datasets/SuffixArchivos/Mezcla//1000_4.txt;unagile;0;0.000999;
./datasets/SuffixArchivos/Mezcla//1000_5.txt;unagile;0;0.000999;
./datasets/SuffixArchivos/Mezcla//1000_6.txt;unagile;0;0.000999;
./datasets/SuffixArchivos/Mezcla//200.txt;unagile;0;0.000999;
./datasets/SuffixArchivos/Mezcla//200_2.txt;unagile;0;0.000999;
./datasets/SuffixArchivos/Mezcla//500.txt;unagile;0;0.000999;
./datasets/SuffixArchivos/Mezcla//500_2.txt;unagile;0;0.000999;
./datasets/SuffixArchivos/Mezcla//1000.txt;chaplain;0;0.001;
./datasets/SuffixArchivos/Mezcla//1000_2.txt;chaplain;0;0.001;
./datasets/SuffixArchivos/Mezcla//1000_3.txt;chaplain;0;0.001;
./datasets/SuffixArchivos/Mezcla//1000_4.txt;chaplain;0;0.001;
./datasets/SuffixArchivos/Mezcla//1000_5.txt;chaplain;0;0.001;
./datasets/SuffixArchivos/Mezcla//1000_6.txt;chaplain;0;0.001;
./datasets/SuffixArchivos/Mezcla//200.txt;chaplain;0;0.001;
./datasets/SuffixArchivos/Mezcla//200_2.txt;chaplain;0;0.001;
./datasets/SuffixArchivos/Mezcla//500.txt;chaplain;0;0.001;
./datasets/SuffixArchivos/Mezcla//500_2.txt;chaplain;0;0.001;
./datasets/SuffixArchivos/Mezcla//1000.txt;bekerchief;0;0;
./datasets/SuffixArchivos/Mezcla//1000_2.txt;bekerchief;0;0;
./datasets/SuffixArchivos/Mezcla//1000_3.txt;bekerchief;0;0;
./datasets/SuffixArchivos/Mezcla//1000_4.txt;bekerchief;0;0;
./datasets/SuffixArchivos/Mezcla//1000_5.txt;bekerchief;0;0;
./datasets/SuffixArchivos/Mezcla//1000_6.txt;bekerchief;0;0;
./datasets/SuffixArchivos/Mezcla//200.txt;bekerchief;0;0;
./datasets/SuffixArchivos/Mezcla//200_2.txt;bekerchief;0;0;
./datasets/SuffixArchivos/Mezcla//500.txt;bekerchief;0;0;
./datasets/SuffixArchivos/Mezcla//500_2.txt;bekerchief;0;0;
./datasets/SuffixArchivos/Mezcla//1000.txt;subproduct;0;0;
./datasets/SuffixArchivos/Mezcla//1000_2.txt;subproduct;0;0;
./datasets/SuffixArchivos/Mezcla//1000_3.txt;subproduct;0;0;
./datasets/SuffixArchivos/Mezcla//1000_4.txt;subproduct;0;0;
./datasets/SuffixArchivos/Mezcla//1000_5.txt;subproduct;0;0;
./datasets/SuffixArchivos/Mezcla//1000_6.txt;subproduct;0;0;
./datasets/SuffixArchivos/Mezcla//200.txt;subproduct;0;0;
./datasets/SuffixArchivos/Mezcla//200_2.txt;subproduct;0;0;
./datasets/SuffixArchivos/Mezcla//500.txt;subproduct;0;0;
./datasets/SuffixArchivos/Mezcla//500_2.txt;subproduct;0;0;
./datasets/SuffixArchivos/Mezcla//1000.txt;pointingly;0;0.001;
./datasets/SuffixArchivos/Mezcla//1000_2.txt;pointingly;0;0.001;
./datasets/SuffixArchivos/Mezcla//1000_3.txt;pointingly;0;0.001;
./datasets/SuffixArchivos/Mezcla//1000_4.txt;pointingly;0;0.001;
./datasets/SuffixArchivos/Mezcla//1000_5.txt;pointingly;0;0.001;
./datasets/SuffixArchivos/Mezcla//1000_6.txt;pointingly;0;0.001;
./datasets/SuffixArchivos/Mezcla//200.txt;pointingly;0;0.001;
./datasets/SuffixArchivos/Mezcla//200_2.txt;pointingly;0;0.001;
./datasets/SuffixArchivos/Mezcla//500.txt;pointingly;0;0.001;
./datasets/SuffixArchivos/Mezcla//500_2.txt;pointingly;0;0.001;
./datasets/SuffixArchivos/Mezcla//1000.txt;Physonectae;0;0.000999;
./datasets/SuffixArchivos/Mezcla//1000_2.txt;Physonectae;0;0.000999;
./datasets/SuffixArchivos/Mezcla//1000_3.txt;Physonectae;0;0.000999;
./datasets/SuffixArchivos/Mezcla//1000_4.txt;Physonectae;0;0.000999;
./datasets/SuffixArchivos/Mezcla//1000_5.txt;Physonectae;0;0.000999;
./datasets/SuffixArchivos/Mezcla//1000_6.txt;Physonectae;0;0.000999;
./datasets/SuffixArchivos/Mezcla//200.txt;Physonectae;0;0.000999;
./datasets/SuffixArchivos/Mezcla//200_2.txt;Physonectae;0;0.000999;
./datasets/SuffixArchivos/Mezcla//500.txt;Physonectae;0;0.000999;
./datasets/SuffixArchivos/Mezcla//500_2.txt;Physonectae;0;0.000999;
./datasets/SuffixArchivos/Mezcla//1000.txt;bumpingly;0;0;
./datasets/SuffixArchivos/Mezcla//1000_2.txt;bumpingly;0;0;
./datasets/SuffixArchivos/Mezcla//1000_3.txt;bumpingly;0;0;
./datasets/SuffixArchivos/Mezcla//1000_4.txt;bumpingly;0;0;
./datasets/SuffixArchivos/Mezcla//1000_5.txt;bumpingly;0;0;
./datasets/SuffixArchivos/Mezcla//1000_6.txt;bumpingly;0;0;
./datasets/SuffixArchivos/Mezcla//200.txt;bumpingly;0;0;
./datasets/SuffixArchivos/Mezcla//200_2.txt;bumpingly;0;0;
./datasets/SuffixArchivos/Mezcla//500.txt;bumpingly;0;0;
./datasets/SuffixArchivos/Mezcla//500_2.txt;bumpingly;0;0;
./datasets/SuffixArchivos/Mezcla//1000.txt;hateful;0;0.000999;
./datasets/SuffixArchivos/Mezcla//1000_2.txt;hateful;0;0.000999;
./datasets/SuffixArchivos/Mezcla//1000_3.txt;hateful;0;0.000999;
./datasets/SuffixArchivos/Mezcla//1000_4.txt;hateful;0;0.000999;
./datasets/SuffixArchivos/Mezcla//1000_5.txt;hateful;0;0.000999;
./datasets/SuffixArchivos/Mezcla//1000_6.txt;hateful;0;0.000999;
./datasets/SuffixArchivos/Mezcla//200.txt;hateful;0;0.000999;
./datasets/SuffixArchivos/Mezcla//200_2.txt;hateful;0;0.000999;
./datasets/SuffixArchivos/Mezcla//500.txt;hateful;0;0.000999;
./datasets/SuffixArchivos/Mezcla//500_2.txt;hateful;0;0.000999;
./datasets/SuffixArchivos/Mezcla//1000.txt;endogenous;0;0.001;
./datasets/SuffixArchivos/Mezcla//1000_2.txt;endogenous;0;0.001;
./datasets/SuffixArchivos/Mezcla//1000_3.txt;endogenous;0;0.001;
./datasets/SuffixArchivos/Mezcla//1000_4.txt;endogenous;0;0.001;
./datasets/SuffixArchivos/Mezcla//1000_5.txt;endogenous;0;0.001;
./datasets/SuffixArchivos/Mezcla//1000_6.txt;endogenous;0;0.001;
./datasets/SuffixArchivos/Mezcla//200.txt;endogenous;0;0.001;
./datasets/SuffixArchivos/Mezcla//200_2.txt;endogenous;0;0.001;
./datasets/SuffixArchivos/Mezcla//500.txt;endogenous;0;0.001;
./datasets/SuffixArchivos/Mezcla//500_2.txt;endogenous;0;0.001;
./datasets/SuffixArchivos/Mezcla//1000.txt;facticide;0;0.000999;
./datasets/SuffixArchivos/Mezcla//1000_2.txt;facticide;0;0.000999;
./datasets/SuffixArchivos/Mezcla//1000_3.txt;facticide;0;0.000999;
./datasets/SuffixArchivos/Mezcla//1000_4.txt;facticide;0;0.000999;
./datasets/SuffixArchivos/Mezcla//1000_5.txt;facticide;0;0.000999;
./datasets/SuffixArchivos/Mezcla//1000_6.txt;facticide;0;0.000999;
./datasets/SuffixArchivos/Mezcla//200.txt;facticide;0;0.000999;
./datasets/SuffixArchivos/Mezcla//200_2.txt;facticide;0;0.000999;
./datasets/SuffixArchivos/Mezcla//500.txt;facticide;0;0.000999;
./datasets/SuffixArchivos/Mezcla//500_2.txt;facticide;0;0.000999;
./datasets/SuffixArchivos/Mezcla//1000.txt;velours;0;0;
./datasets/SuffixArchivos/Mezcla//1000_2.txt;velours;0;0;
./datasets/SuffixArchivos/Mezcla//1000_3.txt;velours;0;0;
./datasets/SuffixArchivos/Mezcla//1000_4.txt;velours;0;0;
./datasets/SuffixArchivos/Mezcla//1000_5.txt;velours;0;0;
./datasets/SuffixArchivos/Mezcla//1000_6.txt;velours;0;0;
./datasets/SuffixArchivos/Mezcla//200.txt;velours;0;0;
./datasets/SuffixArchivos/Mezcla//200_2.txt;velours;0;0;
./datasets/SuffixArchivos/Mezcla//500.txt;velours;0;0;
./datasets/SuffixArchivos/Mezcla//500_2.txt;velours;0;0;
./datasets/SuffixArchivos/Mezcla//1000.txt;carmoisin;0;0.000999;
./datasets/SuffixArchivos/Mezcla//1000_2.txt;carmoisin;0;0.000999;
./datasets/SuffixArchivos/Mezcla//1000_3.txt;carmoisin;0;0.000999;
./datasets/SuffixArchivos/Mezcla//1000_4.txt;carmoisin;0;0.000999;
./datasets/SuffixArchivos/Mezcla//1000_5.txt;carmoisin;0;0.000999;
./datasets/SuffixArchivos/Mezcla//1000_6.txt;carmoisin;0;0.000999;
./datasets/SuffixArchivos/Mezcla//200.txt;carmoisin;0;0.000999;
./datasets/SuffixArchivos/Mezcla//200_2.txt;carmoisin;0;0.000999;
./datasets/SuffixArchivos/Mezcla//500.txt;carmoisin;0;0.000999;
./datasets/SuffixArchivos/Mezcla//500_2.txt;carmoisin;0;0.000999;
./datasets/SuffixArchivos/Mezcla//1000.txt;reaccomplish;0;0.001;
./datasets/SuffixArchivos/Mezcla//1000_2.txt;reaccomplish;0;0.001;
./datasets/SuffixArchivos/Mezcla//1000_3.txt;reaccomplish;0;0.001;
./datasets/SuffixArchivos/Mezcla//1000_4.txt;reaccomplish;0;0.001;
./datasets/SuffixArchivos/Mezcla//1000_5.txt;reaccomplish;0;0.001;
./datasets/SuffixArchivos/Mezcla//1000_6.txt;reaccomplish;0;0.001;
./datasets/SuffixArchivos/Mezcla//200.txt;reaccomplish;0;0.001;
./datasets/SuffixArchivos/Mezcla//200_2.txt;reaccomplish;0;0.001;
./datasets/SuffixArchivos/Mezcla//500.txt;reaccomplish;0;0.001;
./datasets/SuffixArchivos/Mezcla//500_2.txt;reaccomplish;0;0.001;
./datasets/SuffixArchivos/Mezcla//1000.txt;protistic;0;0;
./datasets/SuffixArchivos/Mezcla//1000_2.txt;protistic;0;0;
./datasets/SuffixArchivos/Mezcla//1000_3.txt;protistic;0;0;
./datasets/SuffixArchivos/Mezcla//1000_4.txt;protistic;0;0;
./datasets/SuffixArchivos/Mezcla//1000_5.txt;protistic;0;0;
./datasets/SuffixArchivos/Mezcla//1000_6.txt;protistic;0;0;
./datasets/SuffixArchivos/Mezcla//200.txt;protistic;0;0;
./datasets/SuffixArchivos/Mezcla//200_2.txt;protistic;0;0;
./datasets/SuffixArchivos/Mezcla//500.txt;protistic;0;0;
./datasets/SuffixArchivos/Mezcla//500_2.txt;protistic;0;0;
./datasets/SuffixArchivos/Mezcla//1000.txt;recuperance;0;0;
./datasets/SuffixArchivos/Mezcla//1000_2.txt;recuperance;0;0;
./datasets/SuffixArchivos/Mezcla//1000_3.txt;recuperance;0;0;
./datasets/SuffixArchivos/Mezcla//1000_4.txt;recuperance;0;0;
./datasets/SuffixArchivos/Mezcla//1000_5.txt;recuperance;0;0;
./datasets/SuffixArchivos/Mezcla//1000_6.txt;recuperance;0;0;
./datasets/SuffixArchivos/Mezcla//200.txt;recuperance;0;0;
./datasets/SuffixArchivos/Mezcla//200_2.txt;recuperance;0;0;
./datasets/SuffixArchivos/Mezcla//500.txt;recuperance;0;0;
./datasets/SuffixArchivos/Mezcla//500_2.txt;recuperance;0;0;
./datasets/SuffixArchivos/Mezcla//1000.txt;tech;0;0.000999;
./datasets/SuffixArchivos/Mezcla//1000_2.txt;tech;0;0.000999;
./datasets/SuffixArchivos/Mezcla//1000_3.txt;tech;0;0.000999;
./datasets/SuffixArchivos/Mezcla//1000_4.txt;tech;0;0.000999;
./datasets/SuffixArchivos/Mezcla//1000_5.txt;tech;0;0.000999;
./datasets/SuffixArchivos/Mezcla//1000_6.txt;tech;0;0.000999;
./datasets/SuffixArchivos/Mezcla//200.txt;tech;0;0.000999;
./datasets/SuffixArchivos/Mezcla//200_2.txt;tech;0;0.000999;
./datasets/SuffixArchivos/Mezcla//500.txt;tech;0;0.000999;
./datasets/SuffixArchivos/Mezcla//500_2.txt;tech;0;0.000999;
./datasets/SuffixArchivos/Mezcla//1000.txt;withywind;0;0.001;
./datasets/SuffixArchivos/Mezcla//1000_2.txt;withywind;0;0.001;
./datasets/SuffixArchivos/Mezcla//1000_3.txt;withywind;0;0.001;
./datasets/SuffixArchivos/Mezcla//1000_4.txt;withywind;0;0.001;
./datasets/SuffixArchivos/Mezcla//1000_5.txt;withywind;0;0.001;
./datasets/SuffixArchivos/Mezcla//1000_6.txt;withywind;0;0.001;
./datasets/SuffixArchivos/Mezcla//200.txt;withywind;0;0.001;
./datasets/SuffixArchivos/Mezcla//200_2.txt;withywind;0;0.001;
./datasets/SuffixArchivos/Mezcla//500.txt;withywind;0;0.001;
./datasets/SuffixArchivos/Mezcla//500_2.txt;withywind;0;0.001;
./datasets/SuffixArchivos/Mezcla//1000.txt;Galen;0;0;
./datasets/SuffixArchivos/Mezcla//1000_2.txt;Galen;0;0;
./datasets/SuffixArchivos/Mezcla//1000_3.txt;Galen;0;0;
./datasets/SuffixArchivos/Mezcla//1000_4.txt;Galen;0;0;
./datasets/SuffixArchivos/Mezcla//1000_5.txt;Galen;0;0;
./datasets/SuffixArchivos/Mezcla//1000_6.txt;Galen;0;0;
./datasets/SuffixArchivos/Mezcla//200.txt;Galen;0;0;
./datasets/SuffixArchivos/Mezcla//200_2.txt;Galen;0;0;
./datasets/SuffixArchivos/Mezcla//500.txt;Galen;0;0;
./datasets/SuffixArchivos/Mezcla//500_2.txt;Galen;0;0;
./datasets/SuffixArchivos/Mezcla//1000.txt;Slavistic;0;0.000999;
./datasets/SuffixArchivos/Mezcla//1000_2.txt;Slavistic;0;0.000999;
./datasets/SuffixArchivos/Mezcla//1000_3.txt;Slavistic;0;0.000999;
./datasets/SuffixArchivos/Mezcla//1000_4.txt;Slavistic;0;0.000999;
./datasets/SuffixArchivos/Mezcla//1000_5.txt;Slavistic;0;0.000999;
./datasets/SuffixArchivos/Mezcla//1000_6.txt;Slavistic;0;0.000999;
./datasets/SuffixArchivos/Mezcla//200.txt;Slavistic;0;0.000999;
./datasets/SuffixArchivos/Mezcla//200_2.txt;Slavistic;0;0.000999;
./datasets/SuffixArchivos/Mezcla//500.txt;Slavistic;0;0.000999;
./datasets/SuffixArchivos/Mezcla//500_2.txt;Slavistic;0;0.000999;
./datasets/SuffixArchivos/Mezcla//1000.txt;escropulo;0;0;
./datasets/SuffixArchivos/Mezcla//1000_2.txt;escropulo;0;0;
./datasets/SuffixArchivos/Mezcla//1000_3.txt;escropulo;0;0;
./datasets/SuffixArchivos/Mezcla//1000_4.txt;escropulo;0;0;
./datasets/SuffixArchivos/Mezcla//1000_5.txt;escropulo;0;0;
./datasets/SuffixArchivos/Mezcla//1000_6.txt;escropulo;0;0;
./datasets/SuffixArchivos/Mezcla//200.txt;escropulo;0;0;
./datasets/SuffixArchivos/Mezcla//200_2.txt;escropulo;0;0;
./datasets/SuffixArchivos/Mezcla//500.txt;escropulo;0;0;
./datasets/SuffixArchivos/Mezcla//500_2.txt;escropulo;0;0;
./datasets/SuffixArchivos/Mezcla//1000.txt;deglutination;0;0;
./datasets/SuffixArchivos/Mezcla//1000_2.txt;deglutination;0;0;
./datasets/SuffixArchivos/Mezcla//1000_3.txt;deglutination;0;0;
./datasets/SuffixArchivos/Mezcla//1000_4.txt;deglutination;0;0;
./datasets/SuffixArchivos/Mezcla//1000_5.txt;deglutination;0;0;
./datasets/SuffixArchivos/Mezcla//1000_6.txt;deglutination;0;0;
./datasets/SuffixArchivos/Mezcla//200.txt;deglutination;0;0;
./datasets/SuffixArchivos/Mezcla//200_2.txt;deglutination;0;0;
./datasets/SuffixArchivos/Mezcla//500.txt;deglutination;0;0;
./datasets/SuffixArchivos/Mezcla//500_2.txt;deglutination;0;0;
./datasets/SuffixArchivos/Mezcla//1000.txt;hydramnios;0;0.001;
./datasets/SuffixArchivos/Mezcla//1000_2.txt;hydramnios;0;0.001;
./datasets/SuffixArchivos/Mezcla//1000_3.txt;hydramnios;0;0.001;
./datasets/SuffixArchivos/Mezcla//1000_4.txt;hydramnios;0;0.001;
./datasets/SuffixArchivos/Mezcla//1000_5.txt;hydramnios;0;0.001;
./datasets/SuffixArchivos/Mezcla//1000_6.txt;hydramnios;0;0.001;
./datasets/SuffixArchivos/Mezcla//200.txt;hydramnios;0;0.001;
./datasets/SuffixArchivos/Mezcla//200_2.txt;hydramnios;0;0.001;
./datasets/SuffixArchivos/Mezcla//500.txt;hydramnios;0;0.001;
./datasets/SuffixArchivos/Mezcla//500_2.txt;hydramnios;0;0.001;
./datasets/SuffixArchivos/Mezcla//1000.txt;Amphion;0;0;
./datasets/SuffixArchivos/Mezcla//1000_2.txt;Amphion;0;0;
./datasets/SuffixArchivos/Mezcla//1000_3.txt;Amphion;0;0;
./datasets/SuffixArchivos/Mezcla//1000_4.txt;Amphion;0;0;
./datasets/SuffixArchivos/Mezcla//1000_5.txt;Amphion;0;0;
./datasets/SuffixArchivos/Mezcla//1000_6.txt;Amphion;0;0;
./datasets/SuffixArchivos/Mezcla//200.txt;Amphion;0;0;
./datasets/SuffixArchivos/Mezcla//200_2.txt;Amphion;0;0;
./datasets/SuffixArchivos/Mezcla//500.txt;Amphion;0;0;
./datasets/SuffixArchivos/Mezcla//500_2.txt;Amphion;0;0;
./datasets/SuffixArchivos/Mezcla//1000.txt;beguilement;0;0;
./datasets/SuffixArchivos/Mezcla//1000_2.txt;beguilement;0;0;
./datasets/SuffixArchivos/Mezcla//1000_3.txt;beguilement;0;0;
./datasets/SuffixArchivos/Mezcla//1000_4.txt;beguilement;0;0;
./datasets/SuffixArchivos/Mezcla//1000_5.txt;beguilement;0;0;
./datasets/SuffixArchivos/Mezcla//1000_6.txt;beguilement;0;0;
./datasets/SuffixArchivos/Mezcla//200.txt;beguilement;0;0;
./datasets/SuffixArchivos/Mezcla//200_2.txt;beguilement;0;0;
./datasets/SuffixArchivos/Mezcla//500.txt;beguilement;0;0;
./datasets/SuffixArchivos/Mezcla//500_2.txt;beguilement;0;0;
./datasets/SuffixArchivos/Mezcla//1000.txt;glottiscope;0;0.000999;
./datasets/SuffixArchivos/Mezcla//1000_2.txt;glottiscope;0;0.000999;
./datasets/SuffixArchivos/Mezcla//1000_3.txt;glottiscope;0;0.000999;
./datasets/SuffixArchivos/Mezcla//1000_4.txt;glottiscope;0;0.000999;
./datasets/SuffixArchivos/Mezcla//1000_5.txt;glottiscope;0;0.000999;
./datasets/SuffixArchivos/Mezcla//1000_6.txt;glottiscope;0;0.000999;
./datasets/SuffixArchivos/Mezcla//200.txt;glottiscope;0;0.000999;
./datasets/SuffixArchivos/Mezcla//200_2.txt;glottiscope;0;0.000999;
./datasets/SuffixArchivos/Mezcla//500.txt;glottiscope;0;0.000999;
./datasets/SuffixArchivos/Mezcla//500_2.txt;glottiscope;0;0.000999;
./datasets/SuffixArchivos/Mezcla//1000.txt;propagation;0;0;
./datasets/SuffixArchivos/Mezcla//1000_2.txt;propagation;0;0;
./datasets/SuffixArchivos/Mezcla//1000_3.txt;propagation;0;0;
./datasets/SuffixArchivos/Mezcla//1000_4.txt;propagation;0;0;
./datasets/SuffixArchivos/Mezcla//1000_5.txt;propagation;0;0;
./datasets/SuffixArchivos/Mezcla//1000_6.txt;propagation;0;0;
./datasets/SuffixArchivos/Mezcla//200.txt;propagation;0;0;
./datasets/SuffixArchivos/Mezcla//200_2.txt;propagation;0;0;
./datasets/SuffixArchivos/Mezcla//500.txt;propagation;0;0;
./datasets/SuffixArchivos/Mezcla//500_2.txt;propagation;0;0;
./datasets/SuffixArchivos/Mezcla//1000.txt;entrancement;0;0.001;
./datasets/SuffixArchivos/Mezcla//1000_2.txt;entrancement;0;0.001;
./datasets/SuffixArchivos/Mezcla//1000_3.txt;entrancement;0;0.001;
./datasets/SuffixArchivos/Mezcla//1000_4.txt;entrancement;0;0.001;
./datasets/SuffixArchivos/Mezcla//1000_5.txt;entrancement;0;0.001;
./datasets/SuffixArchivos/Mezcla//1000_6.txt;entrancement;0;0.001;
./datasets/SuffixArchivos/Mezcla//200.txt;entrancement;0;0.001;
./datasets/SuffixArchivos/Mezcla//200_2.txt;entrancement;0;0.001;
./datasets/SuffixArchivos/Mezcla//500.txt;entrancement;0;0.001;
./datasets/SuffixArchivos/Mezcla//500_2.txt;entrancement;0;0.001;
./datasets/SuffixArchivos/Mezcla//1000.txt;disbelief;0;0;
./datasets/SuffixArchivos/Mezcla//1000_2.txt;disbelief;0;0;
./datasets/SuffixArchivos/Mezcla//1000_3.txt;disbelief;0;0;
./datasets/SuffixArchivos/Mezcla//1000_4.txt;disbelief;0;0;
./datasets/SuffixArchivos/Mezcla//1000_5.txt;disbelief;0;0;
./datasets/SuffixArchivos/Mezcla//1000_6.txt;disbelief;0;0;
./datasets/SuffixArchivos/Mezcla//200.txt;disbelief;0;0;
./datasets/SuffixArchivos/Mezcla//200_2.txt;disbelief;0;0;
./datasets/SuffixArchivos/Mezcla//500.txt;disbelief;0;0;
./datasets/SuffixArchivos/Mezcla//500_2.txt;disbelief;0;0;
./datasets/SuffixArchivos/Mezcla//1000.txt;goatlike;0;0;
./datasets/SuffixArchivos/Mezcla//1000_2.txt;goatlike;0;0;
./datasets/SuffixArchivos/Mezcla//1000_3.txt;goatlike;0;0;
./datasets/SuffixArchivos/Mezcla//1000_4.txt;goatlike;0;0;
./datasets/SuffixArchivos/Mezcla//1000_5.txt;goatlike;0;0;
./datasets/SuffixArchivos/Mezcla//1000_6.txt;goatlike;0;0;
./datasets/SuffixArchivos/Mezcla//200.txt;goatlike;0;0;
./datasets/SuffixArchivos/Mezcla//200_2.txt;goatlike;0;0;
./datasets/SuffixArchivos/Mezcla//500.txt;goatlike;0;0;
./datasets/SuffixArchivos/Mezcla//500_2.txt;goatlike;0;0;
./datasets/SuffixArchivos/Mezcla//1000.txt;Tanyoan;0;0.001007;
./datasets/SuffixArchivos/Mezcla//1000_2.txt;Tanyoan;0;0.001007;
./datasets/SuffixArchivos/Mezcla//1000_3.txt;Tanyoan;0;0.001007;
./datasets/SuffixArchivos/Mezcla//1000_4.txt;Tanyoan;0;0.001007;
./datasets/SuffixArchivos/Mezcla//1000_5.txt;Tanyoan;0;0.001007;
./datasets/SuffixArchivos/Mezcla//1000_6.txt;Tanyoan;0;0.001007;
./datasets/SuffixArchivos/Mezcla//200.txt;Tanyoan;0;0.001007;
./datasets/SuffixArchivos/Mezcla//200_2.txt;Tanyoan;0;0.001007;
./datasets/SuffixArchivos/Mezcla//500.txt;Tanyoan;0;0.001007;
./datasets/SuffixArchivos/Mezcla//500_2.txt;Tanyoan;0;0.001007;
./datasets/SuffixArchivos/Mezcla//1000.txt;thecium;0;0;
./datasets/SuffixArchivos/Mezcla//1000_2.txt;thecium;0;0;
./datasets/SuffixArchivos/Mezcla//1000_3.txt;thecium;0;0;
./datasets/SuffixArchivos/Mezcla//1000_4.txt;thecium;0;0;
./datasets/SuffixArchivos/Mezcla//1000_5.txt;thecium;0;0;
./datasets/SuffixArchivos/Mezcla//1000_6.txt;thecium;0;0;
./datasets/SuffixArchivos/Mezcla//200.txt;thecium;0;0;
./datasets/SuffixArchivos/Mezcla//200_2.txt;thecium;0;0;
./datasets/SuffixArchivos/Mezcla//500.txt;thecium;0;0;
./datasets/SuffixArchivos/Mezcla//500_2.txt;thecium;0;0;
./datasets/SuffixArchivos/Mezcla//1000.txt;deforciant;0;0;
./datasets/SuffixArchivos/Mezcla//1000_2.txt;deforciant;0;0;
./datasets/SuffixArchivos/Mezcla//1000_3.txt;deforciant;0;0;
./datasets/SuffixArchivos/Mezcla//1000_4.txt;deforciant;0;0;
./datasets/SuffixArchivos/Mezcla//1000_5.txt;deforciant;0;0;
./datasets/SuffixArchivos/Mezcla//1000_6.txt;deforciant;0;0;
./datasets/SuffixArchivos/Mezcla//200.txt;deforciant;0;0;
./datasets/SuffixArchivos/Mezcla//200_2.txt;deforciant;0;0;
./datasets/SuffixArchivos/Mezcla//500.txt;deforciant;0;0;
./datasets/SuffixArchivos/Mezcla//500_2.txt;deforciant;0;0;
./datasets/SuffixArchivos/Mezcla//1000.txt;coachwhip;0;0.000999;
./datasets/SuffixArchivos/Mezcla//1000_2.txt;coachwhip;0;0.000999;
./datasets/SuffixArchivos/Mezcla//1000_3.txt;coachwhip;0;0.000999;
./datasets/SuffixArchivos/Mezcla//1000_4.txt;coachwhip;0;0.000999;
./datasets/SuffixArchivos/Mezcla//1000_5.txt;coachwhip;0;0.000999;
./datasets/SuffixArchivos/Mezcla//1000_6.txt;coachwhip;0;0.000999;
./datasets/SuffixArchivos/Mezcla//200.txt;coachwhip;0;0.000999;
./datasets/SuffixArchivos/Mezcla//200_2.txt;coachwhip;0;0.000999;
./datasets/SuffixArchivos/Mezcla//500.txt;coachwhip;0;0.000999;
./datasets/SuffixArchivos/Mezcla//500_2.txt;coachwhip;0;0.000999;
./datasets/SuffixArchivos/Mezcla//1000.txt;enviableness;0;0;
./datasets/SuffixArchivos/Mezcla//1000_2.txt;enviableness;0;0;
./datasets/SuffixArchivos/Mezcla//1000_3.txt;enviableness;0;0;
./datasets/SuffixArchivos/Mezcla//1000_4.txt;enviableness;0;0;
./datasets/SuffixArchivos/Mezcla//1000_5.txt;enviableness;0;0;
./datasets/SuffixArchivos/Mezcla//1000_6.txt;enviableness;0;0;
./datasets/SuffixArchivos/Mezcla//200.txt;enviableness;0;0;
./datasets/SuffixArchivos/Mezcla//200_2.txt;enviableness;0;0;
./datasets/SuffixArchivos/Mezcla//500.txt;enviableness;0;0;
./datasets/SuffixArchivos/Mezcla//500_2.txt;enviableness;0;0;
./datasets/SuffixArchivos/Mezcla//1000.txt;duroquinone;0;0;
./datasets/SuffixArchivos/Mezcla//1000_2.txt;duroquinone;0;0;
./datasets/SuffixArchivos/Mezcla//1000_3.txt;duroquinone;0;0;
./datasets/SuffixArchivos/Mezcla//1000_4.txt;duroquinone;0;0;
./datasets/SuffixArchivos/Mezcla//1000_5.txt;duroquinone;0;0;
./datasets/SuffixArchivos/Mezcla//1000_6.txt;duroquinone;0;0;
./datasets/SuffixArchivos/Mezcla//200.txt;duroquinone;0;0;
./datasets/SuffixArchivos/Mezcla//200_2.txt;duroquinone;0;0;
./datasets/SuffixArchivos/Mezcla//500.txt;duroquinone;0;0;
./datasets/SuffixArchivos/Mezcla//500_2.txt;duroquinone;0;0;
./datasets/SuffixArchivos/Mezcla//1000.txt;smirchy;0;0.000999;
./datasets/SuffixArchivos/Mezcla//1000_2.txt;smirchy;0;0.000999;
./datasets/SuffixArchivos/Mezcla//1000_3.txt;smirchy;0;0.000999;
./datasets/SuffixArchivos/Mezcla//1000_4.txt;smirchy;0;0.000999;
./datasets/SuffixArchivos/Mezcla//1000_5.txt;smirchy;0;0.000999;
./datasets/SuffixArchivos/Mezcla//1000_6.txt;smirchy;0;0.000999;
./datasets/SuffixArchivos/Mezcla//200.txt;smirchy;0;0.000999;
./datasets/SuffixArchivos/Mezcla//200_2.txt;smirchy;0;0.000999;
./datasets/SuffixArchivos/Mezcla//500.txt;smirchy;0;0.000999;
./datasets/SuffixArchivos/Mezcla//500_2.txt;smirchy;0;0.000999;
./datasets/SuffixArchivos/Mezcla//1000.txt;whisky;0;0;
./datasets/SuffixArchivos/Mezcla//1000_2.txt;whisky;0;0;
./datasets/SuffixArchivos/Mezcla//1000_3.txt;whisky;0;0;
./datasets/SuffixArchivos/Mezcla//1000_4.txt;whisky;0;0;
./datasets/SuffixArchivos/Mezcla//1000_5.txt;whisky;0;0;
./datasets/SuffixArchivos/Mezcla//1000_6.txt;whisky;0;0;
./datasets/SuffixArchivos/Mezcla//200.txt;whisky;0;0;
./datasets/SuffixArchivos/Mezcla//200_2.txt;whisky;0;0;
./datasets/SuffixArchivos/Mezcla//500.txt;whisky;0;0;
./datasets/SuffixArchivos/Mezcla//500_2.txt;whisky;0;0;
./datasets/SuffixArchivos/Mezcla//1000.txt;forcing;0;0;
./datasets/SuffixArchivos/Mezcla//1000_2.txt;forcing;0;0;
./datasets/SuffixArchivos/Mezcla//1000_3.txt;forcing;0;0;
./datasets/SuffixArchivos/Mezcla//1000_4.txt;forcing;0;0;
./datasets/SuffixArchivos/Mezcla//1000_5.txt;forcing;0;0;
./datasets/SuffixArchivos/Mezcla//1000_6.txt;forcing;0;0;
./datasets/SuffixArchivos/Mezcla//200.txt;forcing;0;0;
./datasets/SuffixArchivos/Mezcla//200_2.txt;forcing;0;0;
./datasets/SuffixArchivos/Mezcla//500.txt;forcing;0;0;
./datasets/SuffixArchivos/Mezcla//500_2.txt;forcing;0;0;
./datasets/SuffixArchivos/Mezcla//1000.txt;homosystemic;0;0;
./datasets/SuffixArchivos/Mezcla//1000_2.txt;homosystemic;0;0;
./datasets/SuffixArchivos/Mezcla//1000_3.txt;homosystemic;0;0;
./datasets/SuffixArchivos/Mezcla//1000_4.txt;homosystemic;0;0;
./datasets/SuffixArchivos/Mezcla//1000_5.txt;homosystemic;0;0;
./datasets/SuffixArchivos/Mezcla//1000_6.txt;homosystemic;0;0;
./datasets/SuffixArchivos/Mezcla//200.txt;homosystemic;0;0;
./datasets/SuffixArchivos/Mezcla//200_2.txt;homosystemic;0;0;
./datasets/SuffixArchivos/Mezcla//500.txt;homosystemic;0;0;
./datasets/SuffixArchivos/Mezcla//500_2.txt;homosystemic;0;0;
./datasets/SuffixArchivos/Mezcla//1000.txt;underact;0;0;
./datasets/SuffixArchivos/Mezcla//1000_2.txt;underact;0;0;
./datasets/SuffixArchivos/Mezcla//1000_3.txt;underact;0;0;
./datasets/SuffixArchivos/Mezcla//1000_4.txt;underact;0;0;
./datasets/SuffixArchivos/Mezcla//1000_5.txt;underact;0;0;
./datasets/SuffixArchivos/Mezcla//1000_6.txt;underact;0;0;
./datasets/SuffixArchivos/Mezcla//200.txt;underact;0;0;
./datasets/SuffixArchivos/Mezcla//200_2.txt;underact;0;0;
./datasets/SuffixArchivos/Mezcla//500.txt;underact;0;0;
./datasets/SuffixArchivos/Mezcla//500_2.txt;underact;0;0;
./datasets/SuffixArchivos/Mezcla//1000.txt;autosyndesis;0;0.000998;
./datasets/SuffixArchivos/Mezcla//1000_2.txt;autosyndesis;0;0.000998;
./datasets/SuffixArchivos/Mezcla//1000_3.txt;autosyndesis;0;0.000998;
./datasets/SuffixArchivos/Mezcla//1000_4.txt;autosyndesis;0;0.000998;
./datasets/SuffixArchivos/Mezcla//1000_5.txt;autosyndesis;0;0.000998;
./datasets/SuffixArchivos/Mezcla//1000_6.txt;autosyndesis;0;0.000998;
./datasets/SuffixArchivos/Mezcla//200.txt;autosyndesis;0;0.000998;
./datasets/SuffixArchivos/Mezcla//200_2.txt;autosyndesis;0;0.000998;
./datasets/SuffixArchivos/Mezcla//500.txt;autosyndesis;0;0.000998;
./datasets/SuffixArchivos/Mezcla//500_2.txt;autosyndesis;0;0.000998;
./datasets/SuffixArchivos/Mezcla//1000.txt;sybaritism;0;0;
./datasets/SuffixArchivos/Mezcla//1000_2.txt;sybaritism;0;0;
./datasets/SuffixArchivos/Mezcla//1000_3.txt;sybaritism;0;0;
./datasets/SuffixArchivos/Mezcla//1000_4.txt;sybaritism;0;0;
./datasets/SuffixArchivos/Mezcla//1000_5.txt;sybaritism;0;0;
./datasets/SuffixArchivos/Mezcla//1000_6.txt;sybaritism;0;0;
./datasets/SuffixArchivos/Mezcla//200.txt;sybaritism;0;0;
./datasets/SuffixArchivos/Mezcla//200_2.txt;sybaritism;0;0;
./datasets/SuffixArchivos/Mezcla//500.txt;sybaritism;0;0;
./datasets/SuffixArchivos/Mezcla//500_2.txt;sybaritism;0;0;
./datasets/SuffixArchivos/Mezcla//1000.txt;scorching;0;0;
./datasets/SuffixArchivos/Mezcla//1000_2.txt;scorching;0;0;
./datasets/SuffixArchivos/Mezcla//1000_3.txt;scorching;0;0;
./datasets/SuffixArchivos/Mezcla//1000_4.txt;scorching;0;0;
./datasets/SuffixArchivos/Mezcla//1000_5.txt;scorching;0;0;
./datasets/SuffixArchivos/Mezcla//1000_6.txt;scorching;0;0;
./datasets/SuffixArchivos/Mezcla//200.txt;scorching;0;0;
./datasets/SuffixArchivos/Mezcla//200_2.txt;scorching;0;0;
./datasets/SuffixArchivos/Mezcla//500.txt;scorching;1;0;
./datasets/SuffixArchivos/Mezcla//500_2.txt;scorching;0;0;
./datasets/SuffixArchivos/Mezcla//1000.txt;testiere;0;0.000999;
./datasets/SuffixArchivos/Mezcla//1000_2.txt;testiere;0;0.000999;
./datasets/SuffixArchivos/Mezcla//1000_3.txt;testiere;0;0.000999;
./datasets/SuffixArchivos/Mezcla//1000_4.txt;testiere;0;0.000999;
./datasets/SuffixArchivos/Mezcla//1000_5.txt;testiere;0;0.000999;
./datasets/SuffixArchivos/Mezcla//1000_6.txt;testiere;0;0.000999;
./datasets/SuffixArchivos/Mezcla//200.txt;testiere;0;0.000999;
./datasets/SuffixArchivos/Mezcla//200_2.txt;testiere;0;0.000999;
./datasets/SuffixArchivos/Mezcla//500.txt;testiere;0;0.000999;
./datasets/SuffixArchivos/Mezcla//500_2.txt;testiere;0;0.000999;
./datasets/SuffixArchivos/Mezcla//1000.txt;nonporphyritic;0;0;
./datasets/SuffixArchivos/Mezcla//1000_2.txt;nonporphyritic;0;0;
./datasets/SuffixArchivos/Mezcla//1000_3.txt;nonporphyritic;0;0;
./datasets/SuffixArchivos/Mezcla//1000_4.txt;nonporphyritic;0;0;
./datasets/SuffixArchivos/Mezcla//1000_5.txt;nonporphyritic;0;0;
./datasets/SuffixArchivos/Mezcla//1000_6.txt;nonporphyritic;0;0;
./datasets/SuffixArchivos/Mezcla//200.txt;nonporphyritic;0;0;
./datasets/SuffixArchivos/Mezcla//200_2.txt;nonporphyritic;0;0;
./datasets/SuffixArchivos/Mezcla//500.txt;nonporphyritic;0;0;
./datasets/SuffixArchivos/Mezcla//500_2.txt;nonporphyritic;0;0;
./datasets/SuffixArchivos/Mezcla//1000.txt;cephalhematoma;0;0.000999;
./datasets/SuffixArchivos/Mezcla//1000_2.txt;cephalhematoma;0;0.000999;
./datasets/SuffixArchivos/Mezcla//1000_3.txt;cephalhematoma;0;0.000999;
./datasets/SuffixArchivos/Mezcla//1000_4.txt;cephalhematoma;0;0.000999;
./datasets/SuffixArchivos/Mezcla//1000_5.txt;cephalhematoma;0;0.000999;
./datasets/SuffixArchivos/Mezcla//1000_6.txt;cephalhematoma;0;0.000999;
./datasets/SuffixArchivos/Mezcla//200.txt;cephalhematoma;0;0.000999;
./datasets/SuffixArchivos/Mezcla//200_2.txt;cephalhematoma;0;0.000999;
./datasets/SuffixArchivos/Mezcla//500.txt;cephalhematoma;0;0.000999;
./datasets/SuffixArchivos/Mezcla//500_2.txt;cephalhematoma;0;0.000999;
./datasets/SuffixArchivos/Mezcla//1000.txt;oxyquinoline;0;0;
./datasets/SuffixArchivos/Mezcla//1000_2.txt;oxyquinoline;0;0;
./datasets/SuffixArchivos/Mezcla//1000_3.txt;oxyquinoline;0;0;
./datasets/SuffixArchivos/Mezcla//1000_4.txt;oxyquinoline;0;0;
./datasets/SuffixArchivos/Mezcla//1000_5.txt;oxyquinoline;0;0;
./datasets/SuffixArchivos/Mezcla//1000_6.txt;oxyquinoline;0;0;
./datasets/SuffixArchivos/Mezcla//200.txt;oxyquinoline;0;0;
./datasets/SuffixArchivos/Mezcla//200_2.txt;oxyquinoline;0;0;
./datasets/SuffixArchivos/Mezcla//500.txt;oxyquinoline;0;0;
./datasets/SuffixArchivos/Mezcla//500_2.txt;oxyquinoline;0;0;
./datasets/SuffixArchivos/Mezcla//1000.txt;azo;0;0.000999;
./datasets/SuffixArchivos/Mezcla//1000_2.txt;azo;0;0.000999;
./datasets/SuffixArchivos/Mezcla//1000_3.txt;azo;0;0.000999;
./datasets/SuffixArchivos/Mezcla//1000_4.txt;azo;0;0.000999;
./datasets/SuffixArchivos/Mezcla//1000_5.txt;azo;0;0.000999;
./datasets/SuffixArchivos/Mezcla//1000_6.txt;azo;0;0.000999;
./datasets/SuffixArchivos/Mezcla//200.txt;azo;0;0.000999;
./datasets/SuffixArchivos/Mezcla//200_2.txt;azo;0;0.000999;
./datasets/SuffixArchivos/Mezcla//500.txt;azo;0;0.000999;
./datasets/SuffixArchivos/Mezcla//500_2.txt;azo;0;0.000999;
./datasets/SuffixArchivos/Mezcla//1000.txt;scrimshorn;0;0.001;
./datasets/SuffixArchivos/Mezcla//1000_2.txt;scrimshorn;0;0.001;
./datasets/SuffixArchivos/Mezcla//1000_3.txt;scrimshorn;0;0.001;
./datasets/SuffixArchivos/Mezcla//1000_4.txt;scrimshorn;0;0.001;
./datasets/SuffixArchivos/Mezcla//1000_5.txt;scrimshorn;0;0.001;
./datasets/SuffixArchivos/Mezcla//1000_6.txt;scrimshorn;0;0.001;
./datasets/SuffixArchivos/Mezcla//200.txt;scrimshorn;0;0.001;
./datasets/SuffixArchivos/Mezcla//200_2.txt;scrimshorn;0;0.001;
./datasets/SuffixArchivos/Mezcla//500.txt;scrimshorn;0;0.001;
./datasets/SuffixArchivos/Mezcla//500_2.txt;scrimshorn;0;0.001;
./datasets/SuffixArchivos/Mezcla//1000.txt;unreeling;0;0;
./datasets/SuffixArchivos/Mezcla//1000_2.txt;unreeling;0;0;
./datasets/SuffixArchivos/Mezcla//1000_3.txt;unreeling;0;0;
./datasets/SuffixArchivos/Mezcla//1000_4.txt;unreeling;0;0;
./datasets/SuffixArchivos/Mezcla//1000_5.txt;unreeling;0;0;
./datasets/SuffixArchivos/Mezcla//1000_6.txt;unreeling;0;0;
./datasets/SuffixArchivos/Mezcla//200.txt;unreeling;0;0;
./datasets/SuffixArchivos/Mezcla//200_2.txt;unreeling;0;0;
./datasets/SuffixArchivos/Mezcla//500.txt;unreeling;0;0;
./datasets/SuffixArchivos/Mezcla//500_2.txt;unreeling;0;0;
./datasets/SuffixArchivos/Mezcla//1000.txt;burnt;0;0.000999;
./datasets/SuffixArchivos/Mezcla//1000_2.txt;burnt;0;0.000999;
./datasets/SuffixArchivos/Mezcla//1000_3.txt;burnt;0;0.000999;
./datasets/SuffixArchivos/Mezcla//1000_4.txt;burnt;0;0.000999;
./datasets/SuffixArchivos/Mezcla//1000_5.txt;burnt;0;0.000999;
./datasets/SuffixArchivos/Mezcla//1000_6.txt;burnt;0;0.000999;
./datasets/SuffixArchivos/Mezcla//200.txt;burnt;0;0.000999;
./datasets/SuffixArchivos/Mezcla//200_2.txt;burnt;0;0.000999;
./datasets/SuffixArchivos/Mezcla//500.txt;burnt;0;0.000999;
./datasets/SuffixArchivos/Mezcla//500_2.txt;burnt;0;0.000999;
./datasets/SuffixArchivos/Mezcla//1000.txt;kilocycle;0;0;
./datasets/SuffixArchivos/Mezcla//1000_2.txt;kilocycle;0;0;
./datasets/SuffixArchivos/Mezcla//1000_3.txt;kilocycle;0;0;
./datasets/SuffixArchivos/Mezcla//1000_4.txt;kilocycle;0;0;
./datasets/SuffixArchivos/Mezcla//1000_5.txt;kilocycle;0;0;
./datasets/SuffixArchivos/Mezcla//1000_6.txt;kilocycle;0;0;
./datasets/SuffixArchivos/Mezcla//200.txt;kilocycle;0;0;
./datasets/SuffixArchivos/Mezcla//200_2.txt;kilocycle;0;0;
./datasets/SuffixArchivos/Mezcla//500.txt;kilocycle;0;0;
./datasets/SuffixArchivos/Mezcla//500_2.txt;kilocycle;0;0;
./datasets/SuffixArchivos/Mezcla//1000.txt;lactenin;0;0.001;
./datasets/SuffixArchivos/Mezcla//1000_2.txt;lactenin;0;0.001;
./datasets/SuffixArchivos/Mezcla//1000_3.txt;lactenin;0;0.001;
./datasets/SuffixArchivos/Mezcla//1000_4.txt;lactenin;0;0.001;
./datasets/SuffixArchivos/Mezcla//1000_5.txt;lactenin;0;0.001;
./datasets/SuffixArchivos/Mezcla//1000_6.txt;lactenin;0;0.001;
./datasets/SuffixArchivos/Mezcla//200.txt;lactenin;0;0.001;
./datasets/SuffixArchivos/Mezcla//200_2.txt;lactenin;0;0.001;
./datasets/SuffixArchivos/Mezcla//500.txt;lactenin;0;0.001;
./datasets/SuffixArchivos/Mezcla//500_2.txt;lactenin;0;0.001;
./datasets/SuffixArchivos/Mezcla//1000.txt;Decimus;0;0;
./datasets/SuffixArchivos/Mezcla//1000_2.txt;Decimus;0;0;
./datasets/SuffixArchivos/Mezcla//1000_3.txt;Decimus;0;0;
./datasets/SuffixArchivos/Mezcla//1000_4.txt;Decimus;0;0;
./datasets/SuffixArchivos/Mezcla//1000_5.txt;Decimus;0;0;
./datasets/SuffixArchivos/Mezcla//1000_6.txt;Decimus;0;0;
./datasets/SuffixArchivos/Mezcla//200.txt;Decimus;0;0;
./datasets/SuffixArchivos/Mezcla//200_2.txt;Decimus;0;0;
./datasets/SuffixArchivos/Mezcla//500.txt;Decimus;0;0;
./datasets/SuffixArchivos/Mezcla//500_2.txt;Decimus;0;0;
./datasets/SuffixArchivos/Mezcla//1000.txt;patter;0;0;
./datasets/SuffixArchivos/Mezcla//1000_2.txt;patter;0;0;
./datasets/SuffixArchivos/Mezcla//1000_3.txt;patter;0;0;
./datasets/SuffixArchivos/Mezcla//1000_4.txt;patter;0;0;
./datasets/SuffixArchivos/Mezcla//1000_5.txt;patter;0;0;
./datasets/SuffixArchivos/Mezcla//1000_6.txt;patter;0;0;
./datasets/SuffixArchivos/Mezcla//200.txt;patter;0;0;
./datasets/SuffixArchivos/Mezcla//200_2.txt;patter;0;0;
./datasets/SuffixArchivos/Mezcla//500.txt;patter;0;0;
./datasets/SuffixArchivos/Mezcla//500_2.txt;patter;0;0;
./datasets/SuffixArchivos/Mezcla//1000.txt;jetbead;0;0;
./datasets/SuffixArchivos/Mezcla//1000_2.txt;jetbead;0;0;
./datasets/SuffixArchivos/Mezcla//1000_3.txt;jetbead;0;0;
./datasets/SuffixArchivos/Mezcla//1000_4.txt;jetbead;0;0;
./datasets/SuffixArchivos/Mezcla//1000_5.txt;jetbead;0;0;
./datasets/SuffixArchivos/Mezcla//1000_6.txt;jetbead;0;0;
./datasets/SuffixArchivos/Mezcla//200.txt;jetbead;0;0;
./datasets/SuffixArchivos/Mezcla//200_2.txt;jetbead;0;0;
./datasets/SuffixArchivos/Mezcla//500.txt;jetbead;0;0;
./datasets/SuffixArchivos/Mezcla//500_2.txt;jetbead;0;0;
./datasets/SuffixArchivos/Mezcla//1000.txt;Pygidium;0;0.000999;
./datasets/SuffixArchivos/Mezcla//1000_2.txt;Pygidium;0;0.000999;
./datasets/SuffixArchivos/Mezcla//1000_3.txt;Pygidium;0;0.000999;
./datasets/SuffixArchivos/Mezcla//1000_4.txt;Pygidium;0;0.000999;
./datasets/SuffixArchivos/Mezcla//1000_5.txt;Pygidium;0;0.000999;
./datasets/SuffixArchivos/Mezcla//1000_6.txt;Pygidium;0;0.000999;
./datasets/SuffixArchivos/Mezcla//200.txt;Pygidium;0;0.000999;
./datasets/SuffixArchivos/Mezcla//200_2.txt;Pygidium;0;0.000999;
./datasets/SuffixArchivos/Mezcla//500.txt;Pygidium;0;0.000999;
./datasets/SuffixArchivos/Mezcla//500_2.txt;Pygidium;0;0.000999;
./datasets/SuffixArchivos/Mezcla//1000.txt;bitterroot;0;0;
./datasets/SuffixArchivos/Mezcla//1000_2.txt;bitterroot;0;0;
./datasets/SuffixArchivos/Mezcla//1000_3.txt;bitterroot;0;0;
./datasets/SuffixArchivos/Mezcla//1000_4.txt;bitterroot;0;0;
./datasets/SuffixArchivos/Mezcla//1000_5.txt;bitterroot;0;0;
./datasets/SuffixArchivos/Mezcla//1000_6.txt;bitterroot;0;0;
./datasets/SuffixArchivos/Mezcla//200.txt;bitterroot;0;0;
./datasets/SuffixArchivos/Mezcla//200_2.txt;bitterroot;0;0;
./datasets/SuffixArchivos/Mezcla//500.txt;bitterroot;0;0;
./datasets/SuffixArchivos/Mezcla//500_2.txt;bitterroot;0;0;
./datasets/SuffixArchivos/Mezcla//1000.txt;thoke;0;0.000999;
./datasets/SuffixArchivos/Mezcla//1000_2.txt;thoke;0;0.000999;
./datasets/SuffixArchivos/Mezcla//1000_3.txt;thoke;0;0.000999;
./datasets/SuffixArchivos/Mezcla//1000_4.txt;thoke;0;0.000999;
./datasets/SuffixArchivos/Mezcla//1000_5.txt;thoke;0;0.000999;
./datasets/SuffixArchivos/Mezcla//1000_6.txt;thoke;0;0.000999;
./datasets/SuffixArchivos/Mezcla//200.txt;thoke;0;0.000999;
./datasets/SuffixArchivos/Mezcla//200_2.txt;thoke;0;0.000999;
./datasets/SuffixArchivos/Mezcla//500.txt;thoke;0;0.000999;
./datasets/SuffixArchivos/Mezcla//500_2.txt;thoke;0;0.000999;
./datasets/SuffixArchivos/Mezcla//1000.txt;septated;0;0;
./datasets/SuffixArchivos/Mezcla//1000_2.txt;septated;0;0;
./datasets/SuffixArchivos/Mezcla//1000_3.txt;septated;0;0;
./datasets/SuffixArchivos/Mezcla//1000_4.txt;septated;0;0;
./datasets/SuffixArchivos/Mezcla//1000_5.txt;septated;0;0;
./datasets/SuffixArchivos/Mezcla//1000_6.txt;septated;0;0;
./datasets/SuffixArchivos/Mezcla//200.txt;septated;0;0;
./datasets/SuffixArchivos/Mezcla//200_2.txt;septated;0;0;
./datasets/SuffixArchivos/Mezcla//500.txt;septated;0;0;
./datasets/SuffixArchivos/Mezcla//500_2.txt;septated;0;0;
./datasets/SuffixArchivos/Mezcla//1000.txt;trinodal;0;0.000999;
./datasets/SuffixArchivos/Mezcla//1000_2.txt;trinodal;0;0.000999;
./datasets/SuffixArchivos/Mezcla//1000_3.txt;trinodal;0;0.000999;
./datasets/SuffixArchivos/Mezcla//1000_4.txt;trinodal;0;0.000999;
./datasets/SuffixArchivos/Mezcla//1000_5.txt;trinodal;0;0.000999;
./datasets/SuffixArchivos/Mezcla//1000_6.txt;trinodal;0;0.000999;
./datasets/SuffixArchivos/Mezcla//200.txt;trinodal;0;0.000999;
./datasets/SuffixArchivos/Mezcla//200_2.txt;trinodal;0;0.000999;
./datasets/SuffixArchivos/Mezcla//500.txt;trinodal;0;0.000999;
./datasets/SuffixArchivos/Mezcla//500_2.txt;trinodal;0;0.000999;
./datasets/SuffixArchivos/Mezcla//1000.txt;qualitied;0;0;
./datasets/SuffixArchivos/Mezcla//1000_2.txt;qualitied;0;0;
./datasets/SuffixArchivos/Mezcla//1000_3.txt;qualitied;0;0;
./datasets/SuffixArchivos/Mezcla//1000_4.txt;qualitied;0;0;
./datasets/SuffixArchivos/Mezcla//1000_5.txt;qualitied;0;0;
./datasets/SuffixArchivos/Mezcla//1000_6.txt;qualitied;0;0;
./datasets/SuffixArchivos/Mezcla//200.txt;qualitied;0;0;
./datasets/SuffixArchivos/Mezcla//200_2.txt;qualitied;0;0;
./datasets/SuffixArchivos/Mezcla//500.txt;qualitied;0;0;
./datasets/SuffixArchivos/Mezcla//500_2.txt;qualitied;0;0;
./datasets/SuffixArchivos/Mezcla//1000.txt;gotten;0;0;
./datasets/SuffixArchivos/Mezcla//1000_2.txt;gotten;0;0;
./datasets/SuffixArchivos/Mezcla//1000_3.txt;gotten;0;0;
./datasets/SuffixArchivos/Mezcla//1000_4.txt;gotten;1;0;
./datasets/SuffixArchivos/Mezcla//1000_5.txt;gotten;1;0;
./datasets/SuffixArchivos/Mezcla//1000_6.txt;gotten;0;0;
./datasets/SuffixArchivos/Mezcla//200.txt;gotten;0;0;
./datasets/SuffixArchivos/Mezcla//200_2.txt;gotten;0;0;
./datasets/SuffixArchivos/Mezcla//500.txt;gotten;0;0;
./datasets/SuffixArchivos/Mezcla//500_2.txt;gotten;0;0;
./datasets/SuffixArchivos/Mezcla//1000.txt;unclassable;0;0;
./datasets/SuffixArchivos/Mezcla//1000_2.txt;unclassable;0;0;
./datasets/SuffixArchivos/Mezcla//1000_3.txt;unclassable;0;0;
./datasets/SuffixArchivos/Mezcla//1000_4.txt;unclassable;0;0;
./datasets/SuffixArchivos/Mezcla//1000_5.txt;unclassable;0;0;
./datasets/SuffixArchivos/Mezcla//1000_6.txt;unclassable;0;0;
./datasets/SuffixArchivos/Mezcla//200.txt;unclassable;0;0;
./datasets/SuffixArchivos/Mezcla//200_2.txt;unclassable;0;0;
./datasets/SuffixArchivos/Mezcla//500.txt;unclassable;0;0;
./datasets/SuffixArchivos/Mezcla//500_2.txt;unclassable;0;0;
./datasets/SuffixArchivos/Mezcla//1000.txt;Akhissar;0;0;
./datasets/SuffixArchivos/Mezcla//1000_2.txt;Akhissar;0;0;
./datasets/SuffixArchivos/Mezcla//1000_3.txt;Akhissar;0;0;
./datasets/SuffixArchivos/Mezcla//1000_4.txt;Akhissar;0;0;
./datasets/SuffixArchivos/Mezcla//1000_5.txt;Akhissar;0;0;
./datasets/SuffixArchivos/Mezcla//1000_6.txt;Akhissar;0;0;
./datasets/SuffixArchivos/Mezcla//200.txt;Akhissar;0;0;
./datasets/SuffixArchivos/Mezcla//200_2.txt;Akhissar;0;0;
./datasets/SuffixArchivos/Mezcla//500.txt;Akhissar;0;0;
./datasets/SuffixArchivos/Mezcla//500_2.txt;Akhissar;0;0;
./datasets/SuffixArchivos/Mezcla//1000.txt;wholewise;0;0.001;
./datasets/SuffixArchivos/Mezcla//1000_2.txt;wholewise;0;0.001;
./datasets/SuffixArchivos/Mezcla//1000_3.txt;wholewise;0;0.001;
./datasets/SuffixArchivos/Mezcla//1000_4.txt;wholewise;0;0.001;
./datasets/SuffixArchivos/Mezcla//1000_5.txt;wholewise;0;0.001;
./datasets/SuffixArchivos/Mezcla//1000_6.txt;wholewise;0;0.001;
./datasets/SuffixArchivos/Mezcla//200.txt;wholewise;0;0.001;
./datasets/SuffixArchivos/Mezcla//200_2.txt;wholewise;0;0.001;
./datasets/SuffixArchivos/Mezcla//500.txt;wholewise;0;0.001;
./datasets/SuffixArchivos/Mezcla//500_2.txt;wholewise;0;0.001;
./datasets/SuffixArchivos/Mezcla//1000.txt;curse;0;0;
./datasets/SuffixArchivos/Mezcla//1000_2.txt;curse;0;0;
./datasets/SuffixArchivos/Mezcla//1000_3.txt;curse;0;0;
./datasets/SuffixArchivos/Mezcla//1000_4.txt;curse;0;0;
./datasets/SuffixArchivos/Mezcla//1000_5.txt;curse;0;0;
./datasets/SuffixArchivos/Mezcla//1000_6.txt;curse;0;0;
./datasets/SuffixArchivos/Mezcla//200.txt;curse;0;0;
./datasets/SuffixArchivos/Mezcla//200_2.txt;curse;0;0;
./datasets/SuffixArchivos/Mezcla//500.txt;curse;1;0;
./datasets/SuffixArchivos/Mezcla//500_2.txt;curse;0;0;
./datasets/SuffixArchivos/Mezcla//1000.txt;organophyly;0;0;
./datasets/SuffixArchivos/Mezcla//1000_2.txt;organophyly;0;0;
./datasets/SuffixArchivos/Mezcla//1000_3.txt;organophyly;0;0;
./datasets/SuffixArchivos/Mezcla//1000_4.txt;organophyly;0;0;
./datasets/SuffixArchivos/Mezcla//1000_5.txt;organophyly;0;0;
./datasets/SuffixArchivos/Mezcla//1000_6.txt;organophyly;0;0;
./datasets/SuffixArchivos/Mezcla//200.txt;organophyly;0;0;
./datasets/SuffixArchivos/Mezcla//200_2.txt;organophyly;0;0;
./datasets/SuffixArchivos/Mezcla//500.txt;organophyly;0;0;
./datasets/SuffixArchivos/Mezcla//500_2.txt;organophyly;0;0;
./datasets/SuffixArchivos/Mezcla//1000.txt;teleseme;0;0.001;
./datasets/SuffixArchivos/Mezcla//1000_2.txt;teleseme;0;0.001;
./datasets/SuffixArchivos/Mezcla//1000_3.txt;teleseme;0;0.001;
./datasets/SuffixArchivos/Mezcla//1000_4.txt;teleseme;0;0.001;
./datasets/SuffixArchivos/Mezcla//1000_5.txt;teleseme;0;0.001;
./datasets/SuffixArchivos/Mezcla//1000_6.txt;teleseme;0;0.001;
./datasets/SuffixArchivos/Mezcla//200.txt;teleseme;0;0.001;
./datasets/SuffixArchivos/Mezcla//200_2.txt;teleseme;0;0.001;
./datasets/SuffixArchivos/Mezcla//500.txt;teleseme;0;0.001;
./datasets/SuffixArchivos/Mezcla//500_2.txt;teleseme;0;0.001;
./datasets/SuffixArchivos/Mezcla//1000.txt;heptitol;0;0;
./datasets/SuffixArchivos/Mezcla//1000_2.txt;heptitol;0;0;
./datasets/SuffixArchivos/Mezcla//1000_3.txt;heptitol;0;0;
./datasets/SuffixArchivos/Mezcla//1000_4.txt;heptitol;0;0;
./datasets/SuffixArchivos/Mezcla//1000_5.txt;heptitol;0;0;
./datasets/SuffixArchivos/Mezcla//1000_6.txt;heptitol;0;0;
./datasets/SuffixArchivos/Mezcla//200.txt;heptitol;0;0;
./datasets/SuffixArchivos/Mezcla//200_2.txt;heptitol;0;0;
./datasets/SuffixArchivos/Mezcla//500.txt;heptitol;0;0;
./datasets/SuffixArchivos/Mezcla//500_2.txt;heptitol;0;0;
./datasets/SuffixArchivos/Mezcla//1000.txt;whitehass;0;0.001006;
./datasets/SuffixArchivos/Mezcla//1000_2.txt;whitehass;0;0.001006;
./datasets/SuffixArchivos/Mezcla//1000_3.txt;whitehass;0;0.001006;
./datasets/SuffixArchivos/Mezcla//1000_4.txt;whitehass;0;0.001006;
./datasets/SuffixArchivos/Mezcla//1000_5.txt;whitehass;0;0.001006;
./datasets/SuffixArchivos/Mezcla//1000_6.txt;whitehass;0;0.001006;
./datasets/SuffixArchivos/Mezcla//200.txt;whitehass;0;0.001006;
./datasets/SuffixArchivos/Mezcla//200_2.txt;whitehass;0;0.001006;
./datasets/SuffixArchivos/Mezcla//500.txt;whitehass;0;0.001006;
./datasets/SuffixArchivos/Mezcla//500_2.txt;whitehass;0;0.001006;
./datasets/SuffixArchivos/Mezcla//1000.txt;asclepiadeous;0;0;
./datasets/SuffixArchivos/Mezcla//1000_2.txt;asclepiadeous;0;0;
./datasets/SuffixArchivos/Mezcla//1000_3.txt;asclepiadeous;0;0;
./datasets/SuffixArchivos/Mezcla//1000_4.txt;asclepiadeous;0;0;
./datasets/SuffixArchivos/Mezcla//1000_5.txt;asclepiadeous;0;0;
./datasets/SuffixArchivos/Mezcla//1000_6.txt;asclepiadeous;0;0;
./datasets/SuffixArchivos/Mezcla//200.txt;asclepiadeous;0;0;
./datasets/SuffixArchivos/Mezcla//200_2.txt;asclepiadeous;0;0;
./datasets/SuffixArchivos/Mezcla//500.txt;asclepiadeous;0;0;
./datasets/SuffixArchivos/Mezcla//500_2.txt;asclepiadeous;0;0;
./datasets/SuffixArchivos/Mezcla//1000.txt;labionasal;0;0;
./datasets/SuffixArchivos/Mezcla//1000_2.txt;labionasal;0;0;
./datasets/SuffixArchivos/Mezcla//1000_3.txt;labionasal;0;0;
./datasets/SuffixArchivos/Mezcla//1000_4.txt;labionasal;0;0;
./datasets/SuffixArchivos/Mezcla//1000_5.txt;labionasal;0;0;
./datasets/SuffixArchivos/Mezcla//1000_6.txt;labionasal;0;0;
./datasets/SuffixArchivos/Mezcla//200.txt;labionasal;0;0;
./datasets/SuffixArchivos/Mezcla//200_2.txt;labionasal;0;0;
./datasets/SuffixArchivos/Mezcla//500.txt;labionasal;0;0;
./datasets/SuffixArchivos/Mezcla//500_2.txt;labionasal;0;0;
./datasets/SuffixArchivos/Mezcla//1000.txt;presumptuous;0;0;
./datasets/SuffixArchivos/Mezcla//1000_2.txt;presumptuous;0;0;
./datasets/SuffixArchivos/Mezcla//1000_3.txt;presumptuous;0;0;
./datasets/SuffixArchivos/Mezcla//1000_4.txt;presumptuous;0;0;
./datasets/SuffixArchivos/Mezcla//1000_5.txt;presumptuous;0;0;
./datasets/SuffixArchivos/Mezcla//1000_6.txt;presumptuous;0;0;
./datasets/SuffixArchivos/Mezcla//200.txt;presumptuous;0;0;
./datasets/SuffixArchivos/Mezcla//200_2.txt;presumptuous;0;0;
./datasets/SuffixArchivos/Mezcla//500.txt;presumptuous;0;0;
./datasets/SuffixArchivos/Mezcla//500_2.txt;presumptuous;0;0;
./datasets/SuffixArchivos/Mezcla//1000.txt;triketo;0;0;
./datasets/SuffixArchivos/Mezcla//1000_2.txt;triketo;0;0;
./datasets/SuffixArchivos/Mezcla//1000_3.txt;triketo;0;0;
./datasets/SuffixArchivos/Mezcla//1000_4.txt;triketo;0;0;
./datasets/SuffixArchivos/Mezcla//1000_5.txt;triketo;0;0;
./datasets/SuffixArchivos/Mezcla//1000_6.txt;triketo;0;0;
./datasets/SuffixArchivos/Mezcla//200.txt;triketo;0;0;
./datasets/SuffixArchivos/Mezcla//200_2.txt;triketo;0;0;
./datasets/SuffixArchivos/Mezcla//500.txt;triketo;0;0;
./datasets/SuffixArchivos/Mezcla//500_2.txt;triketo;0;0;
./datasets/SuffixArchivos/Mezcla//1000.txt;thrombolymphangitis;0;0.000999;
./datasets/SuffixArchivos/Mezcla//1000_2.txt;thrombolymphangitis;0;0.000999;
./datasets/SuffixArchivos/Mezcla//1000_3.txt;thrombolymphangitis;0;0.000999;
./datasets/SuffixArchivos/Mezcla//1000_4.txt;thrombolymphangitis;0;0.000999;
./datasets/SuffixArchivos/Mezcla//1000_5.txt;thrombolymphangitis;0;0.000999;
./datasets/SuffixArchivos/Mezcla//1000_6.txt;thrombolymphangitis;0;0.000999;
./datasets/SuffixArchivos/Mezcla//200.txt;thrombolymphangitis;0;0.000999;
./datasets/SuffixArchivos/Mezcla//200_2.txt;thrombolymphangitis;0;0.000999;
./datasets/SuffixArchivos/Mezcla//500.txt;thrombolymphangitis;0;0.000999;
./datasets/SuffixArchivos/Mezcla//500_2.txt;thrombolymphangitis;0;0.000999;
./datasets/SuffixArchivos/Mezcla//1000.txt;spokeswomanship;0;0;
./datasets/SuffixArchivos/Mezcla//1000_2.txt;spokeswomanship;0;0;
./datasets/SuffixArchivos/Mezcla//1000_3.txt;spokeswomanship;0;0;
./datasets/SuffixArchivos/Mezcla//1000_4.txt;spokeswomanship;0;0;
./datasets/SuffixArchivos/Mezcla//1000_5.txt;spokeswomanship;0;0;
./datasets/SuffixArchivos/Mezcla//1000_6.txt;spokeswomanship;0;0;
./datasets/SuffixArchivos/Mezcla//200.txt;spokeswomanship;0;0;
./datasets/SuffixArchivos/Mezcla//200_2.txt;spokeswomanship;0;0;
./datasets/SuffixArchivos/Mezcla//500.txt;spokeswomanship;0;0;
./datasets/SuffixArchivos/Mezcla//500_2.txt;spokeswomanship;0;0;
./datasets/SuffixArchivos/Mezcla//1000.txt;unprejudicial;0;0.001;
./datasets/SuffixArchivos/Mezcla//1000_2.txt;unprejudicial;0;0.001;
./datasets/SuffixArchivos/Mezcla//1000_3.txt;unprejudicial;0;0.001;
./datasets/SuffixArchivos/Mezcla//1000_4.txt;unprejudicial;0;0.001;
./datasets/SuffixArchivos/Mezcla//1000_5.txt;unprejudicial;0;0.001;
./datasets/SuffixArchivos/Mezcla//1000_6.txt;unprejudicial;0;0.001;
./datasets/SuffixArchivos/Mezcla//200.txt;unprejudicial;0;0.001;
./datasets/SuffixArchivos/Mezcla//200_2.txt;unprejudicial;0;0.001;
./datasets/SuffixArchivos/Mezcla//500.txt;unprejudicial;0;0.001;
./datasets/SuffixArchivos/Mezcla//500_2.txt;unprejudicial;0;0.001;
./datasets/SuffixArchivos/Mezcla//1000.txt;ungoverned;0;0;
./datasets/SuffixArchivos/Mezcla//1000_2.txt;ungoverned;0;0;
./datasets/SuffixArchivos/Mezcla//1000_3.txt;ungoverned;0;0;
./datasets/SuffixArchivos/Mezcla//1000_4.txt;ungoverned;0;0;
./datasets/SuffixArchivos/Mezcla//1000_5.txt;ungoverned;0;0;
./datasets/SuffixArchivos/Mezcla//1000_6.txt;ungoverned;0;0;
./datasets/SuffixArchivos/Mezcla//200.txt;ungoverned;0;0;
./datasets/SuffixArchivos/Mezcla//200_2.txt;ungoverned;0;0;
./datasets/SuffixArchivos/Mezcla//500.txt;ungoverned;0;0;
./datasets/SuffixArchivos/Mezcla//500_2.txt;ungoverned;0;0;
./datasets/SuffixArchivos/Mezcla//1000.txt;nonrectangular;0;0.000999;
./datasets/SuffixArchivos/Mezcla//1000_2.txt;nonrectangular;0;0.000999;
./datasets/SuffixArchivos/Mezcla//1000_3.txt;nonrectangular;0;0.000999;
./datasets/SuffixArchivos/Mezcla//1000_4.txt;nonrectangular;0;0.000999;
./datasets/SuffixArchivos/Mezcla//1000_5.txt;nonrectangular;0;0.000999;
./datasets/SuffixArchivos/Mezcla//1000_6.txt;nonrectangular;0;0.000999;
./datasets/SuffixArchivos/Mezcla//200.txt;nonrectangular;0;0.000999;
./datasets/SuffixArchivos/Mezcla//200_2.txt;nonrectangular;0;0.000999;
./datasets/SuffixArchivos/Mezcla//500.txt;nonrectangular;0;0.000999;
./datasets/SuffixArchivos/Mezcla//500_2.txt;nonrectangular;0;0.000999;
./datasets/SuffixArchivos/Mezcla//1000.txt;pleocrystalline;0;0;
./datasets/SuffixArchivos/Mezcla//1000_2.txt;pleocrystalline;0;0;
./datasets/SuffixArchivos/Mezcla//1000_3.txt;pleocrystalline;0;0;
./datasets/SuffixArchivos/Mezcla//1000_4.txt;pleocrystalline;0;0;
./datasets/SuffixArchivos/Mezcla//1000_5.txt;pleocrystalline;0;0;
./datasets/SuffixArchivos/Mezcla//1000_6.txt;pleocrystalline;0;0;
./datasets/SuffixArchivos/Mezcla//200.txt;pleocrystalline;0;0;
./datasets/SuffixArchivos/Mezcla//200_2.txt;pleocrystalline;0;0;
./datasets/SuffixArchivos/Mezcla//500.txt;pleocrystalline;0;0;
./datasets/SuffixArchivos/Mezcla//500_2.txt;pleocrystalline;0;0;
./datasets/SuffixArchivos/Mezcla//1000.txt;slurbow;0;0.001;
./datasets/SuffixArchivos/Mezcla//1000_2.txt;slurbow;0;0.001;
./datasets/SuffixArchivos/Mezcla//1000_3.txt;slurbow;0;0.001;
./datasets/SuffixArchivos/Mezcla//1000_4.txt;slurbow;0;0.001;
./datasets/SuffixArchivos/Mezcla//1000_5.txt;slurbow;0;0.001;
./datasets/SuffixArchivos/Mezcla//1000_6.txt;slurbow;0;0.001;
./datasets/SuffixArchivos/Mezcla//200.txt;slurbow;0;0.001;
./datasets/SuffixArchivos/Mezcla//200_2.txt;slurbow;0;0.001;
./datasets/SuffixArchivos/Mezcla//500.txt;slurbow;0;0.001;
./datasets/SuffixArchivos/Mezcla//500_2.txt;slurbow;0;0.001;
./datasets/SuffixArchivos/Mezcla//1000.txt;unhandsome;0;0.000999;
./datasets/SuffixArchivos/Mezcla//1000_2.txt;unhandsome;0;0.000999;
./datasets/SuffixArchivos/Mezcla//1000_3.txt;unhandsome;0;0.000999;
./datasets/SuffixArchivos/Mezcla//1000_4.txt;unhandsome;0;0.000999;
./datasets/SuffixArchivos/Mezcla//1000_5.txt;unhandsome;0;0.000999;
./datasets/SuffixArchivos/Mezcla//1000_6.txt;unhandsome;0;0.000999;
./datasets/SuffixArchivos/Mezcla//200.txt;unhandsome;0;0.000999;
./datasets/SuffixArchivos/Mezcla//200_2.txt;unhandsome;0;0.000999;
./datasets/SuffixArchivos/Mezcla//500.txt;unhandsome;0;0.000999;
./datasets/SuffixArchivos/Mezcla//500_2.txt;unhandsome;0;0.000999;
./datasets/SuffixArchivos/Mezcla//1000.txt;scoliotic;0;0;
./datasets/SuffixArchivos/Mezcla//1000_2.txt;scoliotic;0;0;
./datasets/SuffixArchivos/Mezcla//1000_3.txt;scoliotic;0;0;
./datasets/SuffixArchivos/Mezcla//1000_4.txt;scoliotic;0;0;
./datasets/SuffixArchivos/Mezcla//1000_5.txt;scoliotic;0;0;
./datasets/SuffixArchivos/Mezcla//1000_6.txt;scoliotic;0;0;
./datasets/SuffixArchivos/Mezcla//200.txt;scoliotic;0;0;
./datasets/SuffixArchivos/Mezcla//200_2.txt;scoliotic;0;0;
./datasets/SuffixArchivos/Mezcla//500.txt;scoliotic;0;0;
./datasets/SuffixArchivos/Mezcla//500_2.txt;scoliotic;0;0;
./datasets/SuffixArchivos/Mezcla//1000.txt;phreatophyte;0;0;
./datasets/SuffixArchivos/Mezcla//1000_2.txt;phreatophyte;0;0;
./datasets/SuffixArchivos/Mezcla//1000_3.txt;phreatophyte;0;0;
./datasets/SuffixArchivos/Mezcla//1000_4.txt;phreatophyte;0;0;
./datasets/SuffixArchivos/Mezcla//1000_5.txt;phreatophyte;0;0;
./datasets/SuffixArchivos/Mezcla//1000_6.txt;phreatophyte;0;0;
./datasets/SuffixArchivos/Mezcla//200.txt;phreatophyte;0;0;
./datasets/SuffixArchivos/Mezcla//200_2.txt;phreatophyte;0;0;
./datasets/SuffixArchivos/Mezcla//500.txt;phreatophyte;0;0;
./datasets/SuffixArchivos/Mezcla//500_2.txt;phreatophyte;0;0;
./datasets/SuffixArchivos/Mezcla//1000.txt;criminalistics;0;0.000999;
./datasets/SuffixArchivos/Mezcla//1000_2.txt;criminalistics;0;0.000999;
./datasets/SuffixArchivos/Mezcla//1000_3.txt;criminalistics;0;0.000999;
./datasets/SuffixArchivos/Mezcla//1000_4.txt;criminalistics;0;0.000999;
./datasets/SuffixArchivos/Mezcla//1000_5.txt;criminalistics;0;0.000999;
./datasets/SuffixArchivos/Mezcla//1000_6.txt;criminalistics;0;0.000999;
./datasets/SuffixArchivos/Mezcla//200.txt;criminalistics;0;0.000999;
./datasets/SuffixArchivos/Mezcla//200_2.txt;criminalistics;0;0.000999;
./datasets/SuffixArchivos/Mezcla//500.txt;criminalistics;0;0.000999;
./datasets/SuffixArchivos/Mezcla//500_2.txt;criminalistics;0;0.000999;
./datasets/SuffixArchivos/Mezcla//1000.txt;imitability;0;0;
./datasets/SuffixArchivos/Mezcla//1000_2.txt;imitability;0;0;
./datasets/SuffixArchivos/Mezcla//1000_3.txt;imitability;0;0;
./datasets/SuffixArchivos/Mezcla//1000_4.txt;imitability;0;0;
./datasets/SuffixArchivos/Mezcla//1000_5.txt;imitability;0;0;
./datasets/SuffixArchivos/Mezcla//1000_6.txt;imitability;0;0;
./datasets/SuffixArchivos/Mezcla//200.txt;imitability;0;0;
./datasets/SuffixArchivos/Mezcla//200_2.txt;imitability;0;0;
./datasets/SuffixArchivos/Mezcla//500.txt;imitability;0;0;
./datasets/SuffixArchivos/Mezcla//500_2.txt;imitability;0;0;
./datasets/SuffixArchivos/Mezcla//1000.txt;zygozoospore;0;0.001;
./datasets/SuffixArchivos/Mezcla//1000_2.txt;zygozoospore;0;0.001;
./datasets/SuffixArchivos/Mezcla//1000_3.txt;zygozoospore;0;0.001;
./datasets/SuffixArchivos/Mezcla//1000_4.txt;zygozoospore;0;0.001;
./datasets/SuffixArchivos/Mezcla//1000_5.txt;zygozoospore;0;0.001;
./datasets/SuffixArchivos/Mezcla//1000_6.txt;zygozoospore;0;0.001;
./datasets/SuffixArchivos/Mezcla//200.txt;zygozoospore;0;0.001;
./datasets/SuffixArchivos/Mezcla//200_2.txt;zygozoospore;0;0.001;
./datasets/SuffixArchivos/Mezcla//500.txt;zygozoospore;0;0.001;
./datasets/SuffixArchivos/Mezcla//500_2.txt;zygozoospore;0;0.001;
./datasets/SuffixArchivos/Mezcla//1000.txt;nonliability;0;0;
./datasets/SuffixArchivos/Mezcla//1000_2.txt;nonliability;0;0;
./datasets/SuffixArchivos/Mezcla//1000_3.txt;nonliability;0;0;
./datasets/SuffixArchivos/Mezcla//1000_4.txt;nonliability;0;0;
./datasets/SuffixArchivos/Mezcla//1000_5.txt;nonliability;0;0;
./datasets/SuffixArchivos/Mezcla//1000_6.txt;nonliability;0;0;
./datasets/SuffixArchivos/Mezcla//200.txt;nonliability;0;0;
./datasets/SuffixArchivos/Mezcla//200_2.txt;nonliability;0;0;
./datasets/SuffixArchivos/Mezcla//500.txt;nonliability;0;0;
./datasets/SuffixArchivos/Mezcla//500_2.txt;nonliability;0;0;
./datasets/SuffixArchivos/Mezcla//1000.txt;disafforestation;0;0;
./datasets/SuffixArchivos/Mezcla//1000_2.txt;disafforestation;0;0;
./datasets/SuffixArchivos/Mezcla//1000_3.txt;disafforestation;0;0;
./datasets/SuffixArchivos/Mezcla//1000_4.txt;disafforestation;0;0;
./datasets/SuffixArchivos/Mezcla//1000_5.txt;disafforestation;0;0;
./datasets/SuffixArchivos/Mezcla//1000_6.txt;disafforestation;0;0;
./datasets/SuffixArchivos/Mezcla//200.txt;disafforestation;0;0;
./datasets/SuffixArchivos/Mezcla//200_2.txt;disafforestation;0;0;
./datasets/SuffixArchivos/Mezcla//500.txt;disafforestation;0;0;
./datasets/SuffixArchivos/Mezcla//500_2.txt;disafforestation;0;0;
./datasets/SuffixArchivos/Mezcla//1000.txt;epigenetic;0;0.000999;
./datasets/SuffixArchivos/Mezcla//1000_2.txt;epigenetic;0;0.000999;
./datasets/SuffixArchivos/Mezcla//1000_3.txt;epigenetic;0;0.000999;
./datasets/SuffixArchivos/Mezcla//1000_4.txt;epigenetic;0;0.000999;
./datasets/SuffixArchivos/Mezcla//1000_5.txt;epigenetic;0;0.000999;
./datasets/SuffixArchivos/Mezcla//1000_6.txt;epigenetic;0;0.000999;
./datasets/SuffixArchivos/Mezcla//200.txt;epigenetic;0;0.000999;
./datasets/SuffixArchivos/Mezcla//200_2.txt;epigenetic;0;0.000999;
./datasets/SuffixArchivos/Mezcla//500.txt;epigenetic;0;0.000999;
./datasets/SuffixArchivos/Mezcla//500_2.txt;epigenetic;0;0.000999;
./datasets/SuffixArchivos/Mezcla//1000.txt;Aves;0;0;
./datasets/SuffixArchivos/Mezcla//1000_2.txt;Aves;0;0;
./datasets/SuffixArchivos/Mezcla//1000_3.txt;Aves;0;0;
./datasets/SuffixArchivos/Mezcla//1000_4.txt;Aves;0;0;
./datasets/SuffixArchivos/Mezcla//1000_5.txt;Aves;0;0;
./datasets/SuffixArchivos/Mezcla//1000_6.txt;Aves;0;0;
./datasets/SuffixArchivos/Mezcla//200.txt;Aves;0;0;
./datasets/SuffixArchivos/Mezcla//200_2.txt;Aves;0;0;
./datasets/SuffixArchivos/Mezcla//500.txt;Aves;0;0;
./datasets/SuffixArchivos/Mezcla//500_2.txt;Aves;0;0;
./datasets/SuffixArchivos/Mezcla//1000.txt;schistaceous;0;0.001;
./datasets/SuffixArchivos/Mezcla//1000_2.txt;schistaceous;0;0.001;
./datasets/SuffixArchivos/Mezcla//1000_3.txt;schistaceous;0;0.001;
./datasets/SuffixArchivos/Mezcla//1000_4.txt;schistaceous;0;0.001;
./datasets/SuffixArchivos/Mezcla//1000_5.txt;schistaceous;0;0.001;
./datasets/SuffixArchivos/Mezcla//1000_6.txt;schistaceous;0;0.001;
./datasets/SuffixArchivos/Mezcla//200.txt;schistaceous;0;0.001;
./datasets/SuffixArchivos/Mezcla//200_2.txt;schistaceous;0;0.001;
./datasets/SuffixArchivos/Mezcla//500.txt;schistaceous;0;0.001;
./datasets/SuffixArchivos/Mezcla//500_2.txt;schistaceous;0;0.001;
./datasets/SuffixArchivos/Mezcla//1000.txt;verbomania;0;0;
./datasets/SuffixArchivos/Mezcla//1000_2.txt;verbomania;0;0;
./datasets/SuffixArchivos/Mezcla//1000_3.txt;verbomania;0;0;
./datasets/SuffixArchivos/Mezcla//1000_4.txt;verbomania;0;0;
./datasets/SuffixArchivos/Mezcla//1000_5.txt;verbomania;0;0;
./datasets/SuffixArchivos/Mezcla//1000_6.txt;verbomania;0;0;
./datasets/SuffixArchivos/Mezcla//200.txt;verbomania;0;0;
./datasets/SuffixArchivos/Mezcla//200_2.txt;verbomania;0;0;
./datasets/SuffixArchivos/Mezcla//500.txt;verbomania;0;0;
./datasets/SuffixArchivos/Mezcla//500_2.txt;verbomania;0;0;
./datasets/SuffixArchivos/Mezcla//1000.txt;epitenon;0;0;
./datasets/SuffixArchivos/Mezcla//1000_2.txt;epitenon;0;0;
./datasets/SuffixArchivos/Mezcla//1000_3.txt;epitenon;0;0;
./datasets/SuffixArchivos/Mezcla//1000_4.txt;epitenon;0;0;
./datasets/SuffixArchivos/Mezcla//1000_5.txt;epitenon;0;0;
./datasets/SuffixArchivos/Mezcla//1000_6.txt;epitenon;0;0;
./datasets/SuffixArchivos/Mezcla//200.txt;epitenon;0;0;
./datasets/SuffixArchivos/Mezcla//200_2.txt;epitenon;0;0;
./datasets/SuffixArchivos/Mezcla//500.txt;epitenon;0;0;
./datasets/SuffixArchivos/Mezcla//500_2.txt;epitenon;0;0;
./datasets/SuffixArchivos/Mezcla//1000.txt;proscriber;0;0;
./datasets/SuffixArchivos/Mezcla//1000_2.txt;proscriber;0;0;
./datasets/SuffixArchivos/Mezcla//1000_3.txt;proscriber;0;0;
./datasets/SuffixArchivos/Mezcla//1000_4.txt;proscriber;0;0;
./datasets/SuffixArchivos/Mezcla//1000_5.txt;proscriber;0;0;
./datasets/SuffixArchivos/Mezcla//1000_6.txt;proscriber;0;0;
./datasets/SuffixArchivos/Mezcla//200.txt;proscriber;0;0;
./datasets/SuffixArchivos/Mezcla//200_2.txt;proscriber;0;0;
./datasets/SuffixArchivos/Mezcla//500.txt;proscriber;0;0;
./datasets/SuffixArchivos/Mezcla//500_2.txt;proscriber;0;0;
./datasets/SuffixArchivos/Mezcla//1000.txt;histology;0;0.001;
./datasets/SuffixArchivos/Mezcla//1000_2.txt;histology;0;0.001;
./datasets/SuffixArchivos/Mezcla//1000_3.txt;histology;0;0.001;
./datasets/SuffixArchivos/Mezcla//1000_4.txt;histology;0;0.001;
./datasets/SuffixArchivos/Mezcla//1000_5.txt;histology;0;0.001;
./datasets/SuffixArchivos/Mezcla//1000_6.txt;histology;0;0.001;
./datasets/SuffixArchivos/Mezcla//200.txt;histology;0;0.001;
./datasets/SuffixArchivos/Mezcla//200_2.txt;histology;0;0.001;
./datasets/SuffixArchivos/Mezcla//500.txt;histology;0;0.001;
./datasets/SuffixArchivos/Mezcla//500_2.txt;histology;0;0.001;
./datasets/SuffixArchivos/Mezcla//1000.txt;propulsion;0;0.000999;
./datasets/SuffixArchivos/Mezcla//1000_2.txt;propulsion;0;0.000999;
./datasets/SuffixArchivos/Mezcla//1000_3.txt;propulsion;0;0.000999;
./datasets/SuffixArchivos/Mezcla//1000_4.txt;propulsion;0;0.000999;
./datasets/SuffixArchivos/Mezcla//1000_5.txt;propulsion;0;0.000999;
./datasets/SuffixArchivos/Mezcla//1000_6.txt;propulsion;0;0.000999;
./datasets/SuffixArchivos/Mezcla//200.txt;propulsion;0;0.000999;
./datasets/SuffixArchivos/Mezcla//200_2.txt;propulsion;0;0.000999;
./datasets/SuffixArchivos/Mezcla//500.txt;propulsion;0;0.000999;
./datasets/SuffixArchivos/Mezcla//500_2.txt;propulsion;0;0.000999;
./datasets/SuffixArchivos/Mezcla//1000.txt;elaidinic;0;0;
./datasets/SuffixArchivos/Mezcla//1000_2.txt;elaidinic;0;0;
./datasets/SuffixArchivos/Mezcla//1000_3.txt;elaidinic;0;0;
./datasets/SuffixArchivos/Mezcla//1000_4.txt;elaidinic;0;0;
./datasets/SuffixArchivos/Mezcla//1000_5.txt;elaidinic;0;0;
./datasets/SuffixArchivos/Mezcla//1000_6.txt;elaidinic;0;0;
./datasets/SuffixArchivos/Mezcla//200.txt;elaidinic;0;0;
./datasets/SuffixArchivos/Mezcla//200_2.txt;elaidinic;0;0;
./datasets/SuffixArchivos/Mezcla//500.txt;elaidinic;0;0;
./datasets/SuffixArchivos/Mezcla//500_2.txt;elaidinic;0;0;
./datasets/SuffixArchivos/Mezcla//1000.txt;driftless;0;0.001;
./datasets/SuffixArchivos/Mezcla//1000_2.txt;driftless;0;0.001;
./datasets/SuffixArchivos/Mezcla//1000_3.txt;driftless;0;0.001;
./datasets/SuffixArchivos/Mezcla//1000_4.txt;driftless;0;0.001;
./datasets/SuffixArchivos/Mezcla//1000_5.txt;driftless;0;0.001;
./datasets/SuffixArchivos/Mezcla//1000_6.txt;driftless;0;0.001;
./datasets/SuffixArchivos/Mezcla//200.txt;driftless;0;0.001;
./datasets/SuffixArchivos/Mezcla//200_2.txt;driftless;0;0.001;
./datasets/SuffixArchivos/Mezcla//500.txt;driftless;0;0.001;
./datasets/SuffixArchivos/Mezcla//500_2.txt;driftless;0;0.001;
./datasets/SuffixArchivos/Mezcla//1000.txt;upcover;0;0;
./datasets/SuffixArchivos/Mezcla//1000_2.txt;upcover;0;0;
./datasets/SuffixArchivos/Mezcla//1000_3.txt;upcover;0;0;
./datasets/SuffixArchivos/Mezcla//1000_4.txt;upcover;0;0;
./datasets/SuffixArchivos/Mezcla//1000_5.txt;upcover;0;0;
./datasets/SuffixArchivos/Mezcla//1000_6.txt;upcover;0;0;
./datasets/SuffixArchivos/Mezcla//200.txt;upcover;0;0;
./datasets/SuffixArchivos/Mezcla//200_2.txt;upcover;0;0;
./datasets/SuffixArchivos/Mezcla//500.txt;upcover;0;0;
./datasets/SuffixArchivos/Mezcla//500_2.txt;upcover;0;0;
./datasets/SuffixArchivos/Mezcla//1000.txt;duteous;0;0.000999;
./datasets/SuffixArchivos/Mezcla//1000_2.txt;duteous;0;0.000999;
./datasets/SuffixArchivos/Mezcla//1000_3.txt;duteous;0;0.000999;
./datasets/SuffixArchivos/Mezcla//1000_4.txt;duteous;0;0.000999;
./datasets/SuffixArchivos/Mezcla//1000_5.txt;duteous;0;0.000999;
./datasets/SuffixArchivos/Mezcla//1000_6.txt;duteous;0;0.000999;
./datasets/SuffixArchivos/Mezcla//200.txt;duteous;0;0.000999;
./datasets/SuffixArchivos/Mezcla//200_2.txt;duteous;0;0.000999;
./datasets/SuffixArchivos/Mezcla//500.txt;duteous;0;0.000999;
./datasets/SuffixArchivos/Mezcla//500_2.txt;duteous;0;0.000999;
./datasets/SuffixArchivos/Mezcla//1000.txt;distasteful;0;0;
./datasets/SuffixArchivos/Mezcla//1000_2.txt;distasteful;0;0;
./datasets/SuffixArchivos/Mezcla//1000_3.txt;distasteful;0;0;
./datasets/SuffixArchivos/Mezcla//1000_4.txt;distasteful;0;0;
./datasets/SuffixArchivos/Mezcla//1000_5.txt;distasteful;0;0;
./datasets/SuffixArchivos/Mezcla//1000_6.txt;distasteful;0;0;
./datasets/SuffixArchivos/Mezcla//200.txt;distasteful;0;0;
./datasets/SuffixArchivos/Mezcla//200_2.txt;distasteful;0;0;
./datasets/SuffixArchivos/Mezcla//500.txt;distasteful;0;0;
./datasets/SuffixArchivos/Mezcla//500_2.txt;distasteful;0;0;
./datasets/SuffixArchivos/Mezcla//1000.txt;dermatoxerasia;0;0.000999;
./datasets/SuffixArchivos/Mezcla//1000_2.txt;dermatoxerasia;0;0.000999;
./datasets/SuffixArchivos/Mezcla//1000_3.txt;dermatoxerasia;0;0.000999;
./datasets/SuffixArchivos/Mezcla//1000_4.txt;dermatoxerasia;0;0.000999;
./datasets/SuffixArchivos/Mezcla//1000_5.txt;dermatoxerasia;0;0.000999;
./datasets/SuffixArchivos/Mezcla//1000_6.txt;dermatoxerasia;0;0.000999;
./datasets/SuffixArchivos/Mezcla//200.txt;dermatoxerasia;0;0.000999;
./datasets/SuffixArchivos/Mezcla//200_2.txt;dermatoxerasia;0;0.000999;
./datasets/SuffixArchivos/Mezcla//500.txt;dermatoxerasia;0;0.000999;
./datasets/SuffixArchivos/Mezcla//500_2.txt;dermatoxerasia;0;0.000999;
./datasets/SuffixArchivos/Mezcla//1000.txt;Kaibartha;0;0;
./datasets/SuffixArchivos/Mezcla//1000_2.txt;Kaibartha;0;0;
./datasets/SuffixArchivos/Mezcla//1000_3.txt;Kaibartha;0;0;
./datasets/SuffixArchivos/Mezcla//1000_4.txt;Kaibartha;0;0;
./datasets/SuffixArchivos/Mezcla//1000_5.txt;Kaibartha;0;0;
./datasets/SuffixArchivos/Mezcla//1000_6.txt;Kaibartha;0;0;
./datasets/SuffixArchivos/Mezcla//200.txt;Kaibartha;0;0;
./datasets/SuffixArchivos/Mezcla//200_2.txt;Kaibartha;0;0;
./datasets/SuffixArchivos/Mezcla//500.txt;Kaibartha;0;0;
./datasets/SuffixArchivos/Mezcla//500_2.txt;Kaibartha;0;0;
./datasets/SuffixArchivos/Mezcla//1000.txt;spydom;0;0.001;
./datasets/SuffixArchivos/Mezcla//1000_2.txt;spydom;0;0.001;
./datasets/SuffixArchivos/Mezcla//1000_3.txt;spydom;0;0.001;
./datasets/SuffixArchivos/Mezcla//1000_4.txt;spydom;0;0.001;
./datasets/SuffixArchivos/Mezcla//1000_5.txt;spydom;0;0.001;
./datasets/SuffixArchivos/Mezcla//1000_6.txt;spydom;0;0.001;
./datasets/SuffixArchivos/Mezcla//200.txt;spydom;0;0.001;
./datasets/SuffixArchivos/Mezcla//200_2.txt;spydom;0;0.001;
./datasets/SuffixArchivos/Mezcla//500.txt;spydom;0;0.001;
./datasets/SuffixArchivos/Mezcla//500_2.txt;spydom;0;0.001;
./datasets/SuffixArchivos/Mezcla//1000.txt;tonsor;0;0;
./datasets/SuffixArchivos/Mezcla//1000_2.txt;tonsor;0;0;
./datasets/SuffixArchivos/Mezcla//1000_3.txt;tonsor;0;0;
./datasets/SuffixArchivos/Mezcla//1000_4.txt;tonsor;0;0;
./datasets/SuffixArchivos/Mezcla//1000_5.txt;tonsor;0;0;
./datasets/SuffixArchivos/Mezcla//1000_6.txt;tonsor;0;0;
./datasets/SuffixArchivos/Mezcla//200.txt;tonsor;0;0;
./datasets/SuffixArchivos/Mezcla//200_2.txt;tonsor;0;0;
./datasets/SuffixArchivos/Mezcla//500.txt;tonsor;0;0;
./datasets/SuffixArchivos/Mezcla//500_2.txt;tonsor;0;0;
./datasets/SuffixArchivos/Mezcla//1000.txt;paedogenesis;0;0.000999;
./datasets/SuffixArchivos/Mezcla//1000_2.txt;paedogenesis;0;0.000999;
./datasets/SuffixArchivos/Mezcla//1000_3.txt;paedogenesis;0;0.000999;
./datasets/SuffixArchivos/Mezcla//1000_4.txt;paedogenesis;0;0.000999;
./datasets/SuffixArchivos/Mezcla//1000_5.txt;paedogenesis;0;0.000999;
./datasets/SuffixArchivos/Mezcla//1000_6.txt;paedogenesis;0;0.000999;
./datasets/SuffixArchivos/Mezcla//200.txt;paedogenesis;0;0.000999;
./datasets/SuffixArchivos/Mezcla//200_2.txt;paedogenesis;0;0.000999;
./datasets/SuffixArchivos/Mezcla//500.txt;paedogenesis;0;0.000999;
./datasets/SuffixArchivos/Mezcla//500_2.txt;paedogenesis;0;0.000999;
./datasets/SuffixArchivos/Mezcla//1000.txt;anticipatory;0;0;
./datasets/SuffixArchivos/Mezcla//1000_2.txt;anticipatory;0;0;
./datasets/SuffixArchivos/Mezcla//1000_3.txt;anticipatory;0;0;
./datasets/SuffixArchivos/Mezcla//1000_4.txt;anticipatory;0;0;
./datasets/SuffixArchivos/Mezcla//1000_5.txt;anticipatory;0;0;
./datasets/SuffixArchivos/Mezcla//1000_6.txt;anticipatory;0;0;
./datasets/SuffixArchivos/Mezcla//200.txt;anticipatory;0;0;
./datasets/SuffixArchivos/Mezcla//200_2.txt;anticipatory;0;0;
./datasets/SuffixArchivos/Mezcla//500.txt;anticipatory;0;0;
./datasets/SuffixArchivos/Mezcla//500_2.txt;anticipatory;0;0;
./datasets/SuffixArchivos/Mezcla//1000.txt;unastonished;0;0.001;
./datasets/SuffixArchivos/Mezcla//1000_2.txt;unastonished;0;0.001;
./datasets/SuffixArchivos/Mezcla//1000_3.txt;unastonished;0;0.001;
./datasets/SuffixArchivos/Mezcla//1000_4.txt;unastonished;0;0.001;
./datasets/SuffixArchivos/Mezcla//1000_5.txt;unastonished;0;0.001;
./datasets/SuffixArchivos/Mezcla//1000_6.txt;unastonished;0;0.001;
./datasets/SuffixArchivos/Mezcla//200.txt;unastonished;0;0.001;
./datasets/SuffixArchivos/Mezcla//200_2.txt;unastonished;0;0.001;
./datasets/SuffixArchivos/Mezcla//500.txt;unastonished;0;0.001;
./datasets/SuffixArchivos/Mezcla//500_2.txt;unastonished;0;0.001;
./datasets/SuffixArchivos/Mezcla//1000.txt;Blackbeard;0;0;
./datasets/SuffixArchivos/Mezcla//1000_2.txt;Blackbeard;0;0;
./datasets/SuffixArchivos/Mezcla//1000_3.txt;Blackbeard;0;0;
./datasets/SuffixArchivos/Mezcla//1000_4.txt;Blackbeard;0;0;
./datasets/SuffixArchivos/Mezcla//1000_5.txt;Blackbeard;0;0;
./datasets/SuffixArchivos/Mezcla//1000_6.txt;Blackbeard;0;0;
./datasets/SuffixArchivos/Mezcla//200.txt;Blackbeard;0;0;
./datasets/SuffixArchivos/Mezcla//200_2.txt;Blackbeard;0;0;
./datasets/SuffixArchivos/Mezcla//500.txt;Blackbeard;0;0;
./datasets/SuffixArchivos/Mezcla//500_2.txt;Blackbeard;0;0;
./datasets/SuffixArchivos/Mezcla//1000.txt;gradient;0;0.000999;
./datasets/SuffixArchivos/Mezcla//1000_2.txt;gradient;0;0.000999;
./datasets/SuffixArchivos/Mezcla//1000_3.txt;gradient;0;0.000999;
./datasets/SuffixArchivos/Mezcla//1000_4.txt;gradient;0;0.000999;
./datasets/SuffixArchivos/Mezcla//1000_5.txt;gradient;0;0.000999;
./datasets/SuffixArchivos/Mezcla//1000_6.txt;gradient;0;0.000999;
./datasets/SuffixArchivos/Mezcla//200.txt;gradient;0;0.000999;
./datasets/SuffixArchivos/Mezcla//200_2.txt;gradient;0;0.000999;
./datasets/SuffixArchivos/Mezcla//500.txt;gradient;0;0.000999;
./datasets/SuffixArchivos/Mezcla//500_2.txt;gradient;0;0.000999;
./datasets/SuffixArchivos/Mezcla//1000.txt;metachemistry;0;0;
./datasets/SuffixArchivos/Mezcla//1000_2.txt;metachemistry;0;0;
./datasets/SuffixArchivos/Mezcla//1000_3.txt;metachemistry;0;0;
./datasets/SuffixArchivos/Mezcla//1000_4.txt;metachemistry;0;0;
./datasets/SuffixArchivos/Mezcla//1000_5.txt;metachemistry;0;0;
./datasets/SuffixArchivos/Mezcla//1000_6.txt;metachemistry;0;0;
./datasets/SuffixArchivos/Mezcla//200.txt;metachemistry;0;0;
./datasets/SuffixArchivos/Mezcla//200_2.txt;metachemistry;0;0;
./datasets/SuffixArchivos/Mezcla//500.txt;metachemistry;0;0;
./datasets/SuffixArchivos/Mezcla//500_2.txt;metachemistry;0;0;
./datasets/SuffixArchivos/Mezcla//1000.txt;caravan;0;0;
./datasets/SuffixArchivos/Mezcla//1000_2.txt;caravan;0;0;
./datasets/SuffixArchivos/Mezcla//1000_3.txt;caravan;0;0;
./datasets/SuffixArchivos/Mezcla//1000_4.txt;caravan;0;0;
./datasets/SuffixArchivos/Mezcla//1000_5.txt;caravan;0;0;
./datasets/SuffixArchivos/Mezcla//1000_6.txt;caravan;0;0;
./datasets/SuffixArchivos/Mezcla//200.txt;caravan;0;0;
./datasets/SuffixArchivos/Mezcla//200_2.txt;caravan;0;0;
./datasets/SuffixArchivos/Mezcla//500.txt;caravan;0;0;
./datasets/SuffixArchivos/Mezcla//500_2.txt;caravan;0;0;
./datasets/SuffixArchivos/Mezcla//1000.txt;circumnutate;0;0.001;
./datasets/SuffixArchivos/Mezcla//1000_2.txt;circumnutate;0;0.001;
./datasets/SuffixArchivos/Mezcla//1000_3.txt;circumnutate;0;0.001;
./datasets/SuffixArchivos/Mezcla//1000_4.txt;circumnutate;0;0.001;
./datasets/SuffixArchivos/Mezcla//1000_5.txt;circumnutate;0;0.001;
./datasets/SuffixArchivos/Mezcla//1000_6.txt;circumnutate;0;0.001;
./datasets/SuffixArchivos/Mezcla//200.txt;circumnutate;0;0.001;
./datasets/SuffixArchivos/Mezcla//200_2.txt;circumnutate;0;0.001;
./datasets/SuffixArchivos/Mezcla//500.txt;circumnutate;0;0.001;
./datasets/SuffixArchivos/Mezcla//500_2.txt;circumnutate;0;0.001;
./datasets/SuffixArchivos/Mezcla//1000.txt;infract;0;0;
./datasets/SuffixArchivos/Mezcla//1000_2.txt;infract;0;0;
./datasets/SuffixArchivos/Mezcla//1000_3.txt;infract;0;0;
./datasets/SuffixArchivos/Mezcla//1000_4.txt;infract;0;0;
./datasets/SuffixArchivos/Mezcla//1000_5.txt;infract;0;0;
./datasets/SuffixArchivos/Mezcla//1000_6.txt;infract;0;0;
./datasets/SuffixArchivos/Mezcla//200.txt;infract;0;0;
./datasets/SuffixArchivos/Mezcla//200_2.txt;infract;0;0;
./datasets/SuffixArchivos/Mezcla//500.txt;infract;0;0;
./datasets/SuffixArchivos/Mezcla//500_2.txt;infract;0;0;
./datasets/SuffixArchivos/Mezcla//1000.txt;adenia;0;0.000999;
./datasets/SuffixArchivos/Mezcla//1000_2.txt;adenia;0;0.000999;
./datasets/SuffixArchivos/Mezcla//1000_3.txt;adenia;0;0.000999;
./datasets/SuffixArchivos/Mezcla//1000_4.txt;adenia;0;0.000999;
./datasets/SuffixArchivos/Mezcla//1000_5.txt;adenia;0;0.000999;
./datasets/SuffixArchivos/Mezcla//1000_6.txt;adenia;0;0.000999;
./datasets/SuffixArchivos/Mezcla//200.txt;adenia;0;0.000999;
./datasets/SuffixArchivos/Mezcla//200_2.txt;adenia;0;0.000999;
./datasets/SuffixArchivos/Mezcla//500.txt;adenia;0;0.000999;
./datasets/SuffixArchivos/Mezcla//500_2.txt;adenia;0;0.000999;
./datasets/SuffixArchivos/Mezcla//1000.txt;louse;0;0;
./datasets/SuffixArchivos/Mezcla//1000_2.txt;louse;0;0;
./datasets/SuffixArchivos/Mezcla//1000_3.txt;louse;0;0;
./datasets/SuffixArchivos/Mezcla//1000_4.txt;louse;0;0;
./datasets/SuffixArchivos/Mezcla//1000_5.txt;louse;0;0;
./datasets/SuffixArchivos/Mezcla//1000_6.txt;louse;0;0;
./datasets/SuffixArchivos/Mezcla//200.txt;louse;0;0;
./datasets/SuffixArchivos/Mezcla//200_2.txt;louse;0;0;
./datasets/SuffixArchivos/Mezcla//500.txt;louse;0;0;
./datasets/SuffixArchivos/Mezcla//500_2.txt;louse;0;0;
./datasets/SuffixArchivos/Mezcla//1000.txt;koel;0;0.001;
./datasets/SuffixArchivos/Mezcla//1000_2.txt;koel;0;0.001;
./datasets/SuffixArchivos/Mezcla//1000_3.txt;koel;0;0.001;
./datasets/SuffixArchivos/Mezcla//1000_4.txt;koel;0;0.001;
./datasets/SuffixArchivos/Mezcla//1000_5.txt;koel;0;0.001;
./datasets/SuffixArchivos/Mezcla//1000_6.txt;koel;0;0.001;
./datasets/SuffixArchivos/Mezcla//200.txt;koel;0;0.001;
./datasets/SuffixArchivos/Mezcla//200_2.txt;koel;0;0.001;
./datasets/SuffixArchivos/Mezcla//500.txt;koel;0;0.001;
./datasets/SuffixArchivos/Mezcla//500_2.txt;koel;0;0.001;
./datasets/SuffixArchivos/Mezcla//1000.txt;tributyrin;0;0;
./datasets/SuffixArchivos/Mezcla//1000_2.txt;tributyrin;0;0;
./datasets/SuffixArchivos/Mezcla//1000_3.txt;tributyrin;0;0;
./datasets/SuffixArchivos/Mezcla//1000_4.txt;tributyrin;0;0;
./datasets/SuffixArchivos/Mezcla//1000_5.txt;tributyrin;0;0;
./datasets/SuffixArchivos/Mezcla//1000_6.txt;tributyrin;0;0;
./datasets/SuffixArchivos/Mezcla//200.txt;tributyrin;0;0;
./datasets/SuffixArchivos/Mezcla//200_2.txt;tributyrin;0;0;
./datasets/SuffixArchivos/Mezcla//500.txt;tributyrin;0;0;
./datasets/SuffixArchivos/Mezcla//500_2.txt;tributyrin;0;0;
