./datasets/English//english_00;resink;0;1.18536;;;;;
./datasets/English//english_01;resink;1;1.18536;;;;;
./datasets/English//english_02;resink;0;1.18536;;;PROMEDIO;1.505473;
./datasets/English//english_03;resink;0;1.18536;;;TOTAL TIME;301.0946;
./datasets/English//english_04;resink;0;1.18536;;;;;
./datasets/English//english_05;resink;0;1.18536;;;;;
./datasets/English//english_06;resink;0;1.18536;;;;;
./datasets/English//english_07;resink;0;1.18536;;;;;
./datasets/English//english_08;resink;0;1.18536;;;;;
./datasets/English//english_09;resink;0;1.18536;;;;;
./datasets/English//english_10;resink;0;1.18536;;;;;
./datasets/English//english_11;resink;0;1.18536;;;;;
./datasets/English//english_12;resink;0;1.18536;;;;;
./datasets/English//english_13;resink;0;1.18536;;;;;
./datasets/English//english_14;resink;0;1.18536;;;;;
./datasets/English//english_15;resink;0;1.18536;;;;;
./datasets/English//english_16;resink;0;1.18536;;;;;
./datasets/English//english_17;resink;0;1.18536;;;;;
./datasets/English//english_18;resink;0;1.18536;;;;;
./datasets/English//english_19;resink;0;1.18536;;;;;
./datasets/English//english_00;transversomedial;0;1.31742;;;;;
./datasets/English//english_01;transversomedial;0;1.31742;;;;;
./datasets/English//english_02;transversomedial;0;1.31742;;;;;
./datasets/English//english_03;transversomedial;0;1.31742;;;;;
./datasets/English//english_04;transversomedial;0;1.31742;;;;;
./datasets/English//english_05;transversomedial;0;1.31742;;;;;
./datasets/English//english_06;transversomedial;0;1.31742;;;;;
./datasets/English//english_07;transversomedial;0;1.31742;;;;;
./datasets/English//english_08;transversomedial;0;1.31742;;;;;
./datasets/English//english_09;transversomedial;0;1.31742;;;;;
./datasets/English//english_10;transversomedial;0;1.31742;;;;;
./datasets/English//english_11;transversomedial;0;1.31742;;;;;
./datasets/English//english_12;transversomedial;0;1.31742;;;;;
./datasets/English//english_13;transversomedial;0;1.31742;;;;;
./datasets/English//english_14;transversomedial;0;1.31742;;;;;
./datasets/English//english_15;transversomedial;0;1.31742;;;;;
./datasets/English//english_16;transversomedial;0;1.31742;;;;;
./datasets/English//english_17;transversomedial;0;1.31742;;;;;
./datasets/English//english_18;transversomedial;0;1.31742;;;;;
./datasets/English//english_19;transversomedial;0;1.31742;;;;;
./datasets/English//english_00;pharyngopathy;0;1.30413;;;;;
./datasets/English//english_01;pharyngopathy;0;1.30413;;;;;
./datasets/English//english_02;pharyngopathy;0;1.30413;;;;;
./datasets/English//english_03;pharyngopathy;0;1.30413;;;;;
./datasets/English//english_04;pharyngopathy;0;1.30413;;;;;
./datasets/English//english_05;pharyngopathy;0;1.30413;;;;;
./datasets/English//english_06;pharyngopathy;0;1.30413;;;;;
./datasets/English//english_07;pharyngopathy;0;1.30413;;;;;
./datasets/English//english_08;pharyngopathy;0;1.30413;;;;;
./datasets/English//english_09;pharyngopathy;0;1.30413;;;;;
./datasets/English//english_10;pharyngopathy;0;1.30413;;;;;
./datasets/English//english_11;pharyngopathy;0;1.30413;;;;;
./datasets/English//english_12;pharyngopathy;0;1.30413;;;;;
./datasets/English//english_13;pharyngopathy;0;1.30413;;;;;
./datasets/English//english_14;pharyngopathy;0;1.30413;;;;;
./datasets/English//english_15;pharyngopathy;0;1.30413;;;;;
./datasets/English//english_16;pharyngopathy;0;1.30413;;;;;
./datasets/English//english_17;pharyngopathy;0;1.30413;;;;;
./datasets/English//english_18;pharyngopathy;0;1.30413;;;;;
./datasets/English//english_19;pharyngopathy;0;1.30413;;;;;
./datasets/English//english_00;postmineral;0;1.38495;;;;;
./datasets/English//english_01;postmineral;0;1.38495;;;;;
./datasets/English//english_02;postmineral;0;1.38495;;;;;
./datasets/English//english_03;postmineral;0;1.38495;;;;;
./datasets/English//english_04;postmineral;0;1.38495;;;;;
./datasets/English//english_05;postmineral;0;1.38495;;;;;
./datasets/English//english_06;postmineral;0;1.38495;;;;;
./datasets/English//english_07;postmineral;0;1.38495;;;;;
./datasets/English//english_08;postmineral;0;1.38495;;;;;
./datasets/English//english_09;postmineral;0;1.38495;;;;;
./datasets/English//english_10;postmineral;0;1.38495;;;;;
./datasets/English//english_11;postmineral;0;1.38495;;;;;
./datasets/English//english_12;postmineral;0;1.38495;;;;;
./datasets/English//english_13;postmineral;0;1.38495;;;;;
./datasets/English//english_14;postmineral;0;1.38495;;;;;
./datasets/English//english_15;postmineral;0;1.38495;;;;;
./datasets/English//english_16;postmineral;0;1.38495;;;;;
./datasets/English//english_17;postmineral;0;1.38495;;;;;
./datasets/English//english_18;postmineral;0;1.38495;;;;;
./datasets/English//english_19;postmineral;0;1.38495;;;;;
./datasets/English//english_00;myelosyphilis;0;1.33198;;;;;
./datasets/English//english_01;myelosyphilis;0;1.33198;;;;;
./datasets/English//english_02;myelosyphilis;0;1.33198;;;;;
./datasets/English//english_03;myelosyphilis;0;1.33198;;;;;
./datasets/English//english_04;myelosyphilis;0;1.33198;;;;;
./datasets/English//english_05;myelosyphilis;0;1.33198;;;;;
./datasets/English//english_06;myelosyphilis;0;1.33198;;;;;
./datasets/English//english_07;myelosyphilis;0;1.33198;;;;;
./datasets/English//english_08;myelosyphilis;0;1.33198;;;;;
./datasets/English//english_09;myelosyphilis;0;1.33198;;;;;
./datasets/English//english_10;myelosyphilis;0;1.33198;;;;;
./datasets/English//english_11;myelosyphilis;0;1.33198;;;;;
./datasets/English//english_12;myelosyphilis;0;1.33198;;;;;
./datasets/English//english_13;myelosyphilis;0;1.33198;;;;;
./datasets/English//english_14;myelosyphilis;0;1.33198;;;;;
./datasets/English//english_15;myelosyphilis;0;1.33198;;;;;
./datasets/English//english_16;myelosyphilis;0;1.33198;;;;;
./datasets/English//english_17;myelosyphilis;0;1.33198;;;;;
./datasets/English//english_18;myelosyphilis;0;1.33198;;;;;
./datasets/English//english_19;myelosyphilis;0;1.33198;;;;;
./datasets/English//english_00;silverer;0;1.44696;;;;;
./datasets/English//english_01;silverer;0;1.44696;;;;;
./datasets/English//english_02;silverer;0;1.44696;;;;;
./datasets/English//english_03;silverer;0;1.44696;;;;;
./datasets/English//english_04;silverer;0;1.44696;;;;;
./datasets/English//english_05;silverer;0;1.44696;;;;;
./datasets/English//english_06;silverer;0;1.44696;;;;;
./datasets/English//english_07;silverer;0;1.44696;;;;;
./datasets/English//english_08;silverer;0;1.44696;;;;;
./datasets/English//english_09;silverer;0;1.44696;;;;;
./datasets/English//english_10;silverer;0;1.44696;;;;;
./datasets/English//english_11;silverer;0;1.44696;;;;;
./datasets/English//english_12;silverer;0;1.44696;;;;;
./datasets/English//english_13;silverer;0;1.44696;;;;;
./datasets/English//english_14;silverer;0;1.44696;;;;;
./datasets/English//english_15;silverer;0;1.44696;;;;;
./datasets/English//english_16;silverer;0;1.44696;;;;;
./datasets/English//english_17;silverer;0;1.44696;;;;;
./datasets/English//english_18;silverer;0;1.44696;;;;;
./datasets/English//english_19;silverer;0;1.44696;;;;;
./datasets/English//english_00;evincement;0;1.42292;;;;;
./datasets/English//english_01;evincement;0;1.42292;;;;;
./datasets/English//english_02;evincement;0;1.42292;;;;;
./datasets/English//english_03;evincement;0;1.42292;;;;;
./datasets/English//english_04;evincement;0;1.42292;;;;;
./datasets/English//english_05;evincement;0;1.42292;;;;;
./datasets/English//english_06;evincement;0;1.42292;;;;;
./datasets/English//english_07;evincement;0;1.42292;;;;;
./datasets/English//english_08;evincement;0;1.42292;;;;;
./datasets/English//english_09;evincement;0;1.42292;;;;;
./datasets/English//english_10;evincement;0;1.42292;;;;;
./datasets/English//english_11;evincement;0;1.42292;;;;;
./datasets/English//english_12;evincement;0;1.42292;;;;;
./datasets/English//english_13;evincement;0;1.42292;;;;;
./datasets/English//english_14;evincement;0;1.42292;;;;;
./datasets/English//english_15;evincement;0;1.42292;;;;;
./datasets/English//english_16;evincement;0;1.42292;;;;;
./datasets/English//english_17;evincement;0;1.42292;;;;;
./datasets/English//english_18;evincement;0;1.42292;;;;;
./datasets/English//english_19;evincement;0;1.42292;;;;;
./datasets/English//english_00;phrygium;0;1.38925;;;;;
./datasets/English//english_01;phrygium;0;1.38925;;;;;
./datasets/English//english_02;phrygium;0;1.38925;;;;;
./datasets/English//english_03;phrygium;0;1.38925;;;;;
./datasets/English//english_04;phrygium;0;1.38925;;;;;
./datasets/English//english_05;phrygium;0;1.38925;;;;;
./datasets/English//english_06;phrygium;0;1.38925;;;;;
./datasets/English//english_07;phrygium;0;1.38925;;;;;
./datasets/English//english_08;phrygium;0;1.38925;;;;;
./datasets/English//english_09;phrygium;0;1.38925;;;;;
./datasets/English//english_10;phrygium;0;1.38925;;;;;
./datasets/English//english_11;phrygium;0;1.38925;;;;;
./datasets/English//english_12;phrygium;0;1.38925;;;;;
./datasets/English//english_13;phrygium;0;1.38925;;;;;
./datasets/English//english_14;phrygium;0;1.38925;;;;;
./datasets/English//english_15;phrygium;0;1.38925;;;;;
./datasets/English//english_16;phrygium;0;1.38925;;;;;
./datasets/English//english_17;phrygium;0;1.38925;;;;;
./datasets/English//english_18;phrygium;0;1.38925;;;;;
./datasets/English//english_19;phrygium;0;1.38925;;;;;
./datasets/English//english_00;punnigram;0;1.40908;;;;;
./datasets/English//english_01;punnigram;0;1.40908;;;;;
./datasets/English//english_02;punnigram;0;1.40908;;;;;
./datasets/English//english_03;punnigram;0;1.40908;;;;;
./datasets/English//english_04;punnigram;0;1.40908;;;;;
./datasets/English//english_05;punnigram;0;1.40908;;;;;
./datasets/English//english_06;punnigram;0;1.40908;;;;;
./datasets/English//english_07;punnigram;0;1.40908;;;;;
./datasets/English//english_08;punnigram;0;1.40908;;;;;
./datasets/English//english_09;punnigram;0;1.40908;;;;;
./datasets/English//english_10;punnigram;0;1.40908;;;;;
./datasets/English//english_11;punnigram;0;1.40908;;;;;
./datasets/English//english_12;punnigram;0;1.40908;;;;;
./datasets/English//english_13;punnigram;0;1.40908;;;;;
./datasets/English//english_14;punnigram;0;1.40908;;;;;
./datasets/English//english_15;punnigram;0;1.40908;;;;;
./datasets/English//english_16;punnigram;0;1.40908;;;;;
./datasets/English//english_17;punnigram;0;1.40908;;;;;
./datasets/English//english_18;punnigram;0;1.40908;;;;;
./datasets/English//english_19;punnigram;0;1.40908;;;;;
./datasets/English//english_00;imminution;0;1.47892;;;;;
./datasets/English//english_01;imminution;0;1.47892;;;;;
./datasets/English//english_02;imminution;0;1.47892;;;;;
./datasets/English//english_03;imminution;0;1.47892;;;;;
./datasets/English//english_04;imminution;0;1.47892;;;;;
./datasets/English//english_05;imminution;0;1.47892;;;;;
./datasets/English//english_06;imminution;0;1.47892;;;;;
./datasets/English//english_07;imminution;0;1.47892;;;;;
./datasets/English//english_08;imminution;0;1.47892;;;;;
./datasets/English//english_09;imminution;0;1.47892;;;;;
./datasets/English//english_10;imminution;0;1.47892;;;;;
./datasets/English//english_11;imminution;0;1.47892;;;;;
./datasets/English//english_12;imminution;0;1.47892;;;;;
./datasets/English//english_13;imminution;0;1.47892;;;;;
./datasets/English//english_14;imminution;0;1.47892;;;;;
./datasets/English//english_15;imminution;0;1.47892;;;;;
./datasets/English//english_16;imminution;0;1.47892;;;;;
./datasets/English//english_17;imminution;0;1.47892;;;;;
./datasets/English//english_18;imminution;0;1.47892;;;;;
./datasets/English//english_19;imminution;0;1.47892;;;;;
./datasets/English//english_00;environmental;0;1.35777;;;;;
./datasets/English//english_01;environmental;0;1.35777;;;;;
./datasets/English//english_02;environmental;0;1.35777;;;;;
./datasets/English//english_03;environmental;0;1.35777;;;;;
./datasets/English//english_04;environmental;0;1.35777;;;;;
./datasets/English//english_05;environmental;0;1.35777;;;;;
./datasets/English//english_06;environmental;0;1.35777;;;;;
./datasets/English//english_07;environmental;0;1.35777;;;;;
./datasets/English//english_08;environmental;0;1.35777;;;;;
./datasets/English//english_09;environmental;0;1.35777;;;;;
./datasets/English//english_10;environmental;0;1.35777;;;;;
./datasets/English//english_11;environmental;0;1.35777;;;;;
./datasets/English//english_12;environmental;0;1.35777;;;;;
./datasets/English//english_13;environmental;0;1.35777;;;;;
./datasets/English//english_14;environmental;0;1.35777;;;;;
./datasets/English//english_15;environmental;0;1.35777;;;;;
./datasets/English//english_16;environmental;0;1.35777;;;;;
./datasets/English//english_17;environmental;0;1.35777;;;;;
./datasets/English//english_18;environmental;0;1.35777;;;;;
./datasets/English//english_19;environmental;0;1.35777;;;;;
./datasets/English//english_00;sleepify;0;1.47387;;;;;
./datasets/English//english_01;sleepify;0;1.47387;;;;;
./datasets/English//english_02;sleepify;0;1.47387;;;;;
./datasets/English//english_03;sleepify;0;1.47387;;;;;
./datasets/English//english_04;sleepify;0;1.47387;;;;;
./datasets/English//english_05;sleepify;0;1.47387;;;;;
./datasets/English//english_06;sleepify;0;1.47387;;;;;
./datasets/English//english_07;sleepify;0;1.47387;;;;;
./datasets/English//english_08;sleepify;0;1.47387;;;;;
./datasets/English//english_09;sleepify;0;1.47387;;;;;
./datasets/English//english_10;sleepify;0;1.47387;;;;;
./datasets/English//english_11;sleepify;0;1.47387;;;;;
./datasets/English//english_12;sleepify;0;1.47387;;;;;
./datasets/English//english_13;sleepify;0;1.47387;;;;;
./datasets/English//english_14;sleepify;0;1.47387;;;;;
./datasets/English//english_15;sleepify;0;1.47387;;;;;
./datasets/English//english_16;sleepify;0;1.47387;;;;;
./datasets/English//english_17;sleepify;0;1.47387;;;;;
./datasets/English//english_18;sleepify;0;1.47387;;;;;
./datasets/English//english_19;sleepify;0;1.47387;;;;;
./datasets/English//english_00;nope;1;1.72215;;;;;
./datasets/English//english_01;nope;2;1.72215;;;;;
./datasets/English//english_02;nope;2;1.72215;;;;;
./datasets/English//english_03;nope;3;1.72215;;;;;
./datasets/English//english_04;nope;2;1.72215;;;;;
./datasets/English//english_05;nope;1;1.72215;;;;;
./datasets/English//english_06;nope;3;1.72215;;;;;
./datasets/English//english_07;nope;1;1.72215;;;;;
./datasets/English//english_08;nope;1;1.72215;;;;;
./datasets/English//english_09;nope;2;1.72215;;;;;
./datasets/English//english_10;nope;1;1.72215;;;;;
./datasets/English//english_11;nope;4;1.72215;;;;;
./datasets/English//english_12;nope;1;1.72215;;;;;
./datasets/English//english_13;nope;3;1.72215;;;;;
./datasets/English//english_14;nope;7;1.72215;;;;;
./datasets/English//english_15;nope;3;1.72215;;;;;
./datasets/English//english_16;nope;4;1.72215;;;;;
./datasets/English//english_17;nope;3;1.72215;;;;;
./datasets/English//english_18;nope;0;1.72215;;;;;
./datasets/English//english_19;nope;0;1.72215;;;;;
./datasets/English//english_00;wauken;0;1.53717;;;;;
./datasets/English//english_01;wauken;0;1.53717;;;;;
./datasets/English//english_02;wauken;0;1.53717;;;;;
./datasets/English//english_03;wauken;0;1.53717;;;;;
./datasets/English//english_04;wauken;0;1.53717;;;;;
./datasets/English//english_05;wauken;1;1.53717;;;;;
./datasets/English//english_06;wauken;0;1.53717;;;;;
./datasets/English//english_07;wauken;0;1.53717;;;;;
./datasets/English//english_08;wauken;0;1.53717;;;;;
./datasets/English//english_09;wauken;0;1.53717;;;;;
./datasets/English//english_10;wauken;0;1.53717;;;;;
./datasets/English//english_11;wauken;0;1.53717;;;;;
./datasets/English//english_12;wauken;0;1.53717;;;;;
./datasets/English//english_13;wauken;0;1.53717;;;;;
./datasets/English//english_14;wauken;0;1.53717;;;;;
./datasets/English//english_15;wauken;0;1.53717;;;;;
./datasets/English//english_16;wauken;0;1.53717;;;;;
./datasets/English//english_17;wauken;0;1.53717;;;;;
./datasets/English//english_18;wauken;0;1.53717;;;;;
./datasets/English//english_19;wauken;0;1.53717;;;;;
./datasets/English//english_00;indignance;0;1.42916;;;;;
./datasets/English//english_01;indignance;0;1.42916;;;;;
./datasets/English//english_02;indignance;0;1.42916;;;;;
./datasets/English//english_03;indignance;0;1.42916;;;;;
./datasets/English//english_04;indignance;0;1.42916;;;;;
./datasets/English//english_05;indignance;0;1.42916;;;;;
./datasets/English//english_06;indignance;0;1.42916;;;;;
./datasets/English//english_07;indignance;0;1.42916;;;;;
./datasets/English//english_08;indignance;0;1.42916;;;;;
./datasets/English//english_09;indignance;0;1.42916;;;;;
./datasets/English//english_10;indignance;0;1.42916;;;;;
./datasets/English//english_11;indignance;0;1.42916;;;;;
./datasets/English//english_12;indignance;0;1.42916;;;;;
./datasets/English//english_13;indignance;0;1.42916;;;;;
./datasets/English//english_14;indignance;0;1.42916;;;;;
./datasets/English//english_15;indignance;0;1.42916;;;;;
./datasets/English//english_16;indignance;0;1.42916;;;;;
./datasets/English//english_17;indignance;0;1.42916;;;;;
./datasets/English//english_18;indignance;0;1.42916;;;;;
./datasets/English//english_19;indignance;0;1.42916;;;;;
./datasets/English//english_00;knotwort;0;1.42474;;;;;
./datasets/English//english_01;knotwort;0;1.42474;;;;;
./datasets/English//english_02;knotwort;0;1.42474;;;;;
./datasets/English//english_03;knotwort;0;1.42474;;;;;
./datasets/English//english_04;knotwort;0;1.42474;;;;;
./datasets/English//english_05;knotwort;0;1.42474;;;;;
./datasets/English//english_06;knotwort;0;1.42474;;;;;
./datasets/English//english_07;knotwort;0;1.42474;;;;;
./datasets/English//english_08;knotwort;0;1.42474;;;;;
./datasets/English//english_09;knotwort;0;1.42474;;;;;
./datasets/English//english_10;knotwort;0;1.42474;;;;;
./datasets/English//english_11;knotwort;0;1.42474;;;;;
./datasets/English//english_12;knotwort;0;1.42474;;;;;
./datasets/English//english_13;knotwort;0;1.42474;;;;;
./datasets/English//english_14;knotwort;0;1.42474;;;;;
./datasets/English//english_15;knotwort;0;1.42474;;;;;
./datasets/English//english_16;knotwort;0;1.42474;;;;;
./datasets/English//english_17;knotwort;0;1.42474;;;;;
./datasets/English//english_18;knotwort;0;1.42474;;;;;
./datasets/English//english_19;knotwort;0;1.42474;;;;;
./datasets/English//english_00;apocodeine;0;1.37208;;;;;
./datasets/English//english_01;apocodeine;0;1.37208;;;;;
./datasets/English//english_02;apocodeine;0;1.37208;;;;;
./datasets/English//english_03;apocodeine;0;1.37208;;;;;
./datasets/English//english_04;apocodeine;0;1.37208;;;;;
./datasets/English//english_05;apocodeine;0;1.37208;;;;;
./datasets/English//english_06;apocodeine;0;1.37208;;;;;
./datasets/English//english_07;apocodeine;0;1.37208;;;;;
./datasets/English//english_08;apocodeine;0;1.37208;;;;;
./datasets/English//english_09;apocodeine;0;1.37208;;;;;
./datasets/English//english_10;apocodeine;0;1.37208;;;;;
./datasets/English//english_11;apocodeine;0;1.37208;;;;;
./datasets/English//english_12;apocodeine;0;1.37208;;;;;
./datasets/English//english_13;apocodeine;0;1.37208;;;;;
./datasets/English//english_14;apocodeine;0;1.37208;;;;;
./datasets/English//english_15;apocodeine;0;1.37208;;;;;
./datasets/English//english_16;apocodeine;0;1.37208;;;;;
./datasets/English//english_17;apocodeine;0;1.37208;;;;;
./datasets/English//english_18;apocodeine;0;1.37208;;;;;
./datasets/English//english_19;apocodeine;0;1.37208;;;;;
./datasets/English//english_00;escortee;0;1.4432;;;;;
./datasets/English//english_01;escortee;0;1.4432;;;;;
./datasets/English//english_02;escortee;0;1.4432;;;;;
./datasets/English//english_03;escortee;0;1.4432;;;;;
./datasets/English//english_04;escortee;0;1.4432;;;;;
./datasets/English//english_05;escortee;0;1.4432;;;;;
./datasets/English//english_06;escortee;0;1.4432;;;;;
./datasets/English//english_07;escortee;0;1.4432;;;;;
./datasets/English//english_08;escortee;0;1.4432;;;;;
./datasets/English//english_09;escortee;0;1.4432;;;;;
./datasets/English//english_10;escortee;0;1.4432;;;;;
./datasets/English//english_11;escortee;0;1.4432;;;;;
./datasets/English//english_12;escortee;0;1.4432;;;;;
./datasets/English//english_13;escortee;0;1.4432;;;;;
./datasets/English//english_14;escortee;0;1.4432;;;;;
./datasets/English//english_15;escortee;0;1.4432;;;;;
./datasets/English//english_16;escortee;0;1.4432;;;;;
./datasets/English//english_17;escortee;0;1.4432;;;;;
./datasets/English//english_18;escortee;0;1.4432;;;;;
./datasets/English//english_19;escortee;0;1.4432;;;;;
./datasets/English//english_00;dogwatch;0;1.42568;;;;;
./datasets/English//english_01;dogwatch;0;1.42568;;;;;
./datasets/English//english_02;dogwatch;0;1.42568;;;;;
./datasets/English//english_03;dogwatch;0;1.42568;;;;;
./datasets/English//english_04;dogwatch;0;1.42568;;;;;
./datasets/English//english_05;dogwatch;0;1.42568;;;;;
./datasets/English//english_06;dogwatch;0;1.42568;;;;;
./datasets/English//english_07;dogwatch;0;1.42568;;;;;
./datasets/English//english_08;dogwatch;0;1.42568;;;;;
./datasets/English//english_09;dogwatch;0;1.42568;;;;;
./datasets/English//english_10;dogwatch;0;1.42568;;;;;
./datasets/English//english_11;dogwatch;0;1.42568;;;;;
./datasets/English//english_12;dogwatch;0;1.42568;;;;;
./datasets/English//english_13;dogwatch;0;1.42568;;;;;
./datasets/English//english_14;dogwatch;0;1.42568;;;;;
./datasets/English//english_15;dogwatch;0;1.42568;;;;;
./datasets/English//english_16;dogwatch;0;1.42568;;;;;
./datasets/English//english_17;dogwatch;0;1.42568;;;;;
./datasets/English//english_18;dogwatch;0;1.42568;;;;;
./datasets/English//english_19;dogwatch;0;1.42568;;;;;
./datasets/English//english_00;eaglewood;0;1.46744;;;;;
./datasets/English//english_01;eaglewood;0;1.46744;;;;;
./datasets/English//english_02;eaglewood;0;1.46744;;;;;
./datasets/English//english_03;eaglewood;0;1.46744;;;;;
./datasets/English//english_04;eaglewood;0;1.46744;;;;;
./datasets/English//english_05;eaglewood;0;1.46744;;;;;
./datasets/English//english_06;eaglewood;0;1.46744;;;;;
./datasets/English//english_07;eaglewood;0;1.46744;;;;;
./datasets/English//english_08;eaglewood;0;1.46744;;;;;
./datasets/English//english_09;eaglewood;0;1.46744;;;;;
./datasets/English//english_10;eaglewood;0;1.46744;;;;;
./datasets/English//english_11;eaglewood;0;1.46744;;;;;
./datasets/English//english_12;eaglewood;0;1.46744;;;;;
./datasets/English//english_13;eaglewood;0;1.46744;;;;;
./datasets/English//english_14;eaglewood;0;1.46744;;;;;
./datasets/English//english_15;eaglewood;0;1.46744;;;;;
./datasets/English//english_16;eaglewood;0;1.46744;;;;;
./datasets/English//english_17;eaglewood;0;1.46744;;;;;
./datasets/English//english_18;eaglewood;0;1.46744;;;;;
./datasets/English//english_19;eaglewood;0;1.46744;;;;;
./datasets/English//english_00;unbrotherliness;0;1.34077;;;;;
./datasets/English//english_01;unbrotherliness;0;1.34077;;;;;
./datasets/English//english_02;unbrotherliness;0;1.34077;;;;;
./datasets/English//english_03;unbrotherliness;0;1.34077;;;;;
./datasets/English//english_04;unbrotherliness;0;1.34077;;;;;
./datasets/English//english_05;unbrotherliness;0;1.34077;;;;;
./datasets/English//english_06;unbrotherliness;0;1.34077;;;;;
./datasets/English//english_07;unbrotherliness;0;1.34077;;;;;
./datasets/English//english_08;unbrotherliness;0;1.34077;;;;;
./datasets/English//english_09;unbrotherliness;0;1.34077;;;;;
./datasets/English//english_10;unbrotherliness;0;1.34077;;;;;
./datasets/English//english_11;unbrotherliness;0;1.34077;;;;;
./datasets/English//english_12;unbrotherliness;0;1.34077;;;;;
./datasets/English//english_13;unbrotherliness;0;1.34077;;;;;
./datasets/English//english_14;unbrotherliness;0;1.34077;;;;;
./datasets/English//english_15;unbrotherliness;0;1.34077;;;;;
./datasets/English//english_16;unbrotherliness;0;1.34077;;;;;
./datasets/English//english_17;unbrotherliness;0;1.34077;;;;;
./datasets/English//english_18;unbrotherliness;0;1.34077;;;;;
./datasets/English//english_19;unbrotherliness;0;1.34077;;;;;
./datasets/English//english_00;mulse;0;1.62317;;;;;
./datasets/English//english_01;mulse;0;1.62317;;;;;
./datasets/English//english_02;mulse;0;1.62317;;;;;
./datasets/English//english_03;mulse;0;1.62317;;;;;
./datasets/English//english_04;mulse;0;1.62317;;;;;
./datasets/English//english_05;mulse;0;1.62317;;;;;
./datasets/English//english_06;mulse;0;1.62317;;;;;
./datasets/English//english_07;mulse;0;1.62317;;;;;
./datasets/English//english_08;mulse;0;1.62317;;;;;
./datasets/English//english_09;mulse;0;1.62317;;;;;
./datasets/English//english_10;mulse;0;1.62317;;;;;
./datasets/English//english_11;mulse;0;1.62317;;;;;
./datasets/English//english_12;mulse;0;1.62317;;;;;
./datasets/English//english_13;mulse;0;1.62317;;;;;
./datasets/English//english_14;mulse;0;1.62317;;;;;
./datasets/English//english_15;mulse;0;1.62317;;;;;
./datasets/English//english_16;mulse;0;1.62317;;;;;
./datasets/English//english_17;mulse;0;1.62317;;;;;
./datasets/English//english_18;mulse;0;1.62317;;;;;
./datasets/English//english_19;mulse;0;1.62317;;;;;
./datasets/English//english_00;dermobranchiata;0;1.29232;;;;;
./datasets/English//english_01;dermobranchiata;0;1.29232;;;;;
./datasets/English//english_02;dermobranchiata;0;1.29232;;;;;
./datasets/English//english_03;dermobranchiata;0;1.29232;;;;;
./datasets/English//english_04;dermobranchiata;0;1.29232;;;;;
./datasets/English//english_05;dermobranchiata;0;1.29232;;;;;
./datasets/English//english_06;dermobranchiata;0;1.29232;;;;;
./datasets/English//english_07;dermobranchiata;0;1.29232;;;;;
./datasets/English//english_08;dermobranchiata;0;1.29232;;;;;
./datasets/English//english_09;dermobranchiata;0;1.29232;;;;;
./datasets/English//english_10;dermobranchiata;0;1.29232;;;;;
./datasets/English//english_11;dermobranchiata;0;1.29232;;;;;
./datasets/English//english_12;dermobranchiata;0;1.29232;;;;;
./datasets/English//english_13;dermobranchiata;0;1.29232;;;;;
./datasets/English//english_14;dermobranchiata;0;1.29232;;;;;
./datasets/English//english_15;dermobranchiata;0;1.29232;;;;;
./datasets/English//english_16;dermobranchiata;0;1.29232;;;;;
./datasets/English//english_17;dermobranchiata;0;1.29232;;;;;
./datasets/English//english_18;dermobranchiata;0;1.29232;;;;;
./datasets/English//english_19;dermobranchiata;0;1.29232;;;;;
./datasets/English//english_00;typhic;0;1.50361;;;;;
./datasets/English//english_01;typhic;0;1.50361;;;;;
./datasets/English//english_02;typhic;0;1.50361;;;;;
./datasets/English//english_03;typhic;0;1.50361;;;;;
./datasets/English//english_04;typhic;0;1.50361;;;;;
./datasets/English//english_05;typhic;0;1.50361;;;;;
./datasets/English//english_06;typhic;0;1.50361;;;;;
./datasets/English//english_07;typhic;0;1.50361;;;;;
./datasets/English//english_08;typhic;0;1.50361;;;;;
./datasets/English//english_09;typhic;0;1.50361;;;;;
./datasets/English//english_10;typhic;0;1.50361;;;;;
./datasets/English//english_11;typhic;0;1.50361;;;;;
./datasets/English//english_12;typhic;0;1.50361;;;;;
./datasets/English//english_13;typhic;0;1.50361;;;;;
./datasets/English//english_14;typhic;0;1.50361;;;;;
./datasets/English//english_15;typhic;0;1.50361;;;;;
./datasets/English//english_16;typhic;0;1.50361;;;;;
./datasets/English//english_17;typhic;0;1.50361;;;;;
./datasets/English//english_18;typhic;0;1.50361;;;;;
./datasets/English//english_19;typhic;0;1.50361;;;;;
./datasets/English//english_00;poststertorous;0;1.31002;;;;;
./datasets/English//english_01;poststertorous;0;1.31002;;;;;
./datasets/English//english_02;poststertorous;0;1.31002;;;;;
./datasets/English//english_03;poststertorous;0;1.31002;;;;;
./datasets/English//english_04;poststertorous;0;1.31002;;;;;
./datasets/English//english_05;poststertorous;0;1.31002;;;;;
./datasets/English//english_06;poststertorous;0;1.31002;;;;;
./datasets/English//english_07;poststertorous;0;1.31002;;;;;
./datasets/English//english_08;poststertorous;0;1.31002;;;;;
./datasets/English//english_09;poststertorous;0;1.31002;;;;;
./datasets/English//english_10;poststertorous;0;1.31002;;;;;
./datasets/English//english_11;poststertorous;0;1.31002;;;;;
./datasets/English//english_12;poststertorous;0;1.31002;;;;;
./datasets/English//english_13;poststertorous;0;1.31002;;;;;
./datasets/English//english_14;poststertorous;0;1.31002;;;;;
./datasets/English//english_15;poststertorous;0;1.31002;;;;;
./datasets/English//english_16;poststertorous;0;1.31002;;;;;
./datasets/English//english_17;poststertorous;0;1.31002;;;;;
./datasets/English//english_18;poststertorous;0;1.31002;;;;;
./datasets/English//english_19;poststertorous;0;1.31002;;;;;
./datasets/English//english_00;indevout;0;1.4152;;;;;
./datasets/English//english_01;indevout;0;1.4152;;;;;
./datasets/English//english_02;indevout;0;1.4152;;;;;
./datasets/English//english_03;indevout;0;1.4152;;;;;
./datasets/English//english_04;indevout;0;1.4152;;;;;
./datasets/English//english_05;indevout;0;1.4152;;;;;
./datasets/English//english_06;indevout;0;1.4152;;;;;
./datasets/English//english_07;indevout;0;1.4152;;;;;
./datasets/English//english_08;indevout;0;1.4152;;;;;
./datasets/English//english_09;indevout;0;1.4152;;;;;
./datasets/English//english_10;indevout;0;1.4152;;;;;
./datasets/English//english_11;indevout;0;1.4152;;;;;
./datasets/English//english_12;indevout;0;1.4152;;;;;
./datasets/English//english_13;indevout;0;1.4152;;;;;
./datasets/English//english_14;indevout;0;1.4152;;;;;
./datasets/English//english_15;indevout;0;1.4152;;;;;
./datasets/English//english_16;indevout;0;1.4152;;;;;
./datasets/English//english_17;indevout;0;1.4152;;;;;
./datasets/English//english_18;indevout;0;1.4152;;;;;
./datasets/English//english_19;indevout;0;1.4152;;;;;
./datasets/English//english_00;anatomicopathologic;0;1.24702;;;;;
./datasets/English//english_01;anatomicopathologic;0;1.24702;;;;;
./datasets/English//english_02;anatomicopathologic;0;1.24702;;;;;
./datasets/English//english_03;anatomicopathologic;0;1.24702;;;;;
./datasets/English//english_04;anatomicopathologic;0;1.24702;;;;;
./datasets/English//english_05;anatomicopathologic;0;1.24702;;;;;
./datasets/English//english_06;anatomicopathologic;0;1.24702;;;;;
./datasets/English//english_07;anatomicopathologic;0;1.24702;;;;;
./datasets/English//english_08;anatomicopathologic;0;1.24702;;;;;
./datasets/English//english_09;anatomicopathologic;0;1.24702;;;;;
./datasets/English//english_10;anatomicopathologic;0;1.24702;;;;;
./datasets/English//english_11;anatomicopathologic;0;1.24702;;;;;
./datasets/English//english_12;anatomicopathologic;0;1.24702;;;;;
./datasets/English//english_13;anatomicopathologic;0;1.24702;;;;;
./datasets/English//english_14;anatomicopathologic;0;1.24702;;;;;
./datasets/English//english_15;anatomicopathologic;0;1.24702;;;;;
./datasets/English//english_16;anatomicopathologic;0;1.24702;;;;;
./datasets/English//english_17;anatomicopathologic;0;1.24702;;;;;
./datasets/English//english_18;anatomicopathologic;0;1.24702;;;;;
./datasets/English//english_19;anatomicopathologic;0;1.24702;;;;;
./datasets/English//english_00;unimpenetrable;0;1.45612;;;;;
./datasets/English//english_01;unimpenetrable;0;1.45612;;;;;
./datasets/English//english_02;unimpenetrable;0;1.45612;;;;;
./datasets/English//english_03;unimpenetrable;0;1.45612;;;;;
./datasets/English//english_04;unimpenetrable;0;1.45612;;;;;
./datasets/English//english_05;unimpenetrable;0;1.45612;;;;;
./datasets/English//english_06;unimpenetrable;0;1.45612;;;;;
./datasets/English//english_07;unimpenetrable;0;1.45612;;;;;
./datasets/English//english_08;unimpenetrable;0;1.45612;;;;;
./datasets/English//english_09;unimpenetrable;0;1.45612;;;;;
./datasets/English//english_10;unimpenetrable;0;1.45612;;;;;
./datasets/English//english_11;unimpenetrable;0;1.45612;;;;;
./datasets/English//english_12;unimpenetrable;0;1.45612;;;;;
./datasets/English//english_13;unimpenetrable;0;1.45612;;;;;
./datasets/English//english_14;unimpenetrable;0;1.45612;;;;;
./datasets/English//english_15;unimpenetrable;0;1.45612;;;;;
./datasets/English//english_16;unimpenetrable;0;1.45612;;;;;
./datasets/English//english_17;unimpenetrable;0;1.45612;;;;;
./datasets/English//english_18;unimpenetrable;0;1.45612;;;;;
./datasets/English//english_19;unimpenetrable;0;1.45612;;;;;
./datasets/English//english_00;hoggy;0;1.53667;;;;;
./datasets/English//english_01;hoggy;0;1.53667;;;;;
./datasets/English//english_02;hoggy;0;1.53667;;;;;
./datasets/English//english_03;hoggy;0;1.53667;;;;;
./datasets/English//english_04;hoggy;0;1.53667;;;;;
./datasets/English//english_05;hoggy;0;1.53667;;;;;
./datasets/English//english_06;hoggy;0;1.53667;;;;;
./datasets/English//english_07;hoggy;0;1.53667;;;;;
./datasets/English//english_08;hoggy;0;1.53667;;;;;
./datasets/English//english_09;hoggy;0;1.53667;;;;;
./datasets/English//english_10;hoggy;0;1.53667;;;;;
./datasets/English//english_11;hoggy;0;1.53667;;;;;
./datasets/English//english_12;hoggy;0;1.53667;;;;;
./datasets/English//english_13;hoggy;0;1.53667;;;;;
./datasets/English//english_14;hoggy;0;1.53667;;;;;
./datasets/English//english_15;hoggy;0;1.53667;;;;;
./datasets/English//english_16;hoggy;0;1.53667;;;;;
./datasets/English//english_17;hoggy;0;1.53667;;;;;
./datasets/English//english_18;hoggy;0;1.53667;;;;;
./datasets/English//english_19;hoggy;0;1.53667;;;;;
./datasets/English//english_00;urrhodin;0;1.59178;;;;;
./datasets/English//english_01;urrhodin;0;1.59178;;;;;
./datasets/English//english_02;urrhodin;0;1.59178;;;;;
./datasets/English//english_03;urrhodin;0;1.59178;;;;;
./datasets/English//english_04;urrhodin;0;1.59178;;;;;
./datasets/English//english_05;urrhodin;0;1.59178;;;;;
./datasets/English//english_06;urrhodin;0;1.59178;;;;;
./datasets/English//english_07;urrhodin;0;1.59178;;;;;
./datasets/English//english_08;urrhodin;0;1.59178;;;;;
./datasets/English//english_09;urrhodin;0;1.59178;;;;;
./datasets/English//english_10;urrhodin;0;1.59178;;;;;
./datasets/English//english_11;urrhodin;0;1.59178;;;;;
./datasets/English//english_12;urrhodin;0;1.59178;;;;;
./datasets/English//english_13;urrhodin;0;1.59178;;;;;
./datasets/English//english_14;urrhodin;0;1.59178;;;;;
./datasets/English//english_15;urrhodin;0;1.59178;;;;;
./datasets/English//english_16;urrhodin;0;1.59178;;;;;
./datasets/English//english_17;urrhodin;0;1.59178;;;;;
./datasets/English//english_18;urrhodin;0;1.59178;;;;;
./datasets/English//english_19;urrhodin;0;1.59178;;;;;
./datasets/English//english_00;Dioecia;0;1.51122;;;;;
./datasets/English//english_01;Dioecia;0;1.51122;;;;;
./datasets/English//english_02;Dioecia;0;1.51122;;;;;
./datasets/English//english_03;Dioecia;0;1.51122;;;;;
./datasets/English//english_04;Dioecia;0;1.51122;;;;;
./datasets/English//english_05;Dioecia;0;1.51122;;;;;
./datasets/English//english_06;Dioecia;0;1.51122;;;;;
./datasets/English//english_07;Dioecia;0;1.51122;;;;;
./datasets/English//english_08;Dioecia;0;1.51122;;;;;
./datasets/English//english_09;Dioecia;0;1.51122;;;;;
./datasets/English//english_10;Dioecia;0;1.51122;;;;;
./datasets/English//english_11;Dioecia;0;1.51122;;;;;
./datasets/English//english_12;Dioecia;0;1.51122;;;;;
./datasets/English//english_13;Dioecia;0;1.51122;;;;;
./datasets/English//english_14;Dioecia;0;1.51122;;;;;
./datasets/English//english_15;Dioecia;0;1.51122;;;;;
./datasets/English//english_16;Dioecia;0;1.51122;;;;;
./datasets/English//english_17;Dioecia;0;1.51122;;;;;
./datasets/English//english_18;Dioecia;0;1.51122;;;;;
./datasets/English//english_19;Dioecia;0;1.51122;;;;;
./datasets/English//english_00;unchapter;0;1.44542;;;;;
./datasets/English//english_01;unchapter;0;1.44542;;;;;
./datasets/English//english_02;unchapter;0;1.44542;;;;;
./datasets/English//english_03;unchapter;0;1.44542;;;;;
./datasets/English//english_04;unchapter;0;1.44542;;;;;
./datasets/English//english_05;unchapter;0;1.44542;;;;;
./datasets/English//english_06;unchapter;0;1.44542;;;;;
./datasets/English//english_07;unchapter;0;1.44542;;;;;
./datasets/English//english_08;unchapter;0;1.44542;;;;;
./datasets/English//english_09;unchapter;0;1.44542;;;;;
./datasets/English//english_10;unchapter;0;1.44542;;;;;
./datasets/English//english_11;unchapter;0;1.44542;;;;;
./datasets/English//english_12;unchapter;0;1.44542;;;;;
./datasets/English//english_13;unchapter;0;1.44542;;;;;
./datasets/English//english_14;unchapter;0;1.44542;;;;;
./datasets/English//english_15;unchapter;0;1.44542;;;;;
./datasets/English//english_16;unchapter;0;1.44542;;;;;
./datasets/English//english_17;unchapter;0;1.44542;;;;;
./datasets/English//english_18;unchapter;0;1.44542;;;;;
./datasets/English//english_19;unchapter;0;1.44542;;;;;
./datasets/English//english_00;nonumbilicate;0;1.34331;;;;;
./datasets/English//english_01;nonumbilicate;0;1.34331;;;;;
./datasets/English//english_02;nonumbilicate;0;1.34331;;;;;
./datasets/English//english_03;nonumbilicate;0;1.34331;;;;;
./datasets/English//english_04;nonumbilicate;0;1.34331;;;;;
./datasets/English//english_05;nonumbilicate;0;1.34331;;;;;
./datasets/English//english_06;nonumbilicate;0;1.34331;;;;;
./datasets/English//english_07;nonumbilicate;0;1.34331;;;;;
./datasets/English//english_08;nonumbilicate;0;1.34331;;;;;
./datasets/English//english_09;nonumbilicate;0;1.34331;;;;;
./datasets/English//english_10;nonumbilicate;0;1.34331;;;;;
./datasets/English//english_11;nonumbilicate;0;1.34331;;;;;
./datasets/English//english_12;nonumbilicate;0;1.34331;;;;;
./datasets/English//english_13;nonumbilicate;0;1.34331;;;;;
./datasets/English//english_14;nonumbilicate;0;1.34331;;;;;
./datasets/English//english_15;nonumbilicate;0;1.34331;;;;;
./datasets/English//english_16;nonumbilicate;0;1.34331;;;;;
./datasets/English//english_17;nonumbilicate;0;1.34331;;;;;
./datasets/English//english_18;nonumbilicate;0;1.34331;;;;;
./datasets/English//english_19;nonumbilicate;0;1.34331;;;;;
./datasets/English//english_00;zwitterionic;0;1.33185;;;;;
./datasets/English//english_01;zwitterionic;0;1.33185;;;;;
./datasets/English//english_02;zwitterionic;0;1.33185;;;;;
./datasets/English//english_03;zwitterionic;0;1.33185;;;;;
./datasets/English//english_04;zwitterionic;0;1.33185;;;;;
./datasets/English//english_05;zwitterionic;0;1.33185;;;;;
./datasets/English//english_06;zwitterionic;0;1.33185;;;;;
./datasets/English//english_07;zwitterionic;0;1.33185;;;;;
./datasets/English//english_08;zwitterionic;0;1.33185;;;;;
./datasets/English//english_09;zwitterionic;0;1.33185;;;;;
./datasets/English//english_10;zwitterionic;0;1.33185;;;;;
./datasets/English//english_11;zwitterionic;0;1.33185;;;;;
./datasets/English//english_12;zwitterionic;0;1.33185;;;;;
./datasets/English//english_13;zwitterionic;0;1.33185;;;;;
./datasets/English//english_14;zwitterionic;0;1.33185;;;;;
./datasets/English//english_15;zwitterionic;0;1.33185;;;;;
./datasets/English//english_16;zwitterionic;0;1.33185;;;;;
./datasets/English//english_17;zwitterionic;0;1.33185;;;;;
./datasets/English//english_18;zwitterionic;0;1.33185;;;;;
./datasets/English//english_19;zwitterionic;0;1.33185;;;;;
./datasets/English//english_00;apportionable;0;1.32378;;;;;
./datasets/English//english_01;apportionable;0;1.32378;;;;;
./datasets/English//english_02;apportionable;0;1.32378;;;;;
./datasets/English//english_03;apportionable;0;1.32378;;;;;
./datasets/English//english_04;apportionable;0;1.32378;;;;;
./datasets/English//english_05;apportionable;0;1.32378;;;;;
./datasets/English//english_06;apportionable;0;1.32378;;;;;
./datasets/English//english_07;apportionable;0;1.32378;;;;;
./datasets/English//english_08;apportionable;0;1.32378;;;;;
./datasets/English//english_09;apportionable;0;1.32378;;;;;
./datasets/English//english_10;apportionable;0;1.32378;;;;;
./datasets/English//english_11;apportionable;0;1.32378;;;;;
./datasets/English//english_12;apportionable;0;1.32378;;;;;
./datasets/English//english_13;apportionable;0;1.32378;;;;;
./datasets/English//english_14;apportionable;0;1.32378;;;;;
./datasets/English//english_15;apportionable;0;1.32378;;;;;
./datasets/English//english_16;apportionable;0;1.32378;;;;;
./datasets/English//english_17;apportionable;0;1.32378;;;;;
./datasets/English//english_18;apportionable;0;1.32378;;;;;
./datasets/English//english_19;apportionable;0;1.32378;;;;;
./datasets/English//english_00;ferulic;0;1.46199;;;;;
./datasets/English//english_01;ferulic;0;1.46199;;;;;
./datasets/English//english_02;ferulic;0;1.46199;;;;;
./datasets/English//english_03;ferulic;0;1.46199;;;;;
./datasets/English//english_04;ferulic;0;1.46199;;;;;
./datasets/English//english_05;ferulic;0;1.46199;;;;;
./datasets/English//english_06;ferulic;0;1.46199;;;;;
./datasets/English//english_07;ferulic;0;1.46199;;;;;
./datasets/English//english_08;ferulic;0;1.46199;;;;;
./datasets/English//english_09;ferulic;0;1.46199;;;;;
./datasets/English//english_10;ferulic;0;1.46199;;;;;
./datasets/English//english_11;ferulic;0;1.46199;;;;;
./datasets/English//english_12;ferulic;0;1.46199;;;;;
./datasets/English//english_13;ferulic;0;1.46199;;;;;
./datasets/English//english_14;ferulic;0;1.46199;;;;;
./datasets/English//english_15;ferulic;0;1.46199;;;;;
./datasets/English//english_16;ferulic;0;1.46199;;;;;
./datasets/English//english_17;ferulic;0;1.46199;;;;;
./datasets/English//english_18;ferulic;0;1.46199;;;;;
./datasets/English//english_19;ferulic;0;1.46199;;;;;
./datasets/English//english_00;statefulness;0;1.32185;;;;;
./datasets/English//english_01;statefulness;0;1.32185;;;;;
./datasets/English//english_02;statefulness;0;1.32185;;;;;
./datasets/English//english_03;statefulness;0;1.32185;;;;;
./datasets/English//english_04;statefulness;0;1.32185;;;;;
./datasets/English//english_05;statefulness;0;1.32185;;;;;
./datasets/English//english_06;statefulness;0;1.32185;;;;;
./datasets/English//english_07;statefulness;0;1.32185;;;;;
./datasets/English//english_08;statefulness;0;1.32185;;;;;
./datasets/English//english_09;statefulness;0;1.32185;;;;;
./datasets/English//english_10;statefulness;0;1.32185;;;;;
./datasets/English//english_11;statefulness;0;1.32185;;;;;
./datasets/English//english_12;statefulness;0;1.32185;;;;;
./datasets/English//english_13;statefulness;0;1.32185;;;;;
./datasets/English//english_14;statefulness;0;1.32185;;;;;
./datasets/English//english_15;statefulness;0;1.32185;;;;;
./datasets/English//english_16;statefulness;0;1.32185;;;;;
./datasets/English//english_17;statefulness;0;1.32185;;;;;
./datasets/English//english_18;statefulness;0;1.32185;;;;;
./datasets/English//english_19;statefulness;0;1.32185;;;;;
./datasets/English//english_00;pharyngotonsillitis;0;1.24044;;;;;
./datasets/English//english_01;pharyngotonsillitis;0;1.24044;;;;;
./datasets/English//english_02;pharyngotonsillitis;0;1.24044;;;;;
./datasets/English//english_03;pharyngotonsillitis;0;1.24044;;;;;
./datasets/English//english_04;pharyngotonsillitis;0;1.24044;;;;;
./datasets/English//english_05;pharyngotonsillitis;0;1.24044;;;;;
./datasets/English//english_06;pharyngotonsillitis;0;1.24044;;;;;
./datasets/English//english_07;pharyngotonsillitis;0;1.24044;;;;;
./datasets/English//english_08;pharyngotonsillitis;0;1.24044;;;;;
./datasets/English//english_09;pharyngotonsillitis;0;1.24044;;;;;
./datasets/English//english_10;pharyngotonsillitis;0;1.24044;;;;;
./datasets/English//english_11;pharyngotonsillitis;0;1.24044;;;;;
./datasets/English//english_12;pharyngotonsillitis;0;1.24044;;;;;
./datasets/English//english_13;pharyngotonsillitis;0;1.24044;;;;;
./datasets/English//english_14;pharyngotonsillitis;0;1.24044;;;;;
./datasets/English//english_15;pharyngotonsillitis;0;1.24044;;;;;
./datasets/English//english_16;pharyngotonsillitis;0;1.24044;;;;;
./datasets/English//english_17;pharyngotonsillitis;0;1.24044;;;;;
./datasets/English//english_18;pharyngotonsillitis;0;1.24044;;;;;
./datasets/English//english_19;pharyngotonsillitis;0;1.24044;;;;;
./datasets/English//english_00;Mimulus;0;1.42836;;;;;
./datasets/English//english_01;Mimulus;0;1.42836;;;;;
./datasets/English//english_02;Mimulus;0;1.42836;;;;;
./datasets/English//english_03;Mimulus;0;1.42836;;;;;
./datasets/English//english_04;Mimulus;0;1.42836;;;;;
./datasets/English//english_05;Mimulus;0;1.42836;;;;;
./datasets/English//english_06;Mimulus;0;1.42836;;;;;
./datasets/English//english_07;Mimulus;0;1.42836;;;;;
./datasets/English//english_08;Mimulus;0;1.42836;;;;;
./datasets/English//english_09;Mimulus;0;1.42836;;;;;
./datasets/English//english_10;Mimulus;0;1.42836;;;;;
./datasets/English//english_11;Mimulus;0;1.42836;;;;;
./datasets/English//english_12;Mimulus;0;1.42836;;;;;
./datasets/English//english_13;Mimulus;0;1.42836;;;;;
./datasets/English//english_14;Mimulus;0;1.42836;;;;;
./datasets/English//english_15;Mimulus;0;1.42836;;;;;
./datasets/English//english_16;Mimulus;0;1.42836;;;;;
./datasets/English//english_17;Mimulus;0;1.42836;;;;;
./datasets/English//english_18;Mimulus;0;1.42836;;;;;
./datasets/English//english_19;Mimulus;0;1.42836;;;;;
./datasets/English//english_00;recce;0;1.57672;;;;;
./datasets/English//english_01;recce;0;1.57672;;;;;
./datasets/English//english_02;recce;0;1.57672;;;;;
./datasets/English//english_03;recce;0;1.57672;;;;;
./datasets/English//english_04;recce;0;1.57672;;;;;
./datasets/English//english_05;recce;0;1.57672;;;;;
./datasets/English//english_06;recce;0;1.57672;;;;;
./datasets/English//english_07;recce;0;1.57672;;;;;
./datasets/English//english_08;recce;0;1.57672;;;;;
./datasets/English//english_09;recce;0;1.57672;;;;;
./datasets/English//english_10;recce;0;1.57672;;;;;
./datasets/English//english_11;recce;0;1.57672;;;;;
./datasets/English//english_12;recce;0;1.57672;;;;;
./datasets/English//english_13;recce;0;1.57672;;;;;
./datasets/English//english_14;recce;0;1.57672;;;;;
./datasets/English//english_15;recce;0;1.57672;;;;;
./datasets/English//english_16;recce;0;1.57672;;;;;
./datasets/English//english_17;recce;0;1.57672;;;;;
./datasets/English//english_18;recce;0;1.57672;;;;;
./datasets/English//english_19;recce;0;1.57672;;;;;
./datasets/English//english_00;mutinously;0;1.38829;;;;;
./datasets/English//english_01;mutinously;0;1.38829;;;;;
./datasets/English//english_02;mutinously;0;1.38829;;;;;
./datasets/English//english_03;mutinously;0;1.38829;;;;;
./datasets/English//english_04;mutinously;0;1.38829;;;;;
./datasets/English//english_05;mutinously;0;1.38829;;;;;
./datasets/English//english_06;mutinously;1;1.38829;;;;;
./datasets/English//english_07;mutinously;0;1.38829;;;;;
./datasets/English//english_08;mutinously;0;1.38829;;;;;
./datasets/English//english_09;mutinously;0;1.38829;;;;;
./datasets/English//english_10;mutinously;0;1.38829;;;;;
./datasets/English//english_11;mutinously;0;1.38829;;;;;
./datasets/English//english_12;mutinously;0;1.38829;;;;;
./datasets/English//english_13;mutinously;0;1.38829;;;;;
./datasets/English//english_14;mutinously;1;1.38829;;;;;
./datasets/English//english_15;mutinously;0;1.38829;;;;;
./datasets/English//english_16;mutinously;0;1.38829;;;;;
./datasets/English//english_17;mutinously;0;1.38829;;;;;
./datasets/English//english_18;mutinously;0;1.38829;;;;;
./datasets/English//english_19;mutinously;0;1.38829;;;;;
./datasets/English//english_00;reboant;0;1.54776;;;;;
./datasets/English//english_01;reboant;0;1.54776;;;;;
./datasets/English//english_02;reboant;0;1.54776;;;;;
./datasets/English//english_03;reboant;0;1.54776;;;;;
./datasets/English//english_04;reboant;0;1.54776;;;;;
./datasets/English//english_05;reboant;0;1.54776;;;;;
./datasets/English//english_06;reboant;0;1.54776;;;;;
./datasets/English//english_07;reboant;0;1.54776;;;;;
./datasets/English//english_08;reboant;0;1.54776;;;;;
./datasets/English//english_09;reboant;0;1.54776;;;;;
./datasets/English//english_10;reboant;0;1.54776;;;;;
./datasets/English//english_11;reboant;0;1.54776;;;;;
./datasets/English//english_12;reboant;0;1.54776;;;;;
./datasets/English//english_13;reboant;0;1.54776;;;;;
./datasets/English//english_14;reboant;0;1.54776;;;;;
./datasets/English//english_15;reboant;0;1.54776;;;;;
./datasets/English//english_16;reboant;0;1.54776;;;;;
./datasets/English//english_17;reboant;0;1.54776;;;;;
./datasets/English//english_18;reboant;0;1.54776;;;;;
./datasets/English//english_19;reboant;0;1.54776;;;;;
./datasets/English//english_00;marshwort;0;1.48506;;;;;
./datasets/English//english_01;marshwort;0;1.48506;;;;;
./datasets/English//english_02;marshwort;0;1.48506;;;;;
./datasets/English//english_03;marshwort;0;1.48506;;;;;
./datasets/English//english_04;marshwort;0;1.48506;;;;;
./datasets/English//english_05;marshwort;0;1.48506;;;;;
./datasets/English//english_06;marshwort;0;1.48506;;;;;
./datasets/English//english_07;marshwort;0;1.48506;;;;;
./datasets/English//english_08;marshwort;0;1.48506;;;;;
./datasets/English//english_09;marshwort;0;1.48506;;;;;
./datasets/English//english_10;marshwort;0;1.48506;;;;;
./datasets/English//english_11;marshwort;0;1.48506;;;;;
./datasets/English//english_12;marshwort;0;1.48506;;;;;
./datasets/English//english_13;marshwort;0;1.48506;;;;;
./datasets/English//english_14;marshwort;0;1.48506;;;;;
./datasets/English//english_15;marshwort;0;1.48506;;;;;
./datasets/English//english_16;marshwort;0;1.48506;;;;;
./datasets/English//english_17;marshwort;0;1.48506;;;;;
./datasets/English//english_18;marshwort;0;1.48506;;;;;
./datasets/English//english_19;marshwort;0;1.48506;;;;;
./datasets/English//english_00;lupoid;0;1.52105;;;;;
./datasets/English//english_01;lupoid;0;1.52105;;;;;
./datasets/English//english_02;lupoid;0;1.52105;;;;;
./datasets/English//english_03;lupoid;0;1.52105;;;;;
./datasets/English//english_04;lupoid;0;1.52105;;;;;
./datasets/English//english_05;lupoid;0;1.52105;;;;;
./datasets/English//english_06;lupoid;0;1.52105;;;;;
./datasets/English//english_07;lupoid;0;1.52105;;;;;
./datasets/English//english_08;lupoid;0;1.52105;;;;;
./datasets/English//english_09;lupoid;0;1.52105;;;;;
./datasets/English//english_10;lupoid;0;1.52105;;;;;
./datasets/English//english_11;lupoid;0;1.52105;;;;;
./datasets/English//english_12;lupoid;0;1.52105;;;;;
./datasets/English//english_13;lupoid;0;1.52105;;;;;
./datasets/English//english_14;lupoid;0;1.52105;;;;;
./datasets/English//english_15;lupoid;0;1.52105;;;;;
./datasets/English//english_16;lupoid;0;1.52105;;;;;
./datasets/English//english_17;lupoid;0;1.52105;;;;;
./datasets/English//english_18;lupoid;0;1.52105;;;;;
./datasets/English//english_19;lupoid;0;1.52105;;;;;
./datasets/English//english_00;chromatophilic;0;1.30272;;;;;
./datasets/English//english_01;chromatophilic;0;1.30272;;;;;
./datasets/English//english_02;chromatophilic;0;1.30272;;;;;
./datasets/English//english_03;chromatophilic;0;1.30272;;;;;
./datasets/English//english_04;chromatophilic;0;1.30272;;;;;
./datasets/English//english_05;chromatophilic;0;1.30272;;;;;
./datasets/English//english_06;chromatophilic;0;1.30272;;;;;
./datasets/English//english_07;chromatophilic;0;1.30272;;;;;
./datasets/English//english_08;chromatophilic;0;1.30272;;;;;
./datasets/English//english_09;chromatophilic;0;1.30272;;;;;
./datasets/English//english_10;chromatophilic;0;1.30272;;;;;
./datasets/English//english_11;chromatophilic;0;1.30272;;;;;
./datasets/English//english_12;chromatophilic;0;1.30272;;;;;
./datasets/English//english_13;chromatophilic;0;1.30272;;;;;
./datasets/English//english_14;chromatophilic;0;1.30272;;;;;
./datasets/English//english_15;chromatophilic;0;1.30272;;;;;
./datasets/English//english_16;chromatophilic;0;1.30272;;;;;
./datasets/English//english_17;chromatophilic;0;1.30272;;;;;
./datasets/English//english_18;chromatophilic;0;1.30272;;;;;
./datasets/English//english_19;chromatophilic;0;1.30272;;;;;
./datasets/English//english_00;lauder;0;1.55843;;;;;
./datasets/English//english_01;lauder;0;1.55843;;;;;
./datasets/English//english_02;lauder;0;1.55843;;;;;
./datasets/English//english_03;lauder;0;1.55843;;;;;
./datasets/English//english_04;lauder;3;1.55843;;;;;
./datasets/English//english_05;lauder;0;1.55843;;;;;
./datasets/English//english_06;lauder;0;1.55843;;;;;
./datasets/English//english_07;lauder;0;1.55843;;;;;
./datasets/English//english_08;lauder;0;1.55843;;;;;
./datasets/English//english_09;lauder;0;1.55843;;;;;
./datasets/English//english_10;lauder;0;1.55843;;;;;
./datasets/English//english_11;lauder;0;1.55843;;;;;
./datasets/English//english_12;lauder;0;1.55843;;;;;
./datasets/English//english_13;lauder;0;1.55843;;;;;
./datasets/English//english_14;lauder;0;1.55843;;;;;
./datasets/English//english_15;lauder;0;1.55843;;;;;
./datasets/English//english_16;lauder;0;1.55843;;;;;
./datasets/English//english_17;lauder;0;1.55843;;;;;
./datasets/English//english_18;lauder;0;1.55843;;;;;
./datasets/English//english_19;lauder;0;1.55843;;;;;
./datasets/English//english_00;nirles;0;1.56605;;;;;
./datasets/English//english_01;nirles;0;1.56605;;;;;
./datasets/English//english_02;nirles;0;1.56605;;;;;
./datasets/English//english_03;nirles;0;1.56605;;;;;
./datasets/English//english_04;nirles;0;1.56605;;;;;
./datasets/English//english_05;nirles;0;1.56605;;;;;
./datasets/English//english_06;nirles;0;1.56605;;;;;
./datasets/English//english_07;nirles;0;1.56605;;;;;
./datasets/English//english_08;nirles;0;1.56605;;;;;
./datasets/English//english_09;nirles;0;1.56605;;;;;
./datasets/English//english_10;nirles;0;1.56605;;;;;
./datasets/English//english_11;nirles;0;1.56605;;;;;
./datasets/English//english_12;nirles;0;1.56605;;;;;
./datasets/English//english_13;nirles;0;1.56605;;;;;
./datasets/English//english_14;nirles;0;1.56605;;;;;
./datasets/English//english_15;nirles;0;1.56605;;;;;
./datasets/English//english_16;nirles;0;1.56605;;;;;
./datasets/English//english_17;nirles;0;1.56605;;;;;
./datasets/English//english_18;nirles;0;1.56605;;;;;
./datasets/English//english_19;nirles;0;1.56605;;;;;
./datasets/English//english_00;esthesiometer;0;1.41296;;;;;
./datasets/English//english_01;esthesiometer;0;1.41296;;;;;
./datasets/English//english_02;esthesiometer;0;1.41296;;;;;
./datasets/English//english_03;esthesiometer;0;1.41296;;;;;
./datasets/English//english_04;esthesiometer;0;1.41296;;;;;
./datasets/English//english_05;esthesiometer;0;1.41296;;;;;
./datasets/English//english_06;esthesiometer;0;1.41296;;;;;
./datasets/English//english_07;esthesiometer;0;1.41296;;;;;
./datasets/English//english_08;esthesiometer;0;1.41296;;;;;
./datasets/English//english_09;esthesiometer;0;1.41296;;;;;
./datasets/English//english_10;esthesiometer;0;1.41296;;;;;
./datasets/English//english_11;esthesiometer;0;1.41296;;;;;
./datasets/English//english_12;esthesiometer;0;1.41296;;;;;
./datasets/English//english_13;esthesiometer;0;1.41296;;;;;
./datasets/English//english_14;esthesiometer;0;1.41296;;;;;
./datasets/English//english_15;esthesiometer;0;1.41296;;;;;
./datasets/English//english_16;esthesiometer;0;1.41296;;;;;
./datasets/English//english_17;esthesiometer;0;1.41296;;;;;
./datasets/English//english_18;esthesiometer;0;1.41296;;;;;
./datasets/English//english_19;esthesiometer;0;1.41296;;;;;
./datasets/English//english_00;semisocial;0;1.37467;;;;;
./datasets/English//english_01;semisocial;0;1.37467;;;;;
./datasets/English//english_02;semisocial;0;1.37467;;;;;
./datasets/English//english_03;semisocial;0;1.37467;;;;;
./datasets/English//english_04;semisocial;0;1.37467;;;;;
./datasets/English//english_05;semisocial;0;1.37467;;;;;
./datasets/English//english_06;semisocial;0;1.37467;;;;;
./datasets/English//english_07;semisocial;0;1.37467;;;;;
./datasets/English//english_08;semisocial;0;1.37467;;;;;
./datasets/English//english_09;semisocial;0;1.37467;;;;;
./datasets/English//english_10;semisocial;0;1.37467;;;;;
./datasets/English//english_11;semisocial;0;1.37467;;;;;
./datasets/English//english_12;semisocial;0;1.37467;;;;;
./datasets/English//english_13;semisocial;0;1.37467;;;;;
./datasets/English//english_14;semisocial;0;1.37467;;;;;
./datasets/English//english_15;semisocial;0;1.37467;;;;;
./datasets/English//english_16;semisocial;0;1.37467;;;;;
./datasets/English//english_17;semisocial;0;1.37467;;;;;
./datasets/English//english_18;semisocial;0;1.37467;;;;;
./datasets/English//english_19;semisocial;0;1.37467;;;;;
./datasets/English//english_00;unbeing;0;1.47437;;;;;
./datasets/English//english_01;unbeing;0;1.47437;;;;;
./datasets/English//english_02;unbeing;0;1.47437;;;;;
./datasets/English//english_03;unbeing;0;1.47437;;;;;
./datasets/English//english_04;unbeing;0;1.47437;;;;;
./datasets/English//english_05;unbeing;0;1.47437;;;;;
./datasets/English//english_06;unbeing;0;1.47437;;;;;
./datasets/English//english_07;unbeing;0;1.47437;;;;;
./datasets/English//english_08;unbeing;0;1.47437;;;;;
./datasets/English//english_09;unbeing;0;1.47437;;;;;
./datasets/English//english_10;unbeing;0;1.47437;;;;;
./datasets/English//english_11;unbeing;0;1.47437;;;;;
./datasets/English//english_12;unbeing;0;1.47437;;;;;
./datasets/English//english_13;unbeing;0;1.47437;;;;;
./datasets/English//english_14;unbeing;0;1.47437;;;;;
./datasets/English//english_15;unbeing;0;1.47437;;;;;
./datasets/English//english_16;unbeing;0;1.47437;;;;;
./datasets/English//english_17;unbeing;0;1.47437;;;;;
./datasets/English//english_18;unbeing;0;1.47437;;;;;
./datasets/English//english_19;unbeing;0;1.47437;;;;;
./datasets/English//english_00;kangaroo;3;1.44528;;;;;
./datasets/English//english_01;kangaroo;0;1.44528;;;;;
./datasets/English//english_02;kangaroo;1;1.44528;;;;;
./datasets/English//english_03;kangaroo;0;1.44528;;;;;
./datasets/English//english_04;kangaroo;0;1.44528;;;;;
./datasets/English//english_05;kangaroo;0;1.44528;;;;;
./datasets/English//english_06;kangaroo;0;1.44528;;;;;
./datasets/English//english_07;kangaroo;0;1.44528;;;;;
./datasets/English//english_08;kangaroo;0;1.44528;;;;;
./datasets/English//english_09;kangaroo;0;1.44528;;;;;
./datasets/English//english_10;kangaroo;0;1.44528;;;;;
./datasets/English//english_11;kangaroo;0;1.44528;;;;;
./datasets/English//english_12;kangaroo;0;1.44528;;;;;
./datasets/English//english_13;kangaroo;0;1.44528;;;;;
./datasets/English//english_14;kangaroo;9;1.44528;;;;;
./datasets/English//english_15;kangaroo;3;1.44528;;;;;
./datasets/English//english_16;kangaroo;0;1.44528;;;;;
./datasets/English//english_17;kangaroo;0;1.44528;;;;;
./datasets/English//english_18;kangaroo;1;1.44528;;;;;
./datasets/English//english_19;kangaroo;0;1.44528;;;;;
./datasets/English//english_00;takosis;0;1.5643;;;;;
./datasets/English//english_01;takosis;0;1.5643;;;;;
./datasets/English//english_02;takosis;0;1.5643;;;;;
./datasets/English//english_03;takosis;0;1.5643;;;;;
./datasets/English//english_04;takosis;0;1.5643;;;;;
./datasets/English//english_05;takosis;0;1.5643;;;;;
./datasets/English//english_06;takosis;0;1.5643;;;;;
./datasets/English//english_07;takosis;0;1.5643;;;;;
./datasets/English//english_08;takosis;0;1.5643;;;;;
./datasets/English//english_09;takosis;0;1.5643;;;;;
./datasets/English//english_10;takosis;0;1.5643;;;;;
./datasets/English//english_11;takosis;0;1.5643;;;;;
./datasets/English//english_12;takosis;0;1.5643;;;;;
./datasets/English//english_13;takosis;0;1.5643;;;;;
./datasets/English//english_14;takosis;0;1.5643;;;;;
./datasets/English//english_15;takosis;0;1.5643;;;;;
./datasets/English//english_16;takosis;0;1.5643;;;;;
./datasets/English//english_17;takosis;0;1.5643;;;;;
./datasets/English//english_18;takosis;0;1.5643;;;;;
./datasets/English//english_19;takosis;0;1.5643;;;;;
./datasets/English//english_00;inconvertibility;0;1.27298;;;;;
./datasets/English//english_01;inconvertibility;0;1.27298;;;;;
./datasets/English//english_02;inconvertibility;0;1.27298;;;;;
./datasets/English//english_03;inconvertibility;0;1.27298;;;;;
./datasets/English//english_04;inconvertibility;0;1.27298;;;;;
./datasets/English//english_05;inconvertibility;0;1.27298;;;;;
./datasets/English//english_06;inconvertibility;0;1.27298;;;;;
./datasets/English//english_07;inconvertibility;0;1.27298;;;;;
./datasets/English//english_08;inconvertibility;0;1.27298;;;;;
./datasets/English//english_09;inconvertibility;0;1.27298;;;;;
./datasets/English//english_10;inconvertibility;0;1.27298;;;;;
./datasets/English//english_11;inconvertibility;0;1.27298;;;;;
./datasets/English//english_12;inconvertibility;0;1.27298;;;;;
./datasets/English//english_13;inconvertibility;0;1.27298;;;;;
./datasets/English//english_14;inconvertibility;0;1.27298;;;;;
./datasets/English//english_15;inconvertibility;0;1.27298;;;;;
./datasets/English//english_16;inconvertibility;0;1.27298;;;;;
./datasets/English//english_17;inconvertibility;0;1.27298;;;;;
./datasets/English//english_18;inconvertibility;0;1.27298;;;;;
./datasets/English//english_19;inconvertibility;0;1.27298;;;;;
./datasets/English//english_00;anesthetist;0;1.36638;;;;;
./datasets/English//english_01;anesthetist;0;1.36638;;;;;
./datasets/English//english_02;anesthetist;0;1.36638;;;;;
./datasets/English//english_03;anesthetist;0;1.36638;;;;;
./datasets/English//english_04;anesthetist;0;1.36638;;;;;
./datasets/English//english_05;anesthetist;0;1.36638;;;;;
./datasets/English//english_06;anesthetist;0;1.36638;;;;;
./datasets/English//english_07;anesthetist;0;1.36638;;;;;
./datasets/English//english_08;anesthetist;0;1.36638;;;;;
./datasets/English//english_09;anesthetist;0;1.36638;;;;;
./datasets/English//english_10;anesthetist;0;1.36638;;;;;
./datasets/English//english_11;anesthetist;0;1.36638;;;;;
./datasets/English//english_12;anesthetist;0;1.36638;;;;;
./datasets/English//english_13;anesthetist;0;1.36638;;;;;
./datasets/English//english_14;anesthetist;0;1.36638;;;;;
./datasets/English//english_15;anesthetist;0;1.36638;;;;;
./datasets/English//english_16;anesthetist;0;1.36638;;;;;
./datasets/English//english_17;anesthetist;0;1.36638;;;;;
./datasets/English//english_18;anesthetist;0;1.36638;;;;;
./datasets/English//english_19;anesthetist;0;1.36638;;;;;
./datasets/English//english_00;rumorproof;0;1.39985;;;;;
./datasets/English//english_01;rumorproof;0;1.39985;;;;;
./datasets/English//english_02;rumorproof;0;1.39985;;;;;
./datasets/English//english_03;rumorproof;0;1.39985;;;;;
./datasets/English//english_04;rumorproof;0;1.39985;;;;;
./datasets/English//english_05;rumorproof;0;1.39985;;;;;
./datasets/English//english_06;rumorproof;0;1.39985;;;;;
./datasets/English//english_07;rumorproof;0;1.39985;;;;;
./datasets/English//english_08;rumorproof;0;1.39985;;;;;
./datasets/English//english_09;rumorproof;0;1.39985;;;;;
./datasets/English//english_10;rumorproof;0;1.39985;;;;;
./datasets/English//english_11;rumorproof;0;1.39985;;;;;
./datasets/English//english_12;rumorproof;0;1.39985;;;;;
./datasets/English//english_13;rumorproof;0;1.39985;;;;;
./datasets/English//english_14;rumorproof;0;1.39985;;;;;
./datasets/English//english_15;rumorproof;0;1.39985;;;;;
./datasets/English//english_16;rumorproof;0;1.39985;;;;;
./datasets/English//english_17;rumorproof;0;1.39985;;;;;
./datasets/English//english_18;rumorproof;0;1.39985;;;;;
./datasets/English//english_19;rumorproof;0;1.39985;;;;;
./datasets/English//english_00;thoracoscopy;0;1.30178;;;;;
./datasets/English//english_01;thoracoscopy;0;1.30178;;;;;
./datasets/English//english_02;thoracoscopy;0;1.30178;;;;;
./datasets/English//english_03;thoracoscopy;0;1.30178;;;;;
./datasets/English//english_04;thoracoscopy;0;1.30178;;;;;
./datasets/English//english_05;thoracoscopy;0;1.30178;;;;;
./datasets/English//english_06;thoracoscopy;0;1.30178;;;;;
./datasets/English//english_07;thoracoscopy;0;1.30178;;;;;
./datasets/English//english_08;thoracoscopy;0;1.30178;;;;;
./datasets/English//english_09;thoracoscopy;0;1.30178;;;;;
./datasets/English//english_10;thoracoscopy;0;1.30178;;;;;
./datasets/English//english_11;thoracoscopy;0;1.30178;;;;;
./datasets/English//english_12;thoracoscopy;0;1.30178;;;;;
./datasets/English//english_13;thoracoscopy;0;1.30178;;;;;
./datasets/English//english_14;thoracoscopy;0;1.30178;;;;;
./datasets/English//english_15;thoracoscopy;0;1.30178;;;;;
./datasets/English//english_16;thoracoscopy;0;1.30178;;;;;
./datasets/English//english_17;thoracoscopy;0;1.30178;;;;;
./datasets/English//english_18;thoracoscopy;0;1.30178;;;;;
./datasets/English//english_19;thoracoscopy;0;1.30178;;;;;
./datasets/English//english_00;euphorbium;0;1.35028;;;;;
./datasets/English//english_01;euphorbium;2;1.35028;;;;;
./datasets/English//english_02;euphorbium;0;1.35028;;;;;
./datasets/English//english_03;euphorbium;0;1.35028;;;;;
./datasets/English//english_04;euphorbium;0;1.35028;;;;;
./datasets/English//english_05;euphorbium;0;1.35028;;;;;
./datasets/English//english_06;euphorbium;0;1.35028;;;;;
./datasets/English//english_07;euphorbium;0;1.35028;;;;;
./datasets/English//english_08;euphorbium;0;1.35028;;;;;
./datasets/English//english_09;euphorbium;0;1.35028;;;;;
./datasets/English//english_10;euphorbium;0;1.35028;;;;;
./datasets/English//english_11;euphorbium;0;1.35028;;;;;
./datasets/English//english_12;euphorbium;0;1.35028;;;;;
./datasets/English//english_13;euphorbium;0;1.35028;;;;;
./datasets/English//english_14;euphorbium;0;1.35028;;;;;
./datasets/English//english_15;euphorbium;0;1.35028;;;;;
./datasets/English//english_16;euphorbium;0;1.35028;;;;;
./datasets/English//english_17;euphorbium;0;1.35028;;;;;
./datasets/English//english_18;euphorbium;0;1.35028;;;;;
./datasets/English//english_19;euphorbium;0;1.35028;;;;;
./datasets/English//english_00;bizet;0;1.62693;;;;;
./datasets/English//english_01;bizet;0;1.62693;;;;;
./datasets/English//english_02;bizet;0;1.62693;;;;;
./datasets/English//english_03;bizet;0;1.62693;;;;;
./datasets/English//english_04;bizet;0;1.62693;;;;;
./datasets/English//english_05;bizet;0;1.62693;;;;;
./datasets/English//english_06;bizet;0;1.62693;;;;;
./datasets/English//english_07;bizet;0;1.62693;;;;;
./datasets/English//english_08;bizet;0;1.62693;;;;;
./datasets/English//english_09;bizet;0;1.62693;;;;;
./datasets/English//english_10;bizet;0;1.62693;;;;;
./datasets/English//english_11;bizet;0;1.62693;;;;;
./datasets/English//english_12;bizet;0;1.62693;;;;;
./datasets/English//english_13;bizet;0;1.62693;;;;;
./datasets/English//english_14;bizet;0;1.62693;;;;;
./datasets/English//english_15;bizet;0;1.62693;;;;;
./datasets/English//english_16;bizet;0;1.62693;;;;;
./datasets/English//english_17;bizet;0;1.62693;;;;;
./datasets/English//english_18;bizet;0;1.62693;;;;;
./datasets/English//english_19;bizet;0;1.62693;;;;;
./datasets/English//english_00;song;109;1.68615;;;;;
./datasets/English//english_01;song;82;1.68615;;;;;
./datasets/English//english_02;song;44;1.68615;;;;;
./datasets/English//english_03;song;63;1.68615;;;;;
./datasets/English//english_04;song;71;1.68615;;;;;
./datasets/English//english_05;song;230;1.68615;;;;;
./datasets/English//english_06;song;89;1.68615;;;;;
./datasets/English//english_07;song;147;1.68615;;;;;
./datasets/English//english_08;song;24;1.68615;;;;;
./datasets/English//english_09;song;45;1.68615;;;;;
./datasets/English//english_10;song;88;1.68615;;;;;
./datasets/English//english_11;song;64;1.68615;;;;;
./datasets/English//english_12;song;34;1.68615;;;;;
./datasets/English//english_13;song;83;1.68615;;;;;
./datasets/English//english_14;song;43;1.68615;;;;;
./datasets/English//english_15;song;71;1.68615;;;;;
./datasets/English//english_16;song;112;1.68615;;;;;
./datasets/English//english_17;song;145;1.68615;;;;;
./datasets/English//english_18;song;99;1.68615;;;;;
./datasets/English//english_19;song;11;1.68615;;;;;
./datasets/English//english_00;dolichocephali;0;1.30128;;;;;
./datasets/English//english_01;dolichocephali;0;1.30128;;;;;
./datasets/English//english_02;dolichocephali;0;1.30128;;;;;
./datasets/English//english_03;dolichocephali;0;1.30128;;;;;
./datasets/English//english_04;dolichocephali;0;1.30128;;;;;
./datasets/English//english_05;dolichocephali;0;1.30128;;;;;
./datasets/English//english_06;dolichocephali;0;1.30128;;;;;
./datasets/English//english_07;dolichocephali;0;1.30128;;;;;
./datasets/English//english_08;dolichocephali;0;1.30128;;;;;
./datasets/English//english_09;dolichocephali;0;1.30128;;;;;
./datasets/English//english_10;dolichocephali;0;1.30128;;;;;
./datasets/English//english_11;dolichocephali;0;1.30128;;;;;
./datasets/English//english_12;dolichocephali;0;1.30128;;;;;
./datasets/English//english_13;dolichocephali;0;1.30128;;;;;
./datasets/English//english_14;dolichocephali;0;1.30128;;;;;
./datasets/English//english_15;dolichocephali;0;1.30128;;;;;
./datasets/English//english_16;dolichocephali;0;1.30128;;;;;
./datasets/English//english_17;dolichocephali;0;1.30128;;;;;
./datasets/English//english_18;dolichocephali;4;1.30128;;;;;
./datasets/English//english_19;dolichocephali;0;1.30128;;;;;
./datasets/English//english_00;platemaker;0;1.45224;;;;;
./datasets/English//english_01;platemaker;0;1.45224;;;;;
./datasets/English//english_02;platemaker;0;1.45224;;;;;
./datasets/English//english_03;platemaker;0;1.45224;;;;;
./datasets/English//english_04;platemaker;0;1.45224;;;;;
./datasets/English//english_05;platemaker;0;1.45224;;;;;
./datasets/English//english_06;platemaker;0;1.45224;;;;;
./datasets/English//english_07;platemaker;0;1.45224;;;;;
./datasets/English//english_08;platemaker;0;1.45224;;;;;
./datasets/English//english_09;platemaker;0;1.45224;;;;;
./datasets/English//english_10;platemaker;0;1.45224;;;;;
./datasets/English//english_11;platemaker;0;1.45224;;;;;
./datasets/English//english_12;platemaker;0;1.45224;;;;;
./datasets/English//english_13;platemaker;0;1.45224;;;;;
./datasets/English//english_14;platemaker;0;1.45224;;;;;
./datasets/English//english_15;platemaker;0;1.45224;;;;;
./datasets/English//english_16;platemaker;0;1.45224;;;;;
./datasets/English//english_17;platemaker;0;1.45224;;;;;
./datasets/English//english_18;platemaker;0;1.45224;;;;;
./datasets/English//english_19;platemaker;0;1.45224;;;;;
./datasets/English//english_00;vesicupapular;0;1.6761;;;;;
./datasets/English//english_01;vesicupapular;0;1.6761;;;;;
./datasets/English//english_02;vesicupapular;0;1.6761;;;;;
./datasets/English//english_03;vesicupapular;0;1.6761;;;;;
./datasets/English//english_04;vesicupapular;0;1.6761;;;;;
./datasets/English//english_05;vesicupapular;0;1.6761;;;;;
./datasets/English//english_06;vesicupapular;0;1.6761;;;;;
./datasets/English//english_07;vesicupapular;0;1.6761;;;;;
./datasets/English//english_08;vesicupapular;0;1.6761;;;;;
./datasets/English//english_09;vesicupapular;0;1.6761;;;;;
./datasets/English//english_10;vesicupapular;0;1.6761;;;;;
./datasets/English//english_11;vesicupapular;0;1.6761;;;;;
./datasets/English//english_12;vesicupapular;0;1.6761;;;;;
./datasets/English//english_13;vesicupapular;0;1.6761;;;;;
./datasets/English//english_14;vesicupapular;0;1.6761;;;;;
./datasets/English//english_15;vesicupapular;0;1.6761;;;;;
./datasets/English//english_16;vesicupapular;0;1.6761;;;;;
./datasets/English//english_17;vesicupapular;0;1.6761;;;;;
./datasets/English//english_18;vesicupapular;0;1.6761;;;;;
./datasets/English//english_19;vesicupapular;0;1.6761;;;;;
./datasets/English//english_00;electroforming;0;1.4048;;;;;
./datasets/English//english_01;electroforming;0;1.4048;;;;;
./datasets/English//english_02;electroforming;0;1.4048;;;;;
./datasets/English//english_03;electroforming;0;1.4048;;;;;
./datasets/English//english_04;electroforming;0;1.4048;;;;;
./datasets/English//english_05;electroforming;0;1.4048;;;;;
./datasets/English//english_06;electroforming;0;1.4048;;;;;
./datasets/English//english_07;electroforming;0;1.4048;;;;;
./datasets/English//english_08;electroforming;0;1.4048;;;;;
./datasets/English//english_09;electroforming;0;1.4048;;;;;
./datasets/English//english_10;electroforming;0;1.4048;;;;;
./datasets/English//english_11;electroforming;0;1.4048;;;;;
./datasets/English//english_12;electroforming;0;1.4048;;;;;
./datasets/English//english_13;electroforming;0;1.4048;;;;;
./datasets/English//english_14;electroforming;0;1.4048;;;;;
./datasets/English//english_15;electroforming;0;1.4048;;;;;
./datasets/English//english_16;electroforming;0;1.4048;;;;;
./datasets/English//english_17;electroforming;0;1.4048;;;;;
./datasets/English//english_18;electroforming;0;1.4048;;;;;
./datasets/English//english_19;electroforming;0;1.4048;;;;;
./datasets/English//english_00;dilatingly;0;1.42466;;;;;
./datasets/English//english_01;dilatingly;0;1.42466;;;;;
./datasets/English//english_02;dilatingly;0;1.42466;;;;;
./datasets/English//english_03;dilatingly;0;1.42466;;;;;
./datasets/English//english_04;dilatingly;0;1.42466;;;;;
./datasets/English//english_05;dilatingly;0;1.42466;;;;;
./datasets/English//english_06;dilatingly;0;1.42466;;;;;
./datasets/English//english_07;dilatingly;0;1.42466;;;;;
./datasets/English//english_08;dilatingly;0;1.42466;;;;;
./datasets/English//english_09;dilatingly;0;1.42466;;;;;
./datasets/English//english_10;dilatingly;0;1.42466;;;;;
./datasets/English//english_11;dilatingly;0;1.42466;;;;;
./datasets/English//english_12;dilatingly;0;1.42466;;;;;
./datasets/English//english_13;dilatingly;0;1.42466;;;;;
./datasets/English//english_14;dilatingly;0;1.42466;;;;;
./datasets/English//english_15;dilatingly;0;1.42466;;;;;
./datasets/English//english_16;dilatingly;0;1.42466;;;;;
./datasets/English//english_17;dilatingly;0;1.42466;;;;;
./datasets/English//english_18;dilatingly;0;1.42466;;;;;
./datasets/English//english_19;dilatingly;0;1.42466;;;;;
./datasets/English//english_00;meethelp;0;1.59451;;;;;
./datasets/English//english_01;meethelp;0;1.59451;;;;;
./datasets/English//english_02;meethelp;0;1.59451;;;;;
./datasets/English//english_03;meethelp;0;1.59451;;;;;
./datasets/English//english_04;meethelp;0;1.59451;;;;;
./datasets/English//english_05;meethelp;0;1.59451;;;;;
./datasets/English//english_06;meethelp;0;1.59451;;;;;
./datasets/English//english_07;meethelp;0;1.59451;;;;;
./datasets/English//english_08;meethelp;0;1.59451;;;;;
./datasets/English//english_09;meethelp;0;1.59451;;;;;
./datasets/English//english_10;meethelp;0;1.59451;;;;;
./datasets/English//english_11;meethelp;0;1.59451;;;;;
./datasets/English//english_12;meethelp;0;1.59451;;;;;
./datasets/English//english_13;meethelp;0;1.59451;;;;;
./datasets/English//english_14;meethelp;0;1.59451;;;;;
./datasets/English//english_15;meethelp;0;1.59451;;;;;
./datasets/English//english_16;meethelp;0;1.59451;;;;;
./datasets/English//english_17;meethelp;0;1.59451;;;;;
./datasets/English//english_18;meethelp;0;1.59451;;;;;
./datasets/English//english_19;meethelp;0;1.59451;;;;;
./datasets/English//english_00;loincloth;0;1.54494;;;;;
./datasets/English//english_01;loincloth;0;1.54494;;;;;
./datasets/English//english_02;loincloth;0;1.54494;;;;;
./datasets/English//english_03;loincloth;0;1.54494;;;;;
./datasets/English//english_04;loincloth;0;1.54494;;;;;
./datasets/English//english_05;loincloth;0;1.54494;;;;;
./datasets/English//english_06;loincloth;0;1.54494;;;;;
./datasets/English//english_07;loincloth;0;1.54494;;;;;
./datasets/English//english_08;loincloth;0;1.54494;;;;;
./datasets/English//english_09;loincloth;0;1.54494;;;;;
./datasets/English//english_10;loincloth;0;1.54494;;;;;
./datasets/English//english_11;loincloth;0;1.54494;;;;;
./datasets/English//english_12;loincloth;0;1.54494;;;;;
./datasets/English//english_13;loincloth;0;1.54494;;;;;
./datasets/English//english_14;loincloth;0;1.54494;;;;;
./datasets/English//english_15;loincloth;0;1.54494;;;;;
./datasets/English//english_16;loincloth;0;1.54494;;;;;
./datasets/English//english_17;loincloth;0;1.54494;;;;;
./datasets/English//english_18;loincloth;0;1.54494;;;;;
./datasets/English//english_19;loincloth;0;1.54494;;;;;
./datasets/English//english_00;avowably;0;1.46696;;;;;
./datasets/English//english_01;avowably;0;1.46696;;;;;
./datasets/English//english_02;avowably;0;1.46696;;;;;
./datasets/English//english_03;avowably;0;1.46696;;;;;
./datasets/English//english_04;avowably;0;1.46696;;;;;
./datasets/English//english_05;avowably;0;1.46696;;;;;
./datasets/English//english_06;avowably;0;1.46696;;;;;
./datasets/English//english_07;avowably;0;1.46696;;;;;
./datasets/English//english_08;avowably;0;1.46696;;;;;
./datasets/English//english_09;avowably;0;1.46696;;;;;
./datasets/English//english_10;avowably;0;1.46696;;;;;
./datasets/English//english_11;avowably;0;1.46696;;;;;
./datasets/English//english_12;avowably;0;1.46696;;;;;
./datasets/English//english_13;avowably;0;1.46696;;;;;
./datasets/English//english_14;avowably;0;1.46696;;;;;
./datasets/English//english_15;avowably;0;1.46696;;;;;
./datasets/English//english_16;avowably;0;1.46696;;;;;
./datasets/English//english_17;avowably;0;1.46696;;;;;
./datasets/English//english_18;avowably;0;1.46696;;;;;
./datasets/English//english_19;avowably;0;1.46696;;;;;
./datasets/English//english_00;counterindicate;0;1.48997;;;;;
./datasets/English//english_01;counterindicate;0;1.48997;;;;;
./datasets/English//english_02;counterindicate;0;1.48997;;;;;
./datasets/English//english_03;counterindicate;0;1.48997;;;;;
./datasets/English//english_04;counterindicate;0;1.48997;;;;;
./datasets/English//english_05;counterindicate;0;1.48997;;;;;
./datasets/English//english_06;counterindicate;0;1.48997;;;;;
./datasets/English//english_07;counterindicate;0;1.48997;;;;;
./datasets/English//english_08;counterindicate;0;1.48997;;;;;
./datasets/English//english_09;counterindicate;0;1.48997;;;;;
./datasets/English//english_10;counterindicate;0;1.48997;;;;;
./datasets/English//english_11;counterindicate;0;1.48997;;;;;
./datasets/English//english_12;counterindicate;0;1.48997;;;;;
./datasets/English//english_13;counterindicate;0;1.48997;;;;;
./datasets/English//english_14;counterindicate;0;1.48997;;;;;
./datasets/English//english_15;counterindicate;0;1.48997;;;;;
./datasets/English//english_16;counterindicate;0;1.48997;;;;;
./datasets/English//english_17;counterindicate;0;1.48997;;;;;
./datasets/English//english_18;counterindicate;0;1.48997;;;;;
./datasets/English//english_19;counterindicate;0;1.48997;;;;;
./datasets/English//english_00;treacliness;0;1.42693;;;;;
./datasets/English//english_01;treacliness;0;1.42693;;;;;
./datasets/English//english_02;treacliness;0;1.42693;;;;;
./datasets/English//english_03;treacliness;0;1.42693;;;;;
./datasets/English//english_04;treacliness;0;1.42693;;;;;
./datasets/English//english_05;treacliness;0;1.42693;;;;;
./datasets/English//english_06;treacliness;0;1.42693;;;;;
./datasets/English//english_07;treacliness;0;1.42693;;;;;
./datasets/English//english_08;treacliness;0;1.42693;;;;;
./datasets/English//english_09;treacliness;0;1.42693;;;;;
./datasets/English//english_10;treacliness;0;1.42693;;;;;
./datasets/English//english_11;treacliness;0;1.42693;;;;;
./datasets/English//english_12;treacliness;0;1.42693;;;;;
./datasets/English//english_13;treacliness;0;1.42693;;;;;
./datasets/English//english_14;treacliness;0;1.42693;;;;;
./datasets/English//english_15;treacliness;0;1.42693;;;;;
./datasets/English//english_16;treacliness;0;1.42693;;;;;
./datasets/English//english_17;treacliness;0;1.42693;;;;;
./datasets/English//english_18;treacliness;0;1.42693;;;;;
./datasets/English//english_19;treacliness;0;1.42693;;;;;
./datasets/English//english_00;Epigonus;0;1.64538;;;;;
./datasets/English//english_01;Epigonus;0;1.64538;;;;;
./datasets/English//english_02;Epigonus;0;1.64538;;;;;
./datasets/English//english_03;Epigonus;0;1.64538;;;;;
./datasets/English//english_04;Epigonus;0;1.64538;;;;;
./datasets/English//english_05;Epigonus;0;1.64538;;;;;
./datasets/English//english_06;Epigonus;0;1.64538;;;;;
./datasets/English//english_07;Epigonus;0;1.64538;;;;;
./datasets/English//english_08;Epigonus;0;1.64538;;;;;
./datasets/English//english_09;Epigonus;0;1.64538;;;;;
./datasets/English//english_10;Epigonus;0;1.64538;;;;;
./datasets/English//english_11;Epigonus;0;1.64538;;;;;
./datasets/English//english_12;Epigonus;0;1.64538;;;;;
./datasets/English//english_13;Epigonus;0;1.64538;;;;;
./datasets/English//english_14;Epigonus;0;1.64538;;;;;
./datasets/English//english_15;Epigonus;0;1.64538;;;;;
./datasets/English//english_16;Epigonus;0;1.64538;;;;;
./datasets/English//english_17;Epigonus;0;1.64538;;;;;
./datasets/English//english_18;Epigonus;0;1.64538;;;;;
./datasets/English//english_19;Epigonus;0;1.64538;;;;;
./datasets/English//english_00;airmark;0;1.55069;;;;;
./datasets/English//english_01;airmark;0;1.55069;;;;;
./datasets/English//english_02;airmark;0;1.55069;;;;;
./datasets/English//english_03;airmark;0;1.55069;;;;;
./datasets/English//english_04;airmark;0;1.55069;;;;;
./datasets/English//english_05;airmark;0;1.55069;;;;;
./datasets/English//english_06;airmark;0;1.55069;;;;;
./datasets/English//english_07;airmark;0;1.55069;;;;;
./datasets/English//english_08;airmark;0;1.55069;;;;;
./datasets/English//english_09;airmark;0;1.55069;;;;;
./datasets/English//english_10;airmark;0;1.55069;;;;;
./datasets/English//english_11;airmark;0;1.55069;;;;;
./datasets/English//english_12;airmark;0;1.55069;;;;;
./datasets/English//english_13;airmark;0;1.55069;;;;;
./datasets/English//english_14;airmark;0;1.55069;;;;;
./datasets/English//english_15;airmark;0;1.55069;;;;;
./datasets/English//english_16;airmark;0;1.55069;;;;;
./datasets/English//english_17;airmark;0;1.55069;;;;;
./datasets/English//english_18;airmark;0;1.55069;;;;;
./datasets/English//english_19;airmark;0;1.55069;;;;;
./datasets/English//english_00;polarography;0;1.4254;;;;;
./datasets/English//english_01;polarography;0;1.4254;;;;;
./datasets/English//english_02;polarography;0;1.4254;;;;;
./datasets/English//english_03;polarography;0;1.4254;;;;;
./datasets/English//english_04;polarography;0;1.4254;;;;;
./datasets/English//english_05;polarography;0;1.4254;;;;;
./datasets/English//english_06;polarography;0;1.4254;;;;;
./datasets/English//english_07;polarography;0;1.4254;;;;;
./datasets/English//english_08;polarography;0;1.4254;;;;;
./datasets/English//english_09;polarography;0;1.4254;;;;;
./datasets/English//english_10;polarography;0;1.4254;;;;;
./datasets/English//english_11;polarography;0;1.4254;;;;;
./datasets/English//english_12;polarography;0;1.4254;;;;;
./datasets/English//english_13;polarography;0;1.4254;;;;;
./datasets/English//english_14;polarography;0;1.4254;;;;;
./datasets/English//english_15;polarography;0;1.4254;;;;;
./datasets/English//english_16;polarography;0;1.4254;;;;;
./datasets/English//english_17;polarography;0;1.4254;;;;;
./datasets/English//english_18;polarography;0;1.4254;;;;;
./datasets/English//english_19;polarography;0;1.4254;;;;;
./datasets/English//english_00;precomposition;0;1.43673;;;;;
./datasets/English//english_01;precomposition;0;1.43673;;;;;
./datasets/English//english_02;precomposition;0;1.43673;;;;;
./datasets/English//english_03;precomposition;0;1.43673;;;;;
./datasets/English//english_04;precomposition;0;1.43673;;;;;
./datasets/English//english_05;precomposition;0;1.43673;;;;;
./datasets/English//english_06;precomposition;0;1.43673;;;;;
./datasets/English//english_07;precomposition;0;1.43673;;;;;
./datasets/English//english_08;precomposition;0;1.43673;;;;;
./datasets/English//english_09;precomposition;0;1.43673;;;;;
./datasets/English//english_10;precomposition;0;1.43673;;;;;
./datasets/English//english_11;precomposition;0;1.43673;;;;;
./datasets/English//english_12;precomposition;0;1.43673;;;;;
./datasets/English//english_13;precomposition;0;1.43673;;;;;
./datasets/English//english_14;precomposition;0;1.43673;;;;;
./datasets/English//english_15;precomposition;0;1.43673;;;;;
./datasets/English//english_16;precomposition;0;1.43673;;;;;
./datasets/English//english_17;precomposition;0;1.43673;;;;;
./datasets/English//english_18;precomposition;0;1.43673;;;;;
./datasets/English//english_19;precomposition;0;1.43673;;;;;
./datasets/English//english_00;lemography;0;1.64039;;;;;
./datasets/English//english_01;lemography;0;1.64039;;;;;
./datasets/English//english_02;lemography;0;1.64039;;;;;
./datasets/English//english_03;lemography;0;1.64039;;;;;
./datasets/English//english_04;lemography;0;1.64039;;;;;
./datasets/English//english_05;lemography;0;1.64039;;;;;
./datasets/English//english_06;lemography;0;1.64039;;;;;
./datasets/English//english_07;lemography;0;1.64039;;;;;
./datasets/English//english_08;lemography;0;1.64039;;;;;
./datasets/English//english_09;lemography;0;1.64039;;;;;
./datasets/English//english_10;lemography;0;1.64039;;;;;
./datasets/English//english_11;lemography;0;1.64039;;;;;
./datasets/English//english_12;lemography;0;1.64039;;;;;
./datasets/English//english_13;lemography;0;1.64039;;;;;
./datasets/English//english_14;lemography;0;1.64039;;;;;
./datasets/English//english_15;lemography;0;1.64039;;;;;
./datasets/English//english_16;lemography;0;1.64039;;;;;
./datasets/English//english_17;lemography;0;1.64039;;;;;
./datasets/English//english_18;lemography;0;1.64039;;;;;
./datasets/English//english_19;lemography;0;1.64039;;;;;
./datasets/English//english_00;Apinage;0;1.87557;;;;;
./datasets/English//english_01;Apinage;0;1.87557;;;;;
./datasets/English//english_02;Apinage;0;1.87557;;;;;
./datasets/English//english_03;Apinage;0;1.87557;;;;;
./datasets/English//english_04;Apinage;0;1.87557;;;;;
./datasets/English//english_05;Apinage;0;1.87557;;;;;
./datasets/English//english_06;Apinage;0;1.87557;;;;;
./datasets/English//english_07;Apinage;0;1.87557;;;;;
./datasets/English//english_08;Apinage;0;1.87557;;;;;
./datasets/English//english_09;Apinage;0;1.87557;;;;;
./datasets/English//english_10;Apinage;0;1.87557;;;;;
./datasets/English//english_11;Apinage;0;1.87557;;;;;
./datasets/English//english_12;Apinage;0;1.87557;;;;;
./datasets/English//english_13;Apinage;0;1.87557;;;;;
./datasets/English//english_14;Apinage;0;1.87557;;;;;
./datasets/English//english_15;Apinage;0;1.87557;;;;;
./datasets/English//english_16;Apinage;0;1.87557;;;;;
./datasets/English//english_17;Apinage;0;1.87557;;;;;
./datasets/English//english_18;Apinage;0;1.87557;;;;;
./datasets/English//english_19;Apinage;0;1.87557;;;;;
./datasets/English//english_00;Taal;0;1.8568;;;;;
./datasets/English//english_01;Taal;0;1.8568;;;;;
./datasets/English//english_02;Taal;0;1.8568;;;;;
./datasets/English//english_03;Taal;0;1.8568;;;;;
./datasets/English//english_04;Taal;0;1.8568;;;;;
./datasets/English//english_05;Taal;0;1.8568;;;;;
./datasets/English//english_06;Taal;0;1.8568;;;;;
./datasets/English//english_07;Taal;0;1.8568;;;;;
./datasets/English//english_08;Taal;0;1.8568;;;;;
./datasets/English//english_09;Taal;0;1.8568;;;;;
./datasets/English//english_10;Taal;0;1.8568;;;;;
./datasets/English//english_11;Taal;0;1.8568;;;;;
./datasets/English//english_12;Taal;0;1.8568;;;;;
./datasets/English//english_13;Taal;0;1.8568;;;;;
./datasets/English//english_14;Taal;0;1.8568;;;;;
./datasets/English//english_15;Taal;0;1.8568;;;;;
./datasets/English//english_16;Taal;0;1.8568;;;;;
./datasets/English//english_17;Taal;0;1.8568;;;;;
./datasets/English//english_18;Taal;0;1.8568;;;;;
./datasets/English//english_19;Taal;0;1.8568;;;;;
./datasets/English//english_00;logology;0;1.48837;;;;;
./datasets/English//english_01;logology;0;1.48837;;;;;
./datasets/English//english_02;logology;0;1.48837;;;;;
./datasets/English//english_03;logology;0;1.48837;;;;;
./datasets/English//english_04;logology;0;1.48837;;;;;
./datasets/English//english_05;logology;0;1.48837;;;;;
./datasets/English//english_06;logology;0;1.48837;;;;;
./datasets/English//english_07;logology;0;1.48837;;;;;
./datasets/English//english_08;logology;0;1.48837;;;;;
./datasets/English//english_09;logology;0;1.48837;;;;;
./datasets/English//english_10;logology;0;1.48837;;;;;
./datasets/English//english_11;logology;0;1.48837;;;;;
./datasets/English//english_12;logology;0;1.48837;;;;;
./datasets/English//english_13;logology;0;1.48837;;;;;
./datasets/English//english_14;logology;0;1.48837;;;;;
./datasets/English//english_15;logology;0;1.48837;;;;;
./datasets/English//english_16;logology;0;1.48837;;;;;
./datasets/English//english_17;logology;0;1.48837;;;;;
./datasets/English//english_18;logology;0;1.48837;;;;;
./datasets/English//english_19;logology;0;1.48837;;;;;
./datasets/English//english_00;probeer;0;1.5313;;;;;
./datasets/English//english_01;probeer;0;1.5313;;;;;
./datasets/English//english_02;probeer;0;1.5313;;;;;
./datasets/English//english_03;probeer;0;1.5313;;;;;
./datasets/English//english_04;probeer;0;1.5313;;;;;
./datasets/English//english_05;probeer;0;1.5313;;;;;
./datasets/English//english_06;probeer;0;1.5313;;;;;
./datasets/English//english_07;probeer;0;1.5313;;;;;
./datasets/English//english_08;probeer;0;1.5313;;;;;
./datasets/English//english_09;probeer;0;1.5313;;;;;
./datasets/English//english_10;probeer;0;1.5313;;;;;
./datasets/English//english_11;probeer;0;1.5313;;;;;
./datasets/English//english_12;probeer;0;1.5313;;;;;
./datasets/English//english_13;probeer;0;1.5313;;;;;
./datasets/English//english_14;probeer;0;1.5313;;;;;
./datasets/English//english_15;probeer;0;1.5313;;;;;
./datasets/English//english_16;probeer;0;1.5313;;;;;
./datasets/English//english_17;probeer;0;1.5313;;;;;
./datasets/English//english_18;probeer;0;1.5313;;;;;
./datasets/English//english_19;probeer;0;1.5313;;;;;
./datasets/English//english_00;randomization;0;1.402;;;;;
./datasets/English//english_01;randomization;0;1.402;;;;;
./datasets/English//english_02;randomization;0;1.402;;;;;
./datasets/English//english_03;randomization;0;1.402;;;;;
./datasets/English//english_04;randomization;0;1.402;;;;;
./datasets/English//english_05;randomization;0;1.402;;;;;
./datasets/English//english_06;randomization;0;1.402;;;;;
./datasets/English//english_07;randomization;0;1.402;;;;;
./datasets/English//english_08;randomization;0;1.402;;;;;
./datasets/English//english_09;randomization;0;1.402;;;;;
./datasets/English//english_10;randomization;0;1.402;;;;;
./datasets/English//english_11;randomization;0;1.402;;;;;
./datasets/English//english_12;randomization;0;1.402;;;;;
./datasets/English//english_13;randomization;0;1.402;;;;;
./datasets/English//english_14;randomization;0;1.402;;;;;
./datasets/English//english_15;randomization;0;1.402;;;;;
./datasets/English//english_16;randomization;0;1.402;;;;;
./datasets/English//english_17;randomization;0;1.402;;;;;
./datasets/English//english_18;randomization;0;1.402;;;;;
./datasets/English//english_19;randomization;0;1.402;;;;;
./datasets/English//english_00;poditic;0;1.55868;;;;;
./datasets/English//english_01;poditic;0;1.55868;;;;;
./datasets/English//english_02;poditic;0;1.55868;;;;;
./datasets/English//english_03;poditic;0;1.55868;;;;;
./datasets/English//english_04;poditic;0;1.55868;;;;;
./datasets/English//english_05;poditic;0;1.55868;;;;;
./datasets/English//english_06;poditic;0;1.55868;;;;;
./datasets/English//english_07;poditic;0;1.55868;;;;;
./datasets/English//english_08;poditic;0;1.55868;;;;;
./datasets/English//english_09;poditic;0;1.55868;;;;;
./datasets/English//english_10;poditic;0;1.55868;;;;;
./datasets/English//english_11;poditic;0;1.55868;;;;;
./datasets/English//english_12;poditic;0;1.55868;;;;;
./datasets/English//english_13;poditic;0;1.55868;;;;;
./datasets/English//english_14;poditic;0;1.55868;;;;;
./datasets/English//english_15;poditic;0;1.55868;;;;;
./datasets/English//english_16;poditic;0;1.55868;;;;;
./datasets/English//english_17;poditic;0;1.55868;;;;;
./datasets/English//english_18;poditic;0;1.55868;;;;;
./datasets/English//english_19;poditic;0;1.55868;;;;;
./datasets/English//english_00;individualize;0;1.50524;;;;;
./datasets/English//english_01;individualize;0;1.50524;;;;;
./datasets/English//english_02;individualize;0;1.50524;;;;;
./datasets/English//english_03;individualize;0;1.50524;;;;;
./datasets/English//english_04;individualize;2;1.50524;;;;;
./datasets/English//english_05;individualize;0;1.50524;;;;;
./datasets/English//english_06;individualize;0;1.50524;;;;;
./datasets/English//english_07;individualize;1;1.50524;;;;;
./datasets/English//english_08;individualize;0;1.50524;;;;;
./datasets/English//english_09;individualize;2;1.50524;;;;;
./datasets/English//english_10;individualize;0;1.50524;;;;;
./datasets/English//english_11;individualize;0;1.50524;;;;;
./datasets/English//english_12;individualize;0;1.50524;;;;;
./datasets/English//english_13;individualize;0;1.50524;;;;;
./datasets/English//english_14;individualize;1;1.50524;;;;;
./datasets/English//english_15;individualize;0;1.50524;;;;;
./datasets/English//english_16;individualize;0;1.50524;;;;;
./datasets/English//english_17;individualize;0;1.50524;;;;;
./datasets/English//english_18;individualize;0;1.50524;;;;;
./datasets/English//english_19;individualize;0;1.50524;;;;;
./datasets/English//english_00;castigate;0;1.50785;;;;;
./datasets/English//english_01;castigate;0;1.50785;;;;;
./datasets/English//english_02;castigate;0;1.50785;;;;;
./datasets/English//english_03;castigate;0;1.50785;;;;;
./datasets/English//english_04;castigate;0;1.50785;;;;;
./datasets/English//english_05;castigate;0;1.50785;;;;;
./datasets/English//english_06;castigate;0;1.50785;;;;;
./datasets/English//english_07;castigate;0;1.50785;;;;;
./datasets/English//english_08;castigate;0;1.50785;;;;;
./datasets/English//english_09;castigate;0;1.50785;;;;;
./datasets/English//english_10;castigate;0;1.50785;;;;;
./datasets/English//english_11;castigate;0;1.50785;;;;;
./datasets/English//english_12;castigate;0;1.50785;;;;;
./datasets/English//english_13;castigate;0;1.50785;;;;;
./datasets/English//english_14;castigate;0;1.50785;;;;;
./datasets/English//english_15;castigate;0;1.50785;;;;;
./datasets/English//english_16;castigate;0;1.50785;;;;;
./datasets/English//english_17;castigate;1;1.50785;;;;;
./datasets/English//english_18;castigate;0;1.50785;;;;;
./datasets/English//english_19;castigate;0;1.50785;;;;;
./datasets/English//english_00;Biloculina;0;1.41706;;;;;
./datasets/English//english_01;Biloculina;0;1.41706;;;;;
./datasets/English//english_02;Biloculina;0;1.41706;;;;;
./datasets/English//english_03;Biloculina;0;1.41706;;;;;
./datasets/English//english_04;Biloculina;0;1.41706;;;;;
./datasets/English//english_05;Biloculina;0;1.41706;;;;;
./datasets/English//english_06;Biloculina;0;1.41706;;;;;
./datasets/English//english_07;Biloculina;0;1.41706;;;;;
./datasets/English//english_08;Biloculina;0;1.41706;;;;;
./datasets/English//english_09;Biloculina;0;1.41706;;;;;
./datasets/English//english_10;Biloculina;0;1.41706;;;;;
./datasets/English//english_11;Biloculina;0;1.41706;;;;;
./datasets/English//english_12;Biloculina;0;1.41706;;;;;
./datasets/English//english_13;Biloculina;0;1.41706;;;;;
./datasets/English//english_14;Biloculina;0;1.41706;;;;;
./datasets/English//english_15;Biloculina;0;1.41706;;;;;
./datasets/English//english_16;Biloculina;0;1.41706;;;;;
./datasets/English//english_17;Biloculina;0;1.41706;;;;;
./datasets/English//english_18;Biloculina;0;1.41706;;;;;
./datasets/English//english_19;Biloculina;0;1.41706;;;;;
./datasets/English//english_00;overscrub;0;1.44192;;;;;
./datasets/English//english_01;overscrub;0;1.44192;;;;;
./datasets/English//english_02;overscrub;0;1.44192;;;;;
./datasets/English//english_03;overscrub;0;1.44192;;;;;
./datasets/English//english_04;overscrub;0;1.44192;;;;;
./datasets/English//english_05;overscrub;0;1.44192;;;;;
./datasets/English//english_06;overscrub;0;1.44192;;;;;
./datasets/English//english_07;overscrub;0;1.44192;;;;;
./datasets/English//english_08;overscrub;0;1.44192;;;;;
./datasets/English//english_09;overscrub;0;1.44192;;;;;
./datasets/English//english_10;overscrub;0;1.44192;;;;;
./datasets/English//english_11;overscrub;0;1.44192;;;;;
./datasets/English//english_12;overscrub;0;1.44192;;;;;
./datasets/English//english_13;overscrub;0;1.44192;;;;;
./datasets/English//english_14;overscrub;0;1.44192;;;;;
./datasets/English//english_15;overscrub;0;1.44192;;;;;
./datasets/English//english_16;overscrub;0;1.44192;;;;;
./datasets/English//english_17;overscrub;0;1.44192;;;;;
./datasets/English//english_18;overscrub;0;1.44192;;;;;
./datasets/English//english_19;overscrub;0;1.44192;;;;;
./datasets/English//english_00;koolah;0;1.55282;;;;;
./datasets/English//english_01;koolah;0;1.55282;;;;;
./datasets/English//english_02;koolah;0;1.55282;;;;;
./datasets/English//english_03;koolah;0;1.55282;;;;;
./datasets/English//english_04;koolah;0;1.55282;;;;;
./datasets/English//english_05;koolah;0;1.55282;;;;;
./datasets/English//english_06;koolah;0;1.55282;;;;;
./datasets/English//english_07;koolah;0;1.55282;;;;;
./datasets/English//english_08;koolah;0;1.55282;;;;;
./datasets/English//english_09;koolah;0;1.55282;;;;;
./datasets/English//english_10;koolah;0;1.55282;;;;;
./datasets/English//english_11;koolah;0;1.55282;;;;;
./datasets/English//english_12;koolah;0;1.55282;;;;;
./datasets/English//english_13;koolah;0;1.55282;;;;;
./datasets/English//english_14;koolah;0;1.55282;;;;;
./datasets/English//english_15;koolah;0;1.55282;;;;;
./datasets/English//english_16;koolah;0;1.55282;;;;;
./datasets/English//english_17;koolah;0;1.55282;;;;;
./datasets/English//english_18;koolah;0;1.55282;;;;;
./datasets/English//english_19;koolah;0;1.55282;;;;;
./datasets/English//english_00;weetless;0;1.47293;;;;;
./datasets/English//english_01;weetless;0;1.47293;;;;;
./datasets/English//english_02;weetless;0;1.47293;;;;;
./datasets/English//english_03;weetless;0;1.47293;;;;;
./datasets/English//english_04;weetless;0;1.47293;;;;;
./datasets/English//english_05;weetless;0;1.47293;;;;;
./datasets/English//english_06;weetless;0;1.47293;;;;;
./datasets/English//english_07;weetless;0;1.47293;;;;;
./datasets/English//english_08;weetless;0;1.47293;;;;;
./datasets/English//english_09;weetless;0;1.47293;;;;;
./datasets/English//english_10;weetless;0;1.47293;;;;;
./datasets/English//english_11;weetless;0;1.47293;;;;;
./datasets/English//english_12;weetless;0;1.47293;;;;;
./datasets/English//english_13;weetless;0;1.47293;;;;;
./datasets/English//english_14;weetless;0;1.47293;;;;;
./datasets/English//english_15;weetless;0;1.47293;;;;;
./datasets/English//english_16;weetless;0;1.47293;;;;;
./datasets/English//english_17;weetless;0;1.47293;;;;;
./datasets/English//english_18;weetless;0;1.47293;;;;;
./datasets/English//english_19;weetless;0;1.47293;;;;;
./datasets/English//english_00;erased;3;1.62983;;;;;
./datasets/English//english_01;erased;0;1.62983;;;;;
./datasets/English//english_02;erased;0;1.62983;;;;;
./datasets/English//english_03;erased;0;1.62983;;;;;
./datasets/English//english_04;erased;0;1.62983;;;;;
./datasets/English//english_05;erased;1;1.62983;;;;;
./datasets/English//english_06;erased;0;1.62983;;;;;
./datasets/English//english_07;erased;1;1.62983;;;;;
./datasets/English//english_08;erased;3;1.62983;;;;;
./datasets/English//english_09;erased;10;1.62983;;;;;
./datasets/English//english_10;erased;4;1.62983;;;;;
./datasets/English//english_11;erased;0;1.62983;;;;;
./datasets/English//english_12;erased;0;1.62983;;;;;
./datasets/English//english_13;erased;0;1.62983;;;;;
./datasets/English//english_14;erased;3;1.62983;;;;;
./datasets/English//english_15;erased;0;1.62983;;;;;
./datasets/English//english_16;erased;1;1.62983;;;;;
./datasets/English//english_17;erased;0;1.62983;;;;;
./datasets/English//english_18;erased;16;1.62983;;;;;
./datasets/English//english_19;erased;14;1.62983;;;;;
./datasets/English//english_00;layery;0;1.67929;;;;;
./datasets/English//english_01;layery;0;1.67929;;;;;
./datasets/English//english_02;layery;0;1.67929;;;;;
./datasets/English//english_03;layery;0;1.67929;;;;;
./datasets/English//english_04;layery;0;1.67929;;;;;
./datasets/English//english_05;layery;0;1.67929;;;;;
./datasets/English//english_06;layery;0;1.67929;;;;;
./datasets/English//english_07;layery;0;1.67929;;;;;
./datasets/English//english_08;layery;0;1.67929;;;;;
./datasets/English//english_09;layery;0;1.67929;;;;;
./datasets/English//english_10;layery;0;1.67929;;;;;
./datasets/English//english_11;layery;0;1.67929;;;;;
./datasets/English//english_12;layery;0;1.67929;;;;;
./datasets/English//english_13;layery;0;1.67929;;;;;
./datasets/English//english_14;layery;0;1.67929;;;;;
./datasets/English//english_15;layery;0;1.67929;;;;;
./datasets/English//english_16;layery;0;1.67929;;;;;
./datasets/English//english_17;layery;0;1.67929;;;;;
./datasets/English//english_18;layery;0;1.67929;;;;;
./datasets/English//english_19;layery;0;1.67929;;;;;
./datasets/English//english_00;discontinuee;0;1.39443;;;;;
./datasets/English//english_01;discontinuee;0;1.39443;;;;;
./datasets/English//english_02;discontinuee;0;1.39443;;;;;
./datasets/English//english_03;discontinuee;0;1.39443;;;;;
./datasets/English//english_04;discontinuee;0;1.39443;;;;;
./datasets/English//english_05;discontinuee;0;1.39443;;;;;
./datasets/English//english_06;discontinuee;0;1.39443;;;;;
./datasets/English//english_07;discontinuee;0;1.39443;;;;;
./datasets/English//english_08;discontinuee;0;1.39443;;;;;
./datasets/English//english_09;discontinuee;0;1.39443;;;;;
./datasets/English//english_10;discontinuee;0;1.39443;;;;;
./datasets/English//english_11;discontinuee;0;1.39443;;;;;
./datasets/English//english_12;discontinuee;0;1.39443;;;;;
./datasets/English//english_13;discontinuee;0;1.39443;;;;;
./datasets/English//english_14;discontinuee;0;1.39443;;;;;
./datasets/English//english_15;discontinuee;0;1.39443;;;;;
./datasets/English//english_16;discontinuee;0;1.39443;;;;;
./datasets/English//english_17;discontinuee;0;1.39443;;;;;
./datasets/English//english_18;discontinuee;0;1.39443;;;;;
./datasets/English//english_19;discontinuee;0;1.39443;;;;;
./datasets/English//english_00;anaphylatoxin;0;1.40002;;;;;
./datasets/English//english_01;anaphylatoxin;0;1.40002;;;;;
./datasets/English//english_02;anaphylatoxin;0;1.40002;;;;;
./datasets/English//english_03;anaphylatoxin;0;1.40002;;;;;
./datasets/English//english_04;anaphylatoxin;0;1.40002;;;;;
./datasets/English//english_05;anaphylatoxin;0;1.40002;;;;;
./datasets/English//english_06;anaphylatoxin;0;1.40002;;;;;
./datasets/English//english_07;anaphylatoxin;0;1.40002;;;;;
./datasets/English//english_08;anaphylatoxin;0;1.40002;;;;;
./datasets/English//english_09;anaphylatoxin;0;1.40002;;;;;
./datasets/English//english_10;anaphylatoxin;0;1.40002;;;;;
./datasets/English//english_11;anaphylatoxin;0;1.40002;;;;;
./datasets/English//english_12;anaphylatoxin;0;1.40002;;;;;
./datasets/English//english_13;anaphylatoxin;0;1.40002;;;;;
./datasets/English//english_14;anaphylatoxin;0;1.40002;;;;;
./datasets/English//english_15;anaphylatoxin;0;1.40002;;;;;
./datasets/English//english_16;anaphylatoxin;0;1.40002;;;;;
./datasets/English//english_17;anaphylatoxin;0;1.40002;;;;;
./datasets/English//english_18;anaphylatoxin;0;1.40002;;;;;
./datasets/English//english_19;anaphylatoxin;0;1.40002;;;;;
./datasets/English//english_00;unwounded;0;1.48123;;;;;
./datasets/English//english_01;unwounded;0;1.48123;;;;;
./datasets/English//english_02;unwounded;0;1.48123;;;;;
./datasets/English//english_03;unwounded;0;1.48123;;;;;
./datasets/English//english_04;unwounded;0;1.48123;;;;;
./datasets/English//english_05;unwounded;0;1.48123;;;;;
./datasets/English//english_06;unwounded;2;1.48123;;;;;
./datasets/English//english_07;unwounded;0;1.48123;;;;;
./datasets/English//english_08;unwounded;0;1.48123;;;;;
./datasets/English//english_09;unwounded;0;1.48123;;;;;
./datasets/English//english_10;unwounded;1;1.48123;;;;;
./datasets/English//english_11;unwounded;0;1.48123;;;;;
./datasets/English//english_12;unwounded;5;1.48123;;;;;
./datasets/English//english_13;unwounded;5;1.48123;;;;;
./datasets/English//english_14;unwounded;0;1.48123;;;;;
./datasets/English//english_15;unwounded;0;1.48123;;;;;
./datasets/English//english_16;unwounded;1;1.48123;;;;;
./datasets/English//english_17;unwounded;0;1.48123;;;;;
./datasets/English//english_18;unwounded;2;1.48123;;;;;
./datasets/English//english_19;unwounded;0;1.48123;;;;;
./datasets/English//english_00;personalism;0;1.44017;;;;;
./datasets/English//english_01;personalism;0;1.44017;;;;;
./datasets/English//english_02;personalism;0;1.44017;;;;;
./datasets/English//english_03;personalism;0;1.44017;;;;;
./datasets/English//english_04;personalism;0;1.44017;;;;;
./datasets/English//english_05;personalism;0;1.44017;;;;;
./datasets/English//english_06;personalism;0;1.44017;;;;;
./datasets/English//english_07;personalism;0;1.44017;;;;;
./datasets/English//english_08;personalism;0;1.44017;;;;;
./datasets/English//english_09;personalism;0;1.44017;;;;;
./datasets/English//english_10;personalism;0;1.44017;;;;;
./datasets/English//english_11;personalism;0;1.44017;;;;;
./datasets/English//english_12;personalism;0;1.44017;;;;;
./datasets/English//english_13;personalism;0;1.44017;;;;;
./datasets/English//english_14;personalism;0;1.44017;;;;;
./datasets/English//english_15;personalism;0;1.44017;;;;;
./datasets/English//english_16;personalism;0;1.44017;;;;;
./datasets/English//english_17;personalism;0;1.44017;;;;;
./datasets/English//english_18;personalism;0;1.44017;;;;;
./datasets/English//english_19;personalism;0;1.44017;;;;;
./datasets/English//english_00;howitzer;0;1.48395;;;;;
./datasets/English//english_01;howitzer;0;1.48395;;;;;
./datasets/English//english_02;howitzer;0;1.48395;;;;;
./datasets/English//english_03;howitzer;0;1.48395;;;;;
./datasets/English//english_04;howitzer;0;1.48395;;;;;
./datasets/English//english_05;howitzer;0;1.48395;;;;;
./datasets/English//english_06;howitzer;0;1.48395;;;;;
./datasets/English//english_07;howitzer;0;1.48395;;;;;
./datasets/English//english_08;howitzer;0;1.48395;;;;;
./datasets/English//english_09;howitzer;0;1.48395;;;;;
./datasets/English//english_10;howitzer;0;1.48395;;;;;
./datasets/English//english_11;howitzer;8;1.48395;;;;;
./datasets/English//english_12;howitzer;30;1.48395;;;;;
./datasets/English//english_13;howitzer;0;1.48395;;;;;
./datasets/English//english_14;howitzer;0;1.48395;;;;;
./datasets/English//english_15;howitzer;0;1.48395;;;;;
./datasets/English//english_16;howitzer;0;1.48395;;;;;
./datasets/English//english_17;howitzer;0;1.48395;;;;;
./datasets/English//english_18;howitzer;7;1.48395;;;;;
./datasets/English//english_19;howitzer;0;1.48395;;;;;
./datasets/English//english_00;hexahydroxy;0;1.39347;;;;;
./datasets/English//english_01;hexahydroxy;0;1.39347;;;;;
./datasets/English//english_02;hexahydroxy;0;1.39347;;;;;
./datasets/English//english_03;hexahydroxy;0;1.39347;;;;;
./datasets/English//english_04;hexahydroxy;0;1.39347;;;;;
./datasets/English//english_05;hexahydroxy;0;1.39347;;;;;
./datasets/English//english_06;hexahydroxy;0;1.39347;;;;;
./datasets/English//english_07;hexahydroxy;0;1.39347;;;;;
./datasets/English//english_08;hexahydroxy;0;1.39347;;;;;
./datasets/English//english_09;hexahydroxy;0;1.39347;;;;;
./datasets/English//english_10;hexahydroxy;0;1.39347;;;;;
./datasets/English//english_11;hexahydroxy;0;1.39347;;;;;
./datasets/English//english_12;hexahydroxy;0;1.39347;;;;;
./datasets/English//english_13;hexahydroxy;0;1.39347;;;;;
./datasets/English//english_14;hexahydroxy;0;1.39347;;;;;
./datasets/English//english_15;hexahydroxy;0;1.39347;;;;;
./datasets/English//english_16;hexahydroxy;0;1.39347;;;;;
./datasets/English//english_17;hexahydroxy;0;1.39347;;;;;
./datasets/English//english_18;hexahydroxy;0;1.39347;;;;;
./datasets/English//english_19;hexahydroxy;0;1.39347;;;;;
./datasets/English//english_00;koku;0;1.70907;;;;;
./datasets/English//english_01;koku;0;1.70907;;;;;
./datasets/English//english_02;koku;0;1.70907;;;;;
./datasets/English//english_03;koku;0;1.70907;;;;;
./datasets/English//english_04;koku;0;1.70907;;;;;
./datasets/English//english_05;koku;0;1.70907;;;;;
./datasets/English//english_06;koku;0;1.70907;;;;;
./datasets/English//english_07;koku;0;1.70907;;;;;
./datasets/English//english_08;koku;0;1.70907;;;;;
./datasets/English//english_09;koku;0;1.70907;;;;;
./datasets/English//english_10;koku;0;1.70907;;;;;
./datasets/English//english_11;koku;0;1.70907;;;;;
./datasets/English//english_12;koku;2;1.70907;;;;;
./datasets/English//english_13;koku;0;1.70907;;;;;
./datasets/English//english_14;koku;0;1.70907;;;;;
./datasets/English//english_15;koku;0;1.70907;;;;;
./datasets/English//english_16;koku;0;1.70907;;;;;
./datasets/English//english_17;koku;0;1.70907;;;;;
./datasets/English//english_18;koku;0;1.70907;;;;;
./datasets/English//english_19;koku;0;1.70907;;;;;
./datasets/English//english_00;reamer;4;1.58979;;;;;
./datasets/English//english_01;reamer;1;1.58979;;;;;
./datasets/English//english_02;reamer;3;1.58979;;;;;
./datasets/English//english_03;reamer;4;1.58979;;;;;
./datasets/English//english_04;reamer;4;1.58979;;;;;
./datasets/English//english_05;reamer;2;1.58979;;;;;
./datasets/English//english_06;reamer;3;1.58979;;;;;
./datasets/English//english_07;reamer;9;1.58979;;;;;
./datasets/English//english_08;reamer;14;1.58979;;;;;
./datasets/English//english_09;reamer;3;1.58979;;;;;
./datasets/English//english_10;reamer;4;1.58979;;;;;
./datasets/English//english_11;reamer;5;1.58979;;;;;
./datasets/English//english_12;reamer;2;1.58979;;;;;
./datasets/English//english_13;reamer;3;1.58979;;;;;
./datasets/English//english_14;reamer;2;1.58979;;;;;
./datasets/English//english_15;reamer;3;1.58979;;;;;
./datasets/English//english_16;reamer;11;1.58979;;;;;
./datasets/English//english_17;reamer;6;1.58979;;;;;
./datasets/English//english_18;reamer;6;1.58979;;;;;
./datasets/English//english_19;reamer;6;1.58979;;;;;
./datasets/English//english_00;tonguiness;0;1.42389;;;;;
./datasets/English//english_01;tonguiness;0;1.42389;;;;;
./datasets/English//english_02;tonguiness;0;1.42389;;;;;
./datasets/English//english_03;tonguiness;0;1.42389;;;;;
./datasets/English//english_04;tonguiness;0;1.42389;;;;;
./datasets/English//english_05;tonguiness;0;1.42389;;;;;
./datasets/English//english_06;tonguiness;0;1.42389;;;;;
./datasets/English//english_07;tonguiness;0;1.42389;;;;;
./datasets/English//english_08;tonguiness;0;1.42389;;;;;
./datasets/English//english_09;tonguiness;0;1.42389;;;;;
./datasets/English//english_10;tonguiness;0;1.42389;;;;;
./datasets/English//english_11;tonguiness;0;1.42389;;;;;
./datasets/English//english_12;tonguiness;0;1.42389;;;;;
./datasets/English//english_13;tonguiness;0;1.42389;;;;;
./datasets/English//english_14;tonguiness;0;1.42389;;;;;
./datasets/English//english_15;tonguiness;0;1.42389;;;;;
./datasets/English//english_16;tonguiness;0;1.42389;;;;;
./datasets/English//english_17;tonguiness;0;1.42389;;;;;
./datasets/English//english_18;tonguiness;0;1.42389;;;;;
./datasets/English//english_19;tonguiness;0;1.42389;;;;;
./datasets/English//english_00;microgametocyte;0;1.37395;;;;;
./datasets/English//english_01;microgametocyte;0;1.37395;;;;;
./datasets/English//english_02;microgametocyte;0;1.37395;;;;;
./datasets/English//english_03;microgametocyte;0;1.37395;;;;;
./datasets/English//english_04;microgametocyte;0;1.37395;;;;;
./datasets/English//english_05;microgametocyte;0;1.37395;;;;;
./datasets/English//english_06;microgametocyte;0;1.37395;;;;;
./datasets/English//english_07;microgametocyte;0;1.37395;;;;;
./datasets/English//english_08;microgametocyte;0;1.37395;;;;;
./datasets/English//english_09;microgametocyte;0;1.37395;;;;;
./datasets/English//english_10;microgametocyte;0;1.37395;;;;;
./datasets/English//english_11;microgametocyte;0;1.37395;;;;;
./datasets/English//english_12;microgametocyte;0;1.37395;;;;;
./datasets/English//english_13;microgametocyte;0;1.37395;;;;;
./datasets/English//english_14;microgametocyte;0;1.37395;;;;;
./datasets/English//english_15;microgametocyte;0;1.37395;;;;;
./datasets/English//english_16;microgametocyte;0;1.37395;;;;;
./datasets/English//english_17;microgametocyte;0;1.37395;;;;;
./datasets/English//english_18;microgametocyte;0;1.37395;;;;;
./datasets/English//english_19;microgametocyte;0;1.37395;;;;;
./datasets/English//english_00;baba;0;1.8785;;;;;
./datasets/English//english_01;baba;0;1.8785;;;;;
./datasets/English//english_02;baba;0;1.8785;;;;;
./datasets/English//english_03;baba;2;1.8785;;;;;
./datasets/English//english_04;baba;2;1.8785;;;;;
./datasets/English//english_05;baba;0;1.8785;;;;;
./datasets/English//english_06;baba;0;1.8785;;;;;
./datasets/English//english_07;baba;0;1.8785;;;;;
./datasets/English//english_08;baba;0;1.8785;;;;;
./datasets/English//english_09;baba;0;1.8785;;;;;
./datasets/English//english_10;baba;1;1.8785;;;;;
./datasets/English//english_11;baba;0;1.8785;;;;;
./datasets/English//english_12;baba;1;1.8785;;;;;
./datasets/English//english_13;baba;0;1.8785;;;;;
./datasets/English//english_14;baba;1;1.8785;;;;;
./datasets/English//english_15;baba;0;1.8785;;;;;
./datasets/English//english_16;baba;0;1.8785;;;;;
./datasets/English//english_17;baba;0;1.8785;;;;;
./datasets/English//english_18;baba;0;1.8785;;;;;
./datasets/English//english_19;baba;0;1.8785;;;;;
./datasets/English//english_00;ludefisk;0;1.78866;;;;;
./datasets/English//english_01;ludefisk;0;1.78866;;;;;
./datasets/English//english_02;ludefisk;0;1.78866;;;;;
./datasets/English//english_03;ludefisk;0;1.78866;;;;;
./datasets/English//english_04;ludefisk;0;1.78866;;;;;
./datasets/English//english_05;ludefisk;0;1.78866;;;;;
./datasets/English//english_06;ludefisk;0;1.78866;;;;;
./datasets/English//english_07;ludefisk;0;1.78866;;;;;
./datasets/English//english_08;ludefisk;0;1.78866;;;;;
./datasets/English//english_09;ludefisk;0;1.78866;;;;;
./datasets/English//english_10;ludefisk;0;1.78866;;;;;
./datasets/English//english_11;ludefisk;0;1.78866;;;;;
./datasets/English//english_12;ludefisk;0;1.78866;;;;;
./datasets/English//english_13;ludefisk;0;1.78866;;;;;
./datasets/English//english_14;ludefisk;0;1.78866;;;;;
./datasets/English//english_15;ludefisk;0;1.78866;;;;;
./datasets/English//english_16;ludefisk;0;1.78866;;;;;
./datasets/English//english_17;ludefisk;0;1.78866;;;;;
./datasets/English//english_18;ludefisk;0;1.78866;;;;;
./datasets/English//english_19;ludefisk;0;1.78866;;;;;
./datasets/English//english_00;novelwright;0;1.79835;;;;;
./datasets/English//english_01;novelwright;0;1.79835;;;;;
./datasets/English//english_02;novelwright;0;1.79835;;;;;
./datasets/English//english_03;novelwright;0;1.79835;;;;;
./datasets/English//english_04;novelwright;0;1.79835;;;;;
./datasets/English//english_05;novelwright;0;1.79835;;;;;
./datasets/English//english_06;novelwright;0;1.79835;;;;;
./datasets/English//english_07;novelwright;0;1.79835;;;;;
./datasets/English//english_08;novelwright;0;1.79835;;;;;
./datasets/English//english_09;novelwright;0;1.79835;;;;;
./datasets/English//english_10;novelwright;0;1.79835;;;;;
./datasets/English//english_11;novelwright;0;1.79835;;;;;
./datasets/English//english_12;novelwright;0;1.79835;;;;;
./datasets/English//english_13;novelwright;0;1.79835;;;;;
./datasets/English//english_14;novelwright;0;1.79835;;;;;
./datasets/English//english_15;novelwright;0;1.79835;;;;;
./datasets/English//english_16;novelwright;0;1.79835;;;;;
./datasets/English//english_17;novelwright;0;1.79835;;;;;
./datasets/English//english_18;novelwright;0;1.79835;;;;;
./datasets/English//english_19;novelwright;0;1.79835;;;;;
./datasets/English//english_00;swinehull;0;1.58982;;;;;
./datasets/English//english_01;swinehull;0;1.58982;;;;;
./datasets/English//english_02;swinehull;0;1.58982;;;;;
./datasets/English//english_03;swinehull;0;1.58982;;;;;
./datasets/English//english_04;swinehull;0;1.58982;;;;;
./datasets/English//english_05;swinehull;0;1.58982;;;;;
./datasets/English//english_06;swinehull;0;1.58982;;;;;
./datasets/English//english_07;swinehull;0;1.58982;;;;;
./datasets/English//english_08;swinehull;0;1.58982;;;;;
./datasets/English//english_09;swinehull;0;1.58982;;;;;
./datasets/English//english_10;swinehull;0;1.58982;;;;;
./datasets/English//english_11;swinehull;0;1.58982;;;;;
./datasets/English//english_12;swinehull;0;1.58982;;;;;
./datasets/English//english_13;swinehull;0;1.58982;;;;;
./datasets/English//english_14;swinehull;0;1.58982;;;;;
./datasets/English//english_15;swinehull;0;1.58982;;;;;
./datasets/English//english_16;swinehull;0;1.58982;;;;;
./datasets/English//english_17;swinehull;0;1.58982;;;;;
./datasets/English//english_18;swinehull;0;1.58982;;;;;
./datasets/English//english_19;swinehull;0;1.58982;;;;;
./datasets/English//english_00;Odonata;0;1.60577;;;;;
./datasets/English//english_01;Odonata;0;1.60577;;;;;
./datasets/English//english_02;Odonata;0;1.60577;;;;;
./datasets/English//english_03;Odonata;0;1.60577;;;;;
./datasets/English//english_04;Odonata;0;1.60577;;;;;
./datasets/English//english_05;Odonata;0;1.60577;;;;;
./datasets/English//english_06;Odonata;0;1.60577;;;;;
./datasets/English//english_07;Odonata;0;1.60577;;;;;
./datasets/English//english_08;Odonata;0;1.60577;;;;;
./datasets/English//english_09;Odonata;0;1.60577;;;;;
./datasets/English//english_10;Odonata;0;1.60577;;;;;
./datasets/English//english_11;Odonata;0;1.60577;;;;;
./datasets/English//english_12;Odonata;0;1.60577;;;;;
./datasets/English//english_13;Odonata;0;1.60577;;;;;
./datasets/English//english_14;Odonata;0;1.60577;;;;;
./datasets/English//english_15;Odonata;0;1.60577;;;;;
./datasets/English//english_16;Odonata;0;1.60577;;;;;
./datasets/English//english_17;Odonata;0;1.60577;;;;;
./datasets/English//english_18;Odonata;0;1.60577;;;;;
./datasets/English//english_19;Odonata;0;1.60577;;;;;
./datasets/English//english_00;indefinable;0;1.55981;;;;;
./datasets/English//english_01;indefinable;0;1.55981;;;;;
./datasets/English//english_02;indefinable;0;1.55981;;;;;
./datasets/English//english_03;indefinable;0;1.55981;;;;;
./datasets/English//english_04;indefinable;0;1.55981;;;;;
./datasets/English//english_05;indefinable;2;1.55981;;;;;
./datasets/English//english_06;indefinable;0;1.55981;;;;;
./datasets/English//english_07;indefinable;0;1.55981;;;;;
./datasets/English//english_08;indefinable;0;1.55981;;;;;
./datasets/English//english_09;indefinable;1;1.55981;;;;;
./datasets/English//english_10;indefinable;3;1.55981;;;;;
./datasets/English//english_11;indefinable;1;1.55981;;;;;
./datasets/English//english_12;indefinable;1;1.55981;;;;;
./datasets/English//english_13;indefinable;5;1.55981;;;;;
./datasets/English//english_14;indefinable;0;1.55981;;;;;
./datasets/English//english_15;indefinable;0;1.55981;;;;;
./datasets/English//english_16;indefinable;3;1.55981;;;;;
./datasets/English//english_17;indefinable;2;1.55981;;;;;
./datasets/English//english_18;indefinable;2;1.55981;;;;;
./datasets/English//english_19;indefinable;0;1.55981;;;;;
./datasets/English//english_00;faineance;0;1.64499;;;;;
./datasets/English//english_01;faineance;0;1.64499;;;;;
./datasets/English//english_02;faineance;0;1.64499;;;;;
./datasets/English//english_03;faineance;0;1.64499;;;;;
./datasets/English//english_04;faineance;0;1.64499;;;;;
./datasets/English//english_05;faineance;0;1.64499;;;;;
./datasets/English//english_06;faineance;0;1.64499;;;;;
./datasets/English//english_07;faineance;0;1.64499;;;;;
./datasets/English//english_08;faineance;0;1.64499;;;;;
./datasets/English//english_09;faineance;1;1.64499;;;;;
./datasets/English//english_10;faineance;0;1.64499;;;;;
./datasets/English//english_11;faineance;0;1.64499;;;;;
./datasets/English//english_12;faineance;0;1.64499;;;;;
./datasets/English//english_13;faineance;0;1.64499;;;;;
./datasets/English//english_14;faineance;0;1.64499;;;;;
./datasets/English//english_15;faineance;0;1.64499;;;;;
./datasets/English//english_16;faineance;0;1.64499;;;;;
./datasets/English//english_17;faineance;0;1.64499;;;;;
./datasets/English//english_18;faineance;0;1.64499;;;;;
./datasets/English//english_19;faineance;0;1.64499;;;;;
./datasets/English//english_00;nidologist;0;1.47552;;;;;
./datasets/English//english_01;nidologist;0;1.47552;;;;;
./datasets/English//english_02;nidologist;0;1.47552;;;;;
./datasets/English//english_03;nidologist;0;1.47552;;;;;
./datasets/English//english_04;nidologist;0;1.47552;;;;;
./datasets/English//english_05;nidologist;0;1.47552;;;;;
./datasets/English//english_06;nidologist;0;1.47552;;;;;
./datasets/English//english_07;nidologist;0;1.47552;;;;;
./datasets/English//english_08;nidologist;0;1.47552;;;;;
./datasets/English//english_09;nidologist;0;1.47552;;;;;
./datasets/English//english_10;nidologist;0;1.47552;;;;;
./datasets/English//english_11;nidologist;0;1.47552;;;;;
./datasets/English//english_12;nidologist;0;1.47552;;;;;
./datasets/English//english_13;nidologist;0;1.47552;;;;;
./datasets/English//english_14;nidologist;0;1.47552;;;;;
./datasets/English//english_15;nidologist;0;1.47552;;;;;
./datasets/English//english_16;nidologist;0;1.47552;;;;;
./datasets/English//english_17;nidologist;0;1.47552;;;;;
./datasets/English//english_18;nidologist;0;1.47552;;;;;
./datasets/English//english_19;nidologist;0;1.47552;;;;;
./datasets/English//english_00;supracargo;0;1.41991;;;;;
./datasets/English//english_01;supracargo;0;1.41991;;;;;
./datasets/English//english_02;supracargo;0;1.41991;;;;;
./datasets/English//english_03;supracargo;0;1.41991;;;;;
./datasets/English//english_04;supracargo;0;1.41991;;;;;
./datasets/English//english_05;supracargo;0;1.41991;;;;;
./datasets/English//english_06;supracargo;0;1.41991;;;;;
./datasets/English//english_07;supracargo;0;1.41991;;;;;
./datasets/English//english_08;supracargo;0;1.41991;;;;;
./datasets/English//english_09;supracargo;0;1.41991;;;;;
./datasets/English//english_10;supracargo;0;1.41991;;;;;
./datasets/English//english_11;supracargo;0;1.41991;;;;;
./datasets/English//english_12;supracargo;0;1.41991;;;;;
./datasets/English//english_13;supracargo;0;1.41991;;;;;
./datasets/English//english_14;supracargo;0;1.41991;;;;;
./datasets/English//english_15;supracargo;0;1.41991;;;;;
./datasets/English//english_16;supracargo;0;1.41991;;;;;
./datasets/English//english_17;supracargo;0;1.41991;;;;;
./datasets/English//english_18;supracargo;0;1.41991;;;;;
./datasets/English//english_19;supracargo;0;1.41991;;;;;
./datasets/English//english_00;beriberic;0;1.53886;;;;;
./datasets/English//english_01;beriberic;0;1.53886;;;;;
./datasets/English//english_02;beriberic;0;1.53886;;;;;
./datasets/English//english_03;beriberic;0;1.53886;;;;;
./datasets/English//english_04;beriberic;0;1.53886;;;;;
./datasets/English//english_05;beriberic;0;1.53886;;;;;
./datasets/English//english_06;beriberic;0;1.53886;;;;;
./datasets/English//english_07;beriberic;0;1.53886;;;;;
./datasets/English//english_08;beriberic;0;1.53886;;;;;
./datasets/English//english_09;beriberic;0;1.53886;;;;;
./datasets/English//english_10;beriberic;0;1.53886;;;;;
./datasets/English//english_11;beriberic;0;1.53886;;;;;
./datasets/English//english_12;beriberic;0;1.53886;;;;;
./datasets/English//english_13;beriberic;0;1.53886;;;;;
./datasets/English//english_14;beriberic;0;1.53886;;;;;
./datasets/English//english_15;beriberic;0;1.53886;;;;;
./datasets/English//english_16;beriberic;0;1.53886;;;;;
./datasets/English//english_17;beriberic;0;1.53886;;;;;
./datasets/English//english_18;beriberic;0;1.53886;;;;;
./datasets/English//english_19;beriberic;0;1.53886;;;;;
./datasets/English//english_00;betso;0;2.00523;;;;;
./datasets/English//english_01;betso;0;2.00523;;;;;
./datasets/English//english_02;betso;0;2.00523;;;;;
./datasets/English//english_03;betso;0;2.00523;;;;;
./datasets/English//english_04;betso;0;2.00523;;;;;
./datasets/English//english_05;betso;0;2.00523;;;;;
./datasets/English//english_06;betso;0;2.00523;;;;;
./datasets/English//english_07;betso;0;2.00523;;;;;
./datasets/English//english_08;betso;0;2.00523;;;;;
./datasets/English//english_09;betso;0;2.00523;;;;;
./datasets/English//english_10;betso;0;2.00523;;;;;
./datasets/English//english_11;betso;0;2.00523;;;;;
./datasets/English//english_12;betso;0;2.00523;;;;;
./datasets/English//english_13;betso;0;2.00523;;;;;
./datasets/English//english_14;betso;0;2.00523;;;;;
./datasets/English//english_15;betso;0;2.00523;;;;;
./datasets/English//english_16;betso;0;2.00523;;;;;
./datasets/English//english_17;betso;0;2.00523;;;;;
./datasets/English//english_18;betso;0;2.00523;;;;;
./datasets/English//english_19;betso;0;2.00523;;;;;
./datasets/English//english_00;archheart;0;1.65808;;;;;
./datasets/English//english_01;archheart;0;1.65808;;;;;
./datasets/English//english_02;archheart;0;1.65808;;;;;
./datasets/English//english_03;archheart;0;1.65808;;;;;
./datasets/English//english_04;archheart;0;1.65808;;;;;
./datasets/English//english_05;archheart;0;1.65808;;;;;
./datasets/English//english_06;archheart;0;1.65808;;;;;
./datasets/English//english_07;archheart;0;1.65808;;;;;
./datasets/English//english_08;archheart;0;1.65808;;;;;
./datasets/English//english_09;archheart;0;1.65808;;;;;
./datasets/English//english_10;archheart;0;1.65808;;;;;
./datasets/English//english_11;archheart;0;1.65808;;;;;
./datasets/English//english_12;archheart;0;1.65808;;;;;
./datasets/English//english_13;archheart;0;1.65808;;;;;
./datasets/English//english_14;archheart;0;1.65808;;;;;
./datasets/English//english_15;archheart;0;1.65808;;;;;
./datasets/English//english_16;archheart;0;1.65808;;;;;
./datasets/English//english_17;archheart;0;1.65808;;;;;
./datasets/English//english_18;archheart;0;1.65808;;;;;
./datasets/English//english_19;archheart;0;1.65808;;;;;
./datasets/English//english_00;snary;0;1.66302;;;;;
./datasets/English//english_01;snary;0;1.66302;;;;;
./datasets/English//english_02;snary;0;1.66302;;;;;
./datasets/English//english_03;snary;0;1.66302;;;;;
./datasets/English//english_04;snary;0;1.66302;;;;;
./datasets/English//english_05;snary;0;1.66302;;;;;
./datasets/English//english_06;snary;0;1.66302;;;;;
./datasets/English//english_07;snary;0;1.66302;;;;;
./datasets/English//english_08;snary;0;1.66302;;;;;
./datasets/English//english_09;snary;0;1.66302;;;;;
./datasets/English//english_10;snary;0;1.66302;;;;;
./datasets/English//english_11;snary;0;1.66302;;;;;
./datasets/English//english_12;snary;0;1.66302;;;;;
./datasets/English//english_13;snary;0;1.66302;;;;;
./datasets/English//english_14;snary;0;1.66302;;;;;
./datasets/English//english_15;snary;0;1.66302;;;;;
./datasets/English//english_16;snary;0;1.66302;;;;;
./datasets/English//english_17;snary;0;1.66302;;;;;
./datasets/English//english_18;snary;0;1.66302;;;;;
./datasets/English//english_19;snary;0;1.66302;;;;;
./datasets/English//english_00;Viminal;0;1.61059;;;;;
./datasets/English//english_01;Viminal;0;1.61059;;;;;
./datasets/English//english_02;Viminal;0;1.61059;;;;;
./datasets/English//english_03;Viminal;0;1.61059;;;;;
./datasets/English//english_04;Viminal;0;1.61059;;;;;
./datasets/English//english_05;Viminal;0;1.61059;;;;;
./datasets/English//english_06;Viminal;0;1.61059;;;;;
./datasets/English//english_07;Viminal;0;1.61059;;;;;
./datasets/English//english_08;Viminal;0;1.61059;;;;;
./datasets/English//english_09;Viminal;0;1.61059;;;;;
./datasets/English//english_10;Viminal;0;1.61059;;;;;
./datasets/English//english_11;Viminal;0;1.61059;;;;;
./datasets/English//english_12;Viminal;0;1.61059;;;;;
./datasets/English//english_13;Viminal;0;1.61059;;;;;
./datasets/English//english_14;Viminal;0;1.61059;;;;;
./datasets/English//english_15;Viminal;0;1.61059;;;;;
./datasets/English//english_16;Viminal;0;1.61059;;;;;
./datasets/English//english_17;Viminal;0;1.61059;;;;;
./datasets/English//english_18;Viminal;0;1.61059;;;;;
./datasets/English//english_19;Viminal;0;1.61059;;;;;
./datasets/English//english_00;Pygopodidae;0;1.40997;;;;;
./datasets/English//english_01;Pygopodidae;0;1.40997;;;;;
./datasets/English//english_02;Pygopodidae;0;1.40997;;;;;
./datasets/English//english_03;Pygopodidae;0;1.40997;;;;;
./datasets/English//english_04;Pygopodidae;0;1.40997;;;;;
./datasets/English//english_05;Pygopodidae;0;1.40997;;;;;
./datasets/English//english_06;Pygopodidae;0;1.40997;;;;;
./datasets/English//english_07;Pygopodidae;0;1.40997;;;;;
./datasets/English//english_08;Pygopodidae;0;1.40997;;;;;
./datasets/English//english_09;Pygopodidae;0;1.40997;;;;;
./datasets/English//english_10;Pygopodidae;0;1.40997;;;;;
./datasets/English//english_11;Pygopodidae;0;1.40997;;;;;
./datasets/English//english_12;Pygopodidae;0;1.40997;;;;;
./datasets/English//english_13;Pygopodidae;0;1.40997;;;;;
./datasets/English//english_14;Pygopodidae;0;1.40997;;;;;
./datasets/English//english_15;Pygopodidae;0;1.40997;;;;;
./datasets/English//english_16;Pygopodidae;0;1.40997;;;;;
./datasets/English//english_17;Pygopodidae;0;1.40997;;;;;
./datasets/English//english_18;Pygopodidae;0;1.40997;;;;;
./datasets/English//english_19;Pygopodidae;0;1.40997;;;;;
./datasets/English//english_00;acetylenediurein;0;1.40898;;;;;
./datasets/English//english_01;acetylenediurein;0;1.40898;;;;;
./datasets/English//english_02;acetylenediurein;0;1.40898;;;;;
./datasets/English//english_03;acetylenediurein;0;1.40898;;;;;
./datasets/English//english_04;acetylenediurein;0;1.40898;;;;;
./datasets/English//english_05;acetylenediurein;0;1.40898;;;;;
./datasets/English//english_06;acetylenediurein;0;1.40898;;;;;
./datasets/English//english_07;acetylenediurein;0;1.40898;;;;;
./datasets/English//english_08;acetylenediurein;0;1.40898;;;;;
./datasets/English//english_09;acetylenediurein;0;1.40898;;;;;
./datasets/English//english_10;acetylenediurein;0;1.40898;;;;;
./datasets/English//english_11;acetylenediurein;0;1.40898;;;;;
./datasets/English//english_12;acetylenediurein;0;1.40898;;;;;
./datasets/English//english_13;acetylenediurein;0;1.40898;;;;;
./datasets/English//english_14;acetylenediurein;0;1.40898;;;;;
./datasets/English//english_15;acetylenediurein;0;1.40898;;;;;
./datasets/English//english_16;acetylenediurein;0;1.40898;;;;;
./datasets/English//english_17;acetylenediurein;0;1.40898;;;;;
./datasets/English//english_18;acetylenediurein;0;1.40898;;;;;
./datasets/English//english_19;acetylenediurein;0;1.40898;;;;;
./datasets/English//english_00;asphalt;0;1.69748;;;;;
./datasets/English//english_01;asphalt;0;1.69748;;;;;
./datasets/English//english_02;asphalt;0;1.69748;;;;;
./datasets/English//english_03;asphalt;0;1.69748;;;;;
./datasets/English//english_04;asphalt;2;1.69748;;;;;
./datasets/English//english_05;asphalt;0;1.69748;;;;;
./datasets/English//english_06;asphalt;2;1.69748;;;;;
./datasets/English//english_07;asphalt;0;1.69748;;;;;
./datasets/English//english_08;asphalt;1;1.69748;;;;;
./datasets/English//english_09;asphalt;0;1.69748;;;;;
./datasets/English//english_10;asphalt;0;1.69748;;;;;
./datasets/English//english_11;asphalt;2;1.69748;;;;;
./datasets/English//english_12;asphalt;0;1.69748;;;;;
./datasets/English//english_13;asphalt;2;1.69748;;;;;
./datasets/English//english_14;asphalt;0;1.69748;;;;;
./datasets/English//english_15;asphalt;1;1.69748;;;;;
./datasets/English//english_16;asphalt;0;1.69748;;;;;
./datasets/English//english_17;asphalt;0;1.69748;;;;;
./datasets/English//english_18;asphalt;2;1.69748;;;;;
./datasets/English//english_19;asphalt;0;1.69748;;;;;
./datasets/English//english_00;preimpress;0;1.46964;;;;;
./datasets/English//english_01;preimpress;0;1.46964;;;;;
./datasets/English//english_02;preimpress;0;1.46964;;;;;
./datasets/English//english_03;preimpress;0;1.46964;;;;;
./datasets/English//english_04;preimpress;0;1.46964;;;;;
./datasets/English//english_05;preimpress;0;1.46964;;;;;
./datasets/English//english_06;preimpress;0;1.46964;;;;;
./datasets/English//english_07;preimpress;0;1.46964;;;;;
./datasets/English//english_08;preimpress;0;1.46964;;;;;
./datasets/English//english_09;preimpress;0;1.46964;;;;;
./datasets/English//english_10;preimpress;0;1.46964;;;;;
./datasets/English//english_11;preimpress;0;1.46964;;;;;
./datasets/English//english_12;preimpress;0;1.46964;;;;;
./datasets/English//english_13;preimpress;0;1.46964;;;;;
./datasets/English//english_14;preimpress;0;1.46964;;;;;
./datasets/English//english_15;preimpress;0;1.46964;;;;;
./datasets/English//english_16;preimpress;0;1.46964;;;;;
./datasets/English//english_17;preimpress;0;1.46964;;;;;
./datasets/English//english_18;preimpress;0;1.46964;;;;;
./datasets/English//english_19;preimpress;0;1.46964;;;;;
./datasets/English//english_00;fountainlet;0;1.73774;;;;;
./datasets/English//english_01;fountainlet;0;1.73774;;;;;
./datasets/English//english_02;fountainlet;0;1.73774;;;;;
./datasets/English//english_03;fountainlet;0;1.73774;;;;;
./datasets/English//english_04;fountainlet;0;1.73774;;;;;
./datasets/English//english_05;fountainlet;0;1.73774;;;;;
./datasets/English//english_06;fountainlet;0;1.73774;;;;;
./datasets/English//english_07;fountainlet;0;1.73774;;;;;
./datasets/English//english_08;fountainlet;0;1.73774;;;;;
./datasets/English//english_09;fountainlet;0;1.73774;;;;;
./datasets/English//english_10;fountainlet;0;1.73774;;;;;
./datasets/English//english_11;fountainlet;0;1.73774;;;;;
./datasets/English//english_12;fountainlet;0;1.73774;;;;;
./datasets/English//english_13;fountainlet;0;1.73774;;;;;
./datasets/English//english_14;fountainlet;0;1.73774;;;;;
./datasets/English//english_15;fountainlet;0;1.73774;;;;;
./datasets/English//english_16;fountainlet;0;1.73774;;;;;
./datasets/English//english_17;fountainlet;0;1.73774;;;;;
./datasets/English//english_18;fountainlet;0;1.73774;;;;;
./datasets/English//english_19;fountainlet;0;1.73774;;;;;
./datasets/English//english_00;bejel;0;1.85121;;;;;
./datasets/English//english_01;bejel;0;1.85121;;;;;
./datasets/English//english_02;bejel;0;1.85121;;;;;
./datasets/English//english_03;bejel;0;1.85121;;;;;
./datasets/English//english_04;bejel;0;1.85121;;;;;
./datasets/English//english_05;bejel;0;1.85121;;;;;
./datasets/English//english_06;bejel;0;1.85121;;;;;
./datasets/English//english_07;bejel;0;1.85121;;;;;
./datasets/English//english_08;bejel;0;1.85121;;;;;
./datasets/English//english_09;bejel;0;1.85121;;;;;
./datasets/English//english_10;bejel;0;1.85121;;;;;
./datasets/English//english_11;bejel;0;1.85121;;;;;
./datasets/English//english_12;bejel;0;1.85121;;;;;
./datasets/English//english_13;bejel;0;1.85121;;;;;
./datasets/English//english_14;bejel;0;1.85121;;;;;
./datasets/English//english_15;bejel;0;1.85121;;;;;
./datasets/English//english_16;bejel;0;1.85121;;;;;
./datasets/English//english_17;bejel;0;1.85121;;;;;
./datasets/English//english_18;bejel;0;1.85121;;;;;
./datasets/English//english_19;bejel;0;1.85121;;;;;
./datasets/English//english_00;unpictorially;0;1.74445;;;;;
./datasets/English//english_01;unpictorially;0;1.74445;;;;;
./datasets/English//english_02;unpictorially;0;1.74445;;;;;
./datasets/English//english_03;unpictorially;0;1.74445;;;;;
./datasets/English//english_04;unpictorially;0;1.74445;;;;;
./datasets/English//english_05;unpictorially;0;1.74445;;;;;
./datasets/English//english_06;unpictorially;0;1.74445;;;;;
./datasets/English//english_07;unpictorially;0;1.74445;;;;;
./datasets/English//english_08;unpictorially;0;1.74445;;;;;
./datasets/English//english_09;unpictorially;0;1.74445;;;;;
./datasets/English//english_10;unpictorially;0;1.74445;;;;;
./datasets/English//english_11;unpictorially;0;1.74445;;;;;
./datasets/English//english_12;unpictorially;0;1.74445;;;;;
./datasets/English//english_13;unpictorially;0;1.74445;;;;;
./datasets/English//english_14;unpictorially;0;1.74445;;;;;
./datasets/English//english_15;unpictorially;0;1.74445;;;;;
./datasets/English//english_16;unpictorially;0;1.74445;;;;;
./datasets/English//english_17;unpictorially;0;1.74445;;;;;
./datasets/English//english_18;unpictorially;0;1.74445;;;;;
./datasets/English//english_19;unpictorially;0;1.74445;;;;;
./datasets/English//english_00;heliophyte;0;1.74175;;;;;
./datasets/English//english_01;heliophyte;0;1.74175;;;;;
./datasets/English//english_02;heliophyte;0;1.74175;;;;;
./datasets/English//english_03;heliophyte;0;1.74175;;;;;
./datasets/English//english_04;heliophyte;0;1.74175;;;;;
./datasets/English//english_05;heliophyte;0;1.74175;;;;;
./datasets/English//english_06;heliophyte;0;1.74175;;;;;
./datasets/English//english_07;heliophyte;0;1.74175;;;;;
./datasets/English//english_08;heliophyte;0;1.74175;;;;;
./datasets/English//english_09;heliophyte;0;1.74175;;;;;
./datasets/English//english_10;heliophyte;0;1.74175;;;;;
./datasets/English//english_11;heliophyte;0;1.74175;;;;;
./datasets/English//english_12;heliophyte;0;1.74175;;;;;
./datasets/English//english_13;heliophyte;0;1.74175;;;;;
./datasets/English//english_14;heliophyte;0;1.74175;;;;;
./datasets/English//english_15;heliophyte;0;1.74175;;;;;
./datasets/English//english_16;heliophyte;0;1.74175;;;;;
./datasets/English//english_17;heliophyte;0;1.74175;;;;;
./datasets/English//english_18;heliophyte;0;1.74175;;;;;
./datasets/English//english_19;heliophyte;0;1.74175;;;;;
./datasets/English//english_00;chimopeelagic;0;1.41397;;;;;
./datasets/English//english_01;chimopeelagic;0;1.41397;;;;;
./datasets/English//english_02;chimopeelagic;0;1.41397;;;;;
./datasets/English//english_03;chimopeelagic;0;1.41397;;;;;
./datasets/English//english_04;chimopeelagic;0;1.41397;;;;;
./datasets/English//english_05;chimopeelagic;0;1.41397;;;;;
./datasets/English//english_06;chimopeelagic;0;1.41397;;;;;
./datasets/English//english_07;chimopeelagic;0;1.41397;;;;;
./datasets/English//english_08;chimopeelagic;0;1.41397;;;;;
./datasets/English//english_09;chimopeelagic;0;1.41397;;;;;
./datasets/English//english_10;chimopeelagic;0;1.41397;;;;;
./datasets/English//english_11;chimopeelagic;0;1.41397;;;;;
./datasets/English//english_12;chimopeelagic;0;1.41397;;;;;
./datasets/English//english_13;chimopeelagic;0;1.41397;;;;;
./datasets/English//english_14;chimopeelagic;0;1.41397;;;;;
./datasets/English//english_15;chimopeelagic;0;1.41397;;;;;
./datasets/English//english_16;chimopeelagic;0;1.41397;;;;;
./datasets/English//english_17;chimopeelagic;0;1.41397;;;;;
./datasets/English//english_18;chimopeelagic;0;1.41397;;;;;
./datasets/English//english_19;chimopeelagic;0;1.41397;;;;;
./datasets/English//english_00;warison;0;1.58482;;;;;
./datasets/English//english_01;warison;0;1.58482;;;;;
./datasets/English//english_02;warison;0;1.58482;;;;;
./datasets/English//english_03;warison;0;1.58482;;;;;
./datasets/English//english_04;warison;0;1.58482;;;;;
./datasets/English//english_05;warison;0;1.58482;;;;;
./datasets/English//english_06;warison;0;1.58482;;;;;
./datasets/English//english_07;warison;0;1.58482;;;;;
./datasets/English//english_08;warison;0;1.58482;;;;;
./datasets/English//english_09;warison;0;1.58482;;;;;
./datasets/English//english_10;warison;0;1.58482;;;;;
./datasets/English//english_11;warison;0;1.58482;;;;;
./datasets/English//english_12;warison;0;1.58482;;;;;
./datasets/English//english_13;warison;0;1.58482;;;;;
./datasets/English//english_14;warison;0;1.58482;;;;;
./datasets/English//english_15;warison;0;1.58482;;;;;
./datasets/English//english_16;warison;0;1.58482;;;;;
./datasets/English//english_17;warison;0;1.58482;;;;;
./datasets/English//english_18;warison;0;1.58482;;;;;
./datasets/English//english_19;warison;0;1.58482;;;;;
./datasets/English//english_00;antivaccinist;0;1.354;;;;;
./datasets/English//english_01;antivaccinist;0;1.354;;;;;
./datasets/English//english_02;antivaccinist;0;1.354;;;;;
./datasets/English//english_03;antivaccinist;0;1.354;;;;;
./datasets/English//english_04;antivaccinist;0;1.354;;;;;
./datasets/English//english_05;antivaccinist;0;1.354;;;;;
./datasets/English//english_06;antivaccinist;0;1.354;;;;;
./datasets/English//english_07;antivaccinist;0;1.354;;;;;
./datasets/English//english_08;antivaccinist;0;1.354;;;;;
./datasets/English//english_09;antivaccinist;0;1.354;;;;;
./datasets/English//english_10;antivaccinist;0;1.354;;;;;
./datasets/English//english_11;antivaccinist;0;1.354;;;;;
./datasets/English//english_12;antivaccinist;0;1.354;;;;;
./datasets/English//english_13;antivaccinist;0;1.354;;;;;
./datasets/English//english_14;antivaccinist;0;1.354;;;;;
./datasets/English//english_15;antivaccinist;0;1.354;;;;;
./datasets/English//english_16;antivaccinist;0;1.354;;;;;
./datasets/English//english_17;antivaccinist;0;1.354;;;;;
./datasets/English//english_18;antivaccinist;0;1.354;;;;;
./datasets/English//english_19;antivaccinist;0;1.354;;;;;
./datasets/English//english_00;overtwine;0;1.62561;;;;;
./datasets/English//english_01;overtwine;0;1.62561;;;;;
./datasets/English//english_02;overtwine;0;1.62561;;;;;
./datasets/English//english_03;overtwine;0;1.62561;;;;;
./datasets/English//english_04;overtwine;0;1.62561;;;;;
./datasets/English//english_05;overtwine;0;1.62561;;;;;
./datasets/English//english_06;overtwine;0;1.62561;;;;;
./datasets/English//english_07;overtwine;0;1.62561;;;;;
./datasets/English//english_08;overtwine;0;1.62561;;;;;
./datasets/English//english_09;overtwine;0;1.62561;;;;;
./datasets/English//english_10;overtwine;0;1.62561;;;;;
./datasets/English//english_11;overtwine;0;1.62561;;;;;
./datasets/English//english_12;overtwine;0;1.62561;;;;;
./datasets/English//english_13;overtwine;0;1.62561;;;;;
./datasets/English//english_14;overtwine;0;1.62561;;;;;
./datasets/English//english_15;overtwine;0;1.62561;;;;;
./datasets/English//english_16;overtwine;0;1.62561;;;;;
./datasets/English//english_17;overtwine;0;1.62561;;;;;
./datasets/English//english_18;overtwine;0;1.62561;;;;;
./datasets/English//english_19;overtwine;0;1.62561;;;;;
./datasets/English//english_00;preremove;0;1.45562;;;;;
./datasets/English//english_01;preremove;0;1.45562;;;;;
./datasets/English//english_02;preremove;0;1.45562;;;;;
./datasets/English//english_03;preremove;0;1.45562;;;;;
./datasets/English//english_04;preremove;0;1.45562;;;;;
./datasets/English//english_05;preremove;0;1.45562;;;;;
./datasets/English//english_06;preremove;0;1.45562;;;;;
./datasets/English//english_07;preremove;0;1.45562;;;;;
./datasets/English//english_08;preremove;0;1.45562;;;;;
./datasets/English//english_09;preremove;0;1.45562;;;;;
./datasets/English//english_10;preremove;0;1.45562;;;;;
./datasets/English//english_11;preremove;0;1.45562;;;;;
./datasets/English//english_12;preremove;0;1.45562;;;;;
./datasets/English//english_13;preremove;0;1.45562;;;;;
./datasets/English//english_14;preremove;0;1.45562;;;;;
./datasets/English//english_15;preremove;0;1.45562;;;;;
./datasets/English//english_16;preremove;0;1.45562;;;;;
./datasets/English//english_17;preremove;0;1.45562;;;;;
./datasets/English//english_18;preremove;0;1.45562;;;;;
./datasets/English//english_19;preremove;0;1.45562;;;;;
./datasets/English//english_00;nerval;0;1.63383;;;;;
./datasets/English//english_01;nerval;0;1.63383;;;;;
./datasets/English//english_02;nerval;0;1.63383;;;;;
./datasets/English//english_03;nerval;0;1.63383;;;;;
./datasets/English//english_04;nerval;0;1.63383;;;;;
./datasets/English//english_05;nerval;0;1.63383;;;;;
./datasets/English//english_06;nerval;0;1.63383;;;;;
./datasets/English//english_07;nerval;0;1.63383;;;;;
./datasets/English//english_08;nerval;0;1.63383;;;;;
./datasets/English//english_09;nerval;0;1.63383;;;;;
./datasets/English//english_10;nerval;0;1.63383;;;;;
./datasets/English//english_11;nerval;0;1.63383;;;;;
./datasets/English//english_12;nerval;0;1.63383;;;;;
./datasets/English//english_13;nerval;0;1.63383;;;;;
./datasets/English//english_14;nerval;0;1.63383;;;;;
./datasets/English//english_15;nerval;0;1.63383;;;;;
./datasets/English//english_16;nerval;0;1.63383;;;;;
./datasets/English//english_17;nerval;0;1.63383;;;;;
./datasets/English//english_18;nerval;0;1.63383;;;;;
./datasets/English//english_19;nerval;0;1.63383;;;;;
./datasets/English//english_00;bufonite;0;1.50086;;;;;
./datasets/English//english_01;bufonite;0;1.50086;;;;;
./datasets/English//english_02;bufonite;0;1.50086;;;;;
./datasets/English//english_03;bufonite;0;1.50086;;;;;
./datasets/English//english_04;bufonite;0;1.50086;;;;;
./datasets/English//english_05;bufonite;0;1.50086;;;;;
./datasets/English//english_06;bufonite;0;1.50086;;;;;
./datasets/English//english_07;bufonite;0;1.50086;;;;;
./datasets/English//english_08;bufonite;0;1.50086;;;;;
./datasets/English//english_09;bufonite;0;1.50086;;;;;
./datasets/English//english_10;bufonite;0;1.50086;;;;;
./datasets/English//english_11;bufonite;0;1.50086;;;;;
./datasets/English//english_12;bufonite;0;1.50086;;;;;
./datasets/English//english_13;bufonite;0;1.50086;;;;;
./datasets/English//english_14;bufonite;0;1.50086;;;;;
./datasets/English//english_15;bufonite;0;1.50086;;;;;
./datasets/English//english_16;bufonite;0;1.50086;;;;;
./datasets/English//english_17;bufonite;0;1.50086;;;;;
./datasets/English//english_18;bufonite;0;1.50086;;;;;
./datasets/English//english_19;bufonite;0;1.50086;;;;;
./datasets/English//english_00;eradicator;0;1.41596;;;;;
./datasets/English//english_01;eradicator;0;1.41596;;;;;
./datasets/English//english_02;eradicator;0;1.41596;;;;;
./datasets/English//english_03;eradicator;0;1.41596;;;;;
./datasets/English//english_04;eradicator;0;1.41596;;;;;
./datasets/English//english_05;eradicator;0;1.41596;;;;;
./datasets/English//english_06;eradicator;0;1.41596;;;;;
./datasets/English//english_07;eradicator;0;1.41596;;;;;
./datasets/English//english_08;eradicator;0;1.41596;;;;;
./datasets/English//english_09;eradicator;0;1.41596;;;;;
./datasets/English//english_10;eradicator;0;1.41596;;;;;
./datasets/English//english_11;eradicator;0;1.41596;;;;;
./datasets/English//english_12;eradicator;0;1.41596;;;;;
./datasets/English//english_13;eradicator;0;1.41596;;;;;
./datasets/English//english_14;eradicator;0;1.41596;;;;;
./datasets/English//english_15;eradicator;0;1.41596;;;;;
./datasets/English//english_16;eradicator;0;1.41596;;;;;
./datasets/English//english_17;eradicator;0;1.41596;;;;;
./datasets/English//english_18;eradicator;0;1.41596;;;;;
./datasets/English//english_19;eradicator;0;1.41596;;;;;
./datasets/English//english_00;turtling;0;1.65849;;;;;
./datasets/English//english_01;turtling;0;1.65849;;;;;
./datasets/English//english_02;turtling;0;1.65849;;;;;
./datasets/English//english_03;turtling;0;1.65849;;;;;
./datasets/English//english_04;turtling;0;1.65849;;;;;
./datasets/English//english_05;turtling;0;1.65849;;;;;
./datasets/English//english_06;turtling;0;1.65849;;;;;
./datasets/English//english_07;turtling;0;1.65849;;;;;
./datasets/English//english_08;turtling;0;1.65849;;;;;
./datasets/English//english_09;turtling;0;1.65849;;;;;
./datasets/English//english_10;turtling;0;1.65849;;;;;
./datasets/English//english_11;turtling;0;1.65849;;;;;
./datasets/English//english_12;turtling;0;1.65849;;;;;
./datasets/English//english_13;turtling;0;1.65849;;;;;
./datasets/English//english_14;turtling;0;1.65849;;;;;
./datasets/English//english_15;turtling;0;1.65849;;;;;
./datasets/English//english_16;turtling;0;1.65849;;;;;
./datasets/English//english_17;turtling;0;1.65849;;;;;
./datasets/English//english_18;turtling;0;1.65849;;;;;
./datasets/English//english_19;turtling;0;1.65849;;;;;
./datasets/English//english_00;winrace;0;1.53887;;;;;
./datasets/English//english_01;winrace;0;1.53887;;;;;
./datasets/English//english_02;winrace;0;1.53887;;;;;
./datasets/English//english_03;winrace;0;1.53887;;;;;
./datasets/English//english_04;winrace;0;1.53887;;;;;
./datasets/English//english_05;winrace;0;1.53887;;;;;
./datasets/English//english_06;winrace;0;1.53887;;;;;
./datasets/English//english_07;winrace;0;1.53887;;;;;
./datasets/English//english_08;winrace;0;1.53887;;;;;
./datasets/English//english_09;winrace;0;1.53887;;;;;
./datasets/English//english_10;winrace;0;1.53887;;;;;
./datasets/English//english_11;winrace;0;1.53887;;;;;
./datasets/English//english_12;winrace;0;1.53887;;;;;
./datasets/English//english_13;winrace;0;1.53887;;;;;
./datasets/English//english_14;winrace;0;1.53887;;;;;
./datasets/English//english_15;winrace;0;1.53887;;;;;
./datasets/English//english_16;winrace;0;1.53887;;;;;
./datasets/English//english_17;winrace;0;1.53887;;;;;
./datasets/English//english_18;winrace;0;1.53887;;;;;
./datasets/English//english_19;winrace;0;1.53887;;;;;
./datasets/English//english_00;psychographic;0;1.33416;;;;;
./datasets/English//english_01;psychographic;0;1.33416;;;;;
./datasets/English//english_02;psychographic;0;1.33416;;;;;
./datasets/English//english_03;psychographic;0;1.33416;;;;;
./datasets/English//english_04;psychographic;0;1.33416;;;;;
./datasets/English//english_05;psychographic;0;1.33416;;;;;
./datasets/English//english_06;psychographic;0;1.33416;;;;;
./datasets/English//english_07;psychographic;0;1.33416;;;;;
./datasets/English//english_08;psychographic;0;1.33416;;;;;
./datasets/English//english_09;psychographic;0;1.33416;;;;;
./datasets/English//english_10;psychographic;0;1.33416;;;;;
./datasets/English//english_11;psychographic;0;1.33416;;;;;
./datasets/English//english_12;psychographic;0;1.33416;;;;;
./datasets/English//english_13;psychographic;0;1.33416;;;;;
./datasets/English//english_14;psychographic;0;1.33416;;;;;
./datasets/English//english_15;psychographic;0;1.33416;;;;;
./datasets/English//english_16;psychographic;0;1.33416;;;;;
./datasets/English//english_17;psychographic;0;1.33416;;;;;
./datasets/English//english_18;psychographic;0;1.33416;;;;;
./datasets/English//english_19;psychographic;0;1.33416;;;;;
./datasets/English//english_00;impalpably;0;1.35804;;;;;
./datasets/English//english_01;impalpably;0;1.35804;;;;;
./datasets/English//english_02;impalpably;0;1.35804;;;;;
./datasets/English//english_03;impalpably;0;1.35804;;;;;
./datasets/English//english_04;impalpably;0;1.35804;;;;;
./datasets/English//english_05;impalpably;0;1.35804;;;;;
./datasets/English//english_06;impalpably;0;1.35804;;;;;
./datasets/English//english_07;impalpably;0;1.35804;;;;;
./datasets/English//english_08;impalpably;0;1.35804;;;;;
./datasets/English//english_09;impalpably;0;1.35804;;;;;
./datasets/English//english_10;impalpably;0;1.35804;;;;;
./datasets/English//english_11;impalpably;0;1.35804;;;;;
./datasets/English//english_12;impalpably;0;1.35804;;;;;
./datasets/English//english_13;impalpably;0;1.35804;;;;;
./datasets/English//english_14;impalpably;0;1.35804;;;;;
./datasets/English//english_15;impalpably;0;1.35804;;;;;
./datasets/English//english_16;impalpably;0;1.35804;;;;;
./datasets/English//english_17;impalpably;0;1.35804;;;;;
./datasets/English//english_18;impalpably;0;1.35804;;;;;
./datasets/English//english_19;impalpably;0;1.35804;;;;;
./datasets/English//english_00;amygdalase;0;1.41893;;;;;
./datasets/English//english_01;amygdalase;0;1.41893;;;;;
./datasets/English//english_02;amygdalase;0;1.41893;;;;;
./datasets/English//english_03;amygdalase;0;1.41893;;;;;
./datasets/English//english_04;amygdalase;0;1.41893;;;;;
./datasets/English//english_05;amygdalase;0;1.41893;;;;;
./datasets/English//english_06;amygdalase;0;1.41893;;;;;
./datasets/English//english_07;amygdalase;0;1.41893;;;;;
./datasets/English//english_08;amygdalase;0;1.41893;;;;;
./datasets/English//english_09;amygdalase;0;1.41893;;;;;
./datasets/English//english_10;amygdalase;0;1.41893;;;;;
./datasets/English//english_11;amygdalase;0;1.41893;;;;;
./datasets/English//english_12;amygdalase;0;1.41893;;;;;
./datasets/English//english_13;amygdalase;0;1.41893;;;;;
./datasets/English//english_14;amygdalase;0;1.41893;;;;;
./datasets/English//english_15;amygdalase;0;1.41893;;;;;
./datasets/English//english_16;amygdalase;0;1.41893;;;;;
./datasets/English//english_17;amygdalase;0;1.41893;;;;;
./datasets/English//english_18;amygdalase;0;1.41893;;;;;
./datasets/English//english_19;amygdalase;0;1.41893;;;;;
./datasets/English//english_00;Octogynia;0;1.44391;;;;;
./datasets/English//english_01;Octogynia;0;1.44391;;;;;
./datasets/English//english_02;Octogynia;0;1.44391;;;;;
./datasets/English//english_03;Octogynia;0;1.44391;;;;;
./datasets/English//english_04;Octogynia;0;1.44391;;;;;
./datasets/English//english_05;Octogynia;0;1.44391;;;;;
./datasets/English//english_06;Octogynia;0;1.44391;;;;;
./datasets/English//english_07;Octogynia;0;1.44391;;;;;
./datasets/English//english_08;Octogynia;0;1.44391;;;;;
./datasets/English//english_09;Octogynia;0;1.44391;;;;;
./datasets/English//english_10;Octogynia;0;1.44391;;;;;
./datasets/English//english_11;Octogynia;0;1.44391;;;;;
./datasets/English//english_12;Octogynia;0;1.44391;;;;;
./datasets/English//english_13;Octogynia;0;1.44391;;;;;
./datasets/English//english_14;Octogynia;0;1.44391;;;;;
./datasets/English//english_15;Octogynia;0;1.44391;;;;;
./datasets/English//english_16;Octogynia;0;1.44391;;;;;
./datasets/English//english_17;Octogynia;0;1.44391;;;;;
./datasets/English//english_18;Octogynia;0;1.44391;;;;;
./datasets/English//english_19;Octogynia;0;1.44391;;;;;
./datasets/English//english_00;brimming;9;1.46105;;;;;
./datasets/English//english_01;brimming;4;1.46105;;;;;
./datasets/English//english_02;brimming;0;1.46105;;;;;
./datasets/English//english_03;brimming;2;1.46105;;;;;
./datasets/English//english_04;brimming;0;1.46105;;;;;
./datasets/English//english_05;brimming;3;1.46105;;;;;
./datasets/English//english_06;brimming;4;1.46105;;;;;
./datasets/English//english_07;brimming;5;1.46105;;;;;
./datasets/English//english_08;brimming;1;1.46105;;;;;
./datasets/English//english_09;brimming;0;1.46105;;;;;
./datasets/English//english_10;brimming;1;1.46105;;;;;
./datasets/English//english_11;brimming;1;1.46105;;;;;
./datasets/English//english_12;brimming;3;1.46105;;;;;
./datasets/English//english_13;brimming;3;1.46105;;;;;
./datasets/English//english_14;brimming;0;1.46105;;;;;
./datasets/English//english_15;brimming;0;1.46105;;;;;
./datasets/English//english_16;brimming;4;1.46105;;;;;
./datasets/English//english_17;brimming;1;1.46105;;;;;
./datasets/English//english_18;brimming;2;1.46105;;;;;
./datasets/English//english_19;brimming;2;1.46105;;;;;
./datasets/English//english_00;grist;2;1.66882;;;;;
./datasets/English//english_01;grist;2;1.66882;;;;;
./datasets/English//english_02;grist;0;1.66882;;;;;
./datasets/English//english_03;grist;0;1.66882;;;;;
./datasets/English//english_04;grist;1;1.66882;;;;;
./datasets/English//english_05;grist;6;1.66882;;;;;
./datasets/English//english_06;grist;5;1.66882;;;;;
./datasets/English//english_07;grist;3;1.66882;;;;;
./datasets/English//english_08;grist;0;1.66882;;;;;
./datasets/English//english_09;grist;1;1.66882;;;;;
./datasets/English//english_10;grist;0;1.66882;;;;;
./datasets/English//english_11;grist;0;1.66882;;;;;
./datasets/English//english_12;grist;0;1.66882;;;;;
./datasets/English//english_13;grist;1;1.66882;;;;;
./datasets/English//english_14;grist;0;1.66882;;;;;
./datasets/English//english_15;grist;3;1.66882;;;;;
./datasets/English//english_16;grist;3;1.66882;;;;;
./datasets/English//english_17;grist;1;1.66882;;;;;
./datasets/English//english_18;grist;1;1.66882;;;;;
./datasets/English//english_19;grist;0;1.66882;;;;;
./datasets/English//english_00;casave;0;1.5524;;;;;
./datasets/English//english_01;casave;0;1.5524;;;;;
./datasets/English//english_02;casave;0;1.5524;;;;;
./datasets/English//english_03;casave;0;1.5524;;;;;
./datasets/English//english_04;casave;0;1.5524;;;;;
./datasets/English//english_05;casave;0;1.5524;;;;;
./datasets/English//english_06;casave;0;1.5524;;;;;
./datasets/English//english_07;casave;0;1.5524;;;;;
./datasets/English//english_08;casave;0;1.5524;;;;;
./datasets/English//english_09;casave;0;1.5524;;;;;
./datasets/English//english_10;casave;0;1.5524;;;;;
./datasets/English//english_11;casave;0;1.5524;;;;;
./datasets/English//english_12;casave;0;1.5524;;;;;
./datasets/English//english_13;casave;0;1.5524;;;;;
./datasets/English//english_14;casave;0;1.5524;;;;;
./datasets/English//english_15;casave;0;1.5524;;;;;
./datasets/English//english_16;casave;0;1.5524;;;;;
./datasets/English//english_17;casave;0;1.5524;;;;;
./datasets/English//english_18;casave;0;1.5524;;;;;
./datasets/English//english_19;casave;0;1.5524;;;;;
./datasets/English//english_00;brazilein;0;1.45056;;;;;
./datasets/English//english_01;brazilein;0;1.45056;;;;;
./datasets/English//english_02;brazilein;0;1.45056;;;;;
./datasets/English//english_03;brazilein;0;1.45056;;;;;
./datasets/English//english_04;brazilein;0;1.45056;;;;;
./datasets/English//english_05;brazilein;0;1.45056;;;;;
./datasets/English//english_06;brazilein;0;1.45056;;;;;
./datasets/English//english_07;brazilein;0;1.45056;;;;;
./datasets/English//english_08;brazilein;0;1.45056;;;;;
./datasets/English//english_09;brazilein;0;1.45056;;;;;
./datasets/English//english_10;brazilein;0;1.45056;;;;;
./datasets/English//english_11;brazilein;0;1.45056;;;;;
./datasets/English//english_12;brazilein;0;1.45056;;;;;
./datasets/English//english_13;brazilein;0;1.45056;;;;;
./datasets/English//english_14;brazilein;0;1.45056;;;;;
./datasets/English//english_15;brazilein;0;1.45056;;;;;
./datasets/English//english_16;brazilein;0;1.45056;;;;;
./datasets/English//english_17;brazilein;0;1.45056;;;;;
./datasets/English//english_18;brazilein;0;1.45056;;;;;
./datasets/English//english_19;brazilein;0;1.45056;;;;;
./datasets/English//english_00;afluking;0;1.52087;;;;;
./datasets/English//english_01;afluking;0;1.52087;;;;;
./datasets/English//english_02;afluking;0;1.52087;;;;;
./datasets/English//english_03;afluking;0;1.52087;;;;;
./datasets/English//english_04;afluking;0;1.52087;;;;;
./datasets/English//english_05;afluking;0;1.52087;;;;;
./datasets/English//english_06;afluking;0;1.52087;;;;;
./datasets/English//english_07;afluking;0;1.52087;;;;;
./datasets/English//english_08;afluking;0;1.52087;;;;;
./datasets/English//english_09;afluking;0;1.52087;;;;;
./datasets/English//english_10;afluking;0;1.52087;;;;;
./datasets/English//english_11;afluking;0;1.52087;;;;;
./datasets/English//english_12;afluking;0;1.52087;;;;;
./datasets/English//english_13;afluking;0;1.52087;;;;;
./datasets/English//english_14;afluking;0;1.52087;;;;;
./datasets/English//english_15;afluking;0;1.52087;;;;;
./datasets/English//english_16;afluking;0;1.52087;;;;;
./datasets/English//english_17;afluking;0;1.52087;;;;;
./datasets/English//english_18;afluking;0;1.52087;;;;;
./datasets/English//english_19;afluking;0;1.52087;;;;;
./datasets/English//english_00;meliceris;0;1.47483;;;;;
./datasets/English//english_01;meliceris;0;1.47483;;;;;
./datasets/English//english_02;meliceris;0;1.47483;;;;;
./datasets/English//english_03;meliceris;0;1.47483;;;;;
./datasets/English//english_04;meliceris;0;1.47483;;;;;
./datasets/English//english_05;meliceris;0;1.47483;;;;;
./datasets/English//english_06;meliceris;0;1.47483;;;;;
./datasets/English//english_07;meliceris;0;1.47483;;;;;
./datasets/English//english_08;meliceris;0;1.47483;;;;;
./datasets/English//english_09;meliceris;0;1.47483;;;;;
./datasets/English//english_10;meliceris;0;1.47483;;;;;
./datasets/English//english_11;meliceris;0;1.47483;;;;;
./datasets/English//english_12;meliceris;0;1.47483;;;;;
./datasets/English//english_13;meliceris;0;1.47483;;;;;
./datasets/English//english_14;meliceris;0;1.47483;;;;;
./datasets/English//english_15;meliceris;0;1.47483;;;;;
./datasets/English//english_16;meliceris;0;1.47483;;;;;
./datasets/English//english_17;meliceris;0;1.47483;;;;;
./datasets/English//english_18;meliceris;0;1.47483;;;;;
./datasets/English//english_19;meliceris;0;1.47483;;;;;
./datasets/English//english_00;portative;0;1.43757;;;;;
./datasets/English//english_01;portative;0;1.43757;;;;;
./datasets/English//english_02;portative;0;1.43757;;;;;
./datasets/English//english_03;portative;0;1.43757;;;;;
./datasets/English//english_04;portative;0;1.43757;;;;;
./datasets/English//english_05;portative;0;1.43757;;;;;
./datasets/English//english_06;portative;0;1.43757;;;;;
./datasets/English//english_07;portative;0;1.43757;;;;;
./datasets/English//english_08;portative;0;1.43757;;;;;
./datasets/English//english_09;portative;0;1.43757;;;;;
./datasets/English//english_10;portative;0;1.43757;;;;;
./datasets/English//english_11;portative;0;1.43757;;;;;
./datasets/English//english_12;portative;0;1.43757;;;;;
./datasets/English//english_13;portative;0;1.43757;;;;;
./datasets/English//english_14;portative;0;1.43757;;;;;
./datasets/English//english_15;portative;0;1.43757;;;;;
./datasets/English//english_16;portative;0;1.43757;;;;;
./datasets/English//english_17;portative;0;1.43757;;;;;
./datasets/English//english_18;portative;0;1.43757;;;;;
./datasets/English//english_19;portative;0;1.43757;;;;;
./datasets/English//english_00;unsteck;0;1.48291;;;;;
./datasets/English//english_01;unsteck;0;1.48291;;;;;
./datasets/English//english_02;unsteck;0;1.48291;;;;;
./datasets/English//english_03;unsteck;0;1.48291;;;;;
./datasets/English//english_04;unsteck;0;1.48291;;;;;
./datasets/English//english_05;unsteck;0;1.48291;;;;;
./datasets/English//english_06;unsteck;0;1.48291;;;;;
./datasets/English//english_07;unsteck;0;1.48291;;;;;
./datasets/English//english_08;unsteck;0;1.48291;;;;;
./datasets/English//english_09;unsteck;0;1.48291;;;;;
./datasets/English//english_10;unsteck;0;1.48291;;;;;
./datasets/English//english_11;unsteck;0;1.48291;;;;;
./datasets/English//english_12;unsteck;0;1.48291;;;;;
./datasets/English//english_13;unsteck;0;1.48291;;;;;
./datasets/English//english_14;unsteck;0;1.48291;;;;;
./datasets/English//english_15;unsteck;0;1.48291;;;;;
./datasets/English//english_16;unsteck;0;1.48291;;;;;
./datasets/English//english_17;unsteck;0;1.48291;;;;;
./datasets/English//english_18;unsteck;0;1.48291;;;;;
./datasets/English//english_19;unsteck;0;1.48291;;;;;
./datasets/English//english_00;Madelon;0;1.51388;;;;;
./datasets/English//english_01;Madelon;0;1.51388;;;;;
./datasets/English//english_02;Madelon;0;1.51388;;;;;
./datasets/English//english_03;Madelon;0;1.51388;;;;;
./datasets/English//english_04;Madelon;0;1.51388;;;;;
./datasets/English//english_05;Madelon;0;1.51388;;;;;
./datasets/English//english_06;Madelon;0;1.51388;;;;;
./datasets/English//english_07;Madelon;0;1.51388;;;;;
./datasets/English//english_08;Madelon;0;1.51388;;;;;
./datasets/English//english_09;Madelon;0;1.51388;;;;;
./datasets/English//english_10;Madelon;0;1.51388;;;;;
./datasets/English//english_11;Madelon;0;1.51388;;;;;
./datasets/English//english_12;Madelon;0;1.51388;;;;;
./datasets/English//english_13;Madelon;0;1.51388;;;;;
./datasets/English//english_14;Madelon;0;1.51388;;;;;
./datasets/English//english_15;Madelon;0;1.51388;;;;;
./datasets/English//english_16;Madelon;0;1.51388;;;;;
./datasets/English//english_17;Madelon;0;1.51388;;;;;
./datasets/English//english_18;Madelon;1;1.51388;;;;;
./datasets/English//english_19;Madelon;0;1.51388;;;;;
./datasets/English//english_00;barramunda;0;1.49197;;;;;
./datasets/English//english_01;barramunda;0;1.49197;;;;;
./datasets/English//english_02;barramunda;0;1.49197;;;;;
./datasets/English//english_03;barramunda;0;1.49197;;;;;
./datasets/English//english_04;barramunda;0;1.49197;;;;;
./datasets/English//english_05;barramunda;0;1.49197;;;;;
./datasets/English//english_06;barramunda;0;1.49197;;;;;
./datasets/English//english_07;barramunda;0;1.49197;;;;;
./datasets/English//english_08;barramunda;0;1.49197;;;;;
./datasets/English//english_09;barramunda;0;1.49197;;;;;
./datasets/English//english_10;barramunda;0;1.49197;;;;;
./datasets/English//english_11;barramunda;0;1.49197;;;;;
./datasets/English//english_12;barramunda;0;1.49197;;;;;
./datasets/English//english_13;barramunda;0;1.49197;;;;;
./datasets/English//english_14;barramunda;0;1.49197;;;;;
./datasets/English//english_15;barramunda;0;1.49197;;;;;
./datasets/English//english_16;barramunda;0;1.49197;;;;;
./datasets/English//english_17;barramunda;0;1.49197;;;;;
./datasets/English//english_18;barramunda;0;1.49197;;;;;
./datasets/English//english_19;barramunda;0;1.49197;;;;;
./datasets/English//english_00;optotechnics;0;1.36403;;;;;
./datasets/English//english_01;optotechnics;0;1.36403;;;;;
./datasets/English//english_02;optotechnics;0;1.36403;;;;;
./datasets/English//english_03;optotechnics;0;1.36403;;;;;
./datasets/English//english_04;optotechnics;0;1.36403;;;;;
./datasets/English//english_05;optotechnics;0;1.36403;;;;;
./datasets/English//english_06;optotechnics;0;1.36403;;;;;
./datasets/English//english_07;optotechnics;0;1.36403;;;;;
./datasets/English//english_08;optotechnics;0;1.36403;;;;;
./datasets/English//english_09;optotechnics;0;1.36403;;;;;
./datasets/English//english_10;optotechnics;0;1.36403;;;;;
./datasets/English//english_11;optotechnics;0;1.36403;;;;;
./datasets/English//english_12;optotechnics;0;1.36403;;;;;
./datasets/English//english_13;optotechnics;0;1.36403;;;;;
./datasets/English//english_14;optotechnics;0;1.36403;;;;;
./datasets/English//english_15;optotechnics;0;1.36403;;;;;
./datasets/English//english_16;optotechnics;0;1.36403;;;;;
./datasets/English//english_17;optotechnics;0;1.36403;;;;;
./datasets/English//english_18;optotechnics;0;1.36403;;;;;
./datasets/English//english_19;optotechnics;0;1.36403;;;;;
./datasets/English//english_00;metapterygium;0;1.33213;;;;;
./datasets/English//english_01;metapterygium;0;1.33213;;;;;
./datasets/English//english_02;metapterygium;0;1.33213;;;;;
./datasets/English//english_03;metapterygium;0;1.33213;;;;;
./datasets/English//english_04;metapterygium;0;1.33213;;;;;
./datasets/English//english_05;metapterygium;0;1.33213;;;;;
./datasets/English//english_06;metapterygium;0;1.33213;;;;;
./datasets/English//english_07;metapterygium;0;1.33213;;;;;
./datasets/English//english_08;metapterygium;0;1.33213;;;;;
./datasets/English//english_09;metapterygium;0;1.33213;;;;;
./datasets/English//english_10;metapterygium;0;1.33213;;;;;
./datasets/English//english_11;metapterygium;0;1.33213;;;;;
./datasets/English//english_12;metapterygium;0;1.33213;;;;;
./datasets/English//english_13;metapterygium;0;1.33213;;;;;
./datasets/English//english_14;metapterygium;0;1.33213;;;;;
./datasets/English//english_15;metapterygium;0;1.33213;;;;;
./datasets/English//english_16;metapterygium;0;1.33213;;;;;
./datasets/English//english_17;metapterygium;0;1.33213;;;;;
./datasets/English//english_18;metapterygium;0;1.33213;;;;;
./datasets/English//english_19;metapterygium;0;1.33213;;;;;
./datasets/English//english_00;unromanticalness;0;1.32002;;;;;
./datasets/English//english_01;unromanticalness;0;1.32002;;;;;
./datasets/English//english_02;unromanticalness;0;1.32002;;;;;
./datasets/English//english_03;unromanticalness;0;1.32002;;;;;
./datasets/English//english_04;unromanticalness;0;1.32002;;;;;
./datasets/English//english_05;unromanticalness;0;1.32002;;;;;
./datasets/English//english_06;unromanticalness;0;1.32002;;;;;
./datasets/English//english_07;unromanticalness;0;1.32002;;;;;
./datasets/English//english_08;unromanticalness;0;1.32002;;;;;
./datasets/English//english_09;unromanticalness;0;1.32002;;;;;
./datasets/English//english_10;unromanticalness;0;1.32002;;;;;
./datasets/English//english_11;unromanticalness;0;1.32002;;;;;
./datasets/English//english_12;unromanticalness;0;1.32002;;;;;
./datasets/English//english_13;unromanticalness;0;1.32002;;;;;
./datasets/English//english_14;unromanticalness;0;1.32002;;;;;
./datasets/English//english_15;unromanticalness;0;1.32002;;;;;
./datasets/English//english_16;unromanticalness;0;1.32002;;;;;
./datasets/English//english_17;unromanticalness;0;1.32002;;;;;
./datasets/English//english_18;unromanticalness;0;1.32002;;;;;
./datasets/English//english_19;unromanticalness;0;1.32002;;;;;
./datasets/English//english_00;Jacobinism;0;1.39621;;;;;
./datasets/English//english_01;Jacobinism;0;1.39621;;;;;
./datasets/English//english_02;Jacobinism;0;1.39621;;;;;
./datasets/English//english_03;Jacobinism;0;1.39621;;;;;
./datasets/English//english_04;Jacobinism;0;1.39621;;;;;
./datasets/English//english_05;Jacobinism;1;1.39621;;;;;
./datasets/English//english_06;Jacobinism;0;1.39621;;;;;
./datasets/English//english_07;Jacobinism;0;1.39621;;;;;
./datasets/English//english_08;Jacobinism;0;1.39621;;;;;
./datasets/English//english_09;Jacobinism;0;1.39621;;;;;
./datasets/English//english_10;Jacobinism;0;1.39621;;;;;
./datasets/English//english_11;Jacobinism;0;1.39621;;;;;
./datasets/English//english_12;Jacobinism;0;1.39621;;;;;
./datasets/English//english_13;Jacobinism;0;1.39621;;;;;
./datasets/English//english_14;Jacobinism;0;1.39621;;;;;
./datasets/English//english_15;Jacobinism;0;1.39621;;;;;
./datasets/English//english_16;Jacobinism;0;1.39621;;;;;
./datasets/English//english_17;Jacobinism;1;1.39621;;;;;
./datasets/English//english_18;Jacobinism;0;1.39621;;;;;
./datasets/English//english_19;Jacobinism;0;1.39621;;;;;
./datasets/English//english_00;pricklingly;0;1.35568;;;;;
./datasets/English//english_01;pricklingly;0;1.35568;;;;;
./datasets/English//english_02;pricklingly;0;1.35568;;;;;
./datasets/English//english_03;pricklingly;0;1.35568;;;;;
./datasets/English//english_04;pricklingly;0;1.35568;;;;;
./datasets/English//english_05;pricklingly;0;1.35568;;;;;
./datasets/English//english_06;pricklingly;0;1.35568;;;;;
./datasets/English//english_07;pricklingly;0;1.35568;;;;;
./datasets/English//english_08;pricklingly;0;1.35568;;;;;
./datasets/English//english_09;pricklingly;0;1.35568;;;;;
./datasets/English//english_10;pricklingly;0;1.35568;;;;;
./datasets/English//english_11;pricklingly;0;1.35568;;;;;
./datasets/English//english_12;pricklingly;0;1.35568;;;;;
./datasets/English//english_13;pricklingly;0;1.35568;;;;;
./datasets/English//english_14;pricklingly;0;1.35568;;;;;
./datasets/English//english_15;pricklingly;0;1.35568;;;;;
./datasets/English//english_16;pricklingly;0;1.35568;;;;;
./datasets/English//english_17;pricklingly;0;1.35568;;;;;
./datasets/English//english_18;pricklingly;0;1.35568;;;;;
./datasets/English//english_19;pricklingly;0;1.35568;;;;;
./datasets/English//english_00;blameless;5;1.49291;;;;;
./datasets/English//english_01;blameless;0;1.49291;;;;;
./datasets/English//english_02;blameless;2;1.49291;;;;;
./datasets/English//english_03;blameless;2;1.49291;;;;;
./datasets/English//english_04;blameless;1;1.49291;;;;;
./datasets/English//english_05;blameless;2;1.49291;;;;;
./datasets/English//english_06;blameless;1;1.49291;;;;;
./datasets/English//english_07;blameless;2;1.49291;;;;;
./datasets/English//english_08;blameless;4;1.49291;;;;;
./datasets/English//english_09;blameless;0;1.49291;;;;;
./datasets/English//english_10;blameless;0;1.49291;;;;;
./datasets/English//english_11;blameless;0;1.49291;;;;;
./datasets/English//english_12;blameless;1;1.49291;;;;;
./datasets/English//english_13;blameless;9;1.49291;;;;;
./datasets/English//english_14;blameless;1;1.49291;;;;;
./datasets/English//english_15;blameless;0;1.49291;;;;;
./datasets/English//english_16;blameless;3;1.49291;;;;;
./datasets/English//english_17;blameless;3;1.49291;;;;;
./datasets/English//english_18;blameless;3;1.49291;;;;;
./datasets/English//english_19;blameless;2;1.49291;;;;;
./datasets/English//english_00;elderhood;0;1.41292;;;;;
./datasets/English//english_01;elderhood;0;1.41292;;;;;
./datasets/English//english_02;elderhood;0;1.41292;;;;;
./datasets/English//english_03;elderhood;0;1.41292;;;;;
./datasets/English//english_04;elderhood;0;1.41292;;;;;
./datasets/English//english_05;elderhood;0;1.41292;;;;;
./datasets/English//english_06;elderhood;0;1.41292;;;;;
./datasets/English//english_07;elderhood;0;1.41292;;;;;
./datasets/English//english_08;elderhood;0;1.41292;;;;;
./datasets/English//english_09;elderhood;0;1.41292;;;;;
./datasets/English//english_10;elderhood;0;1.41292;;;;;
./datasets/English//english_11;elderhood;0;1.41292;;;;;
./datasets/English//english_12;elderhood;0;1.41292;;;;;
./datasets/English//english_13;elderhood;0;1.41292;;;;;
./datasets/English//english_14;elderhood;0;1.41292;;;;;
./datasets/English//english_15;elderhood;0;1.41292;;;;;
./datasets/English//english_16;elderhood;0;1.41292;;;;;
./datasets/English//english_17;elderhood;0;1.41292;;;;;
./datasets/English//english_18;elderhood;0;1.41292;;;;;
./datasets/English//english_19;elderhood;0;1.41292;;;;;
./datasets/English//english_00;committeewoman;0;1.34699;;;;;
./datasets/English//english_01;committeewoman;0;1.34699;;;;;
./datasets/English//english_02;committeewoman;0;1.34699;;;;;
./datasets/English//english_03;committeewoman;0;1.34699;;;;;
./datasets/English//english_04;committeewoman;0;1.34699;;;;;
./datasets/English//english_05;committeewoman;0;1.34699;;;;;
./datasets/English//english_06;committeewoman;0;1.34699;;;;;
./datasets/English//english_07;committeewoman;0;1.34699;;;;;
./datasets/English//english_08;committeewoman;0;1.34699;;;;;
./datasets/English//english_09;committeewoman;0;1.34699;;;;;
./datasets/English//english_10;committeewoman;0;1.34699;;;;;
./datasets/English//english_11;committeewoman;0;1.34699;;;;;
./datasets/English//english_12;committeewoman;0;1.34699;;;;;
./datasets/English//english_13;committeewoman;0;1.34699;;;;;
./datasets/English//english_14;committeewoman;0;1.34699;;;;;
./datasets/English//english_15;committeewoman;0;1.34699;;;;;
./datasets/English//english_16;committeewoman;0;1.34699;;;;;
./datasets/English//english_17;committeewoman;0;1.34699;;;;;
./datasets/English//english_18;committeewoman;0;1.34699;;;;;
./datasets/English//english_19;committeewoman;0;1.34699;;;;;
./datasets/English//english_00;comicocynical;0;1.33099;;;;;
./datasets/English//english_01;comicocynical;0;1.33099;;;;;
./datasets/English//english_02;comicocynical;0;1.33099;;;;;
./datasets/English//english_03;comicocynical;0;1.33099;;;;;
./datasets/English//english_04;comicocynical;0;1.33099;;;;;
./datasets/English//english_05;comicocynical;0;1.33099;;;;;
./datasets/English//english_06;comicocynical;0;1.33099;;;;;
./datasets/English//english_07;comicocynical;0;1.33099;;;;;
./datasets/English//english_08;comicocynical;0;1.33099;;;;;
./datasets/English//english_09;comicocynical;0;1.33099;;;;;
./datasets/English//english_10;comicocynical;0;1.33099;;;;;
./datasets/English//english_11;comicocynical;0;1.33099;;;;;
./datasets/English//english_12;comicocynical;0;1.33099;;;;;
./datasets/English//english_13;comicocynical;0;1.33099;;;;;
./datasets/English//english_14;comicocynical;0;1.33099;;;;;
./datasets/English//english_15;comicocynical;0;1.33099;;;;;
./datasets/English//english_16;comicocynical;0;1.33099;;;;;
./datasets/English//english_17;comicocynical;0;1.33099;;;;;
./datasets/English//english_18;comicocynical;0;1.33099;;;;;
./datasets/English//english_19;comicocynical;0;1.33099;;;;;
./datasets/English//english_00;aggrate;0;1.53489;;;;;
./datasets/English//english_01;aggrate;0;1.53489;;;;;
./datasets/English//english_02;aggrate;0;1.53489;;;;;
./datasets/English//english_03;aggrate;0;1.53489;;;;;
./datasets/English//english_04;aggrate;0;1.53489;;;;;
./datasets/English//english_05;aggrate;0;1.53489;;;;;
./datasets/English//english_06;aggrate;0;1.53489;;;;;
./datasets/English//english_07;aggrate;0;1.53489;;;;;
./datasets/English//english_08;aggrate;0;1.53489;;;;;
./datasets/English//english_09;aggrate;0;1.53489;;;;;
./datasets/English//english_10;aggrate;0;1.53489;;;;;
./datasets/English//english_11;aggrate;0;1.53489;;;;;
./datasets/English//english_12;aggrate;0;1.53489;;;;;
./datasets/English//english_13;aggrate;0;1.53489;;;;;
./datasets/English//english_14;aggrate;0;1.53489;;;;;
./datasets/English//english_15;aggrate;0;1.53489;;;;;
./datasets/English//english_16;aggrate;0;1.53489;;;;;
./datasets/English//english_17;aggrate;0;1.53489;;;;;
./datasets/English//english_18;aggrate;0;1.53489;;;;;
./datasets/English//english_19;aggrate;0;1.53489;;;;;
./datasets/English//english_00;stentoronic;0;1.37802;;;;;
./datasets/English//english_01;stentoronic;0;1.37802;;;;;
./datasets/English//english_02;stentoronic;0;1.37802;;;;;
./datasets/English//english_03;stentoronic;0;1.37802;;;;;
./datasets/English//english_04;stentoronic;0;1.37802;;;;;
./datasets/English//english_05;stentoronic;0;1.37802;;;;;
./datasets/English//english_06;stentoronic;0;1.37802;;;;;
./datasets/English//english_07;stentoronic;0;1.37802;;;;;
./datasets/English//english_08;stentoronic;0;1.37802;;;;;
./datasets/English//english_09;stentoronic;0;1.37802;;;;;
./datasets/English//english_10;stentoronic;0;1.37802;;;;;
./datasets/English//english_11;stentoronic;0;1.37802;;;;;
./datasets/English//english_12;stentoronic;0;1.37802;;;;;
./datasets/English//english_13;stentoronic;0;1.37802;;;;;
./datasets/English//english_14;stentoronic;0;1.37802;;;;;
./datasets/English//english_15;stentoronic;0;1.37802;;;;;
./datasets/English//english_16;stentoronic;0;1.37802;;;;;
./datasets/English//english_17;stentoronic;0;1.37802;;;;;
./datasets/English//english_18;stentoronic;0;1.37802;;;;;
./datasets/English//english_19;stentoronic;0;1.37802;;;;;
./datasets/English//english_00;flatwise;0;1.59165;;;;;
./datasets/English//english_01;flatwise;0;1.59165;;;;;
./datasets/English//english_02;flatwise;0;1.59165;;;;;
./datasets/English//english_03;flatwise;0;1.59165;;;;;
./datasets/English//english_04;flatwise;0;1.59165;;;;;
./datasets/English//english_05;flatwise;0;1.59165;;;;;
./datasets/English//english_06;flatwise;0;1.59165;;;;;
./datasets/English//english_07;flatwise;0;1.59165;;;;;
./datasets/English//english_08;flatwise;0;1.59165;;;;;
./datasets/English//english_09;flatwise;0;1.59165;;;;;
./datasets/English//english_10;flatwise;0;1.59165;;;;;
./datasets/English//english_11;flatwise;0;1.59165;;;;;
./datasets/English//english_12;flatwise;0;1.59165;;;;;
./datasets/English//english_13;flatwise;0;1.59165;;;;;
./datasets/English//english_14;flatwise;0;1.59165;;;;;
./datasets/English//english_15;flatwise;0;1.59165;;;;;
./datasets/English//english_16;flatwise;0;1.59165;;;;;
./datasets/English//english_17;flatwise;0;1.59165;;;;;
./datasets/English//english_18;flatwise;0;1.59165;;;;;
./datasets/English//english_19;flatwise;0;1.59165;;;;;
./datasets/English//english_00;bipyridyl;0;1.85058;;;;;
./datasets/English//english_01;bipyridyl;0;1.85058;;;;;
./datasets/English//english_02;bipyridyl;0;1.85058;;;;;
./datasets/English//english_03;bipyridyl;0;1.85058;;;;;
./datasets/English//english_04;bipyridyl;0;1.85058;;;;;
./datasets/English//english_05;bipyridyl;0;1.85058;;;;;
./datasets/English//english_06;bipyridyl;0;1.85058;;;;;
./datasets/English//english_07;bipyridyl;0;1.85058;;;;;
./datasets/English//english_08;bipyridyl;0;1.85058;;;;;
./datasets/English//english_09;bipyridyl;0;1.85058;;;;;
./datasets/English//english_10;bipyridyl;0;1.85058;;;;;
./datasets/English//english_11;bipyridyl;0;1.85058;;;;;
./datasets/English//english_12;bipyridyl;0;1.85058;;;;;
./datasets/English//english_13;bipyridyl;0;1.85058;;;;;
./datasets/English//english_14;bipyridyl;0;1.85058;;;;;
./datasets/English//english_15;bipyridyl;0;1.85058;;;;;
./datasets/English//english_16;bipyridyl;0;1.85058;;;;;
./datasets/English//english_17;bipyridyl;0;1.85058;;;;;
./datasets/English//english_18;bipyridyl;0;1.85058;;;;;
./datasets/English//english_19;bipyridyl;0;1.85058;;;;;
./datasets/English//english_00;untastable;0;1.58464;;;;;
./datasets/English//english_01;untastable;0;1.58464;;;;;
./datasets/English//english_02;untastable;0;1.58464;;;;;
./datasets/English//english_03;untastable;0;1.58464;;;;;
./datasets/English//english_04;untastable;0;1.58464;;;;;
./datasets/English//english_05;untastable;0;1.58464;;;;;
./datasets/English//english_06;untastable;0;1.58464;;;;;
./datasets/English//english_07;untastable;0;1.58464;;;;;
./datasets/English//english_08;untastable;0;1.58464;;;;;
./datasets/English//english_09;untastable;0;1.58464;;;;;
./datasets/English//english_10;untastable;0;1.58464;;;;;
./datasets/English//english_11;untastable;0;1.58464;;;;;
./datasets/English//english_12;untastable;0;1.58464;;;;;
./datasets/English//english_13;untastable;0;1.58464;;;;;
./datasets/English//english_14;untastable;0;1.58464;;;;;
./datasets/English//english_15;untastable;0;1.58464;;;;;
./datasets/English//english_16;untastable;0;1.58464;;;;;
./datasets/English//english_17;untastable;0;1.58464;;;;;
./datasets/English//english_18;untastable;0;1.58464;;;;;
./datasets/English//english_19;untastable;0;1.58464;;;;;
./datasets/English//english_00;aegerian;0;2.215;;;;;
./datasets/English//english_01;aegerian;0;2.215;;;;;
./datasets/English//english_02;aegerian;0;2.215;;;;;
./datasets/English//english_03;aegerian;0;2.215;;;;;
./datasets/English//english_04;aegerian;0;2.215;;;;;
./datasets/English//english_05;aegerian;0;2.215;;;;;
./datasets/English//english_06;aegerian;0;2.215;;;;;
./datasets/English//english_07;aegerian;0;2.215;;;;;
./datasets/English//english_08;aegerian;0;2.215;;;;;
./datasets/English//english_09;aegerian;0;2.215;;;;;
./datasets/English//english_10;aegerian;0;2.215;;;;;
./datasets/English//english_11;aegerian;0;2.215;;;;;
./datasets/English//english_12;aegerian;0;2.215;;;;;
./datasets/English//english_13;aegerian;0;2.215;;;;;
./datasets/English//english_14;aegerian;0;2.215;;;;;
./datasets/English//english_15;aegerian;0;2.215;;;;;
./datasets/English//english_16;aegerian;0;2.215;;;;;
./datasets/English//english_17;aegerian;0;2.215;;;;;
./datasets/English//english_18;aegerian;0;2.215;;;;;
./datasets/English//english_19;aegerian;0;2.215;;;;;
./datasets/English//english_00;unmistrusted;0;1.60037;;;;;
./datasets/English//english_01;unmistrusted;0;1.60037;;;;;
./datasets/English//english_02;unmistrusted;0;1.60037;;;;;
./datasets/English//english_03;unmistrusted;0;1.60037;;;;;
./datasets/English//english_04;unmistrusted;0;1.60037;;;;;
./datasets/English//english_05;unmistrusted;0;1.60037;;;;;
./datasets/English//english_06;unmistrusted;0;1.60037;;;;;
./datasets/English//english_07;unmistrusted;0;1.60037;;;;;
./datasets/English//english_08;unmistrusted;0;1.60037;;;;;
./datasets/English//english_09;unmistrusted;0;1.60037;;;;;
./datasets/English//english_10;unmistrusted;0;1.60037;;;;;
./datasets/English//english_11;unmistrusted;0;1.60037;;;;;
./datasets/English//english_12;unmistrusted;0;1.60037;;;;;
./datasets/English//english_13;unmistrusted;0;1.60037;;;;;
./datasets/English//english_14;unmistrusted;0;1.60037;;;;;
./datasets/English//english_15;unmistrusted;0;1.60037;;;;;
./datasets/English//english_16;unmistrusted;0;1.60037;;;;;
./datasets/English//english_17;unmistrusted;0;1.60037;;;;;
./datasets/English//english_18;unmistrusted;0;1.60037;;;;;
./datasets/English//english_19;unmistrusted;0;1.60037;;;;;
./datasets/English//english_00;quadrigamist;0;1.44385;;;;;
./datasets/English//english_01;quadrigamist;0;1.44385;;;;;
./datasets/English//english_02;quadrigamist;0;1.44385;;;;;
./datasets/English//english_03;quadrigamist;0;1.44385;;;;;
./datasets/English//english_04;quadrigamist;0;1.44385;;;;;
./datasets/English//english_05;quadrigamist;0;1.44385;;;;;
./datasets/English//english_06;quadrigamist;0;1.44385;;;;;
./datasets/English//english_07;quadrigamist;0;1.44385;;;;;
./datasets/English//english_08;quadrigamist;0;1.44385;;;;;
./datasets/English//english_09;quadrigamist;0;1.44385;;;;;
./datasets/English//english_10;quadrigamist;0;1.44385;;;;;
./datasets/English//english_11;quadrigamist;0;1.44385;;;;;
./datasets/English//english_12;quadrigamist;0;1.44385;;;;;
./datasets/English//english_13;quadrigamist;0;1.44385;;;;;
./datasets/English//english_14;quadrigamist;0;1.44385;;;;;
./datasets/English//english_15;quadrigamist;0;1.44385;;;;;
./datasets/English//english_16;quadrigamist;0;1.44385;;;;;
./datasets/English//english_17;quadrigamist;0;1.44385;;;;;
./datasets/English//english_18;quadrigamist;0;1.44385;;;;;
./datasets/English//english_19;quadrigamist;0;1.44385;;;;;
./datasets/English//english_00;Meleagrinae;0;1.42894;;;;;
./datasets/English//english_01;Meleagrinae;0;1.42894;;;;;
./datasets/English//english_02;Meleagrinae;0;1.42894;;;;;
./datasets/English//english_03;Meleagrinae;0;1.42894;;;;;
./datasets/English//english_04;Meleagrinae;0;1.42894;;;;;
./datasets/English//english_05;Meleagrinae;0;1.42894;;;;;
./datasets/English//english_06;Meleagrinae;0;1.42894;;;;;
./datasets/English//english_07;Meleagrinae;0;1.42894;;;;;
./datasets/English//english_08;Meleagrinae;0;1.42894;;;;;
./datasets/English//english_09;Meleagrinae;0;1.42894;;;;;
./datasets/English//english_10;Meleagrinae;0;1.42894;;;;;
./datasets/English//english_11;Meleagrinae;0;1.42894;;;;;
./datasets/English//english_12;Meleagrinae;0;1.42894;;;;;
./datasets/English//english_13;Meleagrinae;0;1.42894;;;;;
./datasets/English//english_14;Meleagrinae;0;1.42894;;;;;
./datasets/English//english_15;Meleagrinae;0;1.42894;;;;;
./datasets/English//english_16;Meleagrinae;0;1.42894;;;;;
./datasets/English//english_17;Meleagrinae;0;1.42894;;;;;
./datasets/English//english_18;Meleagrinae;0;1.42894;;;;;
./datasets/English//english_19;Meleagrinae;0;1.42894;;;;;
./datasets/English//english_00;helvite;0;1.60756;;;;;
./datasets/English//english_01;helvite;0;1.60756;;;;;
./datasets/English//english_02;helvite;0;1.60756;;;;;
./datasets/English//english_03;helvite;0;1.60756;;;;;
./datasets/English//english_04;helvite;0;1.60756;;;;;
./datasets/English//english_05;helvite;0;1.60756;;;;;
./datasets/English//english_06;helvite;0;1.60756;;;;;
./datasets/English//english_07;helvite;0;1.60756;;;;;
./datasets/English//english_08;helvite;0;1.60756;;;;;
./datasets/English//english_09;helvite;0;1.60756;;;;;
./datasets/English//english_10;helvite;0;1.60756;;;;;
./datasets/English//english_11;helvite;0;1.60756;;;;;
./datasets/English//english_12;helvite;0;1.60756;;;;;
./datasets/English//english_13;helvite;0;1.60756;;;;;
./datasets/English//english_14;helvite;0;1.60756;;;;;
./datasets/English//english_15;helvite;0;1.60756;;;;;
./datasets/English//english_16;helvite;0;1.60756;;;;;
./datasets/English//english_17;helvite;0;1.60756;;;;;
./datasets/English//english_18;helvite;0;1.60756;;;;;
./datasets/English//english_19;helvite;0;1.60756;;;;;
./datasets/English//english_00;neuralist;0;1.68172;;;;;
./datasets/English//english_01;neuralist;0;1.68172;;;;;
./datasets/English//english_02;neuralist;0;1.68172;;;;;
./datasets/English//english_03;neuralist;0;1.68172;;;;;
./datasets/English//english_04;neuralist;0;1.68172;;;;;
./datasets/English//english_05;neuralist;0;1.68172;;;;;
./datasets/English//english_06;neuralist;0;1.68172;;;;;
./datasets/English//english_07;neuralist;0;1.68172;;;;;
./datasets/English//english_08;neuralist;0;1.68172;;;;;
./datasets/English//english_09;neuralist;0;1.68172;;;;;
./datasets/English//english_10;neuralist;0;1.68172;;;;;
./datasets/English//english_11;neuralist;0;1.68172;;;;;
./datasets/English//english_12;neuralist;0;1.68172;;;;;
./datasets/English//english_13;neuralist;0;1.68172;;;;;
./datasets/English//english_14;neuralist;0;1.68172;;;;;
./datasets/English//english_15;neuralist;0;1.68172;;;;;
./datasets/English//english_16;neuralist;0;1.68172;;;;;
./datasets/English//english_17;neuralist;0;1.68172;;;;;
./datasets/English//english_18;neuralist;0;1.68172;;;;;
./datasets/English//english_19;neuralist;0;1.68172;;;;;
./datasets/English//english_00;Swietenia;0;1.4819;;;;;
./datasets/English//english_01;Swietenia;0;1.4819;;;;;
./datasets/English//english_02;Swietenia;0;1.4819;;;;;
./datasets/English//english_03;Swietenia;0;1.4819;;;;;
./datasets/English//english_04;Swietenia;0;1.4819;;;;;
./datasets/English//english_05;Swietenia;0;1.4819;;;;;
./datasets/English//english_06;Swietenia;0;1.4819;;;;;
./datasets/English//english_07;Swietenia;0;1.4819;;;;;
./datasets/English//english_08;Swietenia;0;1.4819;;;;;
./datasets/English//english_09;Swietenia;0;1.4819;;;;;
./datasets/English//english_10;Swietenia;0;1.4819;;;;;
./datasets/English//english_11;Swietenia;0;1.4819;;;;;
./datasets/English//english_12;Swietenia;0;1.4819;;;;;
./datasets/English//english_13;Swietenia;0;1.4819;;;;;
./datasets/English//english_14;Swietenia;0;1.4819;;;;;
./datasets/English//english_15;Swietenia;0;1.4819;;;;;
./datasets/English//english_16;Swietenia;0;1.4819;;;;;
./datasets/English//english_17;Swietenia;0;1.4819;;;;;
./datasets/English//english_18;Swietenia;0;1.4819;;;;;
./datasets/English//english_19;Swietenia;0;1.4819;;;;;
./datasets/English//english_00;unpleadable;0;1.5279;;;;;
./datasets/English//english_01;unpleadable;0;1.5279;;;;;
./datasets/English//english_02;unpleadable;0;1.5279;;;;;
./datasets/English//english_03;unpleadable;0;1.5279;;;;;
./datasets/English//english_04;unpleadable;0;1.5279;;;;;
./datasets/English//english_05;unpleadable;0;1.5279;;;;;
./datasets/English//english_06;unpleadable;0;1.5279;;;;;
./datasets/English//english_07;unpleadable;0;1.5279;;;;;
./datasets/English//english_08;unpleadable;0;1.5279;;;;;
./datasets/English//english_09;unpleadable;0;1.5279;;;;;
./datasets/English//english_10;unpleadable;0;1.5279;;;;;
./datasets/English//english_11;unpleadable;0;1.5279;;;;;
./datasets/English//english_12;unpleadable;0;1.5279;;;;;
./datasets/English//english_13;unpleadable;0;1.5279;;;;;
./datasets/English//english_14;unpleadable;0;1.5279;;;;;
./datasets/English//english_15;unpleadable;0;1.5279;;;;;
./datasets/English//english_16;unpleadable;0;1.5279;;;;;
./datasets/English//english_17;unpleadable;0;1.5279;;;;;
./datasets/English//english_18;unpleadable;0;1.5279;;;;;
./datasets/English//english_19;unpleadable;0;1.5279;;;;;
./datasets/English//english_00;colorably;0;1.60539;;;;;
./datasets/English//english_01;colorably;0;1.60539;;;;;
./datasets/English//english_02;colorably;0;1.60539;;;;;
./datasets/English//english_03;colorably;0;1.60539;;;;;
./datasets/English//english_04;colorably;0;1.60539;;;;;
./datasets/English//english_05;colorably;0;1.60539;;;;;
./datasets/English//english_06;colorably;0;1.60539;;;;;
./datasets/English//english_07;colorably;0;1.60539;;;;;
./datasets/English//english_08;colorably;0;1.60539;;;;;
./datasets/English//english_09;colorably;0;1.60539;;;;;
./datasets/English//english_10;colorably;0;1.60539;;;;;
./datasets/English//english_11;colorably;0;1.60539;;;;;
./datasets/English//english_12;colorably;0;1.60539;;;;;
./datasets/English//english_13;colorably;0;1.60539;;;;;
./datasets/English//english_14;colorably;0;1.60539;;;;;
./datasets/English//english_15;colorably;0;1.60539;;;;;
./datasets/English//english_16;colorably;0;1.60539;;;;;
./datasets/English//english_17;colorably;0;1.60539;;;;;
./datasets/English//english_18;colorably;0;1.60539;;;;;
./datasets/English//english_19;colorably;0;1.60539;;;;;
./datasets/English//english_00;mogilalism;0;1.71679;;;;;
./datasets/English//english_01;mogilalism;0;1.71679;;;;;
./datasets/English//english_02;mogilalism;0;1.71679;;;;;
./datasets/English//english_03;mogilalism;0;1.71679;;;;;
./datasets/English//english_04;mogilalism;0;1.71679;;;;;
./datasets/English//english_05;mogilalism;0;1.71679;;;;;
./datasets/English//english_06;mogilalism;0;1.71679;;;;;
./datasets/English//english_07;mogilalism;0;1.71679;;;;;
./datasets/English//english_08;mogilalism;0;1.71679;;;;;
./datasets/English//english_09;mogilalism;0;1.71679;;;;;
./datasets/English//english_10;mogilalism;0;1.71679;;;;;
./datasets/English//english_11;mogilalism;0;1.71679;;;;;
./datasets/English//english_12;mogilalism;0;1.71679;;;;;
./datasets/English//english_13;mogilalism;0;1.71679;;;;;
./datasets/English//english_14;mogilalism;0;1.71679;;;;;
./datasets/English//english_15;mogilalism;0;1.71679;;;;;
./datasets/English//english_16;mogilalism;0;1.71679;;;;;
./datasets/English//english_17;mogilalism;0;1.71679;;;;;
./datasets/English//english_18;mogilalism;0;1.71679;;;;;
./datasets/English//english_19;mogilalism;0;1.71679;;;;;
./datasets/English//english_00;consequently;11;2.06085;;;;;
./datasets/English//english_01;consequently;15;2.06085;;;;;
./datasets/English//english_02;consequently;9;2.06085;;;;;
./datasets/English//english_03;consequently;13;2.06085;;;;;
./datasets/English//english_04;consequently;16;2.06085;;;;;
./datasets/English//english_05;consequently;15;2.06085;;;;;
./datasets/English//english_06;consequently;11;2.06085;;;;;
./datasets/English//english_07;consequently;3;2.06085;;;;;
./datasets/English//english_08;consequently;25;2.06085;;;;;
./datasets/English//english_09;consequently;16;2.06085;;;;;
./datasets/English//english_10;consequently;9;2.06085;;;;;
./datasets/English//english_11;consequently;14;2.06085;;;;;
./datasets/English//english_12;consequently;14;2.06085;;;;;
./datasets/English//english_13;consequently;13;2.06085;;;;;
./datasets/English//english_14;consequently;83;2.06085;;;;;
./datasets/English//english_15;consequently;14;2.06085;;;;;
./datasets/English//english_16;consequently;15;2.06085;;;;;
./datasets/English//english_17;consequently;13;2.06085;;;;;
./datasets/English//english_18;consequently;14;2.06085;;;;;
./datasets/English//english_19;consequently;59;2.06085;;;;;
./datasets/English//english_00;atamasco;0;1.50446;;;;;
./datasets/English//english_01;atamasco;0;1.50446;;;;;
./datasets/English//english_02;atamasco;0;1.50446;;;;;
./datasets/English//english_03;atamasco;0;1.50446;;;;;
./datasets/English//english_04;atamasco;0;1.50446;;;;;
./datasets/English//english_05;atamasco;0;1.50446;;;;;
./datasets/English//english_06;atamasco;0;1.50446;;;;;
./datasets/English//english_07;atamasco;0;1.50446;;;;;
./datasets/English//english_08;atamasco;0;1.50446;;;;;
./datasets/English//english_09;atamasco;0;1.50446;;;;;
./datasets/English//english_10;atamasco;0;1.50446;;;;;
./datasets/English//english_11;atamasco;0;1.50446;;;;;
./datasets/English//english_12;atamasco;0;1.50446;;;;;
./datasets/English//english_13;atamasco;0;1.50446;;;;;
./datasets/English//english_14;atamasco;0;1.50446;;;;;
./datasets/English//english_15;atamasco;0;1.50446;;;;;
./datasets/English//english_16;atamasco;0;1.50446;;;;;
./datasets/English//english_17;atamasco;0;1.50446;;;;;
./datasets/English//english_18;atamasco;0;1.50446;;;;;
./datasets/English//english_19;atamasco;0;1.50446;;;;;
./datasets/English//english_00;inhospitality;0;1.34512;;;;;
./datasets/English//english_01;inhospitality;0;1.34512;;;;;
./datasets/English//english_02;inhospitality;0;1.34512;;;;;
./datasets/English//english_03;inhospitality;0;1.34512;;;;;
./datasets/English//english_04;inhospitality;0;1.34512;;;;;
./datasets/English//english_05;inhospitality;0;1.34512;;;;;
./datasets/English//english_06;inhospitality;0;1.34512;;;;;
./datasets/English//english_07;inhospitality;0;1.34512;;;;;
./datasets/English//english_08;inhospitality;2;1.34512;;;;;
./datasets/English//english_09;inhospitality;2;1.34512;;;;;
./datasets/English//english_10;inhospitality;0;1.34512;;;;;
./datasets/English//english_11;inhospitality;0;1.34512;;;;;
./datasets/English//english_12;inhospitality;0;1.34512;;;;;
./datasets/English//english_13;inhospitality;0;1.34512;;;;;
./datasets/English//english_14;inhospitality;0;1.34512;;;;;
./datasets/English//english_15;inhospitality;0;1.34512;;;;;
./datasets/English//english_16;inhospitality;0;1.34512;;;;;
./datasets/English//english_17;inhospitality;0;1.34512;;;;;
./datasets/English//english_18;inhospitality;0;1.34512;;;;;
./datasets/English//english_19;inhospitality;0;1.34512;;;;;
./datasets/English//english_00;noncarnivorous;0;1.32899;;;;;
./datasets/English//english_01;noncarnivorous;0;1.32899;;;;;
./datasets/English//english_02;noncarnivorous;0;1.32899;;;;;
./datasets/English//english_03;noncarnivorous;0;1.32899;;;;;
./datasets/English//english_04;noncarnivorous;0;1.32899;;;;;
./datasets/English//english_05;noncarnivorous;0;1.32899;;;;;
./datasets/English//english_06;noncarnivorous;0;1.32899;;;;;
./datasets/English//english_07;noncarnivorous;0;1.32899;;;;;
./datasets/English//english_08;noncarnivorous;0;1.32899;;;;;
./datasets/English//english_09;noncarnivorous;0;1.32899;;;;;
./datasets/English//english_10;noncarnivorous;0;1.32899;;;;;
./datasets/English//english_11;noncarnivorous;0;1.32899;;;;;
./datasets/English//english_12;noncarnivorous;0;1.32899;;;;;
./datasets/English//english_13;noncarnivorous;0;1.32899;;;;;
./datasets/English//english_14;noncarnivorous;0;1.32899;;;;;
./datasets/English//english_15;noncarnivorous;0;1.32899;;;;;
./datasets/English//english_16;noncarnivorous;0;1.32899;;;;;
./datasets/English//english_17;noncarnivorous;0;1.32899;;;;;
./datasets/English//english_18;noncarnivorous;0;1.32899;;;;;
./datasets/English//english_19;noncarnivorous;0;1.32899;;;;;
./datasets/English//english_00;counterruin;0;1.6416;;;;;
./datasets/English//english_01;counterruin;0;1.6416;;;;;
./datasets/English//english_02;counterruin;0;1.6416;;;;;
./datasets/English//english_03;counterruin;0;1.6416;;;;;
./datasets/English//english_04;counterruin;0;1.6416;;;;;
./datasets/English//english_05;counterruin;0;1.6416;;;;;
./datasets/English//english_06;counterruin;0;1.6416;;;;;
./datasets/English//english_07;counterruin;0;1.6416;;;;;
./datasets/English//english_08;counterruin;0;1.6416;;;;;
./datasets/English//english_09;counterruin;0;1.6416;;;;;
./datasets/English//english_10;counterruin;0;1.6416;;;;;
./datasets/English//english_11;counterruin;0;1.6416;;;;;
./datasets/English//english_12;counterruin;0;1.6416;;;;;
./datasets/English//english_13;counterruin;0;1.6416;;;;;
./datasets/English//english_14;counterruin;0;1.6416;;;;;
./datasets/English//english_15;counterruin;0;1.6416;;;;;
./datasets/English//english_16;counterruin;0;1.6416;;;;;
./datasets/English//english_17;counterruin;0;1.6416;;;;;
./datasets/English//english_18;counterruin;0;1.6416;;;;;
./datasets/English//english_19;counterruin;0;1.6416;;;;;
./datasets/English//english_00;gryposis;0;1.89218;;;;;
./datasets/English//english_01;gryposis;0;1.89218;;;;;
./datasets/English//english_02;gryposis;0;1.89218;;;;;
./datasets/English//english_03;gryposis;0;1.89218;;;;;
./datasets/English//english_04;gryposis;0;1.89218;;;;;
./datasets/English//english_05;gryposis;0;1.89218;;;;;
./datasets/English//english_06;gryposis;0;1.89218;;;;;
./datasets/English//english_07;gryposis;0;1.89218;;;;;
./datasets/English//english_08;gryposis;0;1.89218;;;;;
./datasets/English//english_09;gryposis;0;1.89218;;;;;
./datasets/English//english_10;gryposis;0;1.89218;;;;;
./datasets/English//english_11;gryposis;0;1.89218;;;;;
./datasets/English//english_12;gryposis;0;1.89218;;;;;
./datasets/English//english_13;gryposis;0;1.89218;;;;;
./datasets/English//english_14;gryposis;0;1.89218;;;;;
./datasets/English//english_15;gryposis;0;1.89218;;;;;
./datasets/English//english_16;gryposis;0;1.89218;;;;;
./datasets/English//english_17;gryposis;0;1.89218;;;;;
./datasets/English//english_18;gryposis;0;1.89218;;;;;
./datasets/English//english_19;gryposis;0;1.89218;;;;;
./datasets/English//english_00;ringe;47;1.98667;;;;;
./datasets/English//english_01;ringe;54;1.98667;;;;;
./datasets/English//english_02;ringe;61;1.98667;;;;;
./datasets/English//english_03;ringe;65;1.98667;;;;;
./datasets/English//english_04;ringe;49;1.98667;;;;;
./datasets/English//english_05;ringe;14;1.98667;;;;;
./datasets/English//english_06;ringe;35;1.98667;;;;;
./datasets/English//english_07;ringe;36;1.98667;;;;;
./datasets/English//english_08;ringe;38;1.98667;;;;;
./datasets/English//english_09;ringe;67;1.98667;;;;;
./datasets/English//english_10;ringe;38;1.98667;;;;;
./datasets/English//english_11;ringe;32;1.98667;;;;;
./datasets/English//english_12;ringe;89;1.98667;;;;;
./datasets/English//english_13;ringe;33;1.98667;;;;;
./datasets/English//english_14;ringe;47;1.98667;;;;;
./datasets/English//english_15;ringe;63;1.98667;;;;;
./datasets/English//english_16;ringe;18;1.98667;;;;;
./datasets/English//english_17;ringe;24;1.98667;;;;;
./datasets/English//english_18;ringe;33;1.98667;;;;;
./datasets/English//english_19;ringe;9;1.98667;;;;;
./datasets/English//english_00;displeasedly;0;1.35903;;;;;
./datasets/English//english_01;displeasedly;0;1.35903;;;;;
./datasets/English//english_02;displeasedly;0;1.35903;;;;;
./datasets/English//english_03;displeasedly;0;1.35903;;;;;
./datasets/English//english_04;displeasedly;0;1.35903;;;;;
./datasets/English//english_05;displeasedly;0;1.35903;;;;;
./datasets/English//english_06;displeasedly;0;1.35903;;;;;
./datasets/English//english_07;displeasedly;0;1.35903;;;;;
./datasets/English//english_08;displeasedly;0;1.35903;;;;;
./datasets/English//english_09;displeasedly;0;1.35903;;;;;
./datasets/English//english_10;displeasedly;0;1.35903;;;;;
./datasets/English//english_11;displeasedly;0;1.35903;;;;;
./datasets/English//english_12;displeasedly;0;1.35903;;;;;
./datasets/English//english_13;displeasedly;0;1.35903;;;;;
./datasets/English//english_14;displeasedly;0;1.35903;;;;;
./datasets/English//english_15;displeasedly;0;1.35903;;;;;
./datasets/English//english_16;displeasedly;0;1.35903;;;;;
./datasets/English//english_17;displeasedly;0;1.35903;;;;;
./datasets/English//english_18;displeasedly;0;1.35903;;;;;
./datasets/English//english_19;displeasedly;0;1.35903;;;;;
./datasets/English//english_00;incenter;0;1.48746;;;;;
./datasets/English//english_01;incenter;0;1.48746;;;;;
./datasets/English//english_02;incenter;0;1.48746;;;;;
./datasets/English//english_03;incenter;0;1.48746;;;;;
./datasets/English//english_04;incenter;0;1.48746;;;;;
./datasets/English//english_05;incenter;0;1.48746;;;;;
./datasets/English//english_06;incenter;0;1.48746;;;;;
./datasets/English//english_07;incenter;0;1.48746;;;;;
./datasets/English//english_08;incenter;0;1.48746;;;;;
./datasets/English//english_09;incenter;0;1.48746;;;;;
./datasets/English//english_10;incenter;0;1.48746;;;;;
./datasets/English//english_11;incenter;0;1.48746;;;;;
./datasets/English//english_12;incenter;0;1.48746;;;;;
./datasets/English//english_13;incenter;0;1.48746;;;;;
./datasets/English//english_14;incenter;0;1.48746;;;;;
./datasets/English//english_15;incenter;0;1.48746;;;;;
./datasets/English//english_16;incenter;0;1.48746;;;;;
./datasets/English//english_17;incenter;0;1.48746;;;;;
./datasets/English//english_18;incenter;0;1.48746;;;;;
./datasets/English//english_19;incenter;0;1.48746;;;;;
./datasets/English//english_00;gallycrow;0;1.65077;;;;;
./datasets/English//english_01;gallycrow;0;1.65077;;;;;
./datasets/English//english_02;gallycrow;0;1.65077;;;;;
./datasets/English//english_03;gallycrow;0;1.65077;;;;;
./datasets/English//english_04;gallycrow;0;1.65077;;;;;
./datasets/English//english_05;gallycrow;0;1.65077;;;;;
./datasets/English//english_06;gallycrow;0;1.65077;;;;;
./datasets/English//english_07;gallycrow;0;1.65077;;;;;
./datasets/English//english_08;gallycrow;0;1.65077;;;;;
./datasets/English//english_09;gallycrow;0;1.65077;;;;;
./datasets/English//english_10;gallycrow;0;1.65077;;;;;
./datasets/English//english_11;gallycrow;0;1.65077;;;;;
./datasets/English//english_12;gallycrow;0;1.65077;;;;;
./datasets/English//english_13;gallycrow;0;1.65077;;;;;
./datasets/English//english_14;gallycrow;0;1.65077;;;;;
./datasets/English//english_15;gallycrow;0;1.65077;;;;;
./datasets/English//english_16;gallycrow;0;1.65077;;;;;
./datasets/English//english_17;gallycrow;0;1.65077;;;;;
./datasets/English//english_18;gallycrow;0;1.65077;;;;;
./datasets/English//english_19;gallycrow;0;1.65077;;;;;
./datasets/English//english_00;whincow;0;1.61788;;;;;
./datasets/English//english_01;whincow;0;1.61788;;;;;
./datasets/English//english_02;whincow;0;1.61788;;;;;
./datasets/English//english_03;whincow;0;1.61788;;;;;
./datasets/English//english_04;whincow;0;1.61788;;;;;
./datasets/English//english_05;whincow;0;1.61788;;;;;
./datasets/English//english_06;whincow;0;1.61788;;;;;
./datasets/English//english_07;whincow;0;1.61788;;;;;
./datasets/English//english_08;whincow;0;1.61788;;;;;
./datasets/English//english_09;whincow;0;1.61788;;;;;
./datasets/English//english_10;whincow;0;1.61788;;;;;
./datasets/English//english_11;whincow;0;1.61788;;;;;
./datasets/English//english_12;whincow;0;1.61788;;;;;
./datasets/English//english_13;whincow;0;1.61788;;;;;
./datasets/English//english_14;whincow;0;1.61788;;;;;
./datasets/English//english_15;whincow;0;1.61788;;;;;
./datasets/English//english_16;whincow;0;1.61788;;;;;
./datasets/English//english_17;whincow;0;1.61788;;;;;
./datasets/English//english_18;whincow;0;1.61788;;;;;
./datasets/English//english_19;whincow;0;1.61788;;;;;
./datasets/English//english_00;repudiationist;0;1.35699;;;;;
./datasets/English//english_01;repudiationist;0;1.35699;;;;;
./datasets/English//english_02;repudiationist;0;1.35699;;;;;
./datasets/English//english_03;repudiationist;0;1.35699;;;;;
./datasets/English//english_04;repudiationist;0;1.35699;;;;;
./datasets/English//english_05;repudiationist;0;1.35699;;;;;
./datasets/English//english_06;repudiationist;0;1.35699;;;;;
./datasets/English//english_07;repudiationist;0;1.35699;;;;;
./datasets/English//english_08;repudiationist;0;1.35699;;;;;
./datasets/English//english_09;repudiationist;0;1.35699;;;;;
./datasets/English//english_10;repudiationist;0;1.35699;;;;;
./datasets/English//english_11;repudiationist;0;1.35699;;;;;
./datasets/English//english_12;repudiationist;0;1.35699;;;;;
./datasets/English//english_13;repudiationist;0;1.35699;;;;;
./datasets/English//english_14;repudiationist;0;1.35699;;;;;
./datasets/English//english_15;repudiationist;0;1.35699;;;;;
./datasets/English//english_16;repudiationist;0;1.35699;;;;;
./datasets/English//english_17;repudiationist;0;1.35699;;;;;
./datasets/English//english_18;repudiationist;0;1.35699;;;;;
./datasets/English//english_19;repudiationist;0;1.35699;;;;;
./datasets/English//english_00;unagile;0;1.52588;;;;;
./datasets/English//english_01;unagile;0;1.52588;;;;;
./datasets/English//english_02;unagile;0;1.52588;;;;;
./datasets/English//english_03;unagile;0;1.52588;;;;;
./datasets/English//english_04;unagile;0;1.52588;;;;;
./datasets/English//english_05;unagile;0;1.52588;;;;;
./datasets/English//english_06;unagile;0;1.52588;;;;;
./datasets/English//english_07;unagile;0;1.52588;;;;;
./datasets/English//english_08;unagile;0;1.52588;;;;;
./datasets/English//english_09;unagile;0;1.52588;;;;;
./datasets/English//english_10;unagile;0;1.52588;;;;;
./datasets/English//english_11;unagile;0;1.52588;;;;;
./datasets/English//english_12;unagile;0;1.52588;;;;;
./datasets/English//english_13;unagile;0;1.52588;;;;;
./datasets/English//english_14;unagile;0;1.52588;;;;;
./datasets/English//english_15;unagile;0;1.52588;;;;;
./datasets/English//english_16;unagile;0;1.52588;;;;;
./datasets/English//english_17;unagile;0;1.52588;;;;;
./datasets/English//english_18;unagile;0;1.52588;;;;;
./datasets/English//english_19;unagile;0;1.52588;;;;;
./datasets/English//english_00;chaplain;1;1.47938;;;;;
./datasets/English//english_01;chaplain;0;1.47938;;;;;
./datasets/English//english_02;chaplain;2;1.47938;;;;;
./datasets/English//english_03;chaplain;0;1.47938;;;;;
./datasets/English//english_04;chaplain;13;1.47938;;;;;
./datasets/English//english_05;chaplain;63;1.47938;;;;;
./datasets/English//english_06;chaplain;2;1.47938;;;;;
./datasets/English//english_07;chaplain;9;1.47938;;;;;
./datasets/English//english_08;chaplain;3;1.47938;;;;;
./datasets/English//english_09;chaplain;9;1.47938;;;;;
./datasets/English//english_10;chaplain;1;1.47938;;;;;
./datasets/English//english_11;chaplain;52;1.47938;;;;;
./datasets/English//english_12;chaplain;90;1.47938;;;;;
./datasets/English//english_13;chaplain;8;1.47938;;;;;
./datasets/English//english_14;chaplain;2;1.47938;;;;;
./datasets/English//english_15;chaplain;58;1.47938;;;;;
./datasets/English//english_16;chaplain;6;1.47938;;;;;
./datasets/English//english_17;chaplain;1;1.47938;;;;;
./datasets/English//english_18;chaplain;0;1.47938;;;;;
./datasets/English//english_19;chaplain;2;1.47938;;;;;
./datasets/English//english_00;bekerchief;0;1.41196;;;;;
./datasets/English//english_01;bekerchief;0;1.41196;;;;;
./datasets/English//english_02;bekerchief;0;1.41196;;;;;
./datasets/English//english_03;bekerchief;0;1.41196;;;;;
./datasets/English//english_04;bekerchief;0;1.41196;;;;;
./datasets/English//english_05;bekerchief;0;1.41196;;;;;
./datasets/English//english_06;bekerchief;0;1.41196;;;;;
./datasets/English//english_07;bekerchief;0;1.41196;;;;;
./datasets/English//english_08;bekerchief;0;1.41196;;;;;
./datasets/English//english_09;bekerchief;0;1.41196;;;;;
./datasets/English//english_10;bekerchief;0;1.41196;;;;;
./datasets/English//english_11;bekerchief;0;1.41196;;;;;
./datasets/English//english_12;bekerchief;0;1.41196;;;;;
./datasets/English//english_13;bekerchief;0;1.41196;;;;;
./datasets/English//english_14;bekerchief;0;1.41196;;;;;
./datasets/English//english_15;bekerchief;0;1.41196;;;;;
./datasets/English//english_16;bekerchief;0;1.41196;;;;;
./datasets/English//english_17;bekerchief;0;1.41196;;;;;
./datasets/English//english_18;bekerchief;0;1.41196;;;;;
./datasets/English//english_19;bekerchief;0;1.41196;;;;;
./datasets/English//english_00;subproduct;0;1.41421;;;;;
./datasets/English//english_01;subproduct;0;1.41421;;;;;
./datasets/English//english_02;subproduct;0;1.41421;;;;;
./datasets/English//english_03;subproduct;0;1.41421;;;;;
./datasets/English//english_04;subproduct;0;1.41421;;;;;
./datasets/English//english_05;subproduct;0;1.41421;;;;;
./datasets/English//english_06;subproduct;0;1.41421;;;;;
./datasets/English//english_07;subproduct;0;1.41421;;;;;
./datasets/English//english_08;subproduct;0;1.41421;;;;;
./datasets/English//english_09;subproduct;0;1.41421;;;;;
./datasets/English//english_10;subproduct;0;1.41421;;;;;
./datasets/English//english_11;subproduct;0;1.41421;;;;;
./datasets/English//english_12;subproduct;0;1.41421;;;;;
./datasets/English//english_13;subproduct;0;1.41421;;;;;
./datasets/English//english_14;subproduct;0;1.41421;;;;;
./datasets/English//english_15;subproduct;0;1.41421;;;;;
./datasets/English//english_16;subproduct;0;1.41421;;;;;
./datasets/English//english_17;subproduct;0;1.41421;;;;;
./datasets/English//english_18;subproduct;0;1.41421;;;;;
./datasets/English//english_19;subproduct;0;1.41421;;;;;
./datasets/English//english_00;pointingly;0;1.46599;;;;;
./datasets/English//english_01;pointingly;0;1.46599;;;;;
./datasets/English//english_02;pointingly;0;1.46599;;;;;
./datasets/English//english_03;pointingly;0;1.46599;;;;;
./datasets/English//english_04;pointingly;0;1.46599;;;;;
./datasets/English//english_05;pointingly;0;1.46599;;;;;
./datasets/English//english_06;pointingly;0;1.46599;;;;;
./datasets/English//english_07;pointingly;1;1.46599;;;;;
./datasets/English//english_08;pointingly;0;1.46599;;;;;
./datasets/English//english_09;pointingly;0;1.46599;;;;;
./datasets/English//english_10;pointingly;0;1.46599;;;;;
./datasets/English//english_11;pointingly;0;1.46599;;;;;
./datasets/English//english_12;pointingly;0;1.46599;;;;;
./datasets/English//english_13;pointingly;0;1.46599;;;;;
./datasets/English//english_14;pointingly;1;1.46599;;;;;
./datasets/English//english_15;pointingly;0;1.46599;;;;;
./datasets/English//english_16;pointingly;0;1.46599;;;;;
./datasets/English//english_17;pointingly;0;1.46599;;;;;
./datasets/English//english_18;pointingly;0;1.46599;;;;;
./datasets/English//english_19;pointingly;0;1.46599;;;;;
./datasets/English//english_00;Physonectae;0;1.41597;;;;;
./datasets/English//english_01;Physonectae;0;1.41597;;;;;
./datasets/English//english_02;Physonectae;0;1.41597;;;;;
./datasets/English//english_03;Physonectae;0;1.41597;;;;;
./datasets/English//english_04;Physonectae;0;1.41597;;;;;
./datasets/English//english_05;Physonectae;0;1.41597;;;;;
./datasets/English//english_06;Physonectae;0;1.41597;;;;;
./datasets/English//english_07;Physonectae;0;1.41597;;;;;
./datasets/English//english_08;Physonectae;0;1.41597;;;;;
./datasets/English//english_09;Physonectae;0;1.41597;;;;;
./datasets/English//english_10;Physonectae;0;1.41597;;;;;
./datasets/English//english_11;Physonectae;0;1.41597;;;;;
./datasets/English//english_12;Physonectae;0;1.41597;;;;;
./datasets/English//english_13;Physonectae;0;1.41597;;;;;
./datasets/English//english_14;Physonectae;0;1.41597;;;;;
./datasets/English//english_15;Physonectae;0;1.41597;;;;;
./datasets/English//english_16;Physonectae;0;1.41597;;;;;
./datasets/English//english_17;Physonectae;0;1.41597;;;;;
./datasets/English//english_18;Physonectae;0;1.41597;;;;;
./datasets/English//english_19;Physonectae;0;1.41597;;;;;
./datasets/English//english_00;bumpingly;0;1.41997;;;;;
./datasets/English//english_01;bumpingly;0;1.41997;;;;;
./datasets/English//english_02;bumpingly;0;1.41997;;;;;
./datasets/English//english_03;bumpingly;0;1.41997;;;;;
./datasets/English//english_04;bumpingly;0;1.41997;;;;;
./datasets/English//english_05;bumpingly;0;1.41997;;;;;
./datasets/English//english_06;bumpingly;0;1.41997;;;;;
./datasets/English//english_07;bumpingly;0;1.41997;;;;;
./datasets/English//english_08;bumpingly;0;1.41997;;;;;
./datasets/English//english_09;bumpingly;0;1.41997;;;;;
./datasets/English//english_10;bumpingly;0;1.41997;;;;;
./datasets/English//english_11;bumpingly;0;1.41997;;;;;
./datasets/English//english_12;bumpingly;0;1.41997;;;;;
./datasets/English//english_13;bumpingly;0;1.41997;;;;;
./datasets/English//english_14;bumpingly;0;1.41997;;;;;
./datasets/English//english_15;bumpingly;0;1.41997;;;;;
./datasets/English//english_16;bumpingly;0;1.41997;;;;;
./datasets/English//english_17;bumpingly;0;1.41997;;;;;
./datasets/English//english_18;bumpingly;0;1.41997;;;;;
./datasets/English//english_19;bumpingly;0;1.41997;;;;;
./datasets/English//english_00;hateful;5;1.55488;;;;;
./datasets/English//english_01;hateful;9;1.55488;;;;;
./datasets/English//english_02;hateful;4;1.55488;;;;;
./datasets/English//english_03;hateful;1;1.55488;;;;;
./datasets/English//english_04;hateful;3;1.55488;;;;;
./datasets/English//english_05;hateful;8;1.55488;;;;;
./datasets/English//english_06;hateful;5;1.55488;;;;;
./datasets/English//english_07;hateful;2;1.55488;;;;;
./datasets/English//english_08;hateful;4;1.55488;;;;;
./datasets/English//english_09;hateful;14;1.55488;;;;;
./datasets/English//english_10;hateful;5;1.55488;;;;;
./datasets/English//english_11;hateful;7;1.55488;;;;;
./datasets/English//english_12;hateful;10;1.55488;;;;;
./datasets/English//english_13;hateful;20;1.55488;;;;;
./datasets/English//english_14;hateful;6;1.55488;;;;;
./datasets/English//english_15;hateful;3;1.55488;;;;;
./datasets/English//english_16;hateful;4;1.55488;;;;;
./datasets/English//english_17;hateful;8;1.55488;;;;;
./datasets/English//english_18;hateful;9;1.55488;;;;;
./datasets/English//english_19;hateful;4;1.55488;;;;;
./datasets/English//english_00;endogenous;0;1.45192;;;;;
./datasets/English//english_01;endogenous;0;1.45192;;;;;
./datasets/English//english_02;endogenous;0;1.45192;;;;;
./datasets/English//english_03;endogenous;0;1.45192;;;;;
./datasets/English//english_04;endogenous;0;1.45192;;;;;
./datasets/English//english_05;endogenous;0;1.45192;;;;;
./datasets/English//english_06;endogenous;0;1.45192;;;;;
./datasets/English//english_07;endogenous;0;1.45192;;;;;
./datasets/English//english_08;endogenous;0;1.45192;;;;;
./datasets/English//english_09;endogenous;0;1.45192;;;;;
./datasets/English//english_10;endogenous;0;1.45192;;;;;
./datasets/English//english_11;endogenous;0;1.45192;;;;;
./datasets/English//english_12;endogenous;0;1.45192;;;;;
./datasets/English//english_13;endogenous;0;1.45192;;;;;
./datasets/English//english_14;endogenous;0;1.45192;;;;;
./datasets/English//english_15;endogenous;0;1.45192;;;;;
./datasets/English//english_16;endogenous;0;1.45192;;;;;
./datasets/English//english_17;endogenous;0;1.45192;;;;;
./datasets/English//english_18;endogenous;0;1.45192;;;;;
./datasets/English//english_19;endogenous;0;1.45192;;;;;
./datasets/English//english_00;facticide;0;1.43097;;;;;
./datasets/English//english_01;facticide;0;1.43097;;;;;
./datasets/English//english_02;facticide;0;1.43097;;;;;
./datasets/English//english_03;facticide;0;1.43097;;;;;
./datasets/English//english_04;facticide;0;1.43097;;;;;
./datasets/English//english_05;facticide;0;1.43097;;;;;
./datasets/English//english_06;facticide;0;1.43097;;;;;
./datasets/English//english_07;facticide;0;1.43097;;;;;
./datasets/English//english_08;facticide;0;1.43097;;;;;
./datasets/English//english_09;facticide;0;1.43097;;;;;
./datasets/English//english_10;facticide;0;1.43097;;;;;
./datasets/English//english_11;facticide;0;1.43097;;;;;
./datasets/English//english_12;facticide;0;1.43097;;;;;
./datasets/English//english_13;facticide;0;1.43097;;;;;
./datasets/English//english_14;facticide;0;1.43097;;;;;
./datasets/English//english_15;facticide;0;1.43097;;;;;
./datasets/English//english_16;facticide;0;1.43097;;;;;
./datasets/English//english_17;facticide;0;1.43097;;;;;
./datasets/English//english_18;facticide;0;1.43097;;;;;
./datasets/English//english_19;facticide;0;1.43097;;;;;
./datasets/English//english_00;velours;0;1.51293;;;;;
./datasets/English//english_01;velours;0;1.51293;;;;;
./datasets/English//english_02;velours;0;1.51293;;;;;
./datasets/English//english_03;velours;0;1.51293;;;;;
./datasets/English//english_04;velours;0;1.51293;;;;;
./datasets/English//english_05;velours;0;1.51293;;;;;
./datasets/English//english_06;velours;0;1.51293;;;;;
./datasets/English//english_07;velours;0;1.51293;;;;;
./datasets/English//english_08;velours;0;1.51293;;;;;
./datasets/English//english_09;velours;2;1.51293;;;;;
./datasets/English//english_10;velours;0;1.51293;;;;;
./datasets/English//english_11;velours;0;1.51293;;;;;
./datasets/English//english_12;velours;0;1.51293;;;;;
./datasets/English//english_13;velours;0;1.51293;;;;;
./datasets/English//english_14;velours;0;1.51293;;;;;
./datasets/English//english_15;velours;0;1.51293;;;;;
./datasets/English//english_16;velours;0;1.51293;;;;;
./datasets/English//english_17;velours;0;1.51293;;;;;
./datasets/English//english_18;velours;0;1.51293;;;;;
./datasets/English//english_19;velours;0;1.51293;;;;;
./datasets/English//english_00;carmoisin;0;1.45202;;;;;
./datasets/English//english_01;carmoisin;0;1.45202;;;;;
./datasets/English//english_02;carmoisin;0;1.45202;;;;;
./datasets/English//english_03;carmoisin;0;1.45202;;;;;
./datasets/English//english_04;carmoisin;0;1.45202;;;;;
./datasets/English//english_05;carmoisin;0;1.45202;;;;;
./datasets/English//english_06;carmoisin;0;1.45202;;;;;
./datasets/English//english_07;carmoisin;0;1.45202;;;;;
./datasets/English//english_08;carmoisin;0;1.45202;;;;;
./datasets/English//english_09;carmoisin;0;1.45202;;;;;
./datasets/English//english_10;carmoisin;0;1.45202;;;;;
./datasets/English//english_11;carmoisin;0;1.45202;;;;;
./datasets/English//english_12;carmoisin;0;1.45202;;;;;
./datasets/English//english_13;carmoisin;0;1.45202;;;;;
./datasets/English//english_14;carmoisin;0;1.45202;;;;;
./datasets/English//english_15;carmoisin;0;1.45202;;;;;
./datasets/English//english_16;carmoisin;0;1.45202;;;;;
./datasets/English//english_17;carmoisin;0;1.45202;;;;;
./datasets/English//english_18;carmoisin;0;1.45202;;;;;
./datasets/English//english_19;carmoisin;0;1.45202;;;;;
./datasets/English//english_00;reaccomplish;0;1.37003;;;;;
./datasets/English//english_01;reaccomplish;0;1.37003;;;;;
./datasets/English//english_02;reaccomplish;0;1.37003;;;;;
./datasets/English//english_03;reaccomplish;0;1.37003;;;;;
./datasets/English//english_04;reaccomplish;0;1.37003;;;;;
./datasets/English//english_05;reaccomplish;0;1.37003;;;;;
./datasets/English//english_06;reaccomplish;0;1.37003;;;;;
./datasets/English//english_07;reaccomplish;0;1.37003;;;;;
./datasets/English//english_08;reaccomplish;0;1.37003;;;;;
./datasets/English//english_09;reaccomplish;0;1.37003;;;;;
./datasets/English//english_10;reaccomplish;0;1.37003;;;;;
./datasets/English//english_11;reaccomplish;0;1.37003;;;;;
./datasets/English//english_12;reaccomplish;0;1.37003;;;;;
./datasets/English//english_13;reaccomplish;0;1.37003;;;;;
./datasets/English//english_14;reaccomplish;0;1.37003;;;;;
./datasets/English//english_15;reaccomplish;0;1.37003;;;;;
./datasets/English//english_16;reaccomplish;0;1.37003;;;;;
./datasets/English//english_17;reaccomplish;0;1.37003;;;;;
./datasets/English//english_18;reaccomplish;0;1.37003;;;;;
./datasets/English//english_19;reaccomplish;0;1.37003;;;;;
./datasets/English//english_00;protistic;0;1.45798;;;;;
./datasets/English//english_01;protistic;0;1.45798;;;;;
./datasets/English//english_02;protistic;0;1.45798;;;;;
./datasets/English//english_03;protistic;0;1.45798;;;;;
./datasets/English//english_04;protistic;0;1.45798;;;;;
./datasets/English//english_05;protistic;0;1.45798;;;;;
./datasets/English//english_06;protistic;0;1.45798;;;;;
./datasets/English//english_07;protistic;0;1.45798;;;;;
./datasets/English//english_08;protistic;0;1.45798;;;;;
./datasets/English//english_09;protistic;0;1.45798;;;;;
./datasets/English//english_10;protistic;0;1.45798;;;;;
./datasets/English//english_11;protistic;0;1.45798;;;;;
./datasets/English//english_12;protistic;0;1.45798;;;;;
./datasets/English//english_13;protistic;0;1.45798;;;;;
./datasets/English//english_14;protistic;0;1.45798;;;;;
./datasets/English//english_15;protistic;0;1.45798;;;;;
./datasets/English//english_16;protistic;0;1.45798;;;;;
./datasets/English//english_17;protistic;0;1.45798;;;;;
./datasets/English//english_18;protistic;0;1.45798;;;;;
./datasets/English//english_19;protistic;0;1.45798;;;;;
./datasets/English//english_00;recuperance;0;1.40294;;;;;
./datasets/English//english_01;recuperance;0;1.40294;;;;;
./datasets/English//english_02;recuperance;0;1.40294;;;;;
./datasets/English//english_03;recuperance;0;1.40294;;;;;
./datasets/English//english_04;recuperance;0;1.40294;;;;;
./datasets/English//english_05;recuperance;0;1.40294;;;;;
./datasets/English//english_06;recuperance;0;1.40294;;;;;
./datasets/English//english_07;recuperance;0;1.40294;;;;;
./datasets/English//english_08;recuperance;0;1.40294;;;;;
./datasets/English//english_09;recuperance;0;1.40294;;;;;
./datasets/English//english_10;recuperance;0;1.40294;;;;;
./datasets/English//english_11;recuperance;0;1.40294;;;;;
./datasets/English//english_12;recuperance;0;1.40294;;;;;
./datasets/English//english_13;recuperance;0;1.40294;;;;;
./datasets/English//english_14;recuperance;0;1.40294;;;;;
./datasets/English//english_15;recuperance;0;1.40294;;;;;
./datasets/English//english_16;recuperance;0;1.40294;;;;;
./datasets/English//english_17;recuperance;0;1.40294;;;;;
./datasets/English//english_18;recuperance;0;1.40294;;;;;
./datasets/English//english_19;recuperance;0;1.40294;;;;;
./datasets/English//english_00;tech;11;1.86224;;;;;
./datasets/English//english_01;tech;24;1.86224;;;;;
./datasets/English//english_02;tech;6;1.86224;;;;;
./datasets/English//english_03;tech;5;1.86224;;;;;
./datasets/English//english_04;tech;44;1.86224;;;;;
./datasets/English//english_05;tech;28;1.86224;;;;;
./datasets/English//english_06;tech;13;1.86224;;;;;
./datasets/English//english_07;tech;9;1.86224;;;;;
./datasets/English//english_08;tech;4;1.86224;;;;;
./datasets/English//english_09;tech;6;1.86224;;;;;
./datasets/English//english_10;tech;23;1.86224;;;;;
./datasets/English//english_11;tech;20;1.86224;;;;;
./datasets/English//english_12;tech;19;1.86224;;;;;
./datasets/English//english_13;tech;12;1.86224;;;;;
./datasets/English//english_14;tech;411;1.86224;;;;;
./datasets/English//english_15;tech;4;1.86224;;;;;
./datasets/English//english_16;tech;11;1.86224;;;;;
./datasets/English//english_17;tech;49;1.86224;;;;;
./datasets/English//english_18;tech;13;1.86224;;;;;
./datasets/English//english_19;tech;30;1.86224;;;;;
./datasets/English//english_00;withywind;0;1.55694;;;;;
./datasets/English//english_01;withywind;0;1.55694;;;;;
./datasets/English//english_02;withywind;0;1.55694;;;;;
./datasets/English//english_03;withywind;0;1.55694;;;;;
./datasets/English//english_04;withywind;0;1.55694;;;;;
./datasets/English//english_05;withywind;0;1.55694;;;;;
./datasets/English//english_06;withywind;0;1.55694;;;;;
./datasets/English//english_07;withywind;0;1.55694;;;;;
./datasets/English//english_08;withywind;0;1.55694;;;;;
./datasets/English//english_09;withywind;0;1.55694;;;;;
./datasets/English//english_10;withywind;0;1.55694;;;;;
./datasets/English//english_11;withywind;0;1.55694;;;;;
./datasets/English//english_12;withywind;0;1.55694;;;;;
./datasets/English//english_13;withywind;0;1.55694;;;;;
./datasets/English//english_14;withywind;0;1.55694;;;;;
./datasets/English//english_15;withywind;0;1.55694;;;;;
./datasets/English//english_16;withywind;0;1.55694;;;;;
./datasets/English//english_17;withywind;0;1.55694;;;;;
./datasets/English//english_18;withywind;0;1.55694;;;;;
./datasets/English//english_19;withywind;0;1.55694;;;;;
./datasets/English//english_00;Galen;2;1.74882;;;;;
./datasets/English//english_01;Galen;2;1.74882;;;;;
./datasets/English//english_02;Galen;2;1.74882;;;;;
./datasets/English//english_03;Galen;0;1.74882;;;;;
./datasets/English//english_04;Galen;4;1.74882;;;;;
./datasets/English//english_05;Galen;1;1.74882;;;;;
./datasets/English//english_06;Galen;2;1.74882;;;;;
./datasets/English//english_07;Galen;0;1.74882;;;;;
./datasets/English//english_08;Galen;6;1.74882;;;;;
./datasets/English//english_09;Galen;0;1.74882;;;;;
./datasets/English//english_10;Galen;0;1.74882;;;;;
./datasets/English//english_11;Galen;0;1.74882;;;;;
./datasets/English//english_12;Galen;0;1.74882;;;;;
./datasets/English//english_13;Galen;0;1.74882;;;;;
./datasets/English//english_14;Galen;0;1.74882;;;;;
./datasets/English//english_15;Galen;0;1.74882;;;;;
./datasets/English//english_16;Galen;0;1.74882;;;;;
./datasets/English//english_17;Galen;0;1.74882;;;;;
./datasets/English//english_18;Galen;0;1.74882;;;;;
./datasets/English//english_19;Galen;0;1.74882;;;;;
./datasets/English//english_00;Slavistic;0;1.45347;;;;;
./datasets/English//english_01;Slavistic;0;1.45347;;;;;
./datasets/English//english_02;Slavistic;0;1.45347;;;;;
./datasets/English//english_03;Slavistic;0;1.45347;;;;;
./datasets/English//english_04;Slavistic;0;1.45347;;;;;
./datasets/English//english_05;Slavistic;0;1.45347;;;;;
./datasets/English//english_06;Slavistic;0;1.45347;;;;;
./datasets/English//english_07;Slavistic;0;1.45347;;;;;
./datasets/English//english_08;Slavistic;0;1.45347;;;;;
./datasets/English//english_09;Slavistic;0;1.45347;;;;;
./datasets/English//english_10;Slavistic;0;1.45347;;;;;
./datasets/English//english_11;Slavistic;0;1.45347;;;;;
./datasets/English//english_12;Slavistic;0;1.45347;;;;;
./datasets/English//english_13;Slavistic;0;1.45347;;;;;
./datasets/English//english_14;Slavistic;0;1.45347;;;;;
./datasets/English//english_15;Slavistic;0;1.45347;;;;;
./datasets/English//english_16;Slavistic;0;1.45347;;;;;
./datasets/English//english_17;Slavistic;0;1.45347;;;;;
./datasets/English//english_18;Slavistic;0;1.45347;;;;;
./datasets/English//english_19;Slavistic;0;1.45347;;;;;
./datasets/English//english_00;escropulo;0;1.42101;;;;;
./datasets/English//english_01;escropulo;0;1.42101;;;;;
./datasets/English//english_02;escropulo;0;1.42101;;;;;
./datasets/English//english_03;escropulo;0;1.42101;;;;;
./datasets/English//english_04;escropulo;0;1.42101;;;;;
./datasets/English//english_05;escropulo;0;1.42101;;;;;
./datasets/English//english_06;escropulo;0;1.42101;;;;;
./datasets/English//english_07;escropulo;0;1.42101;;;;;
./datasets/English//english_08;escropulo;0;1.42101;;;;;
./datasets/English//english_09;escropulo;0;1.42101;;;;;
./datasets/English//english_10;escropulo;0;1.42101;;;;;
./datasets/English//english_11;escropulo;0;1.42101;;;;;
./datasets/English//english_12;escropulo;0;1.42101;;;;;
./datasets/English//english_13;escropulo;0;1.42101;;;;;
./datasets/English//english_14;escropulo;0;1.42101;;;;;
./datasets/English//english_15;escropulo;0;1.42101;;;;;
./datasets/English//english_16;escropulo;0;1.42101;;;;;
./datasets/English//english_17;escropulo;0;1.42101;;;;;
./datasets/English//english_18;escropulo;0;1.42101;;;;;
./datasets/English//english_19;escropulo;0;1.42101;;;;;
