./datasets/English//english_00;resink;0;1.25628;
./datasets/English//english_01;resink;1;1.25628;
./datasets/English//english_02;resink;0;1.25628;
./datasets/English//english_03;resink;0;1.25628;
./datasets/English//english_04;resink;0;1.25628;
./datasets/English//english_05;resink;0;1.25628;
./datasets/English//english_06;resink;0;1.25628;
./datasets/English//english_07;resink;0;1.25628;
./datasets/English//english_08;resink;0;1.25628;
./datasets/English//english_09;resink;0;1.25628;
./datasets/English//english_10;resink;0;1.25628;
./datasets/English//english_11;resink;0;1.25628;
./datasets/English//english_12;resink;0;1.25628;
./datasets/English//english_13;resink;0;1.25628;
./datasets/English//english_14;resink;0;1.25628;
./datasets/English//english_15;resink;0;1.25628;
./datasets/English//english_16;resink;0;1.25628;
./datasets/English//english_17;resink;0;1.25628;
./datasets/English//english_18;resink;0;1.25628;
./datasets/English//english_19;resink;0;1.25628;
./datasets/English//english_00;transversomedial;0;1.43019;
./datasets/English//english_01;transversomedial;0;1.43019;
./datasets/English//english_02;transversomedial;0;1.43019;
./datasets/English//english_03;transversomedial;0;1.43019;
./datasets/English//english_04;transversomedial;0;1.43019;
./datasets/English//english_05;transversomedial;0;1.43019;
./datasets/English//english_06;transversomedial;0;1.43019;
./datasets/English//english_07;transversomedial;0;1.43019;
./datasets/English//english_08;transversomedial;0;1.43019;
./datasets/English//english_09;transversomedial;0;1.43019;
./datasets/English//english_10;transversomedial;0;1.43019;
./datasets/English//english_11;transversomedial;0;1.43019;
./datasets/English//english_12;transversomedial;0;1.43019;
./datasets/English//english_13;transversomedial;0;1.43019;
./datasets/English//english_14;transversomedial;0;1.43019;
./datasets/English//english_15;transversomedial;0;1.43019;
./datasets/English//english_16;transversomedial;0;1.43019;
./datasets/English//english_17;transversomedial;0;1.43019;
./datasets/English//english_18;transversomedial;0;1.43019;
./datasets/English//english_19;transversomedial;0;1.43019;
./datasets/English//english_00;pharyngopathy;0;1.3982;
./datasets/English//english_01;pharyngopathy;0;1.3982;
./datasets/English//english_02;pharyngopathy;0;1.3982;
./datasets/English//english_03;pharyngopathy;0;1.3982;
./datasets/English//english_04;pharyngopathy;0;1.3982;
./datasets/English//english_05;pharyngopathy;0;1.3982;
./datasets/English//english_06;pharyngopathy;0;1.3982;
./datasets/English//english_07;pharyngopathy;0;1.3982;
./datasets/English//english_08;pharyngopathy;0;1.3982;
./datasets/English//english_09;pharyngopathy;0;1.3982;
./datasets/English//english_10;pharyngopathy;0;1.3982;
./datasets/English//english_11;pharyngopathy;0;1.3982;
./datasets/English//english_12;pharyngopathy;0;1.3982;
./datasets/English//english_13;pharyngopathy;0;1.3982;
./datasets/English//english_14;pharyngopathy;0;1.3982;
./datasets/English//english_15;pharyngopathy;0;1.3982;
./datasets/English//english_16;pharyngopathy;0;1.3982;
./datasets/English//english_17;pharyngopathy;0;1.3982;
./datasets/English//english_18;pharyngopathy;0;1.3982;
./datasets/English//english_19;pharyngopathy;0;1.3982;
./datasets/English//english_00;postmineral;0;1.57509;
./datasets/English//english_01;postmineral;0;1.57509;
./datasets/English//english_02;postmineral;0;1.57509;
./datasets/English//english_03;postmineral;0;1.57509;
./datasets/English//english_04;postmineral;0;1.57509;
./datasets/English//english_05;postmineral;0;1.57509;
./datasets/English//english_06;postmineral;0;1.57509;
./datasets/English//english_07;postmineral;0;1.57509;
./datasets/English//english_08;postmineral;0;1.57509;
./datasets/English//english_09;postmineral;0;1.57509;
./datasets/English//english_10;postmineral;0;1.57509;
./datasets/English//english_11;postmineral;0;1.57509;
./datasets/English//english_12;postmineral;0;1.57509;
./datasets/English//english_13;postmineral;0;1.57509;
./datasets/English//english_14;postmineral;0;1.57509;
./datasets/English//english_15;postmineral;0;1.57509;
./datasets/English//english_16;postmineral;0;1.57509;
./datasets/English//english_17;postmineral;0;1.57509;
./datasets/English//english_18;postmineral;0;1.57509;
./datasets/English//english_19;postmineral;0;1.57509;
./datasets/English//english_00;myelosyphilis;0;1.4046;
./datasets/English//english_01;myelosyphilis;0;1.4046;
./datasets/English//english_02;myelosyphilis;0;1.4046;
./datasets/English//english_03;myelosyphilis;0;1.4046;
./datasets/English//english_04;myelosyphilis;0;1.4046;
./datasets/English//english_05;myelosyphilis;0;1.4046;
./datasets/English//english_06;myelosyphilis;0;1.4046;
./datasets/English//english_07;myelosyphilis;0;1.4046;
./datasets/English//english_08;myelosyphilis;0;1.4046;
./datasets/English//english_09;myelosyphilis;0;1.4046;
./datasets/English//english_10;myelosyphilis;0;1.4046;
./datasets/English//english_11;myelosyphilis;0;1.4046;
./datasets/English//english_12;myelosyphilis;0;1.4046;
./datasets/English//english_13;myelosyphilis;0;1.4046;
./datasets/English//english_14;myelosyphilis;0;1.4046;
./datasets/English//english_15;myelosyphilis;0;1.4046;
./datasets/English//english_16;myelosyphilis;0;1.4046;
./datasets/English//english_17;myelosyphilis;0;1.4046;
./datasets/English//english_18;myelosyphilis;0;1.4046;
./datasets/English//english_19;myelosyphilis;0;1.4046;
./datasets/English//english_00;silverer;0;1.49609;
./datasets/English//english_01;silverer;0;1.49609;
./datasets/English//english_02;silverer;0;1.49609;
./datasets/English//english_03;silverer;0;1.49609;
./datasets/English//english_04;silverer;0;1.49609;
./datasets/English//english_05;silverer;0;1.49609;
./datasets/English//english_06;silverer;0;1.49609;
./datasets/English//english_07;silverer;0;1.49609;
./datasets/English//english_08;silverer;0;1.49609;
./datasets/English//english_09;silverer;0;1.49609;
./datasets/English//english_10;silverer;0;1.49609;
./datasets/English//english_11;silverer;0;1.49609;
./datasets/English//english_12;silverer;0;1.49609;
./datasets/English//english_13;silverer;0;1.49609;
./datasets/English//english_14;silverer;0;1.49609;
./datasets/English//english_15;silverer;0;1.49609;
./datasets/English//english_16;silverer;0;1.49609;
./datasets/English//english_17;silverer;0;1.49609;
./datasets/English//english_18;silverer;0;1.49609;
./datasets/English//english_19;silverer;0;1.49609;
./datasets/English//english_00;evincement;0;1.45078;
./datasets/English//english_01;evincement;0;1.45078;
./datasets/English//english_02;evincement;0;1.45078;
./datasets/English//english_03;evincement;0;1.45078;
./datasets/English//english_04;evincement;0;1.45078;
./datasets/English//english_05;evincement;0;1.45078;
./datasets/English//english_06;evincement;0;1.45078;
./datasets/English//english_07;evincement;0;1.45078;
./datasets/English//english_08;evincement;0;1.45078;
./datasets/English//english_09;evincement;0;1.45078;
./datasets/English//english_10;evincement;0;1.45078;
./datasets/English//english_11;evincement;0;1.45078;
./datasets/English//english_12;evincement;0;1.45078;
./datasets/English//english_13;evincement;0;1.45078;
./datasets/English//english_14;evincement;0;1.45078;
./datasets/English//english_15;evincement;0;1.45078;
./datasets/English//english_16;evincement;0;1.45078;
./datasets/English//english_17;evincement;0;1.45078;
./datasets/English//english_18;evincement;0;1.45078;
./datasets/English//english_19;evincement;0;1.45078;
./datasets/English//english_00;phrygium;0;1.48231;
./datasets/English//english_01;phrygium;0;1.48231;
./datasets/English//english_02;phrygium;0;1.48231;
./datasets/English//english_03;phrygium;0;1.48231;
./datasets/English//english_04;phrygium;0;1.48231;
./datasets/English//english_05;phrygium;0;1.48231;
./datasets/English//english_06;phrygium;0;1.48231;
./datasets/English//english_07;phrygium;0;1.48231;
./datasets/English//english_08;phrygium;0;1.48231;
./datasets/English//english_09;phrygium;0;1.48231;
./datasets/English//english_10;phrygium;0;1.48231;
./datasets/English//english_11;phrygium;0;1.48231;
./datasets/English//english_12;phrygium;0;1.48231;
./datasets/English//english_13;phrygium;0;1.48231;
./datasets/English//english_14;phrygium;0;1.48231;
./datasets/English//english_15;phrygium;0;1.48231;
./datasets/English//english_16;phrygium;0;1.48231;
./datasets/English//english_17;phrygium;0;1.48231;
./datasets/English//english_18;phrygium;0;1.48231;
./datasets/English//english_19;phrygium;0;1.48231;
./datasets/English//english_00;punnigram;0;1.45205;
./datasets/English//english_01;punnigram;0;1.45205;
./datasets/English//english_02;punnigram;0;1.45205;
./datasets/English//english_03;punnigram;0;1.45205;
./datasets/English//english_04;punnigram;0;1.45205;
./datasets/English//english_05;punnigram;0;1.45205;
./datasets/English//english_06;punnigram;0;1.45205;
./datasets/English//english_07;punnigram;0;1.45205;
./datasets/English//english_08;punnigram;0;1.45205;
./datasets/English//english_09;punnigram;0;1.45205;
./datasets/English//english_10;punnigram;0;1.45205;
./datasets/English//english_11;punnigram;0;1.45205;
./datasets/English//english_12;punnigram;0;1.45205;
./datasets/English//english_13;punnigram;0;1.45205;
./datasets/English//english_14;punnigram;0;1.45205;
./datasets/English//english_15;punnigram;0;1.45205;
./datasets/English//english_16;punnigram;0;1.45205;
./datasets/English//english_17;punnigram;0;1.45205;
./datasets/English//english_18;punnigram;0;1.45205;
./datasets/English//english_19;punnigram;0;1.45205;
./datasets/English//english_00;imminution;0;1.49208;
./datasets/English//english_01;imminution;0;1.49208;
./datasets/English//english_02;imminution;0;1.49208;
./datasets/English//english_03;imminution;0;1.49208;
./datasets/English//english_04;imminution;0;1.49208;
./datasets/English//english_05;imminution;0;1.49208;
./datasets/English//english_06;imminution;0;1.49208;
./datasets/English//english_07;imminution;0;1.49208;
./datasets/English//english_08;imminution;0;1.49208;
./datasets/English//english_09;imminution;0;1.49208;
./datasets/English//english_10;imminution;0;1.49208;
./datasets/English//english_11;imminution;0;1.49208;
./datasets/English//english_12;imminution;0;1.49208;
./datasets/English//english_13;imminution;0;1.49208;
./datasets/English//english_14;imminution;0;1.49208;
./datasets/English//english_15;imminution;0;1.49208;
./datasets/English//english_16;imminution;0;1.49208;
./datasets/English//english_17;imminution;0;1.49208;
./datasets/English//english_18;imminution;0;1.49208;
./datasets/English//english_19;imminution;0;1.49208;
./datasets/English//english_00;environmental;0;1.52062;
./datasets/English//english_01;environmental;0;1.52062;
./datasets/English//english_02;environmental;0;1.52062;
./datasets/English//english_03;environmental;0;1.52062;
./datasets/English//english_04;environmental;0;1.52062;
./datasets/English//english_05;environmental;0;1.52062;
./datasets/English//english_06;environmental;0;1.52062;
./datasets/English//english_07;environmental;0;1.52062;
./datasets/English//english_08;environmental;0;1.52062;
./datasets/English//english_09;environmental;0;1.52062;
./datasets/English//english_10;environmental;0;1.52062;
./datasets/English//english_11;environmental;0;1.52062;
./datasets/English//english_12;environmental;0;1.52062;
./datasets/English//english_13;environmental;0;1.52062;
./datasets/English//english_14;environmental;0;1.52062;
./datasets/English//english_15;environmental;0;1.52062;
./datasets/English//english_16;environmental;0;1.52062;
./datasets/English//english_17;environmental;0;1.52062;
./datasets/English//english_18;environmental;0;1.52062;
./datasets/English//english_19;environmental;0;1.52062;
./datasets/English//english_00;sleepify;0;1.48506;
./datasets/English//english_01;sleepify;0;1.48506;
./datasets/English//english_02;sleepify;0;1.48506;
./datasets/English//english_03;sleepify;0;1.48506;
./datasets/English//english_04;sleepify;0;1.48506;
./datasets/English//english_05;sleepify;0;1.48506;
./datasets/English//english_06;sleepify;0;1.48506;
./datasets/English//english_07;sleepify;0;1.48506;
./datasets/English//english_08;sleepify;0;1.48506;
./datasets/English//english_09;sleepify;0;1.48506;
./datasets/English//english_10;sleepify;0;1.48506;
./datasets/English//english_11;sleepify;0;1.48506;
./datasets/English//english_12;sleepify;0;1.48506;
./datasets/English//english_13;sleepify;0;1.48506;
./datasets/English//english_14;sleepify;0;1.48506;
./datasets/English//english_15;sleepify;0;1.48506;
./datasets/English//english_16;sleepify;0;1.48506;
./datasets/English//english_17;sleepify;0;1.48506;
./datasets/English//english_18;sleepify;0;1.48506;
./datasets/English//english_19;sleepify;0;1.48506;
./datasets/English//english_00;nope;1;1.79701;
./datasets/English//english_01;nope;2;1.79701;
./datasets/English//english_02;nope;2;1.79701;
./datasets/English//english_03;nope;3;1.79701;
./datasets/English//english_04;nope;2;1.79701;
./datasets/English//english_05;nope;1;1.79701;
./datasets/English//english_06;nope;3;1.79701;
./datasets/English//english_07;nope;1;1.79701;
./datasets/English//english_08;nope;1;1.79701;
./datasets/English//english_09;nope;2;1.79701;
./datasets/English//english_10;nope;1;1.79701;
./datasets/English//english_11;nope;4;1.79701;
./datasets/English//english_12;nope;1;1.79701;
./datasets/English//english_13;nope;3;1.79701;
./datasets/English//english_14;nope;7;1.79701;
./datasets/English//english_15;nope;3;1.79701;
./datasets/English//english_16;nope;4;1.79701;
./datasets/English//english_17;nope;3;1.79701;
./datasets/English//english_18;nope;0;1.79701;
./datasets/English//english_19;nope;0;1.79701;
./datasets/English//english_00;wauken;0;1.69663;
./datasets/English//english_01;wauken;0;1.69663;
./datasets/English//english_02;wauken;0;1.69663;
./datasets/English//english_03;wauken;0;1.69663;
./datasets/English//english_04;wauken;0;1.69663;
./datasets/English//english_05;wauken;1;1.69663;
./datasets/English//english_06;wauken;0;1.69663;
./datasets/English//english_07;wauken;0;1.69663;
./datasets/English//english_08;wauken;0;1.69663;
./datasets/English//english_09;wauken;0;1.69663;
./datasets/English//english_10;wauken;0;1.69663;
./datasets/English//english_11;wauken;0;1.69663;
./datasets/English//english_12;wauken;0;1.69663;
./datasets/English//english_13;wauken;0;1.69663;
./datasets/English//english_14;wauken;0;1.69663;
./datasets/English//english_15;wauken;0;1.69663;
./datasets/English//english_16;wauken;0;1.69663;
./datasets/English//english_17;wauken;0;1.69663;
./datasets/English//english_18;wauken;0;1.69663;
./datasets/English//english_19;wauken;0;1.69663;
./datasets/English//english_00;indignance;0;1.45621;
./datasets/English//english_01;indignance;0;1.45621;
./datasets/English//english_02;indignance;0;1.45621;
./datasets/English//english_03;indignance;0;1.45621;
./datasets/English//english_04;indignance;0;1.45621;
./datasets/English//english_05;indignance;0;1.45621;
./datasets/English//english_06;indignance;0;1.45621;
./datasets/English//english_07;indignance;0;1.45621;
./datasets/English//english_08;indignance;0;1.45621;
./datasets/English//english_09;indignance;0;1.45621;
./datasets/English//english_10;indignance;0;1.45621;
./datasets/English//english_11;indignance;0;1.45621;
./datasets/English//english_12;indignance;0;1.45621;
./datasets/English//english_13;indignance;0;1.45621;
./datasets/English//english_14;indignance;0;1.45621;
./datasets/English//english_15;indignance;0;1.45621;
./datasets/English//english_16;indignance;0;1.45621;
./datasets/English//english_17;indignance;0;1.45621;
./datasets/English//english_18;indignance;0;1.45621;
./datasets/English//english_19;indignance;0;1.45621;
./datasets/English//english_00;knotwort;0;1.55932;
./datasets/English//english_01;knotwort;0;1.55932;
./datasets/English//english_02;knotwort;0;1.55932;
./datasets/English//english_03;knotwort;0;1.55932;
./datasets/English//english_04;knotwort;0;1.55932;
./datasets/English//english_05;knotwort;0;1.55932;
./datasets/English//english_06;knotwort;0;1.55932;
./datasets/English//english_07;knotwort;0;1.55932;
./datasets/English//english_08;knotwort;0;1.55932;
./datasets/English//english_09;knotwort;0;1.55932;
./datasets/English//english_10;knotwort;0;1.55932;
./datasets/English//english_11;knotwort;0;1.55932;
./datasets/English//english_12;knotwort;0;1.55932;
./datasets/English//english_13;knotwort;0;1.55932;
./datasets/English//english_14;knotwort;0;1.55932;
./datasets/English//english_15;knotwort;0;1.55932;
./datasets/English//english_16;knotwort;0;1.55932;
./datasets/English//english_17;knotwort;0;1.55932;
./datasets/English//english_18;knotwort;0;1.55932;
./datasets/English//english_19;knotwort;0;1.55932;
./datasets/English//english_00;apocodeine;0;1.47526;
./datasets/English//english_01;apocodeine;0;1.47526;
./datasets/English//english_02;apocodeine;0;1.47526;
./datasets/English//english_03;apocodeine;0;1.47526;
./datasets/English//english_04;apocodeine;0;1.47526;
./datasets/English//english_05;apocodeine;0;1.47526;
./datasets/English//english_06;apocodeine;0;1.47526;
./datasets/English//english_07;apocodeine;0;1.47526;
./datasets/English//english_08;apocodeine;0;1.47526;
./datasets/English//english_09;apocodeine;0;1.47526;
./datasets/English//english_10;apocodeine;0;1.47526;
./datasets/English//english_11;apocodeine;0;1.47526;
./datasets/English//english_12;apocodeine;0;1.47526;
./datasets/English//english_13;apocodeine;0;1.47526;
./datasets/English//english_14;apocodeine;0;1.47526;
./datasets/English//english_15;apocodeine;0;1.47526;
./datasets/English//english_16;apocodeine;0;1.47526;
./datasets/English//english_17;apocodeine;0;1.47526;
./datasets/English//english_18;apocodeine;0;1.47526;
./datasets/English//english_19;apocodeine;0;1.47526;
./datasets/English//english_00;escortee;0;1.50171;
./datasets/English//english_01;escortee;0;1.50171;
./datasets/English//english_02;escortee;0;1.50171;
./datasets/English//english_03;escortee;0;1.50171;
./datasets/English//english_04;escortee;0;1.50171;
./datasets/English//english_05;escortee;0;1.50171;
./datasets/English//english_06;escortee;0;1.50171;
./datasets/English//english_07;escortee;0;1.50171;
./datasets/English//english_08;escortee;0;1.50171;
./datasets/English//english_09;escortee;0;1.50171;
./datasets/English//english_10;escortee;0;1.50171;
./datasets/English//english_11;escortee;0;1.50171;
./datasets/English//english_12;escortee;0;1.50171;
./datasets/English//english_13;escortee;0;1.50171;
./datasets/English//english_14;escortee;0;1.50171;
./datasets/English//english_15;escortee;0;1.50171;
./datasets/English//english_16;escortee;0;1.50171;
./datasets/English//english_17;escortee;0;1.50171;
./datasets/English//english_18;escortee;0;1.50171;
./datasets/English//english_19;escortee;0;1.50171;
./datasets/English//english_00;dogwatch;0;1.50103;
./datasets/English//english_01;dogwatch;0;1.50103;
./datasets/English//english_02;dogwatch;0;1.50103;
./datasets/English//english_03;dogwatch;0;1.50103;
./datasets/English//english_04;dogwatch;0;1.50103;
./datasets/English//english_05;dogwatch;0;1.50103;
./datasets/English//english_06;dogwatch;0;1.50103;
./datasets/English//english_07;dogwatch;0;1.50103;
./datasets/English//english_08;dogwatch;0;1.50103;
./datasets/English//english_09;dogwatch;0;1.50103;
./datasets/English//english_10;dogwatch;0;1.50103;
./datasets/English//english_11;dogwatch;0;1.50103;
./datasets/English//english_12;dogwatch;0;1.50103;
./datasets/English//english_13;dogwatch;0;1.50103;
./datasets/English//english_14;dogwatch;0;1.50103;
./datasets/English//english_15;dogwatch;0;1.50103;
./datasets/English//english_16;dogwatch;0;1.50103;
./datasets/English//english_17;dogwatch;0;1.50103;
./datasets/English//english_18;dogwatch;0;1.50103;
./datasets/English//english_19;dogwatch;0;1.50103;
./datasets/English//english_00;eaglewood;0;1.45075;
./datasets/English//english_01;eaglewood;0;1.45075;
./datasets/English//english_02;eaglewood;0;1.45075;
./datasets/English//english_03;eaglewood;0;1.45075;
./datasets/English//english_04;eaglewood;0;1.45075;
./datasets/English//english_05;eaglewood;0;1.45075;
./datasets/English//english_06;eaglewood;0;1.45075;
./datasets/English//english_07;eaglewood;0;1.45075;
./datasets/English//english_08;eaglewood;0;1.45075;
./datasets/English//english_09;eaglewood;0;1.45075;
./datasets/English//english_10;eaglewood;0;1.45075;
./datasets/English//english_11;eaglewood;0;1.45075;
./datasets/English//english_12;eaglewood;0;1.45075;
./datasets/English//english_13;eaglewood;0;1.45075;
./datasets/English//english_14;eaglewood;0;1.45075;
./datasets/English//english_15;eaglewood;0;1.45075;
./datasets/English//english_16;eaglewood;0;1.45075;
./datasets/English//english_17;eaglewood;0;1.45075;
./datasets/English//english_18;eaglewood;0;1.45075;
./datasets/English//english_19;eaglewood;0;1.45075;
./datasets/English//english_00;unbrotherliness;0;1.38422;
./datasets/English//english_01;unbrotherliness;0;1.38422;
./datasets/English//english_02;unbrotherliness;0;1.38422;
./datasets/English//english_03;unbrotherliness;0;1.38422;
./datasets/English//english_04;unbrotherliness;0;1.38422;
./datasets/English//english_05;unbrotherliness;0;1.38422;
./datasets/English//english_06;unbrotherliness;0;1.38422;
./datasets/English//english_07;unbrotherliness;0;1.38422;
./datasets/English//english_08;unbrotherliness;0;1.38422;
./datasets/English//english_09;unbrotherliness;0;1.38422;
./datasets/English//english_10;unbrotherliness;0;1.38422;
./datasets/English//english_11;unbrotherliness;0;1.38422;
./datasets/English//english_12;unbrotherliness;0;1.38422;
./datasets/English//english_13;unbrotherliness;0;1.38422;
./datasets/English//english_14;unbrotherliness;0;1.38422;
./datasets/English//english_15;unbrotherliness;0;1.38422;
./datasets/English//english_16;unbrotherliness;0;1.38422;
./datasets/English//english_17;unbrotherliness;0;1.38422;
./datasets/English//english_18;unbrotherliness;0;1.38422;
./datasets/English//english_19;unbrotherliness;0;1.38422;
./datasets/English//english_00;mulse;0;1.66246;
./datasets/English//english_01;mulse;0;1.66246;
./datasets/English//english_02;mulse;0;1.66246;
./datasets/English//english_03;mulse;0;1.66246;
./datasets/English//english_04;mulse;0;1.66246;
./datasets/English//english_05;mulse;0;1.66246;
./datasets/English//english_06;mulse;0;1.66246;
./datasets/English//english_07;mulse;0;1.66246;
./datasets/English//english_08;mulse;0;1.66246;
./datasets/English//english_09;mulse;0;1.66246;
./datasets/English//english_10;mulse;0;1.66246;
./datasets/English//english_11;mulse;0;1.66246;
./datasets/English//english_12;mulse;0;1.66246;
./datasets/English//english_13;mulse;0;1.66246;
./datasets/English//english_14;mulse;0;1.66246;
./datasets/English//english_15;mulse;0;1.66246;
./datasets/English//english_16;mulse;0;1.66246;
./datasets/English//english_17;mulse;0;1.66246;
./datasets/English//english_18;mulse;0;1.66246;
./datasets/English//english_19;mulse;0;1.66246;
./datasets/English//english_00;dermobranchiata;0;1.36909;
./datasets/English//english_01;dermobranchiata;0;1.36909;
./datasets/English//english_02;dermobranchiata;0;1.36909;
./datasets/English//english_03;dermobranchiata;0;1.36909;
./datasets/English//english_04;dermobranchiata;0;1.36909;
./datasets/English//english_05;dermobranchiata;0;1.36909;
./datasets/English//english_06;dermobranchiata;0;1.36909;
./datasets/English//english_07;dermobranchiata;0;1.36909;
./datasets/English//english_08;dermobranchiata;0;1.36909;
./datasets/English//english_09;dermobranchiata;0;1.36909;
./datasets/English//english_10;dermobranchiata;0;1.36909;
./datasets/English//english_11;dermobranchiata;0;1.36909;
./datasets/English//english_12;dermobranchiata;0;1.36909;
./datasets/English//english_13;dermobranchiata;0;1.36909;
./datasets/English//english_14;dermobranchiata;0;1.36909;
./datasets/English//english_15;dermobranchiata;0;1.36909;
./datasets/English//english_16;dermobranchiata;0;1.36909;
./datasets/English//english_17;dermobranchiata;0;1.36909;
./datasets/English//english_18;dermobranchiata;0;1.36909;
./datasets/English//english_19;dermobranchiata;0;1.36909;
./datasets/English//english_00;typhic;0;1.63835;
./datasets/English//english_01;typhic;0;1.63835;
./datasets/English//english_02;typhic;0;1.63835;
./datasets/English//english_03;typhic;0;1.63835;
./datasets/English//english_04;typhic;0;1.63835;
./datasets/English//english_05;typhic;0;1.63835;
./datasets/English//english_06;typhic;0;1.63835;
./datasets/English//english_07;typhic;0;1.63835;
./datasets/English//english_08;typhic;0;1.63835;
./datasets/English//english_09;typhic;0;1.63835;
./datasets/English//english_10;typhic;0;1.63835;
./datasets/English//english_11;typhic;0;1.63835;
./datasets/English//english_12;typhic;0;1.63835;
./datasets/English//english_13;typhic;0;1.63835;
./datasets/English//english_14;typhic;0;1.63835;
./datasets/English//english_15;typhic;0;1.63835;
./datasets/English//english_16;typhic;0;1.63835;
./datasets/English//english_17;typhic;0;1.63835;
./datasets/English//english_18;typhic;0;1.63835;
./datasets/English//english_19;typhic;0;1.63835;
./datasets/English//english_00;poststertorous;0;1.41003;
./datasets/English//english_01;poststertorous;0;1.41003;
./datasets/English//english_02;poststertorous;0;1.41003;
./datasets/English//english_03;poststertorous;0;1.41003;
./datasets/English//english_04;poststertorous;0;1.41003;
./datasets/English//english_05;poststertorous;0;1.41003;
./datasets/English//english_06;poststertorous;0;1.41003;
./datasets/English//english_07;poststertorous;0;1.41003;
./datasets/English//english_08;poststertorous;0;1.41003;
./datasets/English//english_09;poststertorous;0;1.41003;
./datasets/English//english_10;poststertorous;0;1.41003;
./datasets/English//english_11;poststertorous;0;1.41003;
./datasets/English//english_12;poststertorous;0;1.41003;
./datasets/English//english_13;poststertorous;0;1.41003;
./datasets/English//english_14;poststertorous;0;1.41003;
./datasets/English//english_15;poststertorous;0;1.41003;
./datasets/English//english_16;poststertorous;0;1.41003;
./datasets/English//english_17;poststertorous;0;1.41003;
./datasets/English//english_18;poststertorous;0;1.41003;
./datasets/English//english_19;poststertorous;0;1.41003;
./datasets/English//english_00;indevout;0;1.49214;
./datasets/English//english_01;indevout;0;1.49214;
./datasets/English//english_02;indevout;0;1.49214;
./datasets/English//english_03;indevout;0;1.49214;
./datasets/English//english_04;indevout;0;1.49214;
./datasets/English//english_05;indevout;0;1.49214;
./datasets/English//english_06;indevout;0;1.49214;
./datasets/English//english_07;indevout;0;1.49214;
./datasets/English//english_08;indevout;0;1.49214;
./datasets/English//english_09;indevout;0;1.49214;
./datasets/English//english_10;indevout;0;1.49214;
./datasets/English//english_11;indevout;0;1.49214;
./datasets/English//english_12;indevout;0;1.49214;
./datasets/English//english_13;indevout;0;1.49214;
./datasets/English//english_14;indevout;0;1.49214;
./datasets/English//english_15;indevout;0;1.49214;
./datasets/English//english_16;indevout;0;1.49214;
./datasets/English//english_17;indevout;0;1.49214;
./datasets/English//english_18;indevout;0;1.49214;
./datasets/English//english_19;indevout;0;1.49214;
./datasets/English//english_00;anatomicopathologic;0;1.32473;
./datasets/English//english_01;anatomicopathologic;0;1.32473;
./datasets/English//english_02;anatomicopathologic;0;1.32473;
./datasets/English//english_03;anatomicopathologic;0;1.32473;
./datasets/English//english_04;anatomicopathologic;0;1.32473;
./datasets/English//english_05;anatomicopathologic;0;1.32473;
./datasets/English//english_06;anatomicopathologic;0;1.32473;
./datasets/English//english_07;anatomicopathologic;0;1.32473;
./datasets/English//english_08;anatomicopathologic;0;1.32473;
./datasets/English//english_09;anatomicopathologic;0;1.32473;
./datasets/English//english_10;anatomicopathologic;0;1.32473;
./datasets/English//english_11;anatomicopathologic;0;1.32473;
./datasets/English//english_12;anatomicopathologic;0;1.32473;
./datasets/English//english_13;anatomicopathologic;0;1.32473;
./datasets/English//english_14;anatomicopathologic;0;1.32473;
./datasets/English//english_15;anatomicopathologic;0;1.32473;
./datasets/English//english_16;anatomicopathologic;0;1.32473;
./datasets/English//english_17;anatomicopathologic;0;1.32473;
./datasets/English//english_18;anatomicopathologic;0;1.32473;
./datasets/English//english_19;anatomicopathologic;0;1.32473;
./datasets/English//english_00;unimpenetrable;0;1.37278;
./datasets/English//english_01;unimpenetrable;0;1.37278;
./datasets/English//english_02;unimpenetrable;0;1.37278;
./datasets/English//english_03;unimpenetrable;0;1.37278;
./datasets/English//english_04;unimpenetrable;0;1.37278;
./datasets/English//english_05;unimpenetrable;0;1.37278;
./datasets/English//english_06;unimpenetrable;0;1.37278;
./datasets/English//english_07;unimpenetrable;0;1.37278;
./datasets/English//english_08;unimpenetrable;0;1.37278;
./datasets/English//english_09;unimpenetrable;0;1.37278;
./datasets/English//english_10;unimpenetrable;0;1.37278;
./datasets/English//english_11;unimpenetrable;0;1.37278;
./datasets/English//english_12;unimpenetrable;0;1.37278;
./datasets/English//english_13;unimpenetrable;0;1.37278;
./datasets/English//english_14;unimpenetrable;0;1.37278;
./datasets/English//english_15;unimpenetrable;0;1.37278;
./datasets/English//english_16;unimpenetrable;0;1.37278;
./datasets/English//english_17;unimpenetrable;0;1.37278;
./datasets/English//english_18;unimpenetrable;0;1.37278;
./datasets/English//english_19;unimpenetrable;0;1.37278;
./datasets/English//english_00;hoggy;0;1.62303;
./datasets/English//english_01;hoggy;0;1.62303;
./datasets/English//english_02;hoggy;0;1.62303;
./datasets/English//english_03;hoggy;0;1.62303;
./datasets/English//english_04;hoggy;0;1.62303;
./datasets/English//english_05;hoggy;0;1.62303;
./datasets/English//english_06;hoggy;0;1.62303;
./datasets/English//english_07;hoggy;0;1.62303;
./datasets/English//english_08;hoggy;0;1.62303;
./datasets/English//english_09;hoggy;0;1.62303;
./datasets/English//english_10;hoggy;0;1.62303;
./datasets/English//english_11;hoggy;0;1.62303;
./datasets/English//english_12;hoggy;0;1.62303;
./datasets/English//english_13;hoggy;0;1.62303;
./datasets/English//english_14;hoggy;0;1.62303;
./datasets/English//english_15;hoggy;0;1.62303;
./datasets/English//english_16;hoggy;0;1.62303;
./datasets/English//english_17;hoggy;0;1.62303;
./datasets/English//english_18;hoggy;0;1.62303;
./datasets/English//english_19;hoggy;0;1.62303;
./datasets/English//english_00;urrhodin;0;1.49451;
./datasets/English//english_01;urrhodin;0;1.49451;
./datasets/English//english_02;urrhodin;0;1.49451;
./datasets/English//english_03;urrhodin;0;1.49451;
./datasets/English//english_04;urrhodin;0;1.49451;
./datasets/English//english_05;urrhodin;0;1.49451;
./datasets/English//english_06;urrhodin;0;1.49451;
./datasets/English//english_07;urrhodin;0;1.49451;
./datasets/English//english_08;urrhodin;0;1.49451;
./datasets/English//english_09;urrhodin;0;1.49451;
./datasets/English//english_10;urrhodin;0;1.49451;
./datasets/English//english_11;urrhodin;0;1.49451;
./datasets/English//english_12;urrhodin;0;1.49451;
./datasets/English//english_13;urrhodin;0;1.49451;
./datasets/English//english_14;urrhodin;0;1.49451;
./datasets/English//english_15;urrhodin;0;1.49451;
./datasets/English//english_16;urrhodin;0;1.49451;
./datasets/English//english_17;urrhodin;0;1.49451;
./datasets/English//english_18;urrhodin;0;1.49451;
./datasets/English//english_19;urrhodin;0;1.49451;
./datasets/English//english_00;Dioecia;0;1.67257;
./datasets/English//english_01;Dioecia;0;1.67257;
./datasets/English//english_02;Dioecia;0;1.67257;
./datasets/English//english_03;Dioecia;0;1.67257;
./datasets/English//english_04;Dioecia;0;1.67257;
./datasets/English//english_05;Dioecia;0;1.67257;
./datasets/English//english_06;Dioecia;0;1.67257;
./datasets/English//english_07;Dioecia;0;1.67257;
./datasets/English//english_08;Dioecia;0;1.67257;
./datasets/English//english_09;Dioecia;0;1.67257;
./datasets/English//english_10;Dioecia;0;1.67257;
./datasets/English//english_11;Dioecia;0;1.67257;
./datasets/English//english_12;Dioecia;0;1.67257;
./datasets/English//english_13;Dioecia;0;1.67257;
./datasets/English//english_14;Dioecia;0;1.67257;
./datasets/English//english_15;Dioecia;0;1.67257;
./datasets/English//english_16;Dioecia;0;1.67257;
./datasets/English//english_17;Dioecia;0;1.67257;
./datasets/English//english_18;Dioecia;0;1.67257;
./datasets/English//english_19;Dioecia;0;1.67257;
./datasets/English//english_00;unchapter;0;1.55338;
./datasets/English//english_01;unchapter;0;1.55338;
./datasets/English//english_02;unchapter;0;1.55338;
./datasets/English//english_03;unchapter;0;1.55338;
./datasets/English//english_04;unchapter;0;1.55338;
./datasets/English//english_05;unchapter;0;1.55338;
./datasets/English//english_06;unchapter;0;1.55338;
./datasets/English//english_07;unchapter;0;1.55338;
./datasets/English//english_08;unchapter;0;1.55338;
./datasets/English//english_09;unchapter;0;1.55338;
./datasets/English//english_10;unchapter;0;1.55338;
./datasets/English//english_11;unchapter;0;1.55338;
./datasets/English//english_12;unchapter;0;1.55338;
./datasets/English//english_13;unchapter;0;1.55338;
./datasets/English//english_14;unchapter;0;1.55338;
./datasets/English//english_15;unchapter;0;1.55338;
./datasets/English//english_16;unchapter;0;1.55338;
./datasets/English//english_17;unchapter;0;1.55338;
./datasets/English//english_18;unchapter;0;1.55338;
./datasets/English//english_19;unchapter;0;1.55338;
./datasets/English//english_00;nonumbilicate;0;1.4083;
./datasets/English//english_01;nonumbilicate;0;1.4083;
./datasets/English//english_02;nonumbilicate;0;1.4083;
./datasets/English//english_03;nonumbilicate;0;1.4083;
./datasets/English//english_04;nonumbilicate;0;1.4083;
./datasets/English//english_05;nonumbilicate;0;1.4083;
./datasets/English//english_06;nonumbilicate;0;1.4083;
./datasets/English//english_07;nonumbilicate;0;1.4083;
./datasets/English//english_08;nonumbilicate;0;1.4083;
./datasets/English//english_09;nonumbilicate;0;1.4083;
./datasets/English//english_10;nonumbilicate;0;1.4083;
./datasets/English//english_11;nonumbilicate;0;1.4083;
./datasets/English//english_12;nonumbilicate;0;1.4083;
./datasets/English//english_13;nonumbilicate;0;1.4083;
./datasets/English//english_14;nonumbilicate;0;1.4083;
./datasets/English//english_15;nonumbilicate;0;1.4083;
./datasets/English//english_16;nonumbilicate;0;1.4083;
./datasets/English//english_17;nonumbilicate;0;1.4083;
./datasets/English//english_18;nonumbilicate;0;1.4083;
./datasets/English//english_19;nonumbilicate;0;1.4083;
./datasets/English//english_00;zwitterionic;0;1.4712;
./datasets/English//english_01;zwitterionic;0;1.4712;
./datasets/English//english_02;zwitterionic;0;1.4712;
./datasets/English//english_03;zwitterionic;0;1.4712;
./datasets/English//english_04;zwitterionic;0;1.4712;
./datasets/English//english_05;zwitterionic;0;1.4712;
./datasets/English//english_06;zwitterionic;0;1.4712;
./datasets/English//english_07;zwitterionic;0;1.4712;
./datasets/English//english_08;zwitterionic;0;1.4712;
./datasets/English//english_09;zwitterionic;0;1.4712;
./datasets/English//english_10;zwitterionic;0;1.4712;
./datasets/English//english_11;zwitterionic;0;1.4712;
./datasets/English//english_12;zwitterionic;0;1.4712;
./datasets/English//english_13;zwitterionic;0;1.4712;
./datasets/English//english_14;zwitterionic;0;1.4712;
./datasets/English//english_15;zwitterionic;0;1.4712;
./datasets/English//english_16;zwitterionic;0;1.4712;
./datasets/English//english_17;zwitterionic;0;1.4712;
./datasets/English//english_18;zwitterionic;0;1.4712;
./datasets/English//english_19;zwitterionic;0;1.4712;
./datasets/English//english_00;apportionable;0;1.41989;
./datasets/English//english_01;apportionable;0;1.41989;
./datasets/English//english_02;apportionable;0;1.41989;
./datasets/English//english_03;apportionable;0;1.41989;
./datasets/English//english_04;apportionable;0;1.41989;
./datasets/English//english_05;apportionable;0;1.41989;
./datasets/English//english_06;apportionable;0;1.41989;
./datasets/English//english_07;apportionable;0;1.41989;
./datasets/English//english_08;apportionable;0;1.41989;
./datasets/English//english_09;apportionable;0;1.41989;
./datasets/English//english_10;apportionable;0;1.41989;
./datasets/English//english_11;apportionable;0;1.41989;
./datasets/English//english_12;apportionable;0;1.41989;
./datasets/English//english_13;apportionable;0;1.41989;
./datasets/English//english_14;apportionable;0;1.41989;
./datasets/English//english_15;apportionable;0;1.41989;
./datasets/English//english_16;apportionable;0;1.41989;
./datasets/English//english_17;apportionable;0;1.41989;
./datasets/English//english_18;apportionable;0;1.41989;
./datasets/English//english_19;apportionable;0;1.41989;
./datasets/English//english_00;ferulic;0;1.62315;
./datasets/English//english_01;ferulic;0;1.62315;
./datasets/English//english_02;ferulic;0;1.62315;
./datasets/English//english_03;ferulic;0;1.62315;
./datasets/English//english_04;ferulic;0;1.62315;
./datasets/English//english_05;ferulic;0;1.62315;
./datasets/English//english_06;ferulic;0;1.62315;
./datasets/English//english_07;ferulic;0;1.62315;
./datasets/English//english_08;ferulic;0;1.62315;
./datasets/English//english_09;ferulic;0;1.62315;
./datasets/English//english_10;ferulic;0;1.62315;
./datasets/English//english_11;ferulic;0;1.62315;
./datasets/English//english_12;ferulic;0;1.62315;
./datasets/English//english_13;ferulic;0;1.62315;
./datasets/English//english_14;ferulic;0;1.62315;
./datasets/English//english_15;ferulic;0;1.62315;
./datasets/English//english_16;ferulic;0;1.62315;
./datasets/English//english_17;ferulic;0;1.62315;
./datasets/English//english_18;ferulic;0;1.62315;
./datasets/English//english_19;ferulic;0;1.62315;
./datasets/English//english_00;statefulness;0;1.39973;
./datasets/English//english_01;statefulness;0;1.39973;
./datasets/English//english_02;statefulness;0;1.39973;
./datasets/English//english_03;statefulness;0;1.39973;
./datasets/English//english_04;statefulness;0;1.39973;
./datasets/English//english_05;statefulness;0;1.39973;
./datasets/English//english_06;statefulness;0;1.39973;
./datasets/English//english_07;statefulness;0;1.39973;
./datasets/English//english_08;statefulness;0;1.39973;
./datasets/English//english_09;statefulness;0;1.39973;
./datasets/English//english_10;statefulness;0;1.39973;
./datasets/English//english_11;statefulness;0;1.39973;
./datasets/English//english_12;statefulness;0;1.39973;
./datasets/English//english_13;statefulness;0;1.39973;
./datasets/English//english_14;statefulness;0;1.39973;
./datasets/English//english_15;statefulness;0;1.39973;
./datasets/English//english_16;statefulness;0;1.39973;
./datasets/English//english_17;statefulness;0;1.39973;
./datasets/English//english_18;statefulness;0;1.39973;
./datasets/English//english_19;statefulness;0;1.39973;
./datasets/English//english_00;pharyngotonsillitis;0;1.30458;
./datasets/English//english_01;pharyngotonsillitis;0;1.30458;
./datasets/English//english_02;pharyngotonsillitis;0;1.30458;
./datasets/English//english_03;pharyngotonsillitis;0;1.30458;
./datasets/English//english_04;pharyngotonsillitis;0;1.30458;
./datasets/English//english_05;pharyngotonsillitis;0;1.30458;
./datasets/English//english_06;pharyngotonsillitis;0;1.30458;
./datasets/English//english_07;pharyngotonsillitis;0;1.30458;
./datasets/English//english_08;pharyngotonsillitis;0;1.30458;
./datasets/English//english_09;pharyngotonsillitis;0;1.30458;
./datasets/English//english_10;pharyngotonsillitis;0;1.30458;
./datasets/English//english_11;pharyngotonsillitis;0;1.30458;
./datasets/English//english_12;pharyngotonsillitis;0;1.30458;
./datasets/English//english_13;pharyngotonsillitis;0;1.30458;
./datasets/English//english_14;pharyngotonsillitis;0;1.30458;
./datasets/English//english_15;pharyngotonsillitis;0;1.30458;
./datasets/English//english_16;pharyngotonsillitis;0;1.30458;
./datasets/English//english_17;pharyngotonsillitis;0;1.30458;
./datasets/English//english_18;pharyngotonsillitis;0;1.30458;
./datasets/English//english_19;pharyngotonsillitis;0;1.30458;
./datasets/English//english_00;Mimulus;0;1.5122;
./datasets/English//english_01;Mimulus;0;1.5122;
./datasets/English//english_02;Mimulus;0;1.5122;
./datasets/English//english_03;Mimulus;0;1.5122;
./datasets/English//english_04;Mimulus;0;1.5122;
./datasets/English//english_05;Mimulus;0;1.5122;
./datasets/English//english_06;Mimulus;0;1.5122;
./datasets/English//english_07;Mimulus;0;1.5122;
./datasets/English//english_08;Mimulus;0;1.5122;
./datasets/English//english_09;Mimulus;0;1.5122;
./datasets/English//english_10;Mimulus;0;1.5122;
./datasets/English//english_11;Mimulus;0;1.5122;
./datasets/English//english_12;Mimulus;0;1.5122;
./datasets/English//english_13;Mimulus;0;1.5122;
./datasets/English//english_14;Mimulus;0;1.5122;
./datasets/English//english_15;Mimulus;0;1.5122;
./datasets/English//english_16;Mimulus;0;1.5122;
./datasets/English//english_17;Mimulus;0;1.5122;
./datasets/English//english_18;Mimulus;0;1.5122;
./datasets/English//english_19;Mimulus;0;1.5122;
./datasets/English//english_00;recce;0;1.6844;
./datasets/English//english_01;recce;0;1.6844;
./datasets/English//english_02;recce;0;1.6844;
./datasets/English//english_03;recce;0;1.6844;
./datasets/English//english_04;recce;0;1.6844;
./datasets/English//english_05;recce;0;1.6844;
./datasets/English//english_06;recce;0;1.6844;
./datasets/English//english_07;recce;0;1.6844;
./datasets/English//english_08;recce;0;1.6844;
./datasets/English//english_09;recce;0;1.6844;
./datasets/English//english_10;recce;0;1.6844;
./datasets/English//english_11;recce;0;1.6844;
./datasets/English//english_12;recce;0;1.6844;
./datasets/English//english_13;recce;0;1.6844;
./datasets/English//english_14;recce;0;1.6844;
./datasets/English//english_15;recce;0;1.6844;
./datasets/English//english_16;recce;0;1.6844;
./datasets/English//english_17;recce;0;1.6844;
./datasets/English//english_18;recce;0;1.6844;
./datasets/English//english_19;recce;0;1.6844;
./datasets/English//english_00;mutinously;0;1.44963;
./datasets/English//english_01;mutinously;0;1.44963;
./datasets/English//english_02;mutinously;0;1.44963;
./datasets/English//english_03;mutinously;0;1.44963;
./datasets/English//english_04;mutinously;0;1.44963;
./datasets/English//english_05;mutinously;0;1.44963;
./datasets/English//english_06;mutinously;1;1.44963;
./datasets/English//english_07;mutinously;0;1.44963;
./datasets/English//english_08;mutinously;0;1.44963;
./datasets/English//english_09;mutinously;0;1.44963;
./datasets/English//english_10;mutinously;0;1.44963;
./datasets/English//english_11;mutinously;0;1.44963;
./datasets/English//english_12;mutinously;0;1.44963;
./datasets/English//english_13;mutinously;0;1.44963;
./datasets/English//english_14;mutinously;1;1.44963;
./datasets/English//english_15;mutinously;0;1.44963;
./datasets/English//english_16;mutinously;0;1.44963;
./datasets/English//english_17;mutinously;0;1.44963;
./datasets/English//english_18;mutinously;0;1.44963;
./datasets/English//english_19;mutinously;0;1.44963;
./datasets/English//english_00;reboant;0;1.73799;
./datasets/English//english_01;reboant;0;1.73799;
./datasets/English//english_02;reboant;0;1.73799;
./datasets/English//english_03;reboant;0;1.73799;
./datasets/English//english_04;reboant;0;1.73799;
./datasets/English//english_05;reboant;0;1.73799;
./datasets/English//english_06;reboant;0;1.73799;
./datasets/English//english_07;reboant;0;1.73799;
./datasets/English//english_08;reboant;0;1.73799;
./datasets/English//english_09;reboant;0;1.73799;
./datasets/English//english_10;reboant;0;1.73799;
./datasets/English//english_11;reboant;0;1.73799;
./datasets/English//english_12;reboant;0;1.73799;
./datasets/English//english_13;reboant;0;1.73799;
./datasets/English//english_14;reboant;0;1.73799;
./datasets/English//english_15;reboant;0;1.73799;
./datasets/English//english_16;reboant;0;1.73799;
./datasets/English//english_17;reboant;0;1.73799;
./datasets/English//english_18;reboant;0;1.73799;
./datasets/English//english_19;reboant;0;1.73799;
./datasets/English//english_00;marshwort;0;1.48716;
./datasets/English//english_01;marshwort;0;1.48716;
./datasets/English//english_02;marshwort;0;1.48716;
./datasets/English//english_03;marshwort;0;1.48716;
./datasets/English//english_04;marshwort;0;1.48716;
./datasets/English//english_05;marshwort;0;1.48716;
./datasets/English//english_06;marshwort;0;1.48716;
./datasets/English//english_07;marshwort;0;1.48716;
./datasets/English//english_08;marshwort;0;1.48716;
./datasets/English//english_09;marshwort;0;1.48716;
./datasets/English//english_10;marshwort;0;1.48716;
./datasets/English//english_11;marshwort;0;1.48716;
./datasets/English//english_12;marshwort;0;1.48716;
./datasets/English//english_13;marshwort;0;1.48716;
./datasets/English//english_14;marshwort;0;1.48716;
./datasets/English//english_15;marshwort;0;1.48716;
./datasets/English//english_16;marshwort;0;1.48716;
./datasets/English//english_17;marshwort;0;1.48716;
./datasets/English//english_18;marshwort;0;1.48716;
./datasets/English//english_19;marshwort;0;1.48716;
./datasets/English//english_00;lupoid;0;1.63189;
./datasets/English//english_01;lupoid;0;1.63189;
./datasets/English//english_02;lupoid;0;1.63189;
./datasets/English//english_03;lupoid;0;1.63189;
./datasets/English//english_04;lupoid;0;1.63189;
./datasets/English//english_05;lupoid;0;1.63189;
./datasets/English//english_06;lupoid;0;1.63189;
./datasets/English//english_07;lupoid;0;1.63189;
./datasets/English//english_08;lupoid;0;1.63189;
./datasets/English//english_09;lupoid;0;1.63189;
./datasets/English//english_10;lupoid;0;1.63189;
./datasets/English//english_11;lupoid;0;1.63189;
./datasets/English//english_12;lupoid;0;1.63189;
./datasets/English//english_13;lupoid;0;1.63189;
./datasets/English//english_14;lupoid;0;1.63189;
./datasets/English//english_15;lupoid;0;1.63189;
./datasets/English//english_16;lupoid;0;1.63189;
./datasets/English//english_17;lupoid;0;1.63189;
./datasets/English//english_18;lupoid;0;1.63189;
./datasets/English//english_19;lupoid;0;1.63189;
./datasets/English//english_00;chromatophilic;0;1.37695;
./datasets/English//english_01;chromatophilic;0;1.37695;
./datasets/English//english_02;chromatophilic;0;1.37695;
./datasets/English//english_03;chromatophilic;0;1.37695;
./datasets/English//english_04;chromatophilic;0;1.37695;
./datasets/English//english_05;chromatophilic;0;1.37695;
./datasets/English//english_06;chromatophilic;0;1.37695;
./datasets/English//english_07;chromatophilic;0;1.37695;
./datasets/English//english_08;chromatophilic;0;1.37695;
./datasets/English//english_09;chromatophilic;0;1.37695;
./datasets/English//english_10;chromatophilic;0;1.37695;
./datasets/English//english_11;chromatophilic;0;1.37695;
./datasets/English//english_12;chromatophilic;0;1.37695;
./datasets/English//english_13;chromatophilic;0;1.37695;
./datasets/English//english_14;chromatophilic;0;1.37695;
./datasets/English//english_15;chromatophilic;0;1.37695;
./datasets/English//english_16;chromatophilic;0;1.37695;
./datasets/English//english_17;chromatophilic;0;1.37695;
./datasets/English//english_18;chromatophilic;0;1.37695;
./datasets/English//english_19;chromatophilic;0;1.37695;
./datasets/English//english_00;lauder;0;1.62544;
./datasets/English//english_01;lauder;0;1.62544;
./datasets/English//english_02;lauder;0;1.62544;
./datasets/English//english_03;lauder;0;1.62544;
./datasets/English//english_04;lauder;3;1.62544;
./datasets/English//english_05;lauder;0;1.62544;
./datasets/English//english_06;lauder;0;1.62544;
./datasets/English//english_07;lauder;0;1.62544;
./datasets/English//english_08;lauder;0;1.62544;
./datasets/English//english_09;lauder;0;1.62544;
./datasets/English//english_10;lauder;0;1.62544;
./datasets/English//english_11;lauder;0;1.62544;
./datasets/English//english_12;lauder;0;1.62544;
./datasets/English//english_13;lauder;0;1.62544;
./datasets/English//english_14;lauder;0;1.62544;
./datasets/English//english_15;lauder;0;1.62544;
./datasets/English//english_16;lauder;0;1.62544;
./datasets/English//english_17;lauder;0;1.62544;
./datasets/English//english_18;lauder;0;1.62544;
./datasets/English//english_19;lauder;0;1.62544;
./datasets/English//english_00;nirles;0;1.62861;
./datasets/English//english_01;nirles;0;1.62861;
./datasets/English//english_02;nirles;0;1.62861;
./datasets/English//english_03;nirles;0;1.62861;
./datasets/English//english_04;nirles;0;1.62861;
./datasets/English//english_05;nirles;0;1.62861;
./datasets/English//english_06;nirles;0;1.62861;
./datasets/English//english_07;nirles;0;1.62861;
./datasets/English//english_08;nirles;0;1.62861;
./datasets/English//english_09;nirles;0;1.62861;
./datasets/English//english_10;nirles;0;1.62861;
./datasets/English//english_11;nirles;0;1.62861;
./datasets/English//english_12;nirles;0;1.62861;
./datasets/English//english_13;nirles;0;1.62861;
./datasets/English//english_14;nirles;0;1.62861;
./datasets/English//english_15;nirles;0;1.62861;
./datasets/English//english_16;nirles;0;1.62861;
./datasets/English//english_17;nirles;0;1.62861;
./datasets/English//english_18;nirles;0;1.62861;
./datasets/English//english_19;nirles;0;1.62861;
./datasets/English//english_00;esthesiometer;0;1.41945;
./datasets/English//english_01;esthesiometer;0;1.41945;
./datasets/English//english_02;esthesiometer;0;1.41945;
./datasets/English//english_03;esthesiometer;0;1.41945;
./datasets/English//english_04;esthesiometer;0;1.41945;
./datasets/English//english_05;esthesiometer;0;1.41945;
./datasets/English//english_06;esthesiometer;0;1.41945;
./datasets/English//english_07;esthesiometer;0;1.41945;
./datasets/English//english_08;esthesiometer;0;1.41945;
./datasets/English//english_09;esthesiometer;0;1.41945;
./datasets/English//english_10;esthesiometer;0;1.41945;
./datasets/English//english_11;esthesiometer;0;1.41945;
./datasets/English//english_12;esthesiometer;0;1.41945;
./datasets/English//english_13;esthesiometer;0;1.41945;
./datasets/English//english_14;esthesiometer;0;1.41945;
./datasets/English//english_15;esthesiometer;0;1.41945;
./datasets/English//english_16;esthesiometer;0;1.41945;
./datasets/English//english_17;esthesiometer;0;1.41945;
./datasets/English//english_18;esthesiometer;0;1.41945;
./datasets/English//english_19;esthesiometer;0;1.41945;
./datasets/English//english_00;semisocial;0;1.43587;
./datasets/English//english_01;semisocial;0;1.43587;
./datasets/English//english_02;semisocial;0;1.43587;
./datasets/English//english_03;semisocial;0;1.43587;
./datasets/English//english_04;semisocial;0;1.43587;
./datasets/English//english_05;semisocial;0;1.43587;
./datasets/English//english_06;semisocial;0;1.43587;
./datasets/English//english_07;semisocial;0;1.43587;
./datasets/English//english_08;semisocial;0;1.43587;
./datasets/English//english_09;semisocial;0;1.43587;
./datasets/English//english_10;semisocial;0;1.43587;
./datasets/English//english_11;semisocial;0;1.43587;
./datasets/English//english_12;semisocial;0;1.43587;
./datasets/English//english_13;semisocial;0;1.43587;
./datasets/English//english_14;semisocial;0;1.43587;
./datasets/English//english_15;semisocial;0;1.43587;
./datasets/English//english_16;semisocial;0;1.43587;
./datasets/English//english_17;semisocial;0;1.43587;
./datasets/English//english_18;semisocial;0;1.43587;
./datasets/English//english_19;semisocial;0;1.43587;
./datasets/English//english_00;unbeing;0;1.63474;
./datasets/English//english_01;unbeing;0;1.63474;
./datasets/English//english_02;unbeing;0;1.63474;
./datasets/English//english_03;unbeing;0;1.63474;
./datasets/English//english_04;unbeing;0;1.63474;
./datasets/English//english_05;unbeing;0;1.63474;
./datasets/English//english_06;unbeing;0;1.63474;
./datasets/English//english_07;unbeing;0;1.63474;
./datasets/English//english_08;unbeing;0;1.63474;
./datasets/English//english_09;unbeing;0;1.63474;
./datasets/English//english_10;unbeing;0;1.63474;
./datasets/English//english_11;unbeing;0;1.63474;
./datasets/English//english_12;unbeing;0;1.63474;
./datasets/English//english_13;unbeing;0;1.63474;
./datasets/English//english_14;unbeing;0;1.63474;
./datasets/English//english_15;unbeing;0;1.63474;
./datasets/English//english_16;unbeing;0;1.63474;
./datasets/English//english_17;unbeing;0;1.63474;
./datasets/English//english_18;unbeing;0;1.63474;
./datasets/English//english_19;unbeing;0;1.63474;
./datasets/English//english_00;kangaroo;3;1.56902;
./datasets/English//english_01;kangaroo;0;1.56902;
./datasets/English//english_02;kangaroo;1;1.56902;
./datasets/English//english_03;kangaroo;0;1.56902;
./datasets/English//english_04;kangaroo;0;1.56902;
./datasets/English//english_05;kangaroo;0;1.56902;
./datasets/English//english_06;kangaroo;0;1.56902;
./datasets/English//english_07;kangaroo;0;1.56902;
./datasets/English//english_08;kangaroo;0;1.56902;
./datasets/English//english_09;kangaroo;0;1.56902;
./datasets/English//english_10;kangaroo;0;1.56902;
./datasets/English//english_11;kangaroo;0;1.56902;
./datasets/English//english_12;kangaroo;0;1.56902;
./datasets/English//english_13;kangaroo;0;1.56902;
./datasets/English//english_14;kangaroo;9;1.56902;
./datasets/English//english_15;kangaroo;3;1.56902;
./datasets/English//english_16;kangaroo;0;1.56902;
./datasets/English//english_17;kangaroo;0;1.56902;
./datasets/English//english_18;kangaroo;1;1.56902;
./datasets/English//english_19;kangaroo;0;1.56902;
./datasets/English//english_00;takosis;0;1.53396;
./datasets/English//english_01;takosis;0;1.53396;
./datasets/English//english_02;takosis;0;1.53396;
./datasets/English//english_03;takosis;0;1.53396;
./datasets/English//english_04;takosis;0;1.53396;
./datasets/English//english_05;takosis;0;1.53396;
./datasets/English//english_06;takosis;0;1.53396;
./datasets/English//english_07;takosis;0;1.53396;
./datasets/English//english_08;takosis;0;1.53396;
./datasets/English//english_09;takosis;0;1.53396;
./datasets/English//english_10;takosis;0;1.53396;
./datasets/English//english_11;takosis;0;1.53396;
./datasets/English//english_12;takosis;0;1.53396;
./datasets/English//english_13;takosis;0;1.53396;
./datasets/English//english_14;takosis;0;1.53396;
./datasets/English//english_15;takosis;0;1.53396;
./datasets/English//english_16;takosis;0;1.53396;
./datasets/English//english_17;takosis;0;1.53396;
./datasets/English//english_18;takosis;0;1.53396;
./datasets/English//english_19;takosis;0;1.53396;
./datasets/English//english_00;inconvertibility;0;1.33206;
./datasets/English//english_01;inconvertibility;0;1.33206;
./datasets/English//english_02;inconvertibility;0;1.33206;
./datasets/English//english_03;inconvertibility;0;1.33206;
./datasets/English//english_04;inconvertibility;0;1.33206;
./datasets/English//english_05;inconvertibility;0;1.33206;
./datasets/English//english_06;inconvertibility;0;1.33206;
./datasets/English//english_07;inconvertibility;0;1.33206;
./datasets/English//english_08;inconvertibility;0;1.33206;
./datasets/English//english_09;inconvertibility;0;1.33206;
./datasets/English//english_10;inconvertibility;0;1.33206;
./datasets/English//english_11;inconvertibility;0;1.33206;
./datasets/English//english_12;inconvertibility;0;1.33206;
./datasets/English//english_13;inconvertibility;0;1.33206;
./datasets/English//english_14;inconvertibility;0;1.33206;
./datasets/English//english_15;inconvertibility;0;1.33206;
./datasets/English//english_16;inconvertibility;0;1.33206;
./datasets/English//english_17;inconvertibility;0;1.33206;
./datasets/English//english_18;inconvertibility;0;1.33206;
./datasets/English//english_19;inconvertibility;0;1.33206;
./datasets/English//english_00;anesthetist;0;1.51898;
./datasets/English//english_01;anesthetist;0;1.51898;
./datasets/English//english_02;anesthetist;0;1.51898;
./datasets/English//english_03;anesthetist;0;1.51898;
./datasets/English//english_04;anesthetist;0;1.51898;
./datasets/English//english_05;anesthetist;0;1.51898;
./datasets/English//english_06;anesthetist;0;1.51898;
./datasets/English//english_07;anesthetist;0;1.51898;
./datasets/English//english_08;anesthetist;0;1.51898;
./datasets/English//english_09;anesthetist;0;1.51898;
./datasets/English//english_10;anesthetist;0;1.51898;
./datasets/English//english_11;anesthetist;0;1.51898;
./datasets/English//english_12;anesthetist;0;1.51898;
./datasets/English//english_13;anesthetist;0;1.51898;
./datasets/English//english_14;anesthetist;0;1.51898;
./datasets/English//english_15;anesthetist;0;1.51898;
./datasets/English//english_16;anesthetist;0;1.51898;
./datasets/English//english_17;anesthetist;0;1.51898;
./datasets/English//english_18;anesthetist;0;1.51898;
./datasets/English//english_19;anesthetist;0;1.51898;
./datasets/English//english_00;rumorproof;0;1.41499;
./datasets/English//english_01;rumorproof;0;1.41499;
./datasets/English//english_02;rumorproof;0;1.41499;
./datasets/English//english_03;rumorproof;0;1.41499;
./datasets/English//english_04;rumorproof;0;1.41499;
./datasets/English//english_05;rumorproof;0;1.41499;
./datasets/English//english_06;rumorproof;0;1.41499;
./datasets/English//english_07;rumorproof;0;1.41499;
./datasets/English//english_08;rumorproof;0;1.41499;
./datasets/English//english_09;rumorproof;0;1.41499;
./datasets/English//english_10;rumorproof;0;1.41499;
./datasets/English//english_11;rumorproof;0;1.41499;
./datasets/English//english_12;rumorproof;0;1.41499;
./datasets/English//english_13;rumorproof;0;1.41499;
./datasets/English//english_14;rumorproof;0;1.41499;
./datasets/English//english_15;rumorproof;0;1.41499;
./datasets/English//english_16;rumorproof;0;1.41499;
./datasets/English//english_17;rumorproof;0;1.41499;
./datasets/English//english_18;rumorproof;0;1.41499;
./datasets/English//english_19;rumorproof;0;1.41499;
./datasets/English//english_00;thoracoscopy;0;1.36798;
./datasets/English//english_01;thoracoscopy;0;1.36798;
./datasets/English//english_02;thoracoscopy;0;1.36798;
./datasets/English//english_03;thoracoscopy;0;1.36798;
./datasets/English//english_04;thoracoscopy;0;1.36798;
./datasets/English//english_05;thoracoscopy;0;1.36798;
./datasets/English//english_06;thoracoscopy;0;1.36798;
./datasets/English//english_07;thoracoscopy;0;1.36798;
./datasets/English//english_08;thoracoscopy;0;1.36798;
./datasets/English//english_09;thoracoscopy;0;1.36798;
./datasets/English//english_10;thoracoscopy;0;1.36798;
./datasets/English//english_11;thoracoscopy;0;1.36798;
./datasets/English//english_12;thoracoscopy;0;1.36798;
./datasets/English//english_13;thoracoscopy;0;1.36798;
./datasets/English//english_14;thoracoscopy;0;1.36798;
./datasets/English//english_15;thoracoscopy;0;1.36798;
./datasets/English//english_16;thoracoscopy;0;1.36798;
./datasets/English//english_17;thoracoscopy;0;1.36798;
./datasets/English//english_18;thoracoscopy;0;1.36798;
./datasets/English//english_19;thoracoscopy;0;1.36798;
./datasets/English//english_00;euphorbium;0;1.42319;
./datasets/English//english_01;euphorbium;2;1.42319;
./datasets/English//english_02;euphorbium;0;1.42319;
./datasets/English//english_03;euphorbium;0;1.42319;
./datasets/English//english_04;euphorbium;0;1.42319;
./datasets/English//english_05;euphorbium;0;1.42319;
./datasets/English//english_06;euphorbium;0;1.42319;
./datasets/English//english_07;euphorbium;0;1.42319;
./datasets/English//english_08;euphorbium;0;1.42319;
./datasets/English//english_09;euphorbium;0;1.42319;
./datasets/English//english_10;euphorbium;0;1.42319;
./datasets/English//english_11;euphorbium;0;1.42319;
./datasets/English//english_12;euphorbium;0;1.42319;
./datasets/English//english_13;euphorbium;0;1.42319;
./datasets/English//english_14;euphorbium;0;1.42319;
./datasets/English//english_15;euphorbium;0;1.42319;
./datasets/English//english_16;euphorbium;0;1.42319;
./datasets/English//english_17;euphorbium;0;1.42319;
./datasets/English//english_18;euphorbium;0;1.42319;
./datasets/English//english_19;euphorbium;0;1.42319;
./datasets/English//english_00;bizet;0;1.66839;
./datasets/English//english_01;bizet;0;1.66839;
./datasets/English//english_02;bizet;0;1.66839;
./datasets/English//english_03;bizet;0;1.66839;
./datasets/English//english_04;bizet;0;1.66839;
./datasets/English//english_05;bizet;0;1.66839;
./datasets/English//english_06;bizet;0;1.66839;
./datasets/English//english_07;bizet;0;1.66839;
./datasets/English//english_08;bizet;0;1.66839;
./datasets/English//english_09;bizet;0;1.66839;
./datasets/English//english_10;bizet;0;1.66839;
./datasets/English//english_11;bizet;0;1.66839;
./datasets/English//english_12;bizet;0;1.66839;
./datasets/English//english_13;bizet;0;1.66839;
./datasets/English//english_14;bizet;0;1.66839;
./datasets/English//english_15;bizet;0;1.66839;
./datasets/English//english_16;bizet;0;1.66839;
./datasets/English//english_17;bizet;0;1.66839;
./datasets/English//english_18;bizet;0;1.66839;
./datasets/English//english_19;bizet;0;1.66839;
./datasets/English//english_00;song;109;1.79289;
./datasets/English//english_01;song;82;1.79289;
./datasets/English//english_02;song;44;1.79289;
./datasets/English//english_03;song;63;1.79289;
./datasets/English//english_04;song;71;1.79289;
./datasets/English//english_05;song;230;1.79289;
./datasets/English//english_06;song;89;1.79289;
./datasets/English//english_07;song;147;1.79289;
./datasets/English//english_08;song;24;1.79289;
./datasets/English//english_09;song;45;1.79289;
./datasets/English//english_10;song;88;1.79289;
./datasets/English//english_11;song;64;1.79289;
./datasets/English//english_12;song;34;1.79289;
./datasets/English//english_13;song;83;1.79289;
./datasets/English//english_14;song;43;1.79289;
./datasets/English//english_15;song;71;1.79289;
./datasets/English//english_16;song;112;1.79289;
./datasets/English//english_17;song;145;1.79289;
./datasets/English//english_18;song;99;1.79289;
./datasets/English//english_19;song;11;1.79289;
./datasets/English//english_00;dolichocephali;0;1.36885;
./datasets/English//english_01;dolichocephali;0;1.36885;
./datasets/English//english_02;dolichocephali;0;1.36885;
./datasets/English//english_03;dolichocephali;0;1.36885;
./datasets/English//english_04;dolichocephali;0;1.36885;
./datasets/English//english_05;dolichocephali;0;1.36885;
./datasets/English//english_06;dolichocephali;0;1.36885;
./datasets/English//english_07;dolichocephali;0;1.36885;
./datasets/English//english_08;dolichocephali;0;1.36885;
./datasets/English//english_09;dolichocephali;0;1.36885;
./datasets/English//english_10;dolichocephali;0;1.36885;
./datasets/English//english_11;dolichocephali;0;1.36885;
./datasets/English//english_12;dolichocephali;0;1.36885;
./datasets/English//english_13;dolichocephali;0;1.36885;
./datasets/English//english_14;dolichocephali;0;1.36885;
./datasets/English//english_15;dolichocephali;0;1.36885;
./datasets/English//english_16;dolichocephali;0;1.36885;
./datasets/English//english_17;dolichocephali;0;1.36885;
./datasets/English//english_18;dolichocephali;4;1.36885;
./datasets/English//english_19;dolichocephali;0;1.36885;
./datasets/English//english_00;platemaker;0;1.43828;
./datasets/English//english_01;platemaker;0;1.43828;
./datasets/English//english_02;platemaker;0;1.43828;
./datasets/English//english_03;platemaker;0;1.43828;
./datasets/English//english_04;platemaker;0;1.43828;
./datasets/English//english_05;platemaker;0;1.43828;
./datasets/English//english_06;platemaker;0;1.43828;
./datasets/English//english_07;platemaker;0;1.43828;
./datasets/English//english_08;platemaker;0;1.43828;
./datasets/English//english_09;platemaker;0;1.43828;
./datasets/English//english_10;platemaker;0;1.43828;
./datasets/English//english_11;platemaker;0;1.43828;
./datasets/English//english_12;platemaker;0;1.43828;
./datasets/English//english_13;platemaker;0;1.43828;
./datasets/English//english_14;platemaker;0;1.43828;
./datasets/English//english_15;platemaker;0;1.43828;
./datasets/English//english_16;platemaker;0;1.43828;
./datasets/English//english_17;platemaker;0;1.43828;
./datasets/English//english_18;platemaker;0;1.43828;
./datasets/English//english_19;platemaker;0;1.43828;
./datasets/English//english_00;vesicupapular;0;1.36784;
./datasets/English//english_01;vesicupapular;0;1.36784;
./datasets/English//english_02;vesicupapular;0;1.36784;
./datasets/English//english_03;vesicupapular;0;1.36784;
./datasets/English//english_04;vesicupapular;0;1.36784;
./datasets/English//english_05;vesicupapular;0;1.36784;
./datasets/English//english_06;vesicupapular;0;1.36784;
./datasets/English//english_07;vesicupapular;0;1.36784;
./datasets/English//english_08;vesicupapular;0;1.36784;
./datasets/English//english_09;vesicupapular;0;1.36784;
./datasets/English//english_10;vesicupapular;0;1.36784;
./datasets/English//english_11;vesicupapular;0;1.36784;
./datasets/English//english_12;vesicupapular;0;1.36784;
./datasets/English//english_13;vesicupapular;0;1.36784;
./datasets/English//english_14;vesicupapular;0;1.36784;
./datasets/English//english_15;vesicupapular;0;1.36784;
./datasets/English//english_16;vesicupapular;0;1.36784;
./datasets/English//english_17;vesicupapular;0;1.36784;
./datasets/English//english_18;vesicupapular;0;1.36784;
./datasets/English//english_19;vesicupapular;0;1.36784;
./datasets/English//english_00;electroforming;0;1.44836;
./datasets/English//english_01;electroforming;0;1.44836;
./datasets/English//english_02;electroforming;0;1.44836;
./datasets/English//english_03;electroforming;0;1.44836;
./datasets/English//english_04;electroforming;0;1.44836;
./datasets/English//english_05;electroforming;0;1.44836;
./datasets/English//english_06;electroforming;0;1.44836;
./datasets/English//english_07;electroforming;0;1.44836;
./datasets/English//english_08;electroforming;0;1.44836;
./datasets/English//english_09;electroforming;0;1.44836;
./datasets/English//english_10;electroforming;0;1.44836;
./datasets/English//english_11;electroforming;0;1.44836;
./datasets/English//english_12;electroforming;0;1.44836;
./datasets/English//english_13;electroforming;0;1.44836;
./datasets/English//english_14;electroforming;0;1.44836;
./datasets/English//english_15;electroforming;0;1.44836;
./datasets/English//english_16;electroforming;0;1.44836;
./datasets/English//english_17;electroforming;0;1.44836;
./datasets/English//english_18;electroforming;0;1.44836;
./datasets/English//english_19;electroforming;0;1.44836;
./datasets/English//english_00;dilatingly;0;1.58352;
./datasets/English//english_01;dilatingly;0;1.58352;
./datasets/English//english_02;dilatingly;0;1.58352;
./datasets/English//english_03;dilatingly;0;1.58352;
./datasets/English//english_04;dilatingly;0;1.58352;
./datasets/English//english_05;dilatingly;0;1.58352;
./datasets/English//english_06;dilatingly;0;1.58352;
./datasets/English//english_07;dilatingly;0;1.58352;
./datasets/English//english_08;dilatingly;0;1.58352;
./datasets/English//english_09;dilatingly;0;1.58352;
./datasets/English//english_10;dilatingly;0;1.58352;
./datasets/English//english_11;dilatingly;0;1.58352;
./datasets/English//english_12;dilatingly;0;1.58352;
./datasets/English//english_13;dilatingly;0;1.58352;
./datasets/English//english_14;dilatingly;0;1.58352;
./datasets/English//english_15;dilatingly;0;1.58352;
./datasets/English//english_16;dilatingly;0;1.58352;
./datasets/English//english_17;dilatingly;0;1.58352;
./datasets/English//english_18;dilatingly;0;1.58352;
./datasets/English//english_19;dilatingly;0;1.58352;
./datasets/English//english_00;meethelp;0;1.56375;
./datasets/English//english_01;meethelp;0;1.56375;
./datasets/English//english_02;meethelp;0;1.56375;
./datasets/English//english_03;meethelp;0;1.56375;
./datasets/English//english_04;meethelp;0;1.56375;
./datasets/English//english_05;meethelp;0;1.56375;
./datasets/English//english_06;meethelp;0;1.56375;
./datasets/English//english_07;meethelp;0;1.56375;
./datasets/English//english_08;meethelp;0;1.56375;
./datasets/English//english_09;meethelp;0;1.56375;
./datasets/English//english_10;meethelp;0;1.56375;
./datasets/English//english_11;meethelp;0;1.56375;
./datasets/English//english_12;meethelp;0;1.56375;
./datasets/English//english_13;meethelp;0;1.56375;
./datasets/English//english_14;meethelp;0;1.56375;
./datasets/English//english_15;meethelp;0;1.56375;
./datasets/English//english_16;meethelp;0;1.56375;
./datasets/English//english_17;meethelp;0;1.56375;
./datasets/English//english_18;meethelp;0;1.56375;
./datasets/English//english_19;meethelp;0;1.56375;
./datasets/English//english_00;loincloth;0;1.50007;
./datasets/English//english_01;loincloth;0;1.50007;
./datasets/English//english_02;loincloth;0;1.50007;
./datasets/English//english_03;loincloth;0;1.50007;
./datasets/English//english_04;loincloth;0;1.50007;
./datasets/English//english_05;loincloth;0;1.50007;
./datasets/English//english_06;loincloth;0;1.50007;
./datasets/English//english_07;loincloth;0;1.50007;
./datasets/English//english_08;loincloth;0;1.50007;
./datasets/English//english_09;loincloth;0;1.50007;
./datasets/English//english_10;loincloth;0;1.50007;
./datasets/English//english_11;loincloth;0;1.50007;
./datasets/English//english_12;loincloth;0;1.50007;
./datasets/English//english_13;loincloth;0;1.50007;
./datasets/English//english_14;loincloth;0;1.50007;
./datasets/English//english_15;loincloth;0;1.50007;
./datasets/English//english_16;loincloth;0;1.50007;
./datasets/English//english_17;loincloth;0;1.50007;
./datasets/English//english_18;loincloth;0;1.50007;
./datasets/English//english_19;loincloth;0;1.50007;
./datasets/English//english_00;avowably;0;1.48285;
./datasets/English//english_01;avowably;0;1.48285;
./datasets/English//english_02;avowably;0;1.48285;
./datasets/English//english_03;avowably;0;1.48285;
./datasets/English//english_04;avowably;0;1.48285;
./datasets/English//english_05;avowably;0;1.48285;
./datasets/English//english_06;avowably;0;1.48285;
./datasets/English//english_07;avowably;0;1.48285;
./datasets/English//english_08;avowably;0;1.48285;
./datasets/English//english_09;avowably;0;1.48285;
./datasets/English//english_10;avowably;0;1.48285;
./datasets/English//english_11;avowably;0;1.48285;
./datasets/English//english_12;avowably;0;1.48285;
./datasets/English//english_13;avowably;0;1.48285;
./datasets/English//english_14;avowably;0;1.48285;
./datasets/English//english_15;avowably;0;1.48285;
./datasets/English//english_16;avowably;0;1.48285;
./datasets/English//english_17;avowably;0;1.48285;
./datasets/English//english_18;avowably;0;1.48285;
./datasets/English//english_19;avowably;0;1.48285;
./datasets/English//english_00;counterindicate;0;1.38503;
./datasets/English//english_01;counterindicate;0;1.38503;
./datasets/English//english_02;counterindicate;0;1.38503;
./datasets/English//english_03;counterindicate;0;1.38503;
./datasets/English//english_04;counterindicate;0;1.38503;
./datasets/English//english_05;counterindicate;0;1.38503;
./datasets/English//english_06;counterindicate;0;1.38503;
./datasets/English//english_07;counterindicate;0;1.38503;
./datasets/English//english_08;counterindicate;0;1.38503;
./datasets/English//english_09;counterindicate;0;1.38503;
./datasets/English//english_10;counterindicate;0;1.38503;
./datasets/English//english_11;counterindicate;0;1.38503;
./datasets/English//english_12;counterindicate;0;1.38503;
./datasets/English//english_13;counterindicate;0;1.38503;
./datasets/English//english_14;counterindicate;0;1.38503;
./datasets/English//english_15;counterindicate;0;1.38503;
./datasets/English//english_16;counterindicate;0;1.38503;
./datasets/English//english_17;counterindicate;0;1.38503;
./datasets/English//english_18;counterindicate;0;1.38503;
./datasets/English//english_19;counterindicate;0;1.38503;
./datasets/English//english_00;treacliness;0;1.42319;
./datasets/English//english_01;treacliness;0;1.42319;
./datasets/English//english_02;treacliness;0;1.42319;
./datasets/English//english_03;treacliness;0;1.42319;
./datasets/English//english_04;treacliness;0;1.42319;
./datasets/English//english_05;treacliness;0;1.42319;
./datasets/English//english_06;treacliness;0;1.42319;
./datasets/English//english_07;treacliness;0;1.42319;
./datasets/English//english_08;treacliness;0;1.42319;
./datasets/English//english_09;treacliness;0;1.42319;
./datasets/English//english_10;treacliness;0;1.42319;
./datasets/English//english_11;treacliness;0;1.42319;
./datasets/English//english_12;treacliness;0;1.42319;
./datasets/English//english_13;treacliness;0;1.42319;
./datasets/English//english_14;treacliness;0;1.42319;
./datasets/English//english_15;treacliness;0;1.42319;
./datasets/English//english_16;treacliness;0;1.42319;
./datasets/English//english_17;treacliness;0;1.42319;
./datasets/English//english_18;treacliness;0;1.42319;
./datasets/English//english_19;treacliness;0;1.42319;
./datasets/English//english_00;Epigonus;0;1.46996;
./datasets/English//english_01;Epigonus;0;1.46996;
./datasets/English//english_02;Epigonus;0;1.46996;
./datasets/English//english_03;Epigonus;0;1.46996;
./datasets/English//english_04;Epigonus;0;1.46996;
./datasets/English//english_05;Epigonus;0;1.46996;
./datasets/English//english_06;Epigonus;0;1.46996;
./datasets/English//english_07;Epigonus;0;1.46996;
./datasets/English//english_08;Epigonus;0;1.46996;
./datasets/English//english_09;Epigonus;0;1.46996;
./datasets/English//english_10;Epigonus;0;1.46996;
./datasets/English//english_11;Epigonus;0;1.46996;
./datasets/English//english_12;Epigonus;0;1.46996;
./datasets/English//english_13;Epigonus;0;1.46996;
./datasets/English//english_14;Epigonus;0;1.46996;
./datasets/English//english_15;Epigonus;0;1.46996;
./datasets/English//english_16;Epigonus;0;1.46996;
./datasets/English//english_17;Epigonus;0;1.46996;
./datasets/English//english_18;Epigonus;0;1.46996;
./datasets/English//english_19;Epigonus;0;1.46996;
./datasets/English//english_00;airmark;0;1.51608;
./datasets/English//english_01;airmark;0;1.51608;
./datasets/English//english_02;airmark;0;1.51608;
./datasets/English//english_03;airmark;0;1.51608;
./datasets/English//english_04;airmark;0;1.51608;
./datasets/English//english_05;airmark;0;1.51608;
./datasets/English//english_06;airmark;0;1.51608;
./datasets/English//english_07;airmark;0;1.51608;
./datasets/English//english_08;airmark;0;1.51608;
./datasets/English//english_09;airmark;0;1.51608;
./datasets/English//english_10;airmark;0;1.51608;
./datasets/English//english_11;airmark;0;1.51608;
./datasets/English//english_12;airmark;0;1.51608;
./datasets/English//english_13;airmark;0;1.51608;
./datasets/English//english_14;airmark;0;1.51608;
./datasets/English//english_15;airmark;0;1.51608;
./datasets/English//english_16;airmark;0;1.51608;
./datasets/English//english_17;airmark;0;1.51608;
./datasets/English//english_18;airmark;0;1.51608;
./datasets/English//english_19;airmark;0;1.51608;
./datasets/English//english_00;polarography;0;1.43379;
./datasets/English//english_01;polarography;0;1.43379;
./datasets/English//english_02;polarography;0;1.43379;
./datasets/English//english_03;polarography;0;1.43379;
./datasets/English//english_04;polarography;0;1.43379;
./datasets/English//english_05;polarography;0;1.43379;
./datasets/English//english_06;polarography;0;1.43379;
./datasets/English//english_07;polarography;0;1.43379;
./datasets/English//english_08;polarography;0;1.43379;
./datasets/English//english_09;polarography;0;1.43379;
./datasets/English//english_10;polarography;0;1.43379;
./datasets/English//english_11;polarography;0;1.43379;
./datasets/English//english_12;polarography;0;1.43379;
./datasets/English//english_13;polarography;0;1.43379;
./datasets/English//english_14;polarography;0;1.43379;
./datasets/English//english_15;polarography;0;1.43379;
./datasets/English//english_16;polarography;0;1.43379;
./datasets/English//english_17;polarography;0;1.43379;
./datasets/English//english_18;polarography;0;1.43379;
./datasets/English//english_19;polarography;0;1.43379;
./datasets/English//english_00;precomposition;0;1.40414;
./datasets/English//english_01;precomposition;0;1.40414;
./datasets/English//english_02;precomposition;0;1.40414;
./datasets/English//english_03;precomposition;0;1.40414;
./datasets/English//english_04;precomposition;0;1.40414;
./datasets/English//english_05;precomposition;0;1.40414;
./datasets/English//english_06;precomposition;0;1.40414;
./datasets/English//english_07;precomposition;0;1.40414;
./datasets/English//english_08;precomposition;0;1.40414;
./datasets/English//english_09;precomposition;0;1.40414;
./datasets/English//english_10;precomposition;0;1.40414;
./datasets/English//english_11;precomposition;0;1.40414;
./datasets/English//english_12;precomposition;0;1.40414;
./datasets/English//english_13;precomposition;0;1.40414;
./datasets/English//english_14;precomposition;0;1.40414;
./datasets/English//english_15;precomposition;0;1.40414;
./datasets/English//english_16;precomposition;0;1.40414;
./datasets/English//english_17;precomposition;0;1.40414;
./datasets/English//english_18;precomposition;0;1.40414;
./datasets/English//english_19;precomposition;0;1.40414;
./datasets/English//english_00;lemography;0;1.47693;
./datasets/English//english_01;lemography;0;1.47693;
./datasets/English//english_02;lemography;0;1.47693;
./datasets/English//english_03;lemography;0;1.47693;
./datasets/English//english_04;lemography;0;1.47693;
./datasets/English//english_05;lemography;0;1.47693;
./datasets/English//english_06;lemography;0;1.47693;
./datasets/English//english_07;lemography;0;1.47693;
./datasets/English//english_08;lemography;0;1.47693;
./datasets/English//english_09;lemography;0;1.47693;
./datasets/English//english_10;lemography;0;1.47693;
./datasets/English//english_11;lemography;0;1.47693;
./datasets/English//english_12;lemography;0;1.47693;
./datasets/English//english_13;lemography;0;1.47693;
./datasets/English//english_14;lemography;0;1.47693;
./datasets/English//english_15;lemography;0;1.47693;
./datasets/English//english_16;lemography;0;1.47693;
./datasets/English//english_17;lemography;0;1.47693;
./datasets/English//english_18;lemography;0;1.47693;
./datasets/English//english_19;lemography;0;1.47693;
./datasets/English//english_00;Apinage;0;1.56401;
./datasets/English//english_01;Apinage;0;1.56401;
./datasets/English//english_02;Apinage;0;1.56401;
./datasets/English//english_03;Apinage;0;1.56401;
./datasets/English//english_04;Apinage;0;1.56401;
./datasets/English//english_05;Apinage;0;1.56401;
./datasets/English//english_06;Apinage;0;1.56401;
./datasets/English//english_07;Apinage;0;1.56401;
./datasets/English//english_08;Apinage;0;1.56401;
./datasets/English//english_09;Apinage;0;1.56401;
./datasets/English//english_10;Apinage;0;1.56401;
./datasets/English//english_11;Apinage;0;1.56401;
./datasets/English//english_12;Apinage;0;1.56401;
./datasets/English//english_13;Apinage;0;1.56401;
./datasets/English//english_14;Apinage;0;1.56401;
./datasets/English//english_15;Apinage;0;1.56401;
./datasets/English//english_16;Apinage;0;1.56401;
./datasets/English//english_17;Apinage;0;1.56401;
./datasets/English//english_18;Apinage;0;1.56401;
./datasets/English//english_19;Apinage;0;1.56401;
./datasets/English//english_00;Taal;0;1.74804;
./datasets/English//english_01;Taal;0;1.74804;
./datasets/English//english_02;Taal;0;1.74804;
./datasets/English//english_03;Taal;0;1.74804;
./datasets/English//english_04;Taal;0;1.74804;
./datasets/English//english_05;Taal;0;1.74804;
./datasets/English//english_06;Taal;0;1.74804;
./datasets/English//english_07;Taal;0;1.74804;
./datasets/English//english_08;Taal;0;1.74804;
./datasets/English//english_09;Taal;0;1.74804;
./datasets/English//english_10;Taal;0;1.74804;
./datasets/English//english_11;Taal;0;1.74804;
./datasets/English//english_12;Taal;0;1.74804;
./datasets/English//english_13;Taal;0;1.74804;
./datasets/English//english_14;Taal;0;1.74804;
./datasets/English//english_15;Taal;0;1.74804;
./datasets/English//english_16;Taal;0;1.74804;
./datasets/English//english_17;Taal;0;1.74804;
./datasets/English//english_18;Taal;0;1.74804;
./datasets/English//english_19;Taal;0;1.74804;
./datasets/English//english_00;logology;0;1.44009;
./datasets/English//english_01;logology;0;1.44009;
./datasets/English//english_02;logology;0;1.44009;
./datasets/English//english_03;logology;0;1.44009;
./datasets/English//english_04;logology;0;1.44009;
./datasets/English//english_05;logology;0;1.44009;
./datasets/English//english_06;logology;0;1.44009;
./datasets/English//english_07;logology;0;1.44009;
./datasets/English//english_08;logology;0;1.44009;
./datasets/English//english_09;logology;0;1.44009;
./datasets/English//english_10;logology;0;1.44009;
./datasets/English//english_11;logology;0;1.44009;
./datasets/English//english_12;logology;0;1.44009;
./datasets/English//english_13;logology;0;1.44009;
./datasets/English//english_14;logology;0;1.44009;
./datasets/English//english_15;logology;0;1.44009;
./datasets/English//english_16;logology;0;1.44009;
./datasets/English//english_17;logology;0;1.44009;
./datasets/English//english_18;logology;0;1.44009;
./datasets/English//english_19;logology;0;1.44009;
./datasets/English//english_00;probeer;0;1.54815;
./datasets/English//english_01;probeer;0;1.54815;
./datasets/English//english_02;probeer;0;1.54815;
./datasets/English//english_03;probeer;0;1.54815;
./datasets/English//english_04;probeer;0;1.54815;
./datasets/English//english_05;probeer;0;1.54815;
./datasets/English//english_06;probeer;0;1.54815;
./datasets/English//english_07;probeer;0;1.54815;
./datasets/English//english_08;probeer;0;1.54815;
./datasets/English//english_09;probeer;0;1.54815;
./datasets/English//english_10;probeer;0;1.54815;
./datasets/English//english_11;probeer;0;1.54815;
./datasets/English//english_12;probeer;0;1.54815;
./datasets/English//english_13;probeer;0;1.54815;
./datasets/English//english_14;probeer;0;1.54815;
./datasets/English//english_15;probeer;0;1.54815;
./datasets/English//english_16;probeer;0;1.54815;
./datasets/English//english_17;probeer;0;1.54815;
./datasets/English//english_18;probeer;0;1.54815;
./datasets/English//english_19;probeer;0;1.54815;
./datasets/English//english_00;randomization;0;1.4232;
./datasets/English//english_01;randomization;0;1.4232;
./datasets/English//english_02;randomization;0;1.4232;
./datasets/English//english_03;randomization;0;1.4232;
./datasets/English//english_04;randomization;0;1.4232;
./datasets/English//english_05;randomization;0;1.4232;
./datasets/English//english_06;randomization;0;1.4232;
./datasets/English//english_07;randomization;0;1.4232;
./datasets/English//english_08;randomization;0;1.4232;
./datasets/English//english_09;randomization;0;1.4232;
./datasets/English//english_10;randomization;0;1.4232;
./datasets/English//english_11;randomization;0;1.4232;
./datasets/English//english_12;randomization;0;1.4232;
./datasets/English//english_13;randomization;0;1.4232;
./datasets/English//english_14;randomization;0;1.4232;
./datasets/English//english_15;randomization;0;1.4232;
./datasets/English//english_16;randomization;0;1.4232;
./datasets/English//english_17;randomization;0;1.4232;
./datasets/English//english_18;randomization;0;1.4232;
./datasets/English//english_19;randomization;0;1.4232;
./datasets/English//english_00;poditic;0;1.5836;
./datasets/English//english_01;poditic;0;1.5836;
./datasets/English//english_02;poditic;0;1.5836;
./datasets/English//english_03;poditic;0;1.5836;
./datasets/English//english_04;poditic;0;1.5836;
./datasets/English//english_05;poditic;0;1.5836;
./datasets/English//english_06;poditic;0;1.5836;
./datasets/English//english_07;poditic;0;1.5836;
./datasets/English//english_08;poditic;0;1.5836;
./datasets/English//english_09;poditic;0;1.5836;
./datasets/English//english_10;poditic;0;1.5836;
./datasets/English//english_11;poditic;0;1.5836;
./datasets/English//english_12;poditic;0;1.5836;
./datasets/English//english_13;poditic;0;1.5836;
./datasets/English//english_14;poditic;0;1.5836;
./datasets/English//english_15;poditic;0;1.5836;
./datasets/English//english_16;poditic;0;1.5836;
./datasets/English//english_17;poditic;0;1.5836;
./datasets/English//english_18;poditic;0;1.5836;
./datasets/English//english_19;poditic;0;1.5836;
./datasets/English//english_00;individualize;0;1.43878;
./datasets/English//english_01;individualize;0;1.43878;
./datasets/English//english_02;individualize;0;1.43878;
./datasets/English//english_03;individualize;0;1.43878;
./datasets/English//english_04;individualize;2;1.43878;
./datasets/English//english_05;individualize;0;1.43878;
./datasets/English//english_06;individualize;0;1.43878;
./datasets/English//english_07;individualize;1;1.43878;
./datasets/English//english_08;individualize;0;1.43878;
./datasets/English//english_09;individualize;2;1.43878;
./datasets/English//english_10;individualize;0;1.43878;
./datasets/English//english_11;individualize;0;1.43878;
./datasets/English//english_12;individualize;0;1.43878;
./datasets/English//english_13;individualize;0;1.43878;
./datasets/English//english_14;individualize;1;1.43878;
./datasets/English//english_15;individualize;0;1.43878;
./datasets/English//english_16;individualize;0;1.43878;
./datasets/English//english_17;individualize;0;1.43878;
./datasets/English//english_18;individualize;0;1.43878;
./datasets/English//english_19;individualize;0;1.43878;
./datasets/English//english_00;castigate;0;1.48585;
./datasets/English//english_01;castigate;0;1.48585;
./datasets/English//english_02;castigate;0;1.48585;
./datasets/English//english_03;castigate;0;1.48585;
./datasets/English//english_04;castigate;0;1.48585;
./datasets/English//english_05;castigate;0;1.48585;
./datasets/English//english_06;castigate;0;1.48585;
./datasets/English//english_07;castigate;0;1.48585;
./datasets/English//english_08;castigate;0;1.48585;
./datasets/English//english_09;castigate;0;1.48585;
./datasets/English//english_10;castigate;0;1.48585;
./datasets/English//english_11;castigate;0;1.48585;
./datasets/English//english_12;castigate;0;1.48585;
./datasets/English//english_13;castigate;0;1.48585;
./datasets/English//english_14;castigate;0;1.48585;
./datasets/English//english_15;castigate;0;1.48585;
./datasets/English//english_16;castigate;0;1.48585;
./datasets/English//english_17;castigate;1;1.48585;
./datasets/English//english_18;castigate;0;1.48585;
./datasets/English//english_19;castigate;0;1.48585;
./datasets/English//english_00;Biloculina;0;1.48074;
./datasets/English//english_01;Biloculina;0;1.48074;
./datasets/English//english_02;Biloculina;0;1.48074;
./datasets/English//english_03;Biloculina;0;1.48074;
./datasets/English//english_04;Biloculina;0;1.48074;
./datasets/English//english_05;Biloculina;0;1.48074;
./datasets/English//english_06;Biloculina;0;1.48074;
./datasets/English//english_07;Biloculina;0;1.48074;
./datasets/English//english_08;Biloculina;0;1.48074;
./datasets/English//english_09;Biloculina;0;1.48074;
./datasets/English//english_10;Biloculina;0;1.48074;
./datasets/English//english_11;Biloculina;0;1.48074;
./datasets/English//english_12;Biloculina;0;1.48074;
./datasets/English//english_13;Biloculina;0;1.48074;
./datasets/English//english_14;Biloculina;0;1.48074;
./datasets/English//english_15;Biloculina;0;1.48074;
./datasets/English//english_16;Biloculina;0;1.48074;
./datasets/English//english_17;Biloculina;0;1.48074;
./datasets/English//english_18;Biloculina;0;1.48074;
./datasets/English//english_19;Biloculina;0;1.48074;
./datasets/English//english_00;overscrub;0;1.48524;
./datasets/English//english_01;overscrub;0;1.48524;
./datasets/English//english_02;overscrub;0;1.48524;
./datasets/English//english_03;overscrub;0;1.48524;
./datasets/English//english_04;overscrub;0;1.48524;
./datasets/English//english_05;overscrub;0;1.48524;
./datasets/English//english_06;overscrub;0;1.48524;
./datasets/English//english_07;overscrub;0;1.48524;
./datasets/English//english_08;overscrub;0;1.48524;
./datasets/English//english_09;overscrub;0;1.48524;
./datasets/English//english_10;overscrub;0;1.48524;
./datasets/English//english_11;overscrub;0;1.48524;
./datasets/English//english_12;overscrub;0;1.48524;
./datasets/English//english_13;overscrub;0;1.48524;
./datasets/English//english_14;overscrub;0;1.48524;
./datasets/English//english_15;overscrub;0;1.48524;
./datasets/English//english_16;overscrub;0;1.48524;
./datasets/English//english_17;overscrub;0;1.48524;
./datasets/English//english_18;overscrub;0;1.48524;
./datasets/English//english_19;overscrub;0;1.48524;
./datasets/English//english_00;koolah;0;1.59271;
./datasets/English//english_01;koolah;0;1.59271;
./datasets/English//english_02;koolah;0;1.59271;
./datasets/English//english_03;koolah;0;1.59271;
./datasets/English//english_04;koolah;0;1.59271;
./datasets/English//english_05;koolah;0;1.59271;
./datasets/English//english_06;koolah;0;1.59271;
./datasets/English//english_07;koolah;0;1.59271;
./datasets/English//english_08;koolah;0;1.59271;
./datasets/English//english_09;koolah;0;1.59271;
./datasets/English//english_10;koolah;0;1.59271;
./datasets/English//english_11;koolah;0;1.59271;
./datasets/English//english_12;koolah;0;1.59271;
./datasets/English//english_13;koolah;0;1.59271;
./datasets/English//english_14;koolah;0;1.59271;
./datasets/English//english_15;koolah;0;1.59271;
./datasets/English//english_16;koolah;0;1.59271;
./datasets/English//english_17;koolah;0;1.59271;
./datasets/English//english_18;koolah;0;1.59271;
./datasets/English//english_19;koolah;0;1.59271;
./datasets/English//english_00;weetless;0;1.48201;
./datasets/English//english_01;weetless;0;1.48201;
./datasets/English//english_02;weetless;0;1.48201;
./datasets/English//english_03;weetless;0;1.48201;
./datasets/English//english_04;weetless;0;1.48201;
./datasets/English//english_05;weetless;0;1.48201;
./datasets/English//english_06;weetless;0;1.48201;
./datasets/English//english_07;weetless;0;1.48201;
./datasets/English//english_08;weetless;0;1.48201;
./datasets/English//english_09;weetless;0;1.48201;
./datasets/English//english_10;weetless;0;1.48201;
./datasets/English//english_11;weetless;0;1.48201;
./datasets/English//english_12;weetless;0;1.48201;
./datasets/English//english_13;weetless;0;1.48201;
./datasets/English//english_14;weetless;0;1.48201;
./datasets/English//english_15;weetless;0;1.48201;
./datasets/English//english_16;weetless;0;1.48201;
./datasets/English//english_17;weetless;0;1.48201;
./datasets/English//english_18;weetless;0;1.48201;
./datasets/English//english_19;weetless;0;1.48201;
./datasets/English//english_00;erased;3;1.73757;
./datasets/English//english_01;erased;0;1.73757;
./datasets/English//english_02;erased;0;1.73757;
./datasets/English//english_03;erased;0;1.73757;
./datasets/English//english_04;erased;0;1.73757;
./datasets/English//english_05;erased;1;1.73757;
./datasets/English//english_06;erased;0;1.73757;
./datasets/English//english_07;erased;1;1.73757;
./datasets/English//english_08;erased;3;1.73757;
./datasets/English//english_09;erased;10;1.73757;
./datasets/English//english_10;erased;4;1.73757;
./datasets/English//english_11;erased;0;1.73757;
./datasets/English//english_12;erased;0;1.73757;
./datasets/English//english_13;erased;0;1.73757;
./datasets/English//english_14;erased;3;1.73757;
./datasets/English//english_15;erased;0;1.73757;
./datasets/English//english_16;erased;1;1.73757;
./datasets/English//english_17;erased;0;1.73757;
./datasets/English//english_18;erased;16;1.73757;
./datasets/English//english_19;erased;14;1.73757;
./datasets/English//english_00;layery;0;2.01751;
./datasets/English//english_01;layery;0;2.01751;
./datasets/English//english_02;layery;0;2.01751;
./datasets/English//english_03;layery;0;2.01751;
./datasets/English//english_04;layery;0;2.01751;
./datasets/English//english_05;layery;0;2.01751;
./datasets/English//english_06;layery;0;2.01751;
./datasets/English//english_07;layery;0;2.01751;
./datasets/English//english_08;layery;0;2.01751;
./datasets/English//english_09;layery;0;2.01751;
./datasets/English//english_10;layery;0;2.01751;
./datasets/English//english_11;layery;0;2.01751;
./datasets/English//english_12;layery;0;2.01751;
./datasets/English//english_13;layery;0;2.01751;
./datasets/English//english_14;layery;0;2.01751;
./datasets/English//english_15;layery;0;2.01751;
./datasets/English//english_16;layery;0;2.01751;
./datasets/English//english_17;layery;0;2.01751;
./datasets/English//english_18;layery;0;2.01751;
./datasets/English//english_19;layery;0;2.01751;
./datasets/English//english_00;discontinuee;0;1.53454;
./datasets/English//english_01;discontinuee;0;1.53454;
./datasets/English//english_02;discontinuee;0;1.53454;
./datasets/English//english_03;discontinuee;0;1.53454;
./datasets/English//english_04;discontinuee;0;1.53454;
./datasets/English//english_05;discontinuee;0;1.53454;
./datasets/English//english_06;discontinuee;0;1.53454;
./datasets/English//english_07;discontinuee;0;1.53454;
./datasets/English//english_08;discontinuee;0;1.53454;
./datasets/English//english_09;discontinuee;0;1.53454;
./datasets/English//english_10;discontinuee;0;1.53454;
./datasets/English//english_11;discontinuee;0;1.53454;
./datasets/English//english_12;discontinuee;0;1.53454;
./datasets/English//english_13;discontinuee;0;1.53454;
./datasets/English//english_14;discontinuee;0;1.53454;
./datasets/English//english_15;discontinuee;0;1.53454;
./datasets/English//english_16;discontinuee;0;1.53454;
./datasets/English//english_17;discontinuee;0;1.53454;
./datasets/English//english_18;discontinuee;0;1.53454;
./datasets/English//english_19;discontinuee;0;1.53454;
./datasets/English//english_00;anaphylatoxin;0;1.43668;
./datasets/English//english_01;anaphylatoxin;0;1.43668;
./datasets/English//english_02;anaphylatoxin;0;1.43668;
./datasets/English//english_03;anaphylatoxin;0;1.43668;
./datasets/English//english_04;anaphylatoxin;0;1.43668;
./datasets/English//english_05;anaphylatoxin;0;1.43668;
./datasets/English//english_06;anaphylatoxin;0;1.43668;
./datasets/English//english_07;anaphylatoxin;0;1.43668;
./datasets/English//english_08;anaphylatoxin;0;1.43668;
./datasets/English//english_09;anaphylatoxin;0;1.43668;
./datasets/English//english_10;anaphylatoxin;0;1.43668;
./datasets/English//english_11;anaphylatoxin;0;1.43668;
./datasets/English//english_12;anaphylatoxin;0;1.43668;
./datasets/English//english_13;anaphylatoxin;0;1.43668;
./datasets/English//english_14;anaphylatoxin;0;1.43668;
./datasets/English//english_15;anaphylatoxin;0;1.43668;
./datasets/English//english_16;anaphylatoxin;0;1.43668;
./datasets/English//english_17;anaphylatoxin;0;1.43668;
./datasets/English//english_18;anaphylatoxin;0;1.43668;
./datasets/English//english_19;anaphylatoxin;0;1.43668;
./datasets/English//english_00;unwounded;0;1.51702;
./datasets/English//english_01;unwounded;0;1.51702;
./datasets/English//english_02;unwounded;0;1.51702;
./datasets/English//english_03;unwounded;0;1.51702;
./datasets/English//english_04;unwounded;0;1.51702;
./datasets/English//english_05;unwounded;0;1.51702;
./datasets/English//english_06;unwounded;2;1.51702;
./datasets/English//english_07;unwounded;0;1.51702;
./datasets/English//english_08;unwounded;0;1.51702;
./datasets/English//english_09;unwounded;0;1.51702;
./datasets/English//english_10;unwounded;1;1.51702;
./datasets/English//english_11;unwounded;0;1.51702;
./datasets/English//english_12;unwounded;5;1.51702;
./datasets/English//english_13;unwounded;5;1.51702;
./datasets/English//english_14;unwounded;0;1.51702;
./datasets/English//english_15;unwounded;0;1.51702;
./datasets/English//english_16;unwounded;1;1.51702;
./datasets/English//english_17;unwounded;0;1.51702;
./datasets/English//english_18;unwounded;2;1.51702;
./datasets/English//english_19;unwounded;0;1.51702;
./datasets/English//english_00;personalism;0;1.40879;
./datasets/English//english_01;personalism;0;1.40879;
./datasets/English//english_02;personalism;0;1.40879;
./datasets/English//english_03;personalism;0;1.40879;
./datasets/English//english_04;personalism;0;1.40879;
./datasets/English//english_05;personalism;0;1.40879;
./datasets/English//english_06;personalism;0;1.40879;
./datasets/English//english_07;personalism;0;1.40879;
./datasets/English//english_08;personalism;0;1.40879;
./datasets/English//english_09;personalism;0;1.40879;
./datasets/English//english_10;personalism;0;1.40879;
./datasets/English//english_11;personalism;0;1.40879;
./datasets/English//english_12;personalism;0;1.40879;
./datasets/English//english_13;personalism;0;1.40879;
./datasets/English//english_14;personalism;0;1.40879;
./datasets/English//english_15;personalism;0;1.40879;
./datasets/English//english_16;personalism;0;1.40879;
./datasets/English//english_17;personalism;0;1.40879;
./datasets/English//english_18;personalism;0;1.40879;
./datasets/English//english_19;personalism;0;1.40879;
./datasets/English//english_00;howitzer;0;1.65377;
./datasets/English//english_01;howitzer;0;1.65377;
./datasets/English//english_02;howitzer;0;1.65377;
./datasets/English//english_03;howitzer;0;1.65377;
./datasets/English//english_04;howitzer;0;1.65377;
./datasets/English//english_05;howitzer;0;1.65377;
./datasets/English//english_06;howitzer;0;1.65377;
./datasets/English//english_07;howitzer;0;1.65377;
./datasets/English//english_08;howitzer;0;1.65377;
./datasets/English//english_09;howitzer;0;1.65377;
./datasets/English//english_10;howitzer;0;1.65377;
./datasets/English//english_11;howitzer;8;1.65377;
./datasets/English//english_12;howitzer;30;1.65377;
./datasets/English//english_13;howitzer;0;1.65377;
./datasets/English//english_14;howitzer;0;1.65377;
./datasets/English//english_15;howitzer;0;1.65377;
./datasets/English//english_16;howitzer;0;1.65377;
./datasets/English//english_17;howitzer;0;1.65377;
./datasets/English//english_18;howitzer;7;1.65377;
./datasets/English//english_19;howitzer;0;1.65377;
./datasets/English//english_00;hexahydroxy;0;1.55134;
./datasets/English//english_01;hexahydroxy;0;1.55134;
./datasets/English//english_02;hexahydroxy;0;1.55134;
./datasets/English//english_03;hexahydroxy;0;1.55134;
./datasets/English//english_04;hexahydroxy;0;1.55134;
./datasets/English//english_05;hexahydroxy;0;1.55134;
./datasets/English//english_06;hexahydroxy;0;1.55134;
./datasets/English//english_07;hexahydroxy;0;1.55134;
./datasets/English//english_08;hexahydroxy;0;1.55134;
./datasets/English//english_09;hexahydroxy;0;1.55134;
./datasets/English//english_10;hexahydroxy;0;1.55134;
./datasets/English//english_11;hexahydroxy;0;1.55134;
./datasets/English//english_12;hexahydroxy;0;1.55134;
./datasets/English//english_13;hexahydroxy;0;1.55134;
./datasets/English//english_14;hexahydroxy;0;1.55134;
./datasets/English//english_15;hexahydroxy;0;1.55134;
./datasets/English//english_16;hexahydroxy;0;1.55134;
./datasets/English//english_17;hexahydroxy;0;1.55134;
./datasets/English//english_18;hexahydroxy;0;1.55134;
./datasets/English//english_19;hexahydroxy;0;1.55134;
./datasets/English//english_00;koku;0;1.74387;
./datasets/English//english_01;koku;0;1.74387;
./datasets/English//english_02;koku;0;1.74387;
./datasets/English//english_03;koku;0;1.74387;
./datasets/English//english_04;koku;0;1.74387;
./datasets/English//english_05;koku;0;1.74387;
./datasets/English//english_06;koku;0;1.74387;
./datasets/English//english_07;koku;0;1.74387;
./datasets/English//english_08;koku;0;1.74387;
./datasets/English//english_09;koku;0;1.74387;
./datasets/English//english_10;koku;0;1.74387;
./datasets/English//english_11;koku;0;1.74387;
./datasets/English//english_12;koku;2;1.74387;
./datasets/English//english_13;koku;0;1.74387;
./datasets/English//english_14;koku;0;1.74387;
./datasets/English//english_15;koku;0;1.74387;
./datasets/English//english_16;koku;0;1.74387;
./datasets/English//english_17;koku;0;1.74387;
./datasets/English//english_18;koku;0;1.74387;
./datasets/English//english_19;koku;0;1.74387;
./datasets/English//english_00;reamer;4;1.61993;
./datasets/English//english_01;reamer;1;1.61993;
./datasets/English//english_02;reamer;3;1.61993;
./datasets/English//english_03;reamer;4;1.61993;
./datasets/English//english_04;reamer;4;1.61993;
./datasets/English//english_05;reamer;2;1.61993;
./datasets/English//english_06;reamer;3;1.61993;
./datasets/English//english_07;reamer;9;1.61993;
./datasets/English//english_08;reamer;14;1.61993;
./datasets/English//english_09;reamer;3;1.61993;
./datasets/English//english_10;reamer;4;1.61993;
./datasets/English//english_11;reamer;5;1.61993;
./datasets/English//english_12;reamer;2;1.61993;
./datasets/English//english_13;reamer;3;1.61993;
./datasets/English//english_14;reamer;2;1.61993;
./datasets/English//english_15;reamer;3;1.61993;
./datasets/English//english_16;reamer;11;1.61993;
./datasets/English//english_17;reamer;6;1.61993;
./datasets/English//english_18;reamer;6;1.61993;
./datasets/English//english_19;reamer;6;1.61993;
./datasets/English//english_00;tonguiness;0;1.42842;
./datasets/English//english_01;tonguiness;0;1.42842;
./datasets/English//english_02;tonguiness;0;1.42842;
./datasets/English//english_03;tonguiness;0;1.42842;
./datasets/English//english_04;tonguiness;0;1.42842;
./datasets/English//english_05;tonguiness;0;1.42842;
./datasets/English//english_06;tonguiness;0;1.42842;
./datasets/English//english_07;tonguiness;0;1.42842;
./datasets/English//english_08;tonguiness;0;1.42842;
./datasets/English//english_09;tonguiness;0;1.42842;
./datasets/English//english_10;tonguiness;0;1.42842;
./datasets/English//english_11;tonguiness;0;1.42842;
./datasets/English//english_12;tonguiness;0;1.42842;
./datasets/English//english_13;tonguiness;0;1.42842;
./datasets/English//english_14;tonguiness;0;1.42842;
./datasets/English//english_15;tonguiness;0;1.42842;
./datasets/English//english_16;tonguiness;0;1.42842;
./datasets/English//english_17;tonguiness;0;1.42842;
./datasets/English//english_18;tonguiness;0;1.42842;
./datasets/English//english_19;tonguiness;0;1.42842;
./datasets/English//english_00;microgametocyte;0;1.36658;
./datasets/English//english_01;microgametocyte;0;1.36658;
./datasets/English//english_02;microgametocyte;0;1.36658;
./datasets/English//english_03;microgametocyte;0;1.36658;
./datasets/English//english_04;microgametocyte;0;1.36658;
./datasets/English//english_05;microgametocyte;0;1.36658;
./datasets/English//english_06;microgametocyte;0;1.36658;
./datasets/English//english_07;microgametocyte;0;1.36658;
./datasets/English//english_08;microgametocyte;0;1.36658;
./datasets/English//english_09;microgametocyte;0;1.36658;
./datasets/English//english_10;microgametocyte;0;1.36658;
./datasets/English//english_11;microgametocyte;0;1.36658;
./datasets/English//english_12;microgametocyte;0;1.36658;
./datasets/English//english_13;microgametocyte;0;1.36658;
./datasets/English//english_14;microgametocyte;0;1.36658;
./datasets/English//english_15;microgametocyte;0;1.36658;
./datasets/English//english_16;microgametocyte;0;1.36658;
./datasets/English//english_17;microgametocyte;0;1.36658;
./datasets/English//english_18;microgametocyte;0;1.36658;
./datasets/English//english_19;microgametocyte;0;1.36658;
./datasets/English//english_00;baba;0;1.73796;
./datasets/English//english_01;baba;0;1.73796;
./datasets/English//english_02;baba;0;1.73796;
./datasets/English//english_03;baba;2;1.73796;
./datasets/English//english_04;baba;2;1.73796;
./datasets/English//english_05;baba;0;1.73796;
./datasets/English//english_06;baba;0;1.73796;
./datasets/English//english_07;baba;0;1.73796;
./datasets/English//english_08;baba;0;1.73796;
./datasets/English//english_09;baba;0;1.73796;
./datasets/English//english_10;baba;1;1.73796;
./datasets/English//english_11;baba;0;1.73796;
./datasets/English//english_12;baba;1;1.73796;
./datasets/English//english_13;baba;0;1.73796;
./datasets/English//english_14;baba;1;1.73796;
./datasets/English//english_15;baba;0;1.73796;
./datasets/English//english_16;baba;0;1.73796;
./datasets/English//english_17;baba;0;1.73796;
./datasets/English//english_18;baba;0;1.73796;
./datasets/English//english_19;baba;0;1.73796;
./datasets/English//english_00;ludefisk;0;1.49629;
./datasets/English//english_01;ludefisk;0;1.49629;
./datasets/English//english_02;ludefisk;0;1.49629;
./datasets/English//english_03;ludefisk;0;1.49629;
./datasets/English//english_04;ludefisk;0;1.49629;
./datasets/English//english_05;ludefisk;0;1.49629;
./datasets/English//english_06;ludefisk;0;1.49629;
./datasets/English//english_07;ludefisk;0;1.49629;
./datasets/English//english_08;ludefisk;0;1.49629;
./datasets/English//english_09;ludefisk;0;1.49629;
./datasets/English//english_10;ludefisk;0;1.49629;
./datasets/English//english_11;ludefisk;0;1.49629;
./datasets/English//english_12;ludefisk;0;1.49629;
./datasets/English//english_13;ludefisk;0;1.49629;
./datasets/English//english_14;ludefisk;0;1.49629;
./datasets/English//english_15;ludefisk;0;1.49629;
./datasets/English//english_16;ludefisk;0;1.49629;
./datasets/English//english_17;ludefisk;0;1.49629;
./datasets/English//english_18;ludefisk;0;1.49629;
./datasets/English//english_19;ludefisk;0;1.49629;
