./datasets/English//english_00;resink;0;2.22974;
./datasets/English//english_01;resink;1;2.22974;
./datasets/English//english_02;resink;0;2.22974;
./datasets/English//english_03;resink;0;2.22974;
./datasets/English//english_04;resink;0;2.22974;
./datasets/English//english_05;resink;0;2.22974;
./datasets/English//english_06;resink;0;2.22974;
./datasets/English//english_07;resink;0;2.22974;
./datasets/English//english_08;resink;0;2.22974;
./datasets/English//english_09;resink;0;2.22974;
./datasets/English//english_10;resink;0;2.22974;
./datasets/English//english_11;resink;0;2.22974;
./datasets/English//english_12;resink;0;2.22974;
./datasets/English//english_13;resink;0;2.22974;
./datasets/English//english_14;resink;0;2.22974;
./datasets/English//english_15;resink;0;2.22974;
./datasets/English//english_16;resink;0;2.22974;
./datasets/English//english_17;resink;0;2.22974;
./datasets/English//english_18;resink;0;2.22974;
./datasets/English//english_19;resink;0;2.22974;
./datasets/English//english_20;resink;0;2.22974;
./datasets/English//english_21;resink;0;2.22974;
./datasets/English//english_22;resink;0;2.22974;
./datasets/English//english_23;resink;0;2.22974;
./datasets/English//english_24;resink;0;2.22974;
./datasets/English//english_25;resink;0;2.22974;
./datasets/English//english_26;resink;0;2.22974;
./datasets/English//english_27;resink;0;2.22974;
./datasets/English//english_28;resink;0;2.22974;
./datasets/English//english_29;resink;0;2.22974;
./datasets/English//english_30;resink;0;2.22974;
./datasets/English//english_31;resink;0;2.22974;
./datasets/English//english_32;resink;0;2.22974;
./datasets/English//english_33;resink;0;2.22974;
./datasets/English//english_34;resink;0;2.22974;
./datasets/English//english_35;resink;0;2.22974;
./datasets/English//english_36;resink;0;2.22974;
./datasets/English//english_37;resink;0;2.22974;
./datasets/English//english_38;resink;0;2.22974;
./datasets/English//english_39;resink;0;2.22974;
./datasets/English//english_00;transversomedial;0;2.60918;
./datasets/English//english_01;transversomedial;0;2.60918;
./datasets/English//english_02;transversomedial;0;2.60918;
./datasets/English//english_03;transversomedial;0;2.60918;
./datasets/English//english_04;transversomedial;0;2.60918;
./datasets/English//english_05;transversomedial;0;2.60918;
./datasets/English//english_06;transversomedial;0;2.60918;
./datasets/English//english_07;transversomedial;0;2.60918;
./datasets/English//english_08;transversomedial;0;2.60918;
./datasets/English//english_09;transversomedial;0;2.60918;
./datasets/English//english_10;transversomedial;0;2.60918;
./datasets/English//english_11;transversomedial;0;2.60918;
./datasets/English//english_12;transversomedial;0;2.60918;
./datasets/English//english_13;transversomedial;0;2.60918;
./datasets/English//english_14;transversomedial;0;2.60918;
./datasets/English//english_15;transversomedial;0;2.60918;
./datasets/English//english_16;transversomedial;0;2.60918;
./datasets/English//english_17;transversomedial;0;2.60918;
./datasets/English//english_18;transversomedial;0;2.60918;
./datasets/English//english_19;transversomedial;0;2.60918;
./datasets/English//english_20;transversomedial;0;2.60918;
./datasets/English//english_21;transversomedial;0;2.60918;
./datasets/English//english_22;transversomedial;0;2.60918;
./datasets/English//english_23;transversomedial;0;2.60918;
./datasets/English//english_24;transversomedial;0;2.60918;
./datasets/English//english_25;transversomedial;0;2.60918;
./datasets/English//english_26;transversomedial;0;2.60918;
./datasets/English//english_27;transversomedial;0;2.60918;
./datasets/English//english_28;transversomedial;0;2.60918;
./datasets/English//english_29;transversomedial;0;2.60918;
./datasets/English//english_30;transversomedial;0;2.60918;
./datasets/English//english_31;transversomedial;0;2.60918;
./datasets/English//english_32;transversomedial;0;2.60918;
./datasets/English//english_33;transversomedial;0;2.60918;
./datasets/English//english_34;transversomedial;0;2.60918;
./datasets/English//english_35;transversomedial;0;2.60918;
./datasets/English//english_36;transversomedial;0;2.60918;
./datasets/English//english_37;transversomedial;0;2.60918;
./datasets/English//english_38;transversomedial;0;2.60918;
./datasets/English//english_39;transversomedial;0;2.60918;
./datasets/English//english_00;pharyngopathy;0;2.62299;
./datasets/English//english_01;pharyngopathy;0;2.62299;
./datasets/English//english_02;pharyngopathy;0;2.62299;
./datasets/English//english_03;pharyngopathy;0;2.62299;
./datasets/English//english_04;pharyngopathy;0;2.62299;
./datasets/English//english_05;pharyngopathy;0;2.62299;
./datasets/English//english_06;pharyngopathy;0;2.62299;
./datasets/English//english_07;pharyngopathy;0;2.62299;
./datasets/English//english_08;pharyngopathy;0;2.62299;
./datasets/English//english_09;pharyngopathy;0;2.62299;
./datasets/English//english_10;pharyngopathy;0;2.62299;
./datasets/English//english_11;pharyngopathy;0;2.62299;
./datasets/English//english_12;pharyngopathy;0;2.62299;
./datasets/English//english_13;pharyngopathy;0;2.62299;
./datasets/English//english_14;pharyngopathy;0;2.62299;
./datasets/English//english_15;pharyngopathy;0;2.62299;
./datasets/English//english_16;pharyngopathy;0;2.62299;
./datasets/English//english_17;pharyngopathy;0;2.62299;
./datasets/English//english_18;pharyngopathy;0;2.62299;
./datasets/English//english_19;pharyngopathy;0;2.62299;
./datasets/English//english_20;pharyngopathy;0;2.62299;
./datasets/English//english_21;pharyngopathy;0;2.62299;
./datasets/English//english_22;pharyngopathy;0;2.62299;
./datasets/English//english_23;pharyngopathy;0;2.62299;
./datasets/English//english_24;pharyngopathy;0;2.62299;
./datasets/English//english_25;pharyngopathy;0;2.62299;
./datasets/English//english_26;pharyngopathy;0;2.62299;
./datasets/English//english_27;pharyngopathy;0;2.62299;
./datasets/English//english_28;pharyngopathy;0;2.62299;
./datasets/English//english_29;pharyngopathy;0;2.62299;
./datasets/English//english_30;pharyngopathy;0;2.62299;
./datasets/English//english_31;pharyngopathy;0;2.62299;
./datasets/English//english_32;pharyngopathy;0;2.62299;
./datasets/English//english_33;pharyngopathy;0;2.62299;
./datasets/English//english_34;pharyngopathy;0;2.62299;
./datasets/English//english_35;pharyngopathy;0;2.62299;
./datasets/English//english_36;pharyngopathy;0;2.62299;
./datasets/English//english_37;pharyngopathy;0;2.62299;
./datasets/English//english_38;pharyngopathy;0;2.62299;
./datasets/English//english_39;pharyngopathy;0;2.62299;
./datasets/English//english_00;postmineral;0;2.74903;
./datasets/English//english_01;postmineral;0;2.74903;
./datasets/English//english_02;postmineral;0;2.74903;
./datasets/English//english_03;postmineral;0;2.74903;
./datasets/English//english_04;postmineral;0;2.74903;
./datasets/English//english_05;postmineral;0;2.74903;
./datasets/English//english_06;postmineral;0;2.74903;
./datasets/English//english_07;postmineral;0;2.74903;
./datasets/English//english_08;postmineral;0;2.74903;
./datasets/English//english_09;postmineral;0;2.74903;
./datasets/English//english_10;postmineral;0;2.74903;
./datasets/English//english_11;postmineral;0;2.74903;
./datasets/English//english_12;postmineral;0;2.74903;
./datasets/English//english_13;postmineral;0;2.74903;
./datasets/English//english_14;postmineral;0;2.74903;
./datasets/English//english_15;postmineral;0;2.74903;
./datasets/English//english_16;postmineral;0;2.74903;
./datasets/English//english_17;postmineral;0;2.74903;
./datasets/English//english_18;postmineral;0;2.74903;
./datasets/English//english_19;postmineral;0;2.74903;
./datasets/English//english_20;postmineral;0;2.74903;
./datasets/English//english_21;postmineral;0;2.74903;
./datasets/English//english_22;postmineral;0;2.74903;
./datasets/English//english_23;postmineral;0;2.74903;
./datasets/English//english_24;postmineral;0;2.74903;
./datasets/English//english_25;postmineral;0;2.74903;
./datasets/English//english_26;postmineral;0;2.74903;
./datasets/English//english_27;postmineral;0;2.74903;
./datasets/English//english_28;postmineral;0;2.74903;
./datasets/English//english_29;postmineral;0;2.74903;
./datasets/English//english_30;postmineral;0;2.74903;
./datasets/English//english_31;postmineral;0;2.74903;
./datasets/English//english_32;postmineral;0;2.74903;
./datasets/English//english_33;postmineral;0;2.74903;
./datasets/English//english_34;postmineral;0;2.74903;
./datasets/English//english_35;postmineral;0;2.74903;
./datasets/English//english_36;postmineral;0;2.74903;
./datasets/English//english_37;postmineral;0;2.74903;
./datasets/English//english_38;postmineral;0;2.74903;
./datasets/English//english_39;postmineral;0;2.74903;
./datasets/English//english_00;myelosyphilis;0;2.59997;
./datasets/English//english_01;myelosyphilis;0;2.59997;
./datasets/English//english_02;myelosyphilis;0;2.59997;
./datasets/English//english_03;myelosyphilis;0;2.59997;
./datasets/English//english_04;myelosyphilis;0;2.59997;
./datasets/English//english_05;myelosyphilis;0;2.59997;
./datasets/English//english_06;myelosyphilis;0;2.59997;
./datasets/English//english_07;myelosyphilis;0;2.59997;
./datasets/English//english_08;myelosyphilis;0;2.59997;
./datasets/English//english_09;myelosyphilis;0;2.59997;
./datasets/English//english_10;myelosyphilis;0;2.59997;
./datasets/English//english_11;myelosyphilis;0;2.59997;
./datasets/English//english_12;myelosyphilis;0;2.59997;
./datasets/English//english_13;myelosyphilis;0;2.59997;
./datasets/English//english_14;myelosyphilis;0;2.59997;
./datasets/English//english_15;myelosyphilis;0;2.59997;
./datasets/English//english_16;myelosyphilis;0;2.59997;
./datasets/English//english_17;myelosyphilis;0;2.59997;
./datasets/English//english_18;myelosyphilis;0;2.59997;
./datasets/English//english_19;myelosyphilis;0;2.59997;
./datasets/English//english_20;myelosyphilis;0;2.59997;
./datasets/English//english_21;myelosyphilis;0;2.59997;
./datasets/English//english_22;myelosyphilis;0;2.59997;
./datasets/English//english_23;myelosyphilis;0;2.59997;
./datasets/English//english_24;myelosyphilis;0;2.59997;
./datasets/English//english_25;myelosyphilis;0;2.59997;
./datasets/English//english_26;myelosyphilis;0;2.59997;
./datasets/English//english_27;myelosyphilis;0;2.59997;
./datasets/English//english_28;myelosyphilis;0;2.59997;
./datasets/English//english_29;myelosyphilis;0;2.59997;
./datasets/English//english_30;myelosyphilis;0;2.59997;
./datasets/English//english_31;myelosyphilis;0;2.59997;
./datasets/English//english_32;myelosyphilis;0;2.59997;
./datasets/English//english_33;myelosyphilis;0;2.59997;
./datasets/English//english_34;myelosyphilis;0;2.59997;
./datasets/English//english_35;myelosyphilis;0;2.59997;
./datasets/English//english_36;myelosyphilis;0;2.59997;
./datasets/English//english_37;myelosyphilis;0;2.59997;
./datasets/English//english_38;myelosyphilis;0;2.59997;
./datasets/English//english_39;myelosyphilis;0;2.59997;
./datasets/English//english_00;silverer;0;2.98405;
./datasets/English//english_01;silverer;0;2.98405;
./datasets/English//english_02;silverer;0;2.98405;
./datasets/English//english_03;silverer;0;2.98405;
./datasets/English//english_04;silverer;0;2.98405;
./datasets/English//english_05;silverer;0;2.98405;
./datasets/English//english_06;silverer;0;2.98405;
./datasets/English//english_07;silverer;0;2.98405;
./datasets/English//english_08;silverer;0;2.98405;
./datasets/English//english_09;silverer;0;2.98405;
./datasets/English//english_10;silverer;0;2.98405;
./datasets/English//english_11;silverer;0;2.98405;
./datasets/English//english_12;silverer;0;2.98405;
./datasets/English//english_13;silverer;0;2.98405;
./datasets/English//english_14;silverer;0;2.98405;
./datasets/English//english_15;silverer;0;2.98405;
./datasets/English//english_16;silverer;0;2.98405;
./datasets/English//english_17;silverer;0;2.98405;
./datasets/English//english_18;silverer;0;2.98405;
./datasets/English//english_19;silverer;0;2.98405;
./datasets/English//english_20;silverer;0;2.98405;
./datasets/English//english_21;silverer;0;2.98405;
./datasets/English//english_22;silverer;0;2.98405;
./datasets/English//english_23;silverer;0;2.98405;
./datasets/English//english_24;silverer;0;2.98405;
./datasets/English//english_25;silverer;0;2.98405;
./datasets/English//english_26;silverer;0;2.98405;
./datasets/English//english_27;silverer;0;2.98405;
./datasets/English//english_28;silverer;0;2.98405;
./datasets/English//english_29;silverer;0;2.98405;
./datasets/English//english_30;silverer;0;2.98405;
./datasets/English//english_31;silverer;0;2.98405;
./datasets/English//english_32;silverer;0;2.98405;
./datasets/English//english_33;silverer;0;2.98405;
./datasets/English//english_34;silverer;0;2.98405;
./datasets/English//english_35;silverer;0;2.98405;
./datasets/English//english_36;silverer;0;2.98405;
./datasets/English//english_37;silverer;0;2.98405;
./datasets/English//english_38;silverer;0;2.98405;
./datasets/English//english_39;silverer;0;2.98405;
./datasets/English//english_00;evincement;0;2.753;
./datasets/English//english_01;evincement;0;2.753;
./datasets/English//english_02;evincement;0;2.753;
./datasets/English//english_03;evincement;0;2.753;
./datasets/English//english_04;evincement;0;2.753;
./datasets/English//english_05;evincement;0;2.753;
./datasets/English//english_06;evincement;0;2.753;
./datasets/English//english_07;evincement;0;2.753;
./datasets/English//english_08;evincement;0;2.753;
./datasets/English//english_09;evincement;0;2.753;
./datasets/English//english_10;evincement;0;2.753;
./datasets/English//english_11;evincement;0;2.753;
./datasets/English//english_12;evincement;0;2.753;
./datasets/English//english_13;evincement;0;2.753;
./datasets/English//english_14;evincement;0;2.753;
./datasets/English//english_15;evincement;0;2.753;
./datasets/English//english_16;evincement;0;2.753;
./datasets/English//english_17;evincement;0;2.753;
./datasets/English//english_18;evincement;0;2.753;
./datasets/English//english_19;evincement;0;2.753;
./datasets/English//english_20;evincement;0;2.753;
./datasets/English//english_21;evincement;0;2.753;
./datasets/English//english_22;evincement;0;2.753;
./datasets/English//english_23;evincement;0;2.753;
./datasets/English//english_24;evincement;0;2.753;
./datasets/English//english_25;evincement;0;2.753;
./datasets/English//english_26;evincement;0;2.753;
./datasets/English//english_27;evincement;0;2.753;
./datasets/English//english_28;evincement;0;2.753;
./datasets/English//english_29;evincement;0;2.753;
./datasets/English//english_30;evincement;0;2.753;
./datasets/English//english_31;evincement;0;2.753;
./datasets/English//english_32;evincement;0;2.753;
./datasets/English//english_33;evincement;0;2.753;
./datasets/English//english_34;evincement;0;2.753;
./datasets/English//english_35;evincement;0;2.753;
./datasets/English//english_36;evincement;0;2.753;
./datasets/English//english_37;evincement;0;2.753;
./datasets/English//english_38;evincement;0;2.753;
./datasets/English//english_39;evincement;0;2.753;
./datasets/English//english_00;phrygium;0;2.77181;
./datasets/English//english_01;phrygium;0;2.77181;
./datasets/English//english_02;phrygium;0;2.77181;
./datasets/English//english_03;phrygium;0;2.77181;
./datasets/English//english_04;phrygium;0;2.77181;
./datasets/English//english_05;phrygium;0;2.77181;
./datasets/English//english_06;phrygium;0;2.77181;
./datasets/English//english_07;phrygium;0;2.77181;
./datasets/English//english_08;phrygium;0;2.77181;
./datasets/English//english_09;phrygium;0;2.77181;
./datasets/English//english_10;phrygium;0;2.77181;
./datasets/English//english_11;phrygium;0;2.77181;
./datasets/English//english_12;phrygium;0;2.77181;
./datasets/English//english_13;phrygium;0;2.77181;
./datasets/English//english_14;phrygium;0;2.77181;
./datasets/English//english_15;phrygium;0;2.77181;
./datasets/English//english_16;phrygium;0;2.77181;
./datasets/English//english_17;phrygium;0;2.77181;
./datasets/English//english_18;phrygium;0;2.77181;
./datasets/English//english_19;phrygium;0;2.77181;
./datasets/English//english_20;phrygium;0;2.77181;
./datasets/English//english_21;phrygium;0;2.77181;
./datasets/English//english_22;phrygium;0;2.77181;
./datasets/English//english_23;phrygium;0;2.77181;
./datasets/English//english_24;phrygium;0;2.77181;
./datasets/English//english_25;phrygium;0;2.77181;
./datasets/English//english_26;phrygium;0;2.77181;
./datasets/English//english_27;phrygium;0;2.77181;
./datasets/English//english_28;phrygium;0;2.77181;
./datasets/English//english_29;phrygium;0;2.77181;
./datasets/English//english_30;phrygium;0;2.77181;
./datasets/English//english_31;phrygium;0;2.77181;
./datasets/English//english_32;phrygium;0;2.77181;
./datasets/English//english_33;phrygium;0;2.77181;
./datasets/English//english_34;phrygium;0;2.77181;
./datasets/English//english_35;phrygium;0;2.77181;
./datasets/English//english_36;phrygium;0;2.77181;
./datasets/English//english_37;phrygium;0;2.77181;
./datasets/English//english_38;phrygium;0;2.77181;
./datasets/English//english_39;phrygium;0;2.77181;
./datasets/English//english_00;punnigram;0;2.75918;
./datasets/English//english_01;punnigram;0;2.75918;
./datasets/English//english_02;punnigram;0;2.75918;
./datasets/English//english_03;punnigram;0;2.75918;
./datasets/English//english_04;punnigram;0;2.75918;
./datasets/English//english_05;punnigram;0;2.75918;
./datasets/English//english_06;punnigram;0;2.75918;
./datasets/English//english_07;punnigram;0;2.75918;
./datasets/English//english_08;punnigram;0;2.75918;
./datasets/English//english_09;punnigram;0;2.75918;
./datasets/English//english_10;punnigram;0;2.75918;
./datasets/English//english_11;punnigram;0;2.75918;
./datasets/English//english_12;punnigram;0;2.75918;
./datasets/English//english_13;punnigram;0;2.75918;
./datasets/English//english_14;punnigram;0;2.75918;
./datasets/English//english_15;punnigram;0;2.75918;
./datasets/English//english_16;punnigram;0;2.75918;
./datasets/English//english_17;punnigram;0;2.75918;
./datasets/English//english_18;punnigram;0;2.75918;
./datasets/English//english_19;punnigram;0;2.75918;
./datasets/English//english_20;punnigram;0;2.75918;
./datasets/English//english_21;punnigram;0;2.75918;
./datasets/English//english_22;punnigram;0;2.75918;
./datasets/English//english_23;punnigram;0;2.75918;
./datasets/English//english_24;punnigram;0;2.75918;
./datasets/English//english_25;punnigram;0;2.75918;
./datasets/English//english_26;punnigram;0;2.75918;
./datasets/English//english_27;punnigram;0;2.75918;
./datasets/English//english_28;punnigram;0;2.75918;
./datasets/English//english_29;punnigram;0;2.75918;
./datasets/English//english_30;punnigram;0;2.75918;
./datasets/English//english_31;punnigram;0;2.75918;
./datasets/English//english_32;punnigram;0;2.75918;
./datasets/English//english_33;punnigram;0;2.75918;
./datasets/English//english_34;punnigram;0;2.75918;
./datasets/English//english_35;punnigram;0;2.75918;
./datasets/English//english_36;punnigram;0;2.75918;
./datasets/English//english_37;punnigram;0;2.75918;
./datasets/English//english_38;punnigram;0;2.75918;
./datasets/English//english_39;punnigram;0;2.75918;
./datasets/English//english_00;imminution;0;2.83207;
./datasets/English//english_01;imminution;0;2.83207;
./datasets/English//english_02;imminution;0;2.83207;
./datasets/English//english_03;imminution;0;2.83207;
./datasets/English//english_04;imminution;0;2.83207;
./datasets/English//english_05;imminution;0;2.83207;
./datasets/English//english_06;imminution;0;2.83207;
./datasets/English//english_07;imminution;0;2.83207;
./datasets/English//english_08;imminution;0;2.83207;
./datasets/English//english_09;imminution;0;2.83207;
./datasets/English//english_10;imminution;0;2.83207;
./datasets/English//english_11;imminution;0;2.83207;
./datasets/English//english_12;imminution;0;2.83207;
./datasets/English//english_13;imminution;0;2.83207;
./datasets/English//english_14;imminution;0;2.83207;
./datasets/English//english_15;imminution;0;2.83207;
./datasets/English//english_16;imminution;0;2.83207;
./datasets/English//english_17;imminution;0;2.83207;
./datasets/English//english_18;imminution;0;2.83207;
./datasets/English//english_19;imminution;0;2.83207;
./datasets/English//english_20;imminution;0;2.83207;
./datasets/English//english_21;imminution;0;2.83207;
./datasets/English//english_22;imminution;0;2.83207;
./datasets/English//english_23;imminution;0;2.83207;
./datasets/English//english_24;imminution;0;2.83207;
./datasets/English//english_25;imminution;0;2.83207;
./datasets/English//english_26;imminution;0;2.83207;
./datasets/English//english_27;imminution;0;2.83207;
./datasets/English//english_28;imminution;0;2.83207;
./datasets/English//english_29;imminution;0;2.83207;
./datasets/English//english_30;imminution;0;2.83207;
./datasets/English//english_31;imminution;0;2.83207;
./datasets/English//english_32;imminution;0;2.83207;
./datasets/English//english_33;imminution;0;2.83207;
./datasets/English//english_34;imminution;0;2.83207;
./datasets/English//english_35;imminution;0;2.83207;
./datasets/English//english_36;imminution;0;2.83207;
./datasets/English//english_37;imminution;0;2.83207;
./datasets/English//english_38;imminution;0;2.83207;
./datasets/English//english_39;imminution;0;2.83207;
./datasets/English//english_00;environmental;0;2.69688;
./datasets/English//english_01;environmental;0;2.69688;
./datasets/English//english_02;environmental;0;2.69688;
./datasets/English//english_03;environmental;0;2.69688;
./datasets/English//english_04;environmental;0;2.69688;
./datasets/English//english_05;environmental;0;2.69688;
./datasets/English//english_06;environmental;0;2.69688;
./datasets/English//english_07;environmental;0;2.69688;
./datasets/English//english_08;environmental;0;2.69688;
./datasets/English//english_09;environmental;0;2.69688;
./datasets/English//english_10;environmental;0;2.69688;
./datasets/English//english_11;environmental;0;2.69688;
./datasets/English//english_12;environmental;0;2.69688;
./datasets/English//english_13;environmental;0;2.69688;
./datasets/English//english_14;environmental;0;2.69688;
./datasets/English//english_15;environmental;0;2.69688;
./datasets/English//english_16;environmental;0;2.69688;
./datasets/English//english_17;environmental;0;2.69688;
./datasets/English//english_18;environmental;0;2.69688;
./datasets/English//english_19;environmental;0;2.69688;
./datasets/English//english_20;environmental;0;2.69688;
./datasets/English//english_21;environmental;0;2.69688;
./datasets/English//english_22;environmental;0;2.69688;
./datasets/English//english_23;environmental;0;2.69688;
./datasets/English//english_24;environmental;0;2.69688;
./datasets/English//english_25;environmental;0;2.69688;
./datasets/English//english_26;environmental;0;2.69688;
./datasets/English//english_27;environmental;0;2.69688;
./datasets/English//english_28;environmental;0;2.69688;
./datasets/English//english_29;environmental;0;2.69688;
./datasets/English//english_30;environmental;0;2.69688;
./datasets/English//english_31;environmental;0;2.69688;
./datasets/English//english_32;environmental;0;2.69688;
./datasets/English//english_33;environmental;0;2.69688;
./datasets/English//english_34;environmental;0;2.69688;
./datasets/English//english_35;environmental;0;2.69688;
./datasets/English//english_36;environmental;0;2.69688;
./datasets/English//english_37;environmental;0;2.69688;
./datasets/English//english_38;environmental;0;2.69688;
./datasets/English//english_39;environmental;0;2.69688;
./datasets/English//english_00;sleepify;0;2.80909;
./datasets/English//english_01;sleepify;0;2.80909;
./datasets/English//english_02;sleepify;0;2.80909;
./datasets/English//english_03;sleepify;0;2.80909;
./datasets/English//english_04;sleepify;0;2.80909;
./datasets/English//english_05;sleepify;0;2.80909;
./datasets/English//english_06;sleepify;0;2.80909;
./datasets/English//english_07;sleepify;0;2.80909;
./datasets/English//english_08;sleepify;0;2.80909;
./datasets/English//english_09;sleepify;0;2.80909;
./datasets/English//english_10;sleepify;0;2.80909;
./datasets/English//english_11;sleepify;0;2.80909;
./datasets/English//english_12;sleepify;0;2.80909;
./datasets/English//english_13;sleepify;0;2.80909;
./datasets/English//english_14;sleepify;0;2.80909;
./datasets/English//english_15;sleepify;0;2.80909;
./datasets/English//english_16;sleepify;0;2.80909;
./datasets/English//english_17;sleepify;0;2.80909;
./datasets/English//english_18;sleepify;0;2.80909;
./datasets/English//english_19;sleepify;0;2.80909;
./datasets/English//english_20;sleepify;0;2.80909;
./datasets/English//english_21;sleepify;0;2.80909;
./datasets/English//english_22;sleepify;0;2.80909;
./datasets/English//english_23;sleepify;0;2.80909;
./datasets/English//english_24;sleepify;0;2.80909;
./datasets/English//english_25;sleepify;0;2.80909;
./datasets/English//english_26;sleepify;0;2.80909;
./datasets/English//english_27;sleepify;0;2.80909;
./datasets/English//english_28;sleepify;0;2.80909;
./datasets/English//english_29;sleepify;0;2.80909;
./datasets/English//english_30;sleepify;0;2.80909;
./datasets/English//english_31;sleepify;0;2.80909;
./datasets/English//english_32;sleepify;0;2.80909;
./datasets/English//english_33;sleepify;0;2.80909;
./datasets/English//english_34;sleepify;0;2.80909;
./datasets/English//english_35;sleepify;0;2.80909;
./datasets/English//english_36;sleepify;0;2.80909;
./datasets/English//english_37;sleepify;0;2.80909;
./datasets/English//english_38;sleepify;0;2.80909;
./datasets/English//english_39;sleepify;0;2.80909;
./datasets/English//english_00;nope;1;3.42096;
./datasets/English//english_01;nope;2;3.42096;
./datasets/English//english_02;nope;2;3.42096;
./datasets/English//english_03;nope;3;3.42096;
./datasets/English//english_04;nope;2;3.42096;
./datasets/English//english_05;nope;1;3.42096;
./datasets/English//english_06;nope;3;3.42096;
./datasets/English//english_07;nope;1;3.42096;
./datasets/English//english_08;nope;1;3.42096;
./datasets/English//english_09;nope;2;3.42096;
./datasets/English//english_10;nope;1;3.42096;
./datasets/English//english_11;nope;4;3.42096;
./datasets/English//english_12;nope;1;3.42096;
./datasets/English//english_13;nope;3;3.42096;
./datasets/English//english_14;nope;7;3.42096;
./datasets/English//english_15;nope;3;3.42096;
./datasets/English//english_16;nope;4;3.42096;
./datasets/English//english_17;nope;3;3.42096;
./datasets/English//english_18;nope;0;3.42096;
./datasets/English//english_19;nope;0;3.42096;
./datasets/English//english_20;nope;0;3.42096;
./datasets/English//english_21;nope;2;3.42096;
./datasets/English//english_22;nope;1;3.42096;
./datasets/English//english_23;nope;0;3.42096;
./datasets/English//english_24;nope;2;3.42096;
./datasets/English//english_25;nope;1;3.42096;
./datasets/English//english_26;nope;0;3.42096;
./datasets/English//english_27;nope;0;3.42096;
./datasets/English//english_28;nope;2;3.42096;
./datasets/English//english_29;nope;1;3.42096;
./datasets/English//english_30;nope;3;3.42096;
./datasets/English//english_31;nope;0;3.42096;
./datasets/English//english_32;nope;2;3.42096;
./datasets/English//english_33;nope;1;3.42096;
./datasets/English//english_34;nope;2;3.42096;
./datasets/English//english_35;nope;2;3.42096;
./datasets/English//english_36;nope;1;3.42096;
./datasets/English//english_37;nope;0;3.42096;
./datasets/English//english_38;nope;4;3.42096;
./datasets/English//english_39;nope;2;3.42096;
./datasets/English//english_00;wauken;0;3.06806;
./datasets/English//english_01;wauken;0;3.06806;
./datasets/English//english_02;wauken;0;3.06806;
./datasets/English//english_03;wauken;0;3.06806;
./datasets/English//english_04;wauken;0;3.06806;
./datasets/English//english_05;wauken;1;3.06806;
./datasets/English//english_06;wauken;0;3.06806;
./datasets/English//english_07;wauken;0;3.06806;
./datasets/English//english_08;wauken;0;3.06806;
./datasets/English//english_09;wauken;0;3.06806;
./datasets/English//english_10;wauken;0;3.06806;
./datasets/English//english_11;wauken;0;3.06806;
./datasets/English//english_12;wauken;0;3.06806;
./datasets/English//english_13;wauken;0;3.06806;
./datasets/English//english_14;wauken;0;3.06806;
./datasets/English//english_15;wauken;0;3.06806;
./datasets/English//english_16;wauken;0;3.06806;
./datasets/English//english_17;wauken;0;3.06806;
./datasets/English//english_18;wauken;0;3.06806;
./datasets/English//english_19;wauken;0;3.06806;
./datasets/English//english_20;wauken;0;3.06806;
./datasets/English//english_21;wauken;0;3.06806;
./datasets/English//english_22;wauken;0;3.06806;
./datasets/English//english_23;wauken;0;3.06806;
./datasets/English//english_24;wauken;0;3.06806;
./datasets/English//english_25;wauken;0;3.06806;
./datasets/English//english_26;wauken;0;3.06806;
./datasets/English//english_27;wauken;0;3.06806;
./datasets/English//english_28;wauken;0;3.06806;
./datasets/English//english_29;wauken;0;3.06806;
./datasets/English//english_30;wauken;0;3.06806;
./datasets/English//english_31;wauken;0;3.06806;
./datasets/English//english_32;wauken;0;3.06806;
./datasets/English//english_33;wauken;0;3.06806;
./datasets/English//english_34;wauken;0;3.06806;
./datasets/English//english_35;wauken;0;3.06806;
./datasets/English//english_36;wauken;0;3.06806;
./datasets/English//english_37;wauken;0;3.06806;
./datasets/English//english_38;wauken;0;3.06806;
./datasets/English//english_39;wauken;0;3.06806;
./datasets/English//english_00;indignance;0;2.72001;
./datasets/English//english_01;indignance;0;2.72001;
./datasets/English//english_02;indignance;0;2.72001;
./datasets/English//english_03;indignance;0;2.72001;
./datasets/English//english_04;indignance;0;2.72001;
./datasets/English//english_05;indignance;0;2.72001;
./datasets/English//english_06;indignance;0;2.72001;
./datasets/English//english_07;indignance;0;2.72001;
./datasets/English//english_08;indignance;0;2.72001;
./datasets/English//english_09;indignance;0;2.72001;
./datasets/English//english_10;indignance;0;2.72001;
./datasets/English//english_11;indignance;0;2.72001;
./datasets/English//english_12;indignance;0;2.72001;
./datasets/English//english_13;indignance;0;2.72001;
./datasets/English//english_14;indignance;0;2.72001;
./datasets/English//english_15;indignance;0;2.72001;
./datasets/English//english_16;indignance;0;2.72001;
./datasets/English//english_17;indignance;0;2.72001;
./datasets/English//english_18;indignance;0;2.72001;
./datasets/English//english_19;indignance;0;2.72001;
./datasets/English//english_20;indignance;0;2.72001;
./datasets/English//english_21;indignance;0;2.72001;
./datasets/English//english_22;indignance;0;2.72001;
./datasets/English//english_23;indignance;0;2.72001;
./datasets/English//english_24;indignance;0;2.72001;
./datasets/English//english_25;indignance;0;2.72001;
./datasets/English//english_26;indignance;0;2.72001;
./datasets/English//english_27;indignance;0;2.72001;
./datasets/English//english_28;indignance;0;2.72001;
./datasets/English//english_29;indignance;0;2.72001;
./datasets/English//english_30;indignance;0;2.72001;
./datasets/English//english_31;indignance;0;2.72001;
./datasets/English//english_32;indignance;0;2.72001;
./datasets/English//english_33;indignance;0;2.72001;
./datasets/English//english_34;indignance;0;2.72001;
./datasets/English//english_35;indignance;0;2.72001;
./datasets/English//english_36;indignance;0;2.72001;
./datasets/English//english_37;indignance;0;2.72001;
./datasets/English//english_38;indignance;0;2.72001;
./datasets/English//english_39;indignance;0;2.72001;
./datasets/English//english_00;knotwort;0;2.87588;
./datasets/English//english_01;knotwort;0;2.87588;
./datasets/English//english_02;knotwort;0;2.87588;
./datasets/English//english_03;knotwort;0;2.87588;
./datasets/English//english_04;knotwort;0;2.87588;
./datasets/English//english_05;knotwort;0;2.87588;
./datasets/English//english_06;knotwort;0;2.87588;
./datasets/English//english_07;knotwort;0;2.87588;
./datasets/English//english_08;knotwort;0;2.87588;
./datasets/English//english_09;knotwort;0;2.87588;
./datasets/English//english_10;knotwort;0;2.87588;
./datasets/English//english_11;knotwort;0;2.87588;
./datasets/English//english_12;knotwort;0;2.87588;
./datasets/English//english_13;knotwort;0;2.87588;
./datasets/English//english_14;knotwort;0;2.87588;
./datasets/English//english_15;knotwort;0;2.87588;
./datasets/English//english_16;knotwort;0;2.87588;
./datasets/English//english_17;knotwort;0;2.87588;
./datasets/English//english_18;knotwort;0;2.87588;
./datasets/English//english_19;knotwort;0;2.87588;
./datasets/English//english_20;knotwort;0;2.87588;
./datasets/English//english_21;knotwort;0;2.87588;
./datasets/English//english_22;knotwort;0;2.87588;
./datasets/English//english_23;knotwort;0;2.87588;
./datasets/English//english_24;knotwort;0;2.87588;
./datasets/English//english_25;knotwort;0;2.87588;
./datasets/English//english_26;knotwort;0;2.87588;
./datasets/English//english_27;knotwort;0;2.87588;
./datasets/English//english_28;knotwort;0;2.87588;
./datasets/English//english_29;knotwort;0;2.87588;
./datasets/English//english_30;knotwort;0;2.87588;
./datasets/English//english_31;knotwort;0;2.87588;
./datasets/English//english_32;knotwort;0;2.87588;
./datasets/English//english_33;knotwort;0;2.87588;
./datasets/English//english_34;knotwort;0;2.87588;
./datasets/English//english_35;knotwort;0;2.87588;
./datasets/English//english_36;knotwort;0;2.87588;
./datasets/English//english_37;knotwort;0;2.87588;
./datasets/English//english_38;knotwort;0;2.87588;
./datasets/English//english_39;knotwort;0;2.87588;
./datasets/English//english_00;apocodeine;0;2.87108;
./datasets/English//english_01;apocodeine;0;2.87108;
./datasets/English//english_02;apocodeine;0;2.87108;
./datasets/English//english_03;apocodeine;0;2.87108;
./datasets/English//english_04;apocodeine;0;2.87108;
./datasets/English//english_05;apocodeine;0;2.87108;
./datasets/English//english_06;apocodeine;0;2.87108;
./datasets/English//english_07;apocodeine;0;2.87108;
./datasets/English//english_08;apocodeine;0;2.87108;
./datasets/English//english_09;apocodeine;0;2.87108;
./datasets/English//english_10;apocodeine;0;2.87108;
./datasets/English//english_11;apocodeine;0;2.87108;
./datasets/English//english_12;apocodeine;0;2.87108;
./datasets/English//english_13;apocodeine;0;2.87108;
./datasets/English//english_14;apocodeine;0;2.87108;
./datasets/English//english_15;apocodeine;0;2.87108;
./datasets/English//english_16;apocodeine;0;2.87108;
./datasets/English//english_17;apocodeine;0;2.87108;
./datasets/English//english_18;apocodeine;0;2.87108;
./datasets/English//english_19;apocodeine;0;2.87108;
./datasets/English//english_20;apocodeine;0;2.87108;
./datasets/English//english_21;apocodeine;0;2.87108;
./datasets/English//english_22;apocodeine;0;2.87108;
./datasets/English//english_23;apocodeine;0;2.87108;
./datasets/English//english_24;apocodeine;0;2.87108;
./datasets/English//english_25;apocodeine;0;2.87108;
./datasets/English//english_26;apocodeine;0;2.87108;
./datasets/English//english_27;apocodeine;0;2.87108;
./datasets/English//english_28;apocodeine;0;2.87108;
./datasets/English//english_29;apocodeine;0;2.87108;
./datasets/English//english_30;apocodeine;0;2.87108;
./datasets/English//english_31;apocodeine;0;2.87108;
./datasets/English//english_32;apocodeine;0;2.87108;
./datasets/English//english_33;apocodeine;0;2.87108;
./datasets/English//english_34;apocodeine;0;2.87108;
./datasets/English//english_35;apocodeine;0;2.87108;
./datasets/English//english_36;apocodeine;0;2.87108;
./datasets/English//english_37;apocodeine;0;2.87108;
./datasets/English//english_38;apocodeine;0;2.87108;
./datasets/English//english_39;apocodeine;0;2.87108;
./datasets/English//english_00;escortee;0;2.86293;
./datasets/English//english_01;escortee;0;2.86293;
./datasets/English//english_02;escortee;0;2.86293;
./datasets/English//english_03;escortee;0;2.86293;
./datasets/English//english_04;escortee;0;2.86293;
./datasets/English//english_05;escortee;0;2.86293;
./datasets/English//english_06;escortee;0;2.86293;
./datasets/English//english_07;escortee;0;2.86293;
./datasets/English//english_08;escortee;0;2.86293;
./datasets/English//english_09;escortee;0;2.86293;
./datasets/English//english_10;escortee;0;2.86293;
./datasets/English//english_11;escortee;0;2.86293;
./datasets/English//english_12;escortee;0;2.86293;
./datasets/English//english_13;escortee;0;2.86293;
./datasets/English//english_14;escortee;0;2.86293;
./datasets/English//english_15;escortee;0;2.86293;
./datasets/English//english_16;escortee;0;2.86293;
./datasets/English//english_17;escortee;0;2.86293;
./datasets/English//english_18;escortee;0;2.86293;
./datasets/English//english_19;escortee;0;2.86293;
./datasets/English//english_20;escortee;0;2.86293;
./datasets/English//english_21;escortee;0;2.86293;
./datasets/English//english_22;escortee;0;2.86293;
./datasets/English//english_23;escortee;0;2.86293;
./datasets/English//english_24;escortee;0;2.86293;
./datasets/English//english_25;escortee;0;2.86293;
./datasets/English//english_26;escortee;0;2.86293;
./datasets/English//english_27;escortee;0;2.86293;
./datasets/English//english_28;escortee;0;2.86293;
./datasets/English//english_29;escortee;0;2.86293;
./datasets/English//english_30;escortee;0;2.86293;
./datasets/English//english_31;escortee;0;2.86293;
./datasets/English//english_32;escortee;0;2.86293;
./datasets/English//english_33;escortee;0;2.86293;
./datasets/English//english_34;escortee;0;2.86293;
./datasets/English//english_35;escortee;0;2.86293;
./datasets/English//english_36;escortee;0;2.86293;
./datasets/English//english_37;escortee;0;2.86293;
./datasets/English//english_38;escortee;0;2.86293;
./datasets/English//english_39;escortee;0;2.86293;
./datasets/English//english_00;dogwatch;0;2.83698;
./datasets/English//english_01;dogwatch;0;2.83698;
./datasets/English//english_02;dogwatch;0;2.83698;
./datasets/English//english_03;dogwatch;0;2.83698;
./datasets/English//english_04;dogwatch;0;2.83698;
./datasets/English//english_05;dogwatch;0;2.83698;
./datasets/English//english_06;dogwatch;0;2.83698;
./datasets/English//english_07;dogwatch;0;2.83698;
./datasets/English//english_08;dogwatch;0;2.83698;
./datasets/English//english_09;dogwatch;0;2.83698;
./datasets/English//english_10;dogwatch;0;2.83698;
./datasets/English//english_11;dogwatch;0;2.83698;
./datasets/English//english_12;dogwatch;0;2.83698;
./datasets/English//english_13;dogwatch;0;2.83698;
./datasets/English//english_14;dogwatch;0;2.83698;
./datasets/English//english_15;dogwatch;0;2.83698;
./datasets/English//english_16;dogwatch;0;2.83698;
./datasets/English//english_17;dogwatch;0;2.83698;
./datasets/English//english_18;dogwatch;0;2.83698;
./datasets/English//english_19;dogwatch;0;2.83698;
./datasets/English//english_20;dogwatch;0;2.83698;
./datasets/English//english_21;dogwatch;0;2.83698;
./datasets/English//english_22;dogwatch;0;2.83698;
./datasets/English//english_23;dogwatch;0;2.83698;
./datasets/English//english_24;dogwatch;0;2.83698;
./datasets/English//english_25;dogwatch;0;2.83698;
./datasets/English//english_26;dogwatch;0;2.83698;
./datasets/English//english_27;dogwatch;0;2.83698;
./datasets/English//english_28;dogwatch;0;2.83698;
./datasets/English//english_29;dogwatch;0;2.83698;
./datasets/English//english_30;dogwatch;0;2.83698;
./datasets/English//english_31;dogwatch;0;2.83698;
./datasets/English//english_32;dogwatch;0;2.83698;
./datasets/English//english_33;dogwatch;0;2.83698;
./datasets/English//english_34;dogwatch;0;2.83698;
./datasets/English//english_35;dogwatch;0;2.83698;
./datasets/English//english_36;dogwatch;0;2.83698;
./datasets/English//english_37;dogwatch;0;2.83698;
./datasets/English//english_38;dogwatch;0;2.83698;
./datasets/English//english_39;dogwatch;0;2.83698;
./datasets/English//english_00;eaglewood;0;2.8531;
./datasets/English//english_01;eaglewood;0;2.8531;
./datasets/English//english_02;eaglewood;0;2.8531;
./datasets/English//english_03;eaglewood;0;2.8531;
./datasets/English//english_04;eaglewood;0;2.8531;
./datasets/English//english_05;eaglewood;0;2.8531;
./datasets/English//english_06;eaglewood;0;2.8531;
./datasets/English//english_07;eaglewood;0;2.8531;
./datasets/English//english_08;eaglewood;0;2.8531;
./datasets/English//english_09;eaglewood;0;2.8531;
./datasets/English//english_10;eaglewood;0;2.8531;
./datasets/English//english_11;eaglewood;0;2.8531;
./datasets/English//english_12;eaglewood;0;2.8531;
./datasets/English//english_13;eaglewood;0;2.8531;
./datasets/English//english_14;eaglewood;0;2.8531;
./datasets/English//english_15;eaglewood;0;2.8531;
./datasets/English//english_16;eaglewood;0;2.8531;
./datasets/English//english_17;eaglewood;0;2.8531;
./datasets/English//english_18;eaglewood;0;2.8531;
./datasets/English//english_19;eaglewood;0;2.8531;
./datasets/English//english_20;eaglewood;0;2.8531;
./datasets/English//english_21;eaglewood;0;2.8531;
./datasets/English//english_22;eaglewood;0;2.8531;
./datasets/English//english_23;eaglewood;0;2.8531;
./datasets/English//english_24;eaglewood;0;2.8531;
./datasets/English//english_25;eaglewood;0;2.8531;
./datasets/English//english_26;eaglewood;0;2.8531;
./datasets/English//english_27;eaglewood;0;2.8531;
./datasets/English//english_28;eaglewood;0;2.8531;
./datasets/English//english_29;eaglewood;0;2.8531;
./datasets/English//english_30;eaglewood;0;2.8531;
./datasets/English//english_31;eaglewood;0;2.8531;
./datasets/English//english_32;eaglewood;0;2.8531;
./datasets/English//english_33;eaglewood;0;2.8531;
./datasets/English//english_34;eaglewood;0;2.8531;
./datasets/English//english_35;eaglewood;0;2.8531;
./datasets/English//english_36;eaglewood;0;2.8531;
./datasets/English//english_37;eaglewood;0;2.8531;
./datasets/English//english_38;eaglewood;0;2.8531;
./datasets/English//english_39;eaglewood;0;2.8531;
./datasets/English//english_00;unbrotherliness;0;2.61801;
./datasets/English//english_01;unbrotherliness;0;2.61801;
./datasets/English//english_02;unbrotherliness;0;2.61801;
./datasets/English//english_03;unbrotherliness;0;2.61801;
./datasets/English//english_04;unbrotherliness;0;2.61801;
./datasets/English//english_05;unbrotherliness;0;2.61801;
./datasets/English//english_06;unbrotherliness;0;2.61801;
./datasets/English//english_07;unbrotherliness;0;2.61801;
./datasets/English//english_08;unbrotherliness;0;2.61801;
./datasets/English//english_09;unbrotherliness;0;2.61801;
./datasets/English//english_10;unbrotherliness;0;2.61801;
./datasets/English//english_11;unbrotherliness;0;2.61801;
./datasets/English//english_12;unbrotherliness;0;2.61801;
./datasets/English//english_13;unbrotherliness;0;2.61801;
./datasets/English//english_14;unbrotherliness;0;2.61801;
./datasets/English//english_15;unbrotherliness;0;2.61801;
./datasets/English//english_16;unbrotherliness;0;2.61801;
./datasets/English//english_17;unbrotherliness;0;2.61801;
./datasets/English//english_18;unbrotherliness;0;2.61801;
./datasets/English//english_19;unbrotherliness;0;2.61801;
./datasets/English//english_20;unbrotherliness;0;2.61801;
./datasets/English//english_21;unbrotherliness;0;2.61801;
./datasets/English//english_22;unbrotherliness;0;2.61801;
./datasets/English//english_23;unbrotherliness;0;2.61801;
./datasets/English//english_24;unbrotherliness;0;2.61801;
./datasets/English//english_25;unbrotherliness;0;2.61801;
./datasets/English//english_26;unbrotherliness;0;2.61801;
./datasets/English//english_27;unbrotherliness;0;2.61801;
./datasets/English//english_28;unbrotherliness;0;2.61801;
./datasets/English//english_29;unbrotherliness;0;2.61801;
./datasets/English//english_30;unbrotherliness;0;2.61801;
./datasets/English//english_31;unbrotherliness;0;2.61801;
./datasets/English//english_32;unbrotherliness;0;2.61801;
./datasets/English//english_33;unbrotherliness;0;2.61801;
./datasets/English//english_34;unbrotherliness;0;2.61801;
./datasets/English//english_35;unbrotherliness;0;2.61801;
./datasets/English//english_36;unbrotherliness;0;2.61801;
./datasets/English//english_37;unbrotherliness;0;2.61801;
./datasets/English//english_38;unbrotherliness;0;2.61801;
./datasets/English//english_39;unbrotherliness;0;2.61801;
./datasets/English//english_00;mulse;0;3.34102;
./datasets/English//english_01;mulse;0;3.34102;
./datasets/English//english_02;mulse;0;3.34102;
./datasets/English//english_03;mulse;0;3.34102;
./datasets/English//english_04;mulse;0;3.34102;
./datasets/English//english_05;mulse;0;3.34102;
./datasets/English//english_06;mulse;0;3.34102;
./datasets/English//english_07;mulse;0;3.34102;
./datasets/English//english_08;mulse;0;3.34102;
./datasets/English//english_09;mulse;0;3.34102;
./datasets/English//english_10;mulse;0;3.34102;
./datasets/English//english_11;mulse;0;3.34102;
./datasets/English//english_12;mulse;0;3.34102;
./datasets/English//english_13;mulse;0;3.34102;
./datasets/English//english_14;mulse;0;3.34102;
./datasets/English//english_15;mulse;0;3.34102;
./datasets/English//english_16;mulse;0;3.34102;
./datasets/English//english_17;mulse;0;3.34102;
./datasets/English//english_18;mulse;0;3.34102;
./datasets/English//english_19;mulse;0;3.34102;
./datasets/English//english_20;mulse;0;3.34102;
./datasets/English//english_21;mulse;0;3.34102;
./datasets/English//english_22;mulse;0;3.34102;
./datasets/English//english_23;mulse;0;3.34102;
./datasets/English//english_24;mulse;0;3.34102;
./datasets/English//english_25;mulse;0;3.34102;
./datasets/English//english_26;mulse;0;3.34102;
./datasets/English//english_27;mulse;0;3.34102;
./datasets/English//english_28;mulse;0;3.34102;
./datasets/English//english_29;mulse;0;3.34102;
./datasets/English//english_30;mulse;0;3.34102;
./datasets/English//english_31;mulse;0;3.34102;
./datasets/English//english_32;mulse;0;3.34102;
./datasets/English//english_33;mulse;0;3.34102;
./datasets/English//english_34;mulse;0;3.34102;
./datasets/English//english_35;mulse;0;3.34102;
./datasets/English//english_36;mulse;0;3.34102;
./datasets/English//english_37;mulse;0;3.34102;
./datasets/English//english_38;mulse;0;3.34102;
./datasets/English//english_39;mulse;0;3.34102;
./datasets/English//english_00;dermobranchiata;0;2.59197;
./datasets/English//english_01;dermobranchiata;0;2.59197;
./datasets/English//english_02;dermobranchiata;0;2.59197;
./datasets/English//english_03;dermobranchiata;0;2.59197;
./datasets/English//english_04;dermobranchiata;0;2.59197;
./datasets/English//english_05;dermobranchiata;0;2.59197;
./datasets/English//english_06;dermobranchiata;0;2.59197;
./datasets/English//english_07;dermobranchiata;0;2.59197;
./datasets/English//english_08;dermobranchiata;0;2.59197;
./datasets/English//english_09;dermobranchiata;0;2.59197;
./datasets/English//english_10;dermobranchiata;0;2.59197;
./datasets/English//english_11;dermobranchiata;0;2.59197;
./datasets/English//english_12;dermobranchiata;0;2.59197;
./datasets/English//english_13;dermobranchiata;0;2.59197;
./datasets/English//english_14;dermobranchiata;0;2.59197;
./datasets/English//english_15;dermobranchiata;0;2.59197;
./datasets/English//english_16;dermobranchiata;0;2.59197;
./datasets/English//english_17;dermobranchiata;0;2.59197;
./datasets/English//english_18;dermobranchiata;0;2.59197;
./datasets/English//english_19;dermobranchiata;0;2.59197;
./datasets/English//english_20;dermobranchiata;0;2.59197;
./datasets/English//english_21;dermobranchiata;0;2.59197;
./datasets/English//english_22;dermobranchiata;0;2.59197;
./datasets/English//english_23;dermobranchiata;0;2.59197;
./datasets/English//english_24;dermobranchiata;0;2.59197;
./datasets/English//english_25;dermobranchiata;0;2.59197;
./datasets/English//english_26;dermobranchiata;0;2.59197;
./datasets/English//english_27;dermobranchiata;0;2.59197;
./datasets/English//english_28;dermobranchiata;0;2.59197;
./datasets/English//english_29;dermobranchiata;0;2.59197;
./datasets/English//english_30;dermobranchiata;0;2.59197;
./datasets/English//english_31;dermobranchiata;0;2.59197;
./datasets/English//english_32;dermobranchiata;0;2.59197;
./datasets/English//english_33;dermobranchiata;0;2.59197;
./datasets/English//english_34;dermobranchiata;0;2.59197;
./datasets/English//english_35;dermobranchiata;0;2.59197;
./datasets/English//english_36;dermobranchiata;0;2.59197;
./datasets/English//english_37;dermobranchiata;0;2.59197;
./datasets/English//english_38;dermobranchiata;0;2.59197;
./datasets/English//english_39;dermobranchiata;0;2.59197;
./datasets/English//english_00;typhic;0;2.97803;
./datasets/English//english_01;typhic;0;2.97803;
./datasets/English//english_02;typhic;0;2.97803;
./datasets/English//english_03;typhic;0;2.97803;
./datasets/English//english_04;typhic;0;2.97803;
./datasets/English//english_05;typhic;0;2.97803;
./datasets/English//english_06;typhic;0;2.97803;
./datasets/English//english_07;typhic;0;2.97803;
./datasets/English//english_08;typhic;0;2.97803;
./datasets/English//english_09;typhic;0;2.97803;
./datasets/English//english_10;typhic;0;2.97803;
./datasets/English//english_11;typhic;0;2.97803;
./datasets/English//english_12;typhic;0;2.97803;
./datasets/English//english_13;typhic;0;2.97803;
./datasets/English//english_14;typhic;0;2.97803;
./datasets/English//english_15;typhic;0;2.97803;
./datasets/English//english_16;typhic;0;2.97803;
./datasets/English//english_17;typhic;0;2.97803;
./datasets/English//english_18;typhic;0;2.97803;
./datasets/English//english_19;typhic;0;2.97803;
./datasets/English//english_20;typhic;0;2.97803;
./datasets/English//english_21;typhic;0;2.97803;
./datasets/English//english_22;typhic;0;2.97803;
./datasets/English//english_23;typhic;0;2.97803;
./datasets/English//english_24;typhic;0;2.97803;
./datasets/English//english_25;typhic;0;2.97803;
./datasets/English//english_26;typhic;0;2.97803;
./datasets/English//english_27;typhic;0;2.97803;
./datasets/English//english_28;typhic;0;2.97803;
./datasets/English//english_29;typhic;0;2.97803;
./datasets/English//english_30;typhic;0;2.97803;
./datasets/English//english_31;typhic;0;2.97803;
./datasets/English//english_32;typhic;0;2.97803;
./datasets/English//english_33;typhic;0;2.97803;
./datasets/English//english_34;typhic;0;2.97803;
./datasets/English//english_35;typhic;0;2.97803;
./datasets/English//english_36;typhic;0;2.97803;
./datasets/English//english_37;typhic;0;2.97803;
./datasets/English//english_38;typhic;0;2.97803;
./datasets/English//english_39;typhic;0;2.97803;
./datasets/English//english_00;poststertorous;0;2.58471;
./datasets/English//english_01;poststertorous;0;2.58471;
./datasets/English//english_02;poststertorous;0;2.58471;
./datasets/English//english_03;poststertorous;0;2.58471;
./datasets/English//english_04;poststertorous;0;2.58471;
./datasets/English//english_05;poststertorous;0;2.58471;
./datasets/English//english_06;poststertorous;0;2.58471;
./datasets/English//english_07;poststertorous;0;2.58471;
./datasets/English//english_08;poststertorous;0;2.58471;
./datasets/English//english_09;poststertorous;0;2.58471;
./datasets/English//english_10;poststertorous;0;2.58471;
./datasets/English//english_11;poststertorous;0;2.58471;
./datasets/English//english_12;poststertorous;0;2.58471;
./datasets/English//english_13;poststertorous;0;2.58471;
./datasets/English//english_14;poststertorous;0;2.58471;
./datasets/English//english_15;poststertorous;0;2.58471;
./datasets/English//english_16;poststertorous;0;2.58471;
./datasets/English//english_17;poststertorous;0;2.58471;
./datasets/English//english_18;poststertorous;0;2.58471;
./datasets/English//english_19;poststertorous;0;2.58471;
./datasets/English//english_20;poststertorous;0;2.58471;
./datasets/English//english_21;poststertorous;0;2.58471;
./datasets/English//english_22;poststertorous;0;2.58471;
./datasets/English//english_23;poststertorous;0;2.58471;
./datasets/English//english_24;poststertorous;0;2.58471;
./datasets/English//english_25;poststertorous;0;2.58471;
./datasets/English//english_26;poststertorous;0;2.58471;
./datasets/English//english_27;poststertorous;0;2.58471;
./datasets/English//english_28;poststertorous;0;2.58471;
./datasets/English//english_29;poststertorous;0;2.58471;
./datasets/English//english_30;poststertorous;0;2.58471;
./datasets/English//english_31;poststertorous;0;2.58471;
./datasets/English//english_32;poststertorous;0;2.58471;
./datasets/English//english_33;poststertorous;0;2.58471;
./datasets/English//english_34;poststertorous;0;2.58471;
./datasets/English//english_35;poststertorous;0;2.58471;
./datasets/English//english_36;poststertorous;0;2.58471;
./datasets/English//english_37;poststertorous;0;2.58471;
./datasets/English//english_38;poststertorous;0;2.58471;
./datasets/English//english_39;poststertorous;0;2.58471;
./datasets/English//english_00;indevout;0;3.07575;
./datasets/English//english_01;indevout;0;3.07575;
./datasets/English//english_02;indevout;0;3.07575;
./datasets/English//english_03;indevout;0;3.07575;
./datasets/English//english_04;indevout;0;3.07575;
./datasets/English//english_05;indevout;0;3.07575;
./datasets/English//english_06;indevout;0;3.07575;
./datasets/English//english_07;indevout;0;3.07575;
./datasets/English//english_08;indevout;0;3.07575;
./datasets/English//english_09;indevout;0;3.07575;
./datasets/English//english_10;indevout;0;3.07575;
./datasets/English//english_11;indevout;0;3.07575;
./datasets/English//english_12;indevout;0;3.07575;
./datasets/English//english_13;indevout;0;3.07575;
./datasets/English//english_14;indevout;0;3.07575;
./datasets/English//english_15;indevout;0;3.07575;
./datasets/English//english_16;indevout;0;3.07575;
./datasets/English//english_17;indevout;0;3.07575;
./datasets/English//english_18;indevout;0;3.07575;
./datasets/English//english_19;indevout;0;3.07575;
./datasets/English//english_20;indevout;0;3.07575;
./datasets/English//english_21;indevout;0;3.07575;
./datasets/English//english_22;indevout;0;3.07575;
./datasets/English//english_23;indevout;0;3.07575;
./datasets/English//english_24;indevout;0;3.07575;
./datasets/English//english_25;indevout;0;3.07575;
./datasets/English//english_26;indevout;0;3.07575;
./datasets/English//english_27;indevout;0;3.07575;
./datasets/English//english_28;indevout;0;3.07575;
./datasets/English//english_29;indevout;0;3.07575;
./datasets/English//english_30;indevout;0;3.07575;
./datasets/English//english_31;indevout;0;3.07575;
./datasets/English//english_32;indevout;0;3.07575;
./datasets/English//english_33;indevout;0;3.07575;
./datasets/English//english_34;indevout;0;3.07575;
./datasets/English//english_35;indevout;0;3.07575;
./datasets/English//english_36;indevout;0;3.07575;
./datasets/English//english_37;indevout;0;3.07575;
./datasets/English//english_38;indevout;0;3.07575;
./datasets/English//english_39;indevout;0;3.07575;
./datasets/English//english_00;anatomicopathologic;0;2.82323;
./datasets/English//english_01;anatomicopathologic;0;2.82323;
./datasets/English//english_02;anatomicopathologic;0;2.82323;
./datasets/English//english_03;anatomicopathologic;0;2.82323;
./datasets/English//english_04;anatomicopathologic;0;2.82323;
./datasets/English//english_05;anatomicopathologic;0;2.82323;
./datasets/English//english_06;anatomicopathologic;0;2.82323;
./datasets/English//english_07;anatomicopathologic;0;2.82323;
./datasets/English//english_08;anatomicopathologic;0;2.82323;
./datasets/English//english_09;anatomicopathologic;0;2.82323;
./datasets/English//english_10;anatomicopathologic;0;2.82323;
./datasets/English//english_11;anatomicopathologic;0;2.82323;
./datasets/English//english_12;anatomicopathologic;0;2.82323;
./datasets/English//english_13;anatomicopathologic;0;2.82323;
./datasets/English//english_14;anatomicopathologic;0;2.82323;
./datasets/English//english_15;anatomicopathologic;0;2.82323;
./datasets/English//english_16;anatomicopathologic;0;2.82323;
./datasets/English//english_17;anatomicopathologic;0;2.82323;
./datasets/English//english_18;anatomicopathologic;0;2.82323;
./datasets/English//english_19;anatomicopathologic;0;2.82323;
./datasets/English//english_20;anatomicopathologic;0;2.82323;
./datasets/English//english_21;anatomicopathologic;0;2.82323;
./datasets/English//english_22;anatomicopathologic;0;2.82323;
./datasets/English//english_23;anatomicopathologic;0;2.82323;
./datasets/English//english_24;anatomicopathologic;0;2.82323;
./datasets/English//english_25;anatomicopathologic;0;2.82323;
./datasets/English//english_26;anatomicopathologic;0;2.82323;
./datasets/English//english_27;anatomicopathologic;0;2.82323;
./datasets/English//english_28;anatomicopathologic;0;2.82323;
./datasets/English//english_29;anatomicopathologic;0;2.82323;
./datasets/English//english_30;anatomicopathologic;0;2.82323;
./datasets/English//english_31;anatomicopathologic;0;2.82323;
./datasets/English//english_32;anatomicopathologic;0;2.82323;
./datasets/English//english_33;anatomicopathologic;0;2.82323;
./datasets/English//english_34;anatomicopathologic;0;2.82323;
./datasets/English//english_35;anatomicopathologic;0;2.82323;
./datasets/English//english_36;anatomicopathologic;0;2.82323;
./datasets/English//english_37;anatomicopathologic;0;2.82323;
./datasets/English//english_38;anatomicopathologic;0;2.82323;
./datasets/English//english_39;anatomicopathologic;0;2.82323;
./datasets/English//english_00;unimpenetrable;0;2.60666;
./datasets/English//english_01;unimpenetrable;0;2.60666;
./datasets/English//english_02;unimpenetrable;0;2.60666;
./datasets/English//english_03;unimpenetrable;0;2.60666;
./datasets/English//english_04;unimpenetrable;0;2.60666;
./datasets/English//english_05;unimpenetrable;0;2.60666;
./datasets/English//english_06;unimpenetrable;0;2.60666;
./datasets/English//english_07;unimpenetrable;0;2.60666;
./datasets/English//english_08;unimpenetrable;0;2.60666;
./datasets/English//english_09;unimpenetrable;0;2.60666;
./datasets/English//english_10;unimpenetrable;0;2.60666;
./datasets/English//english_11;unimpenetrable;0;2.60666;
./datasets/English//english_12;unimpenetrable;0;2.60666;
./datasets/English//english_13;unimpenetrable;0;2.60666;
./datasets/English//english_14;unimpenetrable;0;2.60666;
./datasets/English//english_15;unimpenetrable;0;2.60666;
./datasets/English//english_16;unimpenetrable;0;2.60666;
./datasets/English//english_17;unimpenetrable;0;2.60666;
./datasets/English//english_18;unimpenetrable;0;2.60666;
./datasets/English//english_19;unimpenetrable;0;2.60666;
./datasets/English//english_20;unimpenetrable;0;2.60666;
./datasets/English//english_21;unimpenetrable;0;2.60666;
./datasets/English//english_22;unimpenetrable;0;2.60666;
./datasets/English//english_23;unimpenetrable;0;2.60666;
./datasets/English//english_24;unimpenetrable;0;2.60666;
./datasets/English//english_25;unimpenetrable;0;2.60666;
./datasets/English//english_26;unimpenetrable;0;2.60666;
./datasets/English//english_27;unimpenetrable;0;2.60666;
./datasets/English//english_28;unimpenetrable;0;2.60666;
./datasets/English//english_29;unimpenetrable;0;2.60666;
./datasets/English//english_30;unimpenetrable;0;2.60666;
./datasets/English//english_31;unimpenetrable;0;2.60666;
./datasets/English//english_32;unimpenetrable;0;2.60666;
./datasets/English//english_33;unimpenetrable;0;2.60666;
./datasets/English//english_34;unimpenetrable;0;2.60666;
./datasets/English//english_35;unimpenetrable;0;2.60666;
./datasets/English//english_36;unimpenetrable;0;2.60666;
./datasets/English//english_37;unimpenetrable;0;2.60666;
./datasets/English//english_38;unimpenetrable;0;2.60666;
./datasets/English//english_39;unimpenetrable;0;2.60666;
./datasets/English//english_00;hoggy;0;3.07524;
./datasets/English//english_01;hoggy;0;3.07524;
./datasets/English//english_02;hoggy;0;3.07524;
./datasets/English//english_03;hoggy;0;3.07524;
./datasets/English//english_04;hoggy;0;3.07524;
./datasets/English//english_05;hoggy;0;3.07524;
./datasets/English//english_06;hoggy;0;3.07524;
./datasets/English//english_07;hoggy;0;3.07524;
./datasets/English//english_08;hoggy;0;3.07524;
./datasets/English//english_09;hoggy;0;3.07524;
./datasets/English//english_10;hoggy;0;3.07524;
./datasets/English//english_11;hoggy;0;3.07524;
./datasets/English//english_12;hoggy;0;3.07524;
./datasets/English//english_13;hoggy;0;3.07524;
./datasets/English//english_14;hoggy;0;3.07524;
./datasets/English//english_15;hoggy;0;3.07524;
./datasets/English//english_16;hoggy;0;3.07524;
./datasets/English//english_17;hoggy;0;3.07524;
./datasets/English//english_18;hoggy;0;3.07524;
./datasets/English//english_19;hoggy;0;3.07524;
./datasets/English//english_20;hoggy;0;3.07524;
./datasets/English//english_21;hoggy;0;3.07524;
./datasets/English//english_22;hoggy;0;3.07524;
./datasets/English//english_23;hoggy;0;3.07524;
./datasets/English//english_24;hoggy;0;3.07524;
./datasets/English//english_25;hoggy;0;3.07524;
./datasets/English//english_26;hoggy;0;3.07524;
./datasets/English//english_27;hoggy;0;3.07524;
./datasets/English//english_28;hoggy;0;3.07524;
./datasets/English//english_29;hoggy;0;3.07524;
./datasets/English//english_30;hoggy;0;3.07524;
./datasets/English//english_31;hoggy;0;3.07524;
./datasets/English//english_32;hoggy;0;3.07524;
./datasets/English//english_33;hoggy;0;3.07524;
./datasets/English//english_34;hoggy;0;3.07524;
./datasets/English//english_35;hoggy;0;3.07524;
./datasets/English//english_36;hoggy;0;3.07524;
./datasets/English//english_37;hoggy;0;3.07524;
./datasets/English//english_38;hoggy;0;3.07524;
./datasets/English//english_39;hoggy;0;3.07524;
./datasets/English//english_00;urrhodin;0;3.00615;
./datasets/English//english_01;urrhodin;0;3.00615;
./datasets/English//english_02;urrhodin;0;3.00615;
./datasets/English//english_03;urrhodin;0;3.00615;
./datasets/English//english_04;urrhodin;0;3.00615;
./datasets/English//english_05;urrhodin;0;3.00615;
./datasets/English//english_06;urrhodin;0;3.00615;
./datasets/English//english_07;urrhodin;0;3.00615;
./datasets/English//english_08;urrhodin;0;3.00615;
./datasets/English//english_09;urrhodin;0;3.00615;
./datasets/English//english_10;urrhodin;0;3.00615;
./datasets/English//english_11;urrhodin;0;3.00615;
./datasets/English//english_12;urrhodin;0;3.00615;
./datasets/English//english_13;urrhodin;0;3.00615;
./datasets/English//english_14;urrhodin;0;3.00615;
./datasets/English//english_15;urrhodin;0;3.00615;
./datasets/English//english_16;urrhodin;0;3.00615;
./datasets/English//english_17;urrhodin;0;3.00615;
./datasets/English//english_18;urrhodin;0;3.00615;
./datasets/English//english_19;urrhodin;0;3.00615;
./datasets/English//english_20;urrhodin;0;3.00615;
./datasets/English//english_21;urrhodin;0;3.00615;
./datasets/English//english_22;urrhodin;0;3.00615;
./datasets/English//english_23;urrhodin;0;3.00615;
./datasets/English//english_24;urrhodin;0;3.00615;
./datasets/English//english_25;urrhodin;0;3.00615;
./datasets/English//english_26;urrhodin;0;3.00615;
./datasets/English//english_27;urrhodin;0;3.00615;
./datasets/English//english_28;urrhodin;0;3.00615;
./datasets/English//english_29;urrhodin;0;3.00615;
./datasets/English//english_30;urrhodin;0;3.00615;
./datasets/English//english_31;urrhodin;0;3.00615;
./datasets/English//english_32;urrhodin;0;3.00615;
./datasets/English//english_33;urrhodin;0;3.00615;
./datasets/English//english_34;urrhodin;0;3.00615;
./datasets/English//english_35;urrhodin;0;3.00615;
./datasets/English//english_36;urrhodin;0;3.00615;
./datasets/English//english_37;urrhodin;0;3.00615;
./datasets/English//english_38;urrhodin;0;3.00615;
./datasets/English//english_39;urrhodin;0;3.00615;
./datasets/English//english_00;Dioecia;0;2.94433;
./datasets/English//english_01;Dioecia;0;2.94433;
./datasets/English//english_02;Dioecia;0;2.94433;
./datasets/English//english_03;Dioecia;0;2.94433;
./datasets/English//english_04;Dioecia;0;2.94433;
./datasets/English//english_05;Dioecia;0;2.94433;
./datasets/English//english_06;Dioecia;0;2.94433;
./datasets/English//english_07;Dioecia;0;2.94433;
./datasets/English//english_08;Dioecia;0;2.94433;
./datasets/English//english_09;Dioecia;0;2.94433;
./datasets/English//english_10;Dioecia;0;2.94433;
./datasets/English//english_11;Dioecia;0;2.94433;
./datasets/English//english_12;Dioecia;0;2.94433;
./datasets/English//english_13;Dioecia;0;2.94433;
./datasets/English//english_14;Dioecia;0;2.94433;
./datasets/English//english_15;Dioecia;0;2.94433;
./datasets/English//english_16;Dioecia;0;2.94433;
./datasets/English//english_17;Dioecia;0;2.94433;
./datasets/English//english_18;Dioecia;0;2.94433;
./datasets/English//english_19;Dioecia;0;2.94433;
./datasets/English//english_20;Dioecia;0;2.94433;
./datasets/English//english_21;Dioecia;0;2.94433;
./datasets/English//english_22;Dioecia;0;2.94433;
./datasets/English//english_23;Dioecia;0;2.94433;
./datasets/English//english_24;Dioecia;0;2.94433;
./datasets/English//english_25;Dioecia;0;2.94433;
./datasets/English//english_26;Dioecia;0;2.94433;
./datasets/English//english_27;Dioecia;0;2.94433;
./datasets/English//english_28;Dioecia;0;2.94433;
./datasets/English//english_29;Dioecia;0;2.94433;
./datasets/English//english_30;Dioecia;0;2.94433;
./datasets/English//english_31;Dioecia;0;2.94433;
./datasets/English//english_32;Dioecia;0;2.94433;
./datasets/English//english_33;Dioecia;0;2.94433;
./datasets/English//english_34;Dioecia;0;2.94433;
./datasets/English//english_35;Dioecia;0;2.94433;
./datasets/English//english_36;Dioecia;0;2.94433;
./datasets/English//english_37;Dioecia;0;2.94433;
./datasets/English//english_38;Dioecia;0;2.94433;
./datasets/English//english_39;Dioecia;0;2.94433;
./datasets/English//english_00;unchapter;0;2.94797;
./datasets/English//english_01;unchapter;0;2.94797;
./datasets/English//english_02;unchapter;0;2.94797;
./datasets/English//english_03;unchapter;0;2.94797;
./datasets/English//english_04;unchapter;0;2.94797;
./datasets/English//english_05;unchapter;0;2.94797;
./datasets/English//english_06;unchapter;0;2.94797;
./datasets/English//english_07;unchapter;0;2.94797;
./datasets/English//english_08;unchapter;0;2.94797;
./datasets/English//english_09;unchapter;0;2.94797;
./datasets/English//english_10;unchapter;0;2.94797;
./datasets/English//english_11;unchapter;0;2.94797;
./datasets/English//english_12;unchapter;0;2.94797;
./datasets/English//english_13;unchapter;0;2.94797;
./datasets/English//english_14;unchapter;0;2.94797;
./datasets/English//english_15;unchapter;0;2.94797;
./datasets/English//english_16;unchapter;0;2.94797;
./datasets/English//english_17;unchapter;0;2.94797;
./datasets/English//english_18;unchapter;0;2.94797;
./datasets/English//english_19;unchapter;0;2.94797;
./datasets/English//english_20;unchapter;0;2.94797;
./datasets/English//english_21;unchapter;0;2.94797;
./datasets/English//english_22;unchapter;0;2.94797;
./datasets/English//english_23;unchapter;0;2.94797;
./datasets/English//english_24;unchapter;0;2.94797;
./datasets/English//english_25;unchapter;0;2.94797;
./datasets/English//english_26;unchapter;0;2.94797;
./datasets/English//english_27;unchapter;0;2.94797;
./datasets/English//english_28;unchapter;0;2.94797;
./datasets/English//english_29;unchapter;0;2.94797;
./datasets/English//english_30;unchapter;0;2.94797;
./datasets/English//english_31;unchapter;0;2.94797;
./datasets/English//english_32;unchapter;0;2.94797;
./datasets/English//english_33;unchapter;0;2.94797;
./datasets/English//english_34;unchapter;0;2.94797;
./datasets/English//english_35;unchapter;0;2.94797;
./datasets/English//english_36;unchapter;0;2.94797;
./datasets/English//english_37;unchapter;0;2.94797;
./datasets/English//english_38;unchapter;0;2.94797;
./datasets/English//english_39;unchapter;0;2.94797;
./datasets/English//english_00;nonumbilicate;0;2.65804;
./datasets/English//english_01;nonumbilicate;0;2.65804;
./datasets/English//english_02;nonumbilicate;0;2.65804;
./datasets/English//english_03;nonumbilicate;0;2.65804;
./datasets/English//english_04;nonumbilicate;0;2.65804;
./datasets/English//english_05;nonumbilicate;0;2.65804;
./datasets/English//english_06;nonumbilicate;0;2.65804;
./datasets/English//english_07;nonumbilicate;0;2.65804;
./datasets/English//english_08;nonumbilicate;0;2.65804;
./datasets/English//english_09;nonumbilicate;0;2.65804;
./datasets/English//english_10;nonumbilicate;0;2.65804;
./datasets/English//english_11;nonumbilicate;0;2.65804;
./datasets/English//english_12;nonumbilicate;0;2.65804;
./datasets/English//english_13;nonumbilicate;0;2.65804;
./datasets/English//english_14;nonumbilicate;0;2.65804;
./datasets/English//english_15;nonumbilicate;0;2.65804;
./datasets/English//english_16;nonumbilicate;0;2.65804;
./datasets/English//english_17;nonumbilicate;0;2.65804;
./datasets/English//english_18;nonumbilicate;0;2.65804;
./datasets/English//english_19;nonumbilicate;0;2.65804;
./datasets/English//english_20;nonumbilicate;0;2.65804;
./datasets/English//english_21;nonumbilicate;0;2.65804;
./datasets/English//english_22;nonumbilicate;0;2.65804;
./datasets/English//english_23;nonumbilicate;0;2.65804;
./datasets/English//english_24;nonumbilicate;0;2.65804;
./datasets/English//english_25;nonumbilicate;0;2.65804;
./datasets/English//english_26;nonumbilicate;0;2.65804;
./datasets/English//english_27;nonumbilicate;0;2.65804;
./datasets/English//english_28;nonumbilicate;0;2.65804;
./datasets/English//english_29;nonumbilicate;0;2.65804;
./datasets/English//english_30;nonumbilicate;0;2.65804;
./datasets/English//english_31;nonumbilicate;0;2.65804;
./datasets/English//english_32;nonumbilicate;0;2.65804;
./datasets/English//english_33;nonumbilicate;0;2.65804;
./datasets/English//english_34;nonumbilicate;0;2.65804;
./datasets/English//english_35;nonumbilicate;0;2.65804;
./datasets/English//english_36;nonumbilicate;0;2.65804;
./datasets/English//english_37;nonumbilicate;0;2.65804;
./datasets/English//english_38;nonumbilicate;0;2.65804;
./datasets/English//english_39;nonumbilicate;0;2.65804;
./datasets/English//english_00;zwitterionic;0;2.66995;
./datasets/English//english_01;zwitterionic;0;2.66995;
./datasets/English//english_02;zwitterionic;0;2.66995;
./datasets/English//english_03;zwitterionic;0;2.66995;
./datasets/English//english_04;zwitterionic;0;2.66995;
./datasets/English//english_05;zwitterionic;0;2.66995;
./datasets/English//english_06;zwitterionic;0;2.66995;
./datasets/English//english_07;zwitterionic;0;2.66995;
./datasets/English//english_08;zwitterionic;0;2.66995;
./datasets/English//english_09;zwitterionic;0;2.66995;
./datasets/English//english_10;zwitterionic;0;2.66995;
./datasets/English//english_11;zwitterionic;0;2.66995;
./datasets/English//english_12;zwitterionic;0;2.66995;
./datasets/English//english_13;zwitterionic;0;2.66995;
./datasets/English//english_14;zwitterionic;0;2.66995;
./datasets/English//english_15;zwitterionic;0;2.66995;
./datasets/English//english_16;zwitterionic;0;2.66995;
./datasets/English//english_17;zwitterionic;0;2.66995;
./datasets/English//english_18;zwitterionic;0;2.66995;
./datasets/English//english_19;zwitterionic;0;2.66995;
./datasets/English//english_20;zwitterionic;0;2.66995;
./datasets/English//english_21;zwitterionic;0;2.66995;
./datasets/English//english_22;zwitterionic;0;2.66995;
./datasets/English//english_23;zwitterionic;0;2.66995;
./datasets/English//english_24;zwitterionic;0;2.66995;
./datasets/English//english_25;zwitterionic;0;2.66995;
./datasets/English//english_26;zwitterionic;0;2.66995;
./datasets/English//english_27;zwitterionic;0;2.66995;
./datasets/English//english_28;zwitterionic;0;2.66995;
./datasets/English//english_29;zwitterionic;0;2.66995;
./datasets/English//english_30;zwitterionic;0;2.66995;
./datasets/English//english_31;zwitterionic;0;2.66995;
./datasets/English//english_32;zwitterionic;0;2.66995;
./datasets/English//english_33;zwitterionic;0;2.66995;
./datasets/English//english_34;zwitterionic;0;2.66995;
./datasets/English//english_35;zwitterionic;0;2.66995;
./datasets/English//english_36;zwitterionic;0;2.66995;
./datasets/English//english_37;zwitterionic;0;2.66995;
./datasets/English//english_38;zwitterionic;0;2.66995;
./datasets/English//english_39;zwitterionic;0;2.66995;
./datasets/English//english_00;apportionable;0;2.672;
./datasets/English//english_01;apportionable;0;2.672;
./datasets/English//english_02;apportionable;0;2.672;
./datasets/English//english_03;apportionable;0;2.672;
./datasets/English//english_04;apportionable;0;2.672;
./datasets/English//english_05;apportionable;0;2.672;
./datasets/English//english_06;apportionable;0;2.672;
./datasets/English//english_07;apportionable;0;2.672;
./datasets/English//english_08;apportionable;0;2.672;
./datasets/English//english_09;apportionable;0;2.672;
./datasets/English//english_10;apportionable;0;2.672;
./datasets/English//english_11;apportionable;0;2.672;
./datasets/English//english_12;apportionable;0;2.672;
./datasets/English//english_13;apportionable;0;2.672;
./datasets/English//english_14;apportionable;0;2.672;
./datasets/English//english_15;apportionable;0;2.672;
./datasets/English//english_16;apportionable;0;2.672;
./datasets/English//english_17;apportionable;0;2.672;
./datasets/English//english_18;apportionable;0;2.672;
./datasets/English//english_19;apportionable;0;2.672;
./datasets/English//english_20;apportionable;0;2.672;
./datasets/English//english_21;apportionable;0;2.672;
./datasets/English//english_22;apportionable;0;2.672;
./datasets/English//english_23;apportionable;0;2.672;
./datasets/English//english_24;apportionable;0;2.672;
./datasets/English//english_25;apportionable;0;2.672;
./datasets/English//english_26;apportionable;0;2.672;
./datasets/English//english_27;apportionable;0;2.672;
./datasets/English//english_28;apportionable;0;2.672;
./datasets/English//english_29;apportionable;0;2.672;
./datasets/English//english_30;apportionable;0;2.672;
./datasets/English//english_31;apportionable;0;2.672;
./datasets/English//english_32;apportionable;0;2.672;
./datasets/English//english_33;apportionable;0;2.672;
./datasets/English//english_34;apportionable;0;2.672;
./datasets/English//english_35;apportionable;0;2.672;
./datasets/English//english_36;apportionable;0;2.672;
./datasets/English//english_37;apportionable;0;2.672;
./datasets/English//english_38;apportionable;0;2.672;
./datasets/English//english_39;apportionable;0;2.672;
./datasets/English//english_00;ferulic;0;2.88406;
./datasets/English//english_01;ferulic;0;2.88406;
./datasets/English//english_02;ferulic;0;2.88406;
./datasets/English//english_03;ferulic;0;2.88406;
./datasets/English//english_04;ferulic;0;2.88406;
./datasets/English//english_05;ferulic;0;2.88406;
./datasets/English//english_06;ferulic;0;2.88406;
./datasets/English//english_07;ferulic;0;2.88406;
./datasets/English//english_08;ferulic;0;2.88406;
./datasets/English//english_09;ferulic;0;2.88406;
./datasets/English//english_10;ferulic;0;2.88406;
./datasets/English//english_11;ferulic;0;2.88406;
./datasets/English//english_12;ferulic;0;2.88406;
./datasets/English//english_13;ferulic;0;2.88406;
./datasets/English//english_14;ferulic;0;2.88406;
./datasets/English//english_15;ferulic;0;2.88406;
./datasets/English//english_16;ferulic;0;2.88406;
./datasets/English//english_17;ferulic;0;2.88406;
./datasets/English//english_18;ferulic;0;2.88406;
./datasets/English//english_19;ferulic;0;2.88406;
./datasets/English//english_20;ferulic;0;2.88406;
./datasets/English//english_21;ferulic;0;2.88406;
./datasets/English//english_22;ferulic;0;2.88406;
./datasets/English//english_23;ferulic;0;2.88406;
./datasets/English//english_24;ferulic;0;2.88406;
./datasets/English//english_25;ferulic;0;2.88406;
./datasets/English//english_26;ferulic;0;2.88406;
./datasets/English//english_27;ferulic;0;2.88406;
./datasets/English//english_28;ferulic;0;2.88406;
./datasets/English//english_29;ferulic;0;2.88406;
./datasets/English//english_30;ferulic;0;2.88406;
./datasets/English//english_31;ferulic;0;2.88406;
./datasets/English//english_32;ferulic;0;2.88406;
./datasets/English//english_33;ferulic;0;2.88406;
./datasets/English//english_34;ferulic;0;2.88406;
./datasets/English//english_35;ferulic;0;2.88406;
./datasets/English//english_36;ferulic;0;2.88406;
./datasets/English//english_37;ferulic;0;2.88406;
./datasets/English//english_38;ferulic;0;2.88406;
./datasets/English//english_39;ferulic;0;2.88406;
./datasets/English//english_00;statefulness;0;2.64598;
./datasets/English//english_01;statefulness;0;2.64598;
./datasets/English//english_02;statefulness;0;2.64598;
./datasets/English//english_03;statefulness;0;2.64598;
./datasets/English//english_04;statefulness;0;2.64598;
./datasets/English//english_05;statefulness;0;2.64598;
./datasets/English//english_06;statefulness;0;2.64598;
./datasets/English//english_07;statefulness;0;2.64598;
./datasets/English//english_08;statefulness;0;2.64598;
./datasets/English//english_09;statefulness;0;2.64598;
./datasets/English//english_10;statefulness;0;2.64598;
./datasets/English//english_11;statefulness;0;2.64598;
./datasets/English//english_12;statefulness;0;2.64598;
./datasets/English//english_13;statefulness;0;2.64598;
./datasets/English//english_14;statefulness;0;2.64598;
./datasets/English//english_15;statefulness;0;2.64598;
./datasets/English//english_16;statefulness;0;2.64598;
./datasets/English//english_17;statefulness;0;2.64598;
./datasets/English//english_18;statefulness;0;2.64598;
./datasets/English//english_19;statefulness;0;2.64598;
./datasets/English//english_20;statefulness;0;2.64598;
./datasets/English//english_21;statefulness;0;2.64598;
./datasets/English//english_22;statefulness;0;2.64598;
./datasets/English//english_23;statefulness;0;2.64598;
./datasets/English//english_24;statefulness;0;2.64598;
./datasets/English//english_25;statefulness;0;2.64598;
./datasets/English//english_26;statefulness;0;2.64598;
./datasets/English//english_27;statefulness;0;2.64598;
./datasets/English//english_28;statefulness;0;2.64598;
./datasets/English//english_29;statefulness;0;2.64598;
./datasets/English//english_30;statefulness;0;2.64598;
./datasets/English//english_31;statefulness;0;2.64598;
./datasets/English//english_32;statefulness;0;2.64598;
./datasets/English//english_33;statefulness;0;2.64598;
./datasets/English//english_34;statefulness;0;2.64598;
./datasets/English//english_35;statefulness;0;2.64598;
./datasets/English//english_36;statefulness;0;2.64598;
./datasets/English//english_37;statefulness;0;2.64598;
./datasets/English//english_38;statefulness;0;2.64598;
./datasets/English//english_39;statefulness;0;2.64598;
./datasets/English//english_00;pharyngotonsillitis;0;2.57002;
./datasets/English//english_01;pharyngotonsillitis;0;2.57002;
./datasets/English//english_02;pharyngotonsillitis;0;2.57002;
./datasets/English//english_03;pharyngotonsillitis;0;2.57002;
./datasets/English//english_04;pharyngotonsillitis;0;2.57002;
./datasets/English//english_05;pharyngotonsillitis;0;2.57002;
./datasets/English//english_06;pharyngotonsillitis;0;2.57002;
./datasets/English//english_07;pharyngotonsillitis;0;2.57002;
./datasets/English//english_08;pharyngotonsillitis;0;2.57002;
./datasets/English//english_09;pharyngotonsillitis;0;2.57002;
./datasets/English//english_10;pharyngotonsillitis;0;2.57002;
./datasets/English//english_11;pharyngotonsillitis;0;2.57002;
./datasets/English//english_12;pharyngotonsillitis;0;2.57002;
./datasets/English//english_13;pharyngotonsillitis;0;2.57002;
./datasets/English//english_14;pharyngotonsillitis;0;2.57002;
./datasets/English//english_15;pharyngotonsillitis;0;2.57002;
./datasets/English//english_16;pharyngotonsillitis;0;2.57002;
./datasets/English//english_17;pharyngotonsillitis;0;2.57002;
./datasets/English//english_18;pharyngotonsillitis;0;2.57002;
./datasets/English//english_19;pharyngotonsillitis;0;2.57002;
./datasets/English//english_20;pharyngotonsillitis;0;2.57002;
./datasets/English//english_21;pharyngotonsillitis;0;2.57002;
./datasets/English//english_22;pharyngotonsillitis;0;2.57002;
./datasets/English//english_23;pharyngotonsillitis;0;2.57002;
./datasets/English//english_24;pharyngotonsillitis;0;2.57002;
./datasets/English//english_25;pharyngotonsillitis;0;2.57002;
./datasets/English//english_26;pharyngotonsillitis;0;2.57002;
./datasets/English//english_27;pharyngotonsillitis;0;2.57002;
./datasets/English//english_28;pharyngotonsillitis;0;2.57002;
./datasets/English//english_29;pharyngotonsillitis;0;2.57002;
./datasets/English//english_30;pharyngotonsillitis;0;2.57002;
./datasets/English//english_31;pharyngotonsillitis;0;2.57002;
./datasets/English//english_32;pharyngotonsillitis;0;2.57002;
./datasets/English//english_33;pharyngotonsillitis;0;2.57002;
./datasets/English//english_34;pharyngotonsillitis;0;2.57002;
./datasets/English//english_35;pharyngotonsillitis;0;2.57002;
./datasets/English//english_36;pharyngotonsillitis;0;2.57002;
./datasets/English//english_37;pharyngotonsillitis;0;2.57002;
./datasets/English//english_38;pharyngotonsillitis;0;2.57002;
./datasets/English//english_39;pharyngotonsillitis;0;2.57002;
./datasets/English//english_00;Mimulus;0;2.84897;
./datasets/English//english_01;Mimulus;0;2.84897;
./datasets/English//english_02;Mimulus;0;2.84897;
./datasets/English//english_03;Mimulus;0;2.84897;
./datasets/English//english_04;Mimulus;0;2.84897;
./datasets/English//english_05;Mimulus;0;2.84897;
./datasets/English//english_06;Mimulus;0;2.84897;
./datasets/English//english_07;Mimulus;0;2.84897;
./datasets/English//english_08;Mimulus;0;2.84897;
./datasets/English//english_09;Mimulus;0;2.84897;
./datasets/English//english_10;Mimulus;0;2.84897;
./datasets/English//english_11;Mimulus;0;2.84897;
./datasets/English//english_12;Mimulus;0;2.84897;
./datasets/English//english_13;Mimulus;0;2.84897;
./datasets/English//english_14;Mimulus;0;2.84897;
./datasets/English//english_15;Mimulus;0;2.84897;
./datasets/English//english_16;Mimulus;0;2.84897;
./datasets/English//english_17;Mimulus;0;2.84897;
./datasets/English//english_18;Mimulus;0;2.84897;
./datasets/English//english_19;Mimulus;0;2.84897;
./datasets/English//english_20;Mimulus;0;2.84897;
./datasets/English//english_21;Mimulus;0;2.84897;
./datasets/English//english_22;Mimulus;0;2.84897;
./datasets/English//english_23;Mimulus;0;2.84897;
./datasets/English//english_24;Mimulus;0;2.84897;
./datasets/English//english_25;Mimulus;0;2.84897;
./datasets/English//english_26;Mimulus;0;2.84897;
./datasets/English//english_27;Mimulus;0;2.84897;
./datasets/English//english_28;Mimulus;0;2.84897;
./datasets/English//english_29;Mimulus;0;2.84897;
./datasets/English//english_30;Mimulus;0;2.84897;
./datasets/English//english_31;Mimulus;0;2.84897;
./datasets/English//english_32;Mimulus;0;2.84897;
./datasets/English//english_33;Mimulus;0;2.84897;
./datasets/English//english_34;Mimulus;0;2.84897;
./datasets/English//english_35;Mimulus;0;2.84897;
./datasets/English//english_36;Mimulus;0;2.84897;
./datasets/English//english_37;Mimulus;0;2.84897;
./datasets/English//english_38;Mimulus;0;2.84897;
./datasets/English//english_39;Mimulus;0;2.84897;
./datasets/English//english_00;recce;0;3.15901;
./datasets/English//english_01;recce;0;3.15901;
./datasets/English//english_02;recce;0;3.15901;
./datasets/English//english_03;recce;0;3.15901;
./datasets/English//english_04;recce;0;3.15901;
./datasets/English//english_05;recce;0;3.15901;
./datasets/English//english_06;recce;0;3.15901;
./datasets/English//english_07;recce;0;3.15901;
./datasets/English//english_08;recce;0;3.15901;
./datasets/English//english_09;recce;0;3.15901;
./datasets/English//english_10;recce;0;3.15901;
./datasets/English//english_11;recce;0;3.15901;
./datasets/English//english_12;recce;0;3.15901;
./datasets/English//english_13;recce;0;3.15901;
./datasets/English//english_14;recce;0;3.15901;
./datasets/English//english_15;recce;0;3.15901;
./datasets/English//english_16;recce;0;3.15901;
./datasets/English//english_17;recce;0;3.15901;
./datasets/English//english_18;recce;0;3.15901;
./datasets/English//english_19;recce;0;3.15901;
./datasets/English//english_20;recce;0;3.15901;
./datasets/English//english_21;recce;0;3.15901;
./datasets/English//english_22;recce;0;3.15901;
./datasets/English//english_23;recce;0;3.15901;
./datasets/English//english_24;recce;0;3.15901;
./datasets/English//english_25;recce;0;3.15901;
./datasets/English//english_26;recce;0;3.15901;
./datasets/English//english_27;recce;0;3.15901;
./datasets/English//english_28;recce;0;3.15901;
./datasets/English//english_29;recce;0;3.15901;
./datasets/English//english_30;recce;0;3.15901;
./datasets/English//english_31;recce;0;3.15901;
./datasets/English//english_32;recce;0;3.15901;
./datasets/English//english_33;recce;0;3.15901;
./datasets/English//english_34;recce;0;3.15901;
./datasets/English//english_35;recce;0;3.15901;
./datasets/English//english_36;recce;0;3.15901;
./datasets/English//english_37;recce;0;3.15901;
./datasets/English//english_38;recce;0;3.15901;
./datasets/English//english_39;recce;0;3.15901;
./datasets/English//english_00;mutinously;0;2.79799;
./datasets/English//english_01;mutinously;0;2.79799;
./datasets/English//english_02;mutinously;0;2.79799;
./datasets/English//english_03;mutinously;0;2.79799;
./datasets/English//english_04;mutinously;0;2.79799;
./datasets/English//english_05;mutinously;0;2.79799;
./datasets/English//english_06;mutinously;1;2.79799;
./datasets/English//english_07;mutinously;0;2.79799;
./datasets/English//english_08;mutinously;0;2.79799;
./datasets/English//english_09;mutinously;0;2.79799;
./datasets/English//english_10;mutinously;0;2.79799;
./datasets/English//english_11;mutinously;0;2.79799;
./datasets/English//english_12;mutinously;0;2.79799;
./datasets/English//english_13;mutinously;0;2.79799;
./datasets/English//english_14;mutinously;1;2.79799;
./datasets/English//english_15;mutinously;0;2.79799;
./datasets/English//english_16;mutinously;0;2.79799;
./datasets/English//english_17;mutinously;0;2.79799;
./datasets/English//english_18;mutinously;0;2.79799;
./datasets/English//english_19;mutinously;0;2.79799;
./datasets/English//english_20;mutinously;0;2.79799;
./datasets/English//english_21;mutinously;0;2.79799;
./datasets/English//english_22;mutinously;0;2.79799;
./datasets/English//english_23;mutinously;0;2.79799;
./datasets/English//english_24;mutinously;0;2.79799;
./datasets/English//english_25;mutinously;1;2.79799;
./datasets/English//english_26;mutinously;0;2.79799;
./datasets/English//english_27;mutinously;0;2.79799;
./datasets/English//english_28;mutinously;0;2.79799;
./datasets/English//english_29;mutinously;0;2.79799;
./datasets/English//english_30;mutinously;0;2.79799;
./datasets/English//english_31;mutinously;0;2.79799;
./datasets/English//english_32;mutinously;0;2.79799;
./datasets/English//english_33;mutinously;0;2.79799;
./datasets/English//english_34;mutinously;0;2.79799;
./datasets/English//english_35;mutinously;0;2.79799;
./datasets/English//english_36;mutinously;0;2.79799;
./datasets/English//english_37;mutinously;0;2.79799;
./datasets/English//english_38;mutinously;1;2.79799;
./datasets/English//english_39;mutinously;0;2.79799;
./datasets/English//english_00;reboant;0;2.99307;
./datasets/English//english_01;reboant;0;2.99307;
./datasets/English//english_02;reboant;0;2.99307;
./datasets/English//english_03;reboant;0;2.99307;
./datasets/English//english_04;reboant;0;2.99307;
./datasets/English//english_05;reboant;0;2.99307;
./datasets/English//english_06;reboant;0;2.99307;
./datasets/English//english_07;reboant;0;2.99307;
./datasets/English//english_08;reboant;0;2.99307;
./datasets/English//english_09;reboant;0;2.99307;
./datasets/English//english_10;reboant;0;2.99307;
./datasets/English//english_11;reboant;0;2.99307;
./datasets/English//english_12;reboant;0;2.99307;
./datasets/English//english_13;reboant;0;2.99307;
./datasets/English//english_14;reboant;0;2.99307;
./datasets/English//english_15;reboant;0;2.99307;
./datasets/English//english_16;reboant;0;2.99307;
./datasets/English//english_17;reboant;0;2.99307;
./datasets/English//english_18;reboant;0;2.99307;
./datasets/English//english_19;reboant;0;2.99307;
./datasets/English//english_20;reboant;0;2.99307;
./datasets/English//english_21;reboant;0;2.99307;
./datasets/English//english_22;reboant;0;2.99307;
./datasets/English//english_23;reboant;0;2.99307;
./datasets/English//english_24;reboant;0;2.99307;
./datasets/English//english_25;reboant;0;2.99307;
./datasets/English//english_26;reboant;0;2.99307;
./datasets/English//english_27;reboant;0;2.99307;
./datasets/English//english_28;reboant;0;2.99307;
./datasets/English//english_29;reboant;0;2.99307;
./datasets/English//english_30;reboant;0;2.99307;
./datasets/English//english_31;reboant;0;2.99307;
./datasets/English//english_32;reboant;0;2.99307;
./datasets/English//english_33;reboant;0;2.99307;
./datasets/English//english_34;reboant;0;2.99307;
./datasets/English//english_35;reboant;0;2.99307;
./datasets/English//english_36;reboant;0;2.99307;
./datasets/English//english_37;reboant;1;2.99307;
./datasets/English//english_38;reboant;0;2.99307;
./datasets/English//english_39;reboant;0;2.99307;
./datasets/English//english_00;marshwort;0;2.86898;
./datasets/English//english_01;marshwort;0;2.86898;
./datasets/English//english_02;marshwort;0;2.86898;
./datasets/English//english_03;marshwort;0;2.86898;
./datasets/English//english_04;marshwort;0;2.86898;
./datasets/English//english_05;marshwort;0;2.86898;
./datasets/English//english_06;marshwort;0;2.86898;
./datasets/English//english_07;marshwort;0;2.86898;
./datasets/English//english_08;marshwort;0;2.86898;
./datasets/English//english_09;marshwort;0;2.86898;
./datasets/English//english_10;marshwort;0;2.86898;
./datasets/English//english_11;marshwort;0;2.86898;
./datasets/English//english_12;marshwort;0;2.86898;
./datasets/English//english_13;marshwort;0;2.86898;
./datasets/English//english_14;marshwort;0;2.86898;
./datasets/English//english_15;marshwort;0;2.86898;
./datasets/English//english_16;marshwort;0;2.86898;
./datasets/English//english_17;marshwort;0;2.86898;
./datasets/English//english_18;marshwort;0;2.86898;
./datasets/English//english_19;marshwort;0;2.86898;
./datasets/English//english_20;marshwort;0;2.86898;
./datasets/English//english_21;marshwort;0;2.86898;
./datasets/English//english_22;marshwort;0;2.86898;
./datasets/English//english_23;marshwort;0;2.86898;
./datasets/English//english_24;marshwort;0;2.86898;
./datasets/English//english_25;marshwort;0;2.86898;
./datasets/English//english_26;marshwort;0;2.86898;
./datasets/English//english_27;marshwort;0;2.86898;
./datasets/English//english_28;marshwort;0;2.86898;
./datasets/English//english_29;marshwort;0;2.86898;
./datasets/English//english_30;marshwort;0;2.86898;
./datasets/English//english_31;marshwort;0;2.86898;
./datasets/English//english_32;marshwort;0;2.86898;
./datasets/English//english_33;marshwort;0;2.86898;
./datasets/English//english_34;marshwort;0;2.86898;
./datasets/English//english_35;marshwort;0;2.86898;
./datasets/English//english_36;marshwort;0;2.86898;
./datasets/English//english_37;marshwort;0;2.86898;
./datasets/English//english_38;marshwort;0;2.86898;
./datasets/English//english_39;marshwort;0;2.86898;
./datasets/English//english_00;lupoid;0;3.00303;
./datasets/English//english_01;lupoid;0;3.00303;
./datasets/English//english_02;lupoid;0;3.00303;
./datasets/English//english_03;lupoid;0;3.00303;
./datasets/English//english_04;lupoid;0;3.00303;
./datasets/English//english_05;lupoid;0;3.00303;
./datasets/English//english_06;lupoid;0;3.00303;
./datasets/English//english_07;lupoid;0;3.00303;
./datasets/English//english_08;lupoid;0;3.00303;
./datasets/English//english_09;lupoid;0;3.00303;
./datasets/English//english_10;lupoid;0;3.00303;
./datasets/English//english_11;lupoid;0;3.00303;
./datasets/English//english_12;lupoid;0;3.00303;
./datasets/English//english_13;lupoid;0;3.00303;
./datasets/English//english_14;lupoid;0;3.00303;
./datasets/English//english_15;lupoid;0;3.00303;
./datasets/English//english_16;lupoid;0;3.00303;
./datasets/English//english_17;lupoid;0;3.00303;
./datasets/English//english_18;lupoid;0;3.00303;
./datasets/English//english_19;lupoid;0;3.00303;
./datasets/English//english_20;lupoid;0;3.00303;
./datasets/English//english_21;lupoid;0;3.00303;
./datasets/English//english_22;lupoid;0;3.00303;
./datasets/English//english_23;lupoid;0;3.00303;
./datasets/English//english_24;lupoid;0;3.00303;
./datasets/English//english_25;lupoid;0;3.00303;
./datasets/English//english_26;lupoid;0;3.00303;
./datasets/English//english_27;lupoid;0;3.00303;
./datasets/English//english_28;lupoid;0;3.00303;
./datasets/English//english_29;lupoid;0;3.00303;
./datasets/English//english_30;lupoid;0;3.00303;
./datasets/English//english_31;lupoid;0;3.00303;
./datasets/English//english_32;lupoid;0;3.00303;
./datasets/English//english_33;lupoid;0;3.00303;
./datasets/English//english_34;lupoid;0;3.00303;
./datasets/English//english_35;lupoid;0;3.00303;
./datasets/English//english_36;lupoid;0;3.00303;
./datasets/English//english_37;lupoid;0;3.00303;
./datasets/English//english_38;lupoid;0;3.00303;
./datasets/English//english_39;lupoid;0;3.00303;
./datasets/English//english_00;chromatophilic;0;2.68092;
./datasets/English//english_01;chromatophilic;0;2.68092;
./datasets/English//english_02;chromatophilic;0;2.68092;
./datasets/English//english_03;chromatophilic;0;2.68092;
./datasets/English//english_04;chromatophilic;0;2.68092;
./datasets/English//english_05;chromatophilic;0;2.68092;
./datasets/English//english_06;chromatophilic;0;2.68092;
./datasets/English//english_07;chromatophilic;0;2.68092;
./datasets/English//english_08;chromatophilic;0;2.68092;
./datasets/English//english_09;chromatophilic;0;2.68092;
./datasets/English//english_10;chromatophilic;0;2.68092;
./datasets/English//english_11;chromatophilic;0;2.68092;
./datasets/English//english_12;chromatophilic;0;2.68092;
./datasets/English//english_13;chromatophilic;0;2.68092;
./datasets/English//english_14;chromatophilic;0;2.68092;
./datasets/English//english_15;chromatophilic;0;2.68092;
./datasets/English//english_16;chromatophilic;0;2.68092;
./datasets/English//english_17;chromatophilic;0;2.68092;
./datasets/English//english_18;chromatophilic;0;2.68092;
./datasets/English//english_19;chromatophilic;0;2.68092;
./datasets/English//english_20;chromatophilic;0;2.68092;
./datasets/English//english_21;chromatophilic;0;2.68092;
./datasets/English//english_22;chromatophilic;0;2.68092;
./datasets/English//english_23;chromatophilic;0;2.68092;
./datasets/English//english_24;chromatophilic;0;2.68092;
./datasets/English//english_25;chromatophilic;0;2.68092;
./datasets/English//english_26;chromatophilic;0;2.68092;
./datasets/English//english_27;chromatophilic;0;2.68092;
./datasets/English//english_28;chromatophilic;0;2.68092;
./datasets/English//english_29;chromatophilic;0;2.68092;
./datasets/English//english_30;chromatophilic;0;2.68092;
./datasets/English//english_31;chromatophilic;0;2.68092;
./datasets/English//english_32;chromatophilic;0;2.68092;
./datasets/English//english_33;chromatophilic;0;2.68092;
./datasets/English//english_34;chromatophilic;0;2.68092;
./datasets/English//english_35;chromatophilic;0;2.68092;
./datasets/English//english_36;chromatophilic;0;2.68092;
./datasets/English//english_37;chromatophilic;0;2.68092;
./datasets/English//english_38;chromatophilic;0;2.68092;
./datasets/English//english_39;chromatophilic;0;2.68092;
./datasets/English//english_00;lauder;0;3.0791;
./datasets/English//english_01;lauder;0;3.0791;
./datasets/English//english_02;lauder;0;3.0791;
./datasets/English//english_03;lauder;0;3.0791;
./datasets/English//english_04;lauder;3;3.0791;
./datasets/English//english_05;lauder;0;3.0791;
./datasets/English//english_06;lauder;0;3.0791;
./datasets/English//english_07;lauder;0;3.0791;
./datasets/English//english_08;lauder;0;3.0791;
./datasets/English//english_09;lauder;0;3.0791;
./datasets/English//english_10;lauder;0;3.0791;
./datasets/English//english_11;lauder;0;3.0791;
./datasets/English//english_12;lauder;0;3.0791;
./datasets/English//english_13;lauder;0;3.0791;
./datasets/English//english_14;lauder;0;3.0791;
./datasets/English//english_15;lauder;0;3.0791;
./datasets/English//english_16;lauder;0;3.0791;
./datasets/English//english_17;lauder;0;3.0791;
./datasets/English//english_18;lauder;0;3.0791;
./datasets/English//english_19;lauder;0;3.0791;
./datasets/English//english_20;lauder;0;3.0791;
./datasets/English//english_21;lauder;0;3.0791;
./datasets/English//english_22;lauder;0;3.0791;
./datasets/English//english_23;lauder;0;3.0791;
./datasets/English//english_24;lauder;0;3.0791;
./datasets/English//english_25;lauder;0;3.0791;
./datasets/English//english_26;lauder;0;3.0791;
./datasets/English//english_27;lauder;0;3.0791;
./datasets/English//english_28;lauder;1;3.0791;
./datasets/English//english_29;lauder;0;3.0791;
./datasets/English//english_30;lauder;0;3.0791;
./datasets/English//english_31;lauder;0;3.0791;
./datasets/English//english_32;lauder;1;3.0791;
./datasets/English//english_33;lauder;0;3.0791;
./datasets/English//english_34;lauder;0;3.0791;
./datasets/English//english_35;lauder;0;3.0791;
./datasets/English//english_36;lauder;0;3.0791;
./datasets/English//english_37;lauder;0;3.0791;
./datasets/English//english_38;lauder;0;3.0791;
./datasets/English//english_39;lauder;0;3.0791;
./datasets/English//english_00;nirles;0;3.08895;
./datasets/English//english_01;nirles;0;3.08895;
./datasets/English//english_02;nirles;0;3.08895;
./datasets/English//english_03;nirles;0;3.08895;
./datasets/English//english_04;nirles;0;3.08895;
./datasets/English//english_05;nirles;0;3.08895;
./datasets/English//english_06;nirles;0;3.08895;
./datasets/English//english_07;nirles;0;3.08895;
./datasets/English//english_08;nirles;0;3.08895;
./datasets/English//english_09;nirles;0;3.08895;
./datasets/English//english_10;nirles;0;3.08895;
./datasets/English//english_11;nirles;0;3.08895;
./datasets/English//english_12;nirles;0;3.08895;
./datasets/English//english_13;nirles;0;3.08895;
./datasets/English//english_14;nirles;0;3.08895;
./datasets/English//english_15;nirles;0;3.08895;
./datasets/English//english_16;nirles;0;3.08895;
./datasets/English//english_17;nirles;0;3.08895;
./datasets/English//english_18;nirles;0;3.08895;
./datasets/English//english_19;nirles;0;3.08895;
./datasets/English//english_20;nirles;0;3.08895;
./datasets/English//english_21;nirles;0;3.08895;
./datasets/English//english_22;nirles;0;3.08895;
./datasets/English//english_23;nirles;0;3.08895;
./datasets/English//english_24;nirles;0;3.08895;
./datasets/English//english_25;nirles;0;3.08895;
./datasets/English//english_26;nirles;0;3.08895;
./datasets/English//english_27;nirles;0;3.08895;
./datasets/English//english_28;nirles;0;3.08895;
./datasets/English//english_29;nirles;0;3.08895;
./datasets/English//english_30;nirles;0;3.08895;
./datasets/English//english_31;nirles;0;3.08895;
./datasets/English//english_32;nirles;0;3.08895;
./datasets/English//english_33;nirles;0;3.08895;
./datasets/English//english_34;nirles;0;3.08895;
./datasets/English//english_35;nirles;0;3.08895;
./datasets/English//english_36;nirles;0;3.08895;
./datasets/English//english_37;nirles;0;3.08895;
./datasets/English//english_38;nirles;0;3.08895;
./datasets/English//english_39;nirles;0;3.08895;
./datasets/English//english_00;esthesiometer;0;2.73501;
./datasets/English//english_01;esthesiometer;0;2.73501;
./datasets/English//english_02;esthesiometer;0;2.73501;
./datasets/English//english_03;esthesiometer;0;2.73501;
./datasets/English//english_04;esthesiometer;0;2.73501;
./datasets/English//english_05;esthesiometer;0;2.73501;
./datasets/English//english_06;esthesiometer;0;2.73501;
./datasets/English//english_07;esthesiometer;0;2.73501;
./datasets/English//english_08;esthesiometer;0;2.73501;
./datasets/English//english_09;esthesiometer;0;2.73501;
./datasets/English//english_10;esthesiometer;0;2.73501;
./datasets/English//english_11;esthesiometer;0;2.73501;
./datasets/English//english_12;esthesiometer;0;2.73501;
./datasets/English//english_13;esthesiometer;0;2.73501;
./datasets/English//english_14;esthesiometer;0;2.73501;
./datasets/English//english_15;esthesiometer;0;2.73501;
./datasets/English//english_16;esthesiometer;0;2.73501;
./datasets/English//english_17;esthesiometer;0;2.73501;
./datasets/English//english_18;esthesiometer;0;2.73501;
./datasets/English//english_19;esthesiometer;0;2.73501;
./datasets/English//english_20;esthesiometer;0;2.73501;
./datasets/English//english_21;esthesiometer;0;2.73501;
./datasets/English//english_22;esthesiometer;0;2.73501;
./datasets/English//english_23;esthesiometer;0;2.73501;
./datasets/English//english_24;esthesiometer;0;2.73501;
./datasets/English//english_25;esthesiometer;0;2.73501;
./datasets/English//english_26;esthesiometer;0;2.73501;
./datasets/English//english_27;esthesiometer;0;2.73501;
./datasets/English//english_28;esthesiometer;0;2.73501;
./datasets/English//english_29;esthesiometer;0;2.73501;
./datasets/English//english_30;esthesiometer;0;2.73501;
./datasets/English//english_31;esthesiometer;0;2.73501;
./datasets/English//english_32;esthesiometer;0;2.73501;
./datasets/English//english_33;esthesiometer;0;2.73501;
./datasets/English//english_34;esthesiometer;0;2.73501;
./datasets/English//english_35;esthesiometer;0;2.73501;
./datasets/English//english_36;esthesiometer;0;2.73501;
./datasets/English//english_37;esthesiometer;0;2.73501;
./datasets/English//english_38;esthesiometer;0;2.73501;
./datasets/English//english_39;esthesiometer;0;2.73501;
./datasets/English//english_00;semisocial;0;2.73398;
./datasets/English//english_01;semisocial;0;2.73398;
./datasets/English//english_02;semisocial;0;2.73398;
./datasets/English//english_03;semisocial;0;2.73398;
./datasets/English//english_04;semisocial;0;2.73398;
./datasets/English//english_05;semisocial;0;2.73398;
./datasets/English//english_06;semisocial;0;2.73398;
./datasets/English//english_07;semisocial;0;2.73398;
./datasets/English//english_08;semisocial;0;2.73398;
./datasets/English//english_09;semisocial;0;2.73398;
./datasets/English//english_10;semisocial;0;2.73398;
./datasets/English//english_11;semisocial;0;2.73398;
./datasets/English//english_12;semisocial;0;2.73398;
./datasets/English//english_13;semisocial;0;2.73398;
./datasets/English//english_14;semisocial;0;2.73398;
./datasets/English//english_15;semisocial;0;2.73398;
./datasets/English//english_16;semisocial;0;2.73398;
./datasets/English//english_17;semisocial;0;2.73398;
./datasets/English//english_18;semisocial;0;2.73398;
./datasets/English//english_19;semisocial;0;2.73398;
./datasets/English//english_20;semisocial;0;2.73398;
./datasets/English//english_21;semisocial;0;2.73398;
./datasets/English//english_22;semisocial;0;2.73398;
./datasets/English//english_23;semisocial;0;2.73398;
./datasets/English//english_24;semisocial;0;2.73398;
./datasets/English//english_25;semisocial;0;2.73398;
./datasets/English//english_26;semisocial;0;2.73398;
./datasets/English//english_27;semisocial;0;2.73398;
./datasets/English//english_28;semisocial;0;2.73398;
./datasets/English//english_29;semisocial;0;2.73398;
./datasets/English//english_30;semisocial;0;2.73398;
./datasets/English//english_31;semisocial;0;2.73398;
./datasets/English//english_32;semisocial;0;2.73398;
./datasets/English//english_33;semisocial;0;2.73398;
./datasets/English//english_34;semisocial;0;2.73398;
./datasets/English//english_35;semisocial;0;2.73398;
./datasets/English//english_36;semisocial;0;2.73398;
./datasets/English//english_37;semisocial;0;2.73398;
./datasets/English//english_38;semisocial;0;2.73398;
./datasets/English//english_39;semisocial;0;2.73398;
./datasets/English//english_00;unbeing;0;2.92696;
./datasets/English//english_01;unbeing;0;2.92696;
./datasets/English//english_02;unbeing;0;2.92696;
./datasets/English//english_03;unbeing;0;2.92696;
./datasets/English//english_04;unbeing;0;2.92696;
./datasets/English//english_05;unbeing;0;2.92696;
./datasets/English//english_06;unbeing;0;2.92696;
./datasets/English//english_07;unbeing;0;2.92696;
./datasets/English//english_08;unbeing;0;2.92696;
./datasets/English//english_09;unbeing;0;2.92696;
./datasets/English//english_10;unbeing;0;2.92696;
./datasets/English//english_11;unbeing;0;2.92696;
./datasets/English//english_12;unbeing;0;2.92696;
./datasets/English//english_13;unbeing;0;2.92696;
./datasets/English//english_14;unbeing;0;2.92696;
./datasets/English//english_15;unbeing;0;2.92696;
./datasets/English//english_16;unbeing;0;2.92696;
./datasets/English//english_17;unbeing;0;2.92696;
./datasets/English//english_18;unbeing;0;2.92696;
./datasets/English//english_19;unbeing;0;2.92696;
./datasets/English//english_20;unbeing;0;2.92696;
./datasets/English//english_21;unbeing;0;2.92696;
./datasets/English//english_22;unbeing;0;2.92696;
./datasets/English//english_23;unbeing;0;2.92696;
./datasets/English//english_24;unbeing;0;2.92696;
./datasets/English//english_25;unbeing;0;2.92696;
./datasets/English//english_26;unbeing;0;2.92696;
./datasets/English//english_27;unbeing;0;2.92696;
./datasets/English//english_28;unbeing;0;2.92696;
./datasets/English//english_29;unbeing;0;2.92696;
./datasets/English//english_30;unbeing;0;2.92696;
./datasets/English//english_31;unbeing;0;2.92696;
./datasets/English//english_32;unbeing;0;2.92696;
./datasets/English//english_33;unbeing;0;2.92696;
./datasets/English//english_34;unbeing;0;2.92696;
./datasets/English//english_35;unbeing;0;2.92696;
./datasets/English//english_36;unbeing;0;2.92696;
./datasets/English//english_37;unbeing;0;2.92696;
./datasets/English//english_38;unbeing;0;2.92696;
./datasets/English//english_39;unbeing;0;2.92696;
./datasets/English//english_00;kangaroo;3;2.86601;
./datasets/English//english_01;kangaroo;0;2.86601;
./datasets/English//english_02;kangaroo;1;2.86601;
./datasets/English//english_03;kangaroo;0;2.86601;
./datasets/English//english_04;kangaroo;0;2.86601;
./datasets/English//english_05;kangaroo;0;2.86601;
./datasets/English//english_06;kangaroo;0;2.86601;
./datasets/English//english_07;kangaroo;0;2.86601;
./datasets/English//english_08;kangaroo;0;2.86601;
./datasets/English//english_09;kangaroo;0;2.86601;
./datasets/English//english_10;kangaroo;0;2.86601;
./datasets/English//english_11;kangaroo;0;2.86601;
./datasets/English//english_12;kangaroo;0;2.86601;
./datasets/English//english_13;kangaroo;0;2.86601;
./datasets/English//english_14;kangaroo;9;2.86601;
./datasets/English//english_15;kangaroo;3;2.86601;
./datasets/English//english_16;kangaroo;0;2.86601;
./datasets/English//english_17;kangaroo;0;2.86601;
./datasets/English//english_18;kangaroo;1;2.86601;
./datasets/English//english_19;kangaroo;0;2.86601;
./datasets/English//english_20;kangaroo;2;2.86601;
./datasets/English//english_21;kangaroo;0;2.86601;
./datasets/English//english_22;kangaroo;1;2.86601;
./datasets/English//english_23;kangaroo;3;2.86601;
./datasets/English//english_24;kangaroo;21;2.86601;
./datasets/English//english_25;kangaroo;1;2.86601;
./datasets/English//english_26;kangaroo;16;2.86601;
./datasets/English//english_27;kangaroo;37;2.86601;
./datasets/English//english_28;kangaroo;0;2.86601;
./datasets/English//english_29;kangaroo;0;2.86601;
./datasets/English//english_30;kangaroo;0;2.86601;
./datasets/English//english_31;kangaroo;0;2.86601;
./datasets/English//english_32;kangaroo;0;2.86601;
./datasets/English//english_33;kangaroo;0;2.86601;
./datasets/English//english_34;kangaroo;0;2.86601;
./datasets/English//english_35;kangaroo;0;2.86601;
./datasets/English//english_36;kangaroo;0;2.86601;
./datasets/English//english_37;kangaroo;0;2.86601;
./datasets/English//english_38;kangaroo;0;2.86601;
./datasets/English//english_39;kangaroo;5;2.86601;
./datasets/English//english_00;takosis;0;2.91137;
./datasets/English//english_01;takosis;0;2.91137;
./datasets/English//english_02;takosis;0;2.91137;
./datasets/English//english_03;takosis;0;2.91137;
./datasets/English//english_04;takosis;0;2.91137;
./datasets/English//english_05;takosis;0;2.91137;
./datasets/English//english_06;takosis;0;2.91137;
./datasets/English//english_07;takosis;0;2.91137;
./datasets/English//english_08;takosis;0;2.91137;
./datasets/English//english_09;takosis;0;2.91137;
./datasets/English//english_10;takosis;0;2.91137;
./datasets/English//english_11;takosis;0;2.91137;
./datasets/English//english_12;takosis;0;2.91137;
./datasets/English//english_13;takosis;0;2.91137;
./datasets/English//english_14;takosis;0;2.91137;
./datasets/English//english_15;takosis;0;2.91137;
./datasets/English//english_16;takosis;0;2.91137;
./datasets/English//english_17;takosis;0;2.91137;
./datasets/English//english_18;takosis;0;2.91137;
./datasets/English//english_19;takosis;0;2.91137;
./datasets/English//english_20;takosis;0;2.91137;
./datasets/English//english_21;takosis;0;2.91137;
./datasets/English//english_22;takosis;0;2.91137;
./datasets/English//english_23;takosis;0;2.91137;
./datasets/English//english_24;takosis;0;2.91137;
./datasets/English//english_25;takosis;0;2.91137;
./datasets/English//english_26;takosis;0;2.91137;
./datasets/English//english_27;takosis;0;2.91137;
./datasets/English//english_28;takosis;0;2.91137;
./datasets/English//english_29;takosis;0;2.91137;
./datasets/English//english_30;takosis;0;2.91137;
./datasets/English//english_31;takosis;0;2.91137;
./datasets/English//english_32;takosis;0;2.91137;
./datasets/English//english_33;takosis;0;2.91137;
./datasets/English//english_34;takosis;0;2.91137;
./datasets/English//english_35;takosis;0;2.91137;
./datasets/English//english_36;takosis;0;2.91137;
./datasets/English//english_37;takosis;0;2.91137;
./datasets/English//english_38;takosis;0;2.91137;
./datasets/English//english_39;takosis;0;2.91137;
./datasets/English//english_00;inconvertibility;0;2.60054;
./datasets/English//english_01;inconvertibility;0;2.60054;
./datasets/English//english_02;inconvertibility;0;2.60054;
./datasets/English//english_03;inconvertibility;0;2.60054;
./datasets/English//english_04;inconvertibility;0;2.60054;
./datasets/English//english_05;inconvertibility;0;2.60054;
./datasets/English//english_06;inconvertibility;0;2.60054;
./datasets/English//english_07;inconvertibility;0;2.60054;
./datasets/English//english_08;inconvertibility;0;2.60054;
./datasets/English//english_09;inconvertibility;0;2.60054;
./datasets/English//english_10;inconvertibility;0;2.60054;
./datasets/English//english_11;inconvertibility;0;2.60054;
./datasets/English//english_12;inconvertibility;0;2.60054;
./datasets/English//english_13;inconvertibility;0;2.60054;
./datasets/English//english_14;inconvertibility;0;2.60054;
./datasets/English//english_15;inconvertibility;0;2.60054;
./datasets/English//english_16;inconvertibility;0;2.60054;
./datasets/English//english_17;inconvertibility;0;2.60054;
./datasets/English//english_18;inconvertibility;0;2.60054;
./datasets/English//english_19;inconvertibility;0;2.60054;
./datasets/English//english_20;inconvertibility;0;2.60054;
./datasets/English//english_21;inconvertibility;0;2.60054;
./datasets/English//english_22;inconvertibility;0;2.60054;
./datasets/English//english_23;inconvertibility;0;2.60054;
./datasets/English//english_24;inconvertibility;0;2.60054;
./datasets/English//english_25;inconvertibility;0;2.60054;
./datasets/English//english_26;inconvertibility;0;2.60054;
./datasets/English//english_27;inconvertibility;0;2.60054;
./datasets/English//english_28;inconvertibility;0;2.60054;
./datasets/English//english_29;inconvertibility;0;2.60054;
./datasets/English//english_30;inconvertibility;0;2.60054;
./datasets/English//english_31;inconvertibility;0;2.60054;
./datasets/English//english_32;inconvertibility;0;2.60054;
./datasets/English//english_33;inconvertibility;0;2.60054;
./datasets/English//english_34;inconvertibility;0;2.60054;
./datasets/English//english_35;inconvertibility;0;2.60054;
./datasets/English//english_36;inconvertibility;0;2.60054;
./datasets/English//english_37;inconvertibility;0;2.60054;
./datasets/English//english_38;inconvertibility;0;2.60054;
./datasets/English//english_39;inconvertibility;0;2.60054;
./datasets/English//english_00;anesthetist;0;2.79411;
./datasets/English//english_01;anesthetist;0;2.79411;
./datasets/English//english_02;anesthetist;0;2.79411;
./datasets/English//english_03;anesthetist;0;2.79411;
./datasets/English//english_04;anesthetist;0;2.79411;
./datasets/English//english_05;anesthetist;0;2.79411;
./datasets/English//english_06;anesthetist;0;2.79411;
./datasets/English//english_07;anesthetist;0;2.79411;
./datasets/English//english_08;anesthetist;0;2.79411;
./datasets/English//english_09;anesthetist;0;2.79411;
./datasets/English//english_10;anesthetist;0;2.79411;
./datasets/English//english_11;anesthetist;0;2.79411;
./datasets/English//english_12;anesthetist;0;2.79411;
./datasets/English//english_13;anesthetist;0;2.79411;
./datasets/English//english_14;anesthetist;0;2.79411;
./datasets/English//english_15;anesthetist;0;2.79411;
./datasets/English//english_16;anesthetist;0;2.79411;
./datasets/English//english_17;anesthetist;0;2.79411;
./datasets/English//english_18;anesthetist;0;2.79411;
./datasets/English//english_19;anesthetist;0;2.79411;
./datasets/English//english_20;anesthetist;0;2.79411;
./datasets/English//english_21;anesthetist;0;2.79411;
./datasets/English//english_22;anesthetist;0;2.79411;
./datasets/English//english_23;anesthetist;0;2.79411;
./datasets/English//english_24;anesthetist;0;2.79411;
./datasets/English//english_25;anesthetist;0;2.79411;
./datasets/English//english_26;anesthetist;0;2.79411;
./datasets/English//english_27;anesthetist;0;2.79411;
./datasets/English//english_28;anesthetist;0;2.79411;
./datasets/English//english_29;anesthetist;0;2.79411;
./datasets/English//english_30;anesthetist;0;2.79411;
./datasets/English//english_31;anesthetist;0;2.79411;
./datasets/English//english_32;anesthetist;0;2.79411;
./datasets/English//english_33;anesthetist;0;2.79411;
./datasets/English//english_34;anesthetist;0;2.79411;
./datasets/English//english_35;anesthetist;0;2.79411;
./datasets/English//english_36;anesthetist;0;2.79411;
./datasets/English//english_37;anesthetist;0;2.79411;
./datasets/English//english_38;anesthetist;0;2.79411;
./datasets/English//english_39;anesthetist;0;2.79411;
./datasets/English//english_00;rumorproof;0;2.678;
./datasets/English//english_01;rumorproof;0;2.678;
./datasets/English//english_02;rumorproof;0;2.678;
./datasets/English//english_03;rumorproof;0;2.678;
./datasets/English//english_04;rumorproof;0;2.678;
./datasets/English//english_05;rumorproof;0;2.678;
./datasets/English//english_06;rumorproof;0;2.678;
./datasets/English//english_07;rumorproof;0;2.678;
./datasets/English//english_08;rumorproof;0;2.678;
./datasets/English//english_09;rumorproof;0;2.678;
./datasets/English//english_10;rumorproof;0;2.678;
./datasets/English//english_11;rumorproof;0;2.678;
./datasets/English//english_12;rumorproof;0;2.678;
./datasets/English//english_13;rumorproof;0;2.678;
./datasets/English//english_14;rumorproof;0;2.678;
./datasets/English//english_15;rumorproof;0;2.678;
./datasets/English//english_16;rumorproof;0;2.678;
./datasets/English//english_17;rumorproof;0;2.678;
./datasets/English//english_18;rumorproof;0;2.678;
./datasets/English//english_19;rumorproof;0;2.678;
./datasets/English//english_20;rumorproof;0;2.678;
./datasets/English//english_21;rumorproof;0;2.678;
./datasets/English//english_22;rumorproof;0;2.678;
./datasets/English//english_23;rumorproof;0;2.678;
./datasets/English//english_24;rumorproof;0;2.678;
./datasets/English//english_25;rumorproof;0;2.678;
./datasets/English//english_26;rumorproof;0;2.678;
./datasets/English//english_27;rumorproof;0;2.678;
./datasets/English//english_28;rumorproof;0;2.678;
./datasets/English//english_29;rumorproof;0;2.678;
./datasets/English//english_30;rumorproof;0;2.678;
./datasets/English//english_31;rumorproof;0;2.678;
./datasets/English//english_32;rumorproof;0;2.678;
./datasets/English//english_33;rumorproof;0;2.678;
./datasets/English//english_34;rumorproof;0;2.678;
./datasets/English//english_35;rumorproof;0;2.678;
./datasets/English//english_36;rumorproof;0;2.678;
./datasets/English//english_37;rumorproof;0;2.678;
./datasets/English//english_38;rumorproof;0;2.678;
./datasets/English//english_39;rumorproof;0;2.678;
./datasets/English//english_00;thoracoscopy;0;2.59596;
./datasets/English//english_01;thoracoscopy;0;2.59596;
./datasets/English//english_02;thoracoscopy;0;2.59596;
./datasets/English//english_03;thoracoscopy;0;2.59596;
./datasets/English//english_04;thoracoscopy;0;2.59596;
./datasets/English//english_05;thoracoscopy;0;2.59596;
./datasets/English//english_06;thoracoscopy;0;2.59596;
./datasets/English//english_07;thoracoscopy;0;2.59596;
./datasets/English//english_08;thoracoscopy;0;2.59596;
./datasets/English//english_09;thoracoscopy;0;2.59596;
./datasets/English//english_10;thoracoscopy;0;2.59596;
./datasets/English//english_11;thoracoscopy;0;2.59596;
./datasets/English//english_12;thoracoscopy;0;2.59596;
./datasets/English//english_13;thoracoscopy;0;2.59596;
./datasets/English//english_14;thoracoscopy;0;2.59596;
./datasets/English//english_15;thoracoscopy;0;2.59596;
./datasets/English//english_16;thoracoscopy;0;2.59596;
./datasets/English//english_17;thoracoscopy;0;2.59596;
./datasets/English//english_18;thoracoscopy;0;2.59596;
./datasets/English//english_19;thoracoscopy;0;2.59596;
./datasets/English//english_20;thoracoscopy;0;2.59596;
./datasets/English//english_21;thoracoscopy;0;2.59596;
./datasets/English//english_22;thoracoscopy;0;2.59596;
./datasets/English//english_23;thoracoscopy;0;2.59596;
./datasets/English//english_24;thoracoscopy;0;2.59596;
./datasets/English//english_25;thoracoscopy;0;2.59596;
./datasets/English//english_26;thoracoscopy;0;2.59596;
./datasets/English//english_27;thoracoscopy;0;2.59596;
./datasets/English//english_28;thoracoscopy;0;2.59596;
./datasets/English//english_29;thoracoscopy;0;2.59596;
./datasets/English//english_30;thoracoscopy;0;2.59596;
./datasets/English//english_31;thoracoscopy;0;2.59596;
./datasets/English//english_32;thoracoscopy;0;2.59596;
./datasets/English//english_33;thoracoscopy;0;2.59596;
./datasets/English//english_34;thoracoscopy;0;2.59596;
./datasets/English//english_35;thoracoscopy;0;2.59596;
./datasets/English//english_36;thoracoscopy;0;2.59596;
./datasets/English//english_37;thoracoscopy;0;2.59596;
./datasets/English//english_38;thoracoscopy;0;2.59596;
./datasets/English//english_39;thoracoscopy;0;2.59596;
./datasets/English//english_00;euphorbium;0;2.70002;
./datasets/English//english_01;euphorbium;2;2.70002;
./datasets/English//english_02;euphorbium;0;2.70002;
./datasets/English//english_03;euphorbium;0;2.70002;
./datasets/English//english_04;euphorbium;0;2.70002;
./datasets/English//english_05;euphorbium;0;2.70002;
./datasets/English//english_06;euphorbium;0;2.70002;
./datasets/English//english_07;euphorbium;0;2.70002;
./datasets/English//english_08;euphorbium;0;2.70002;
./datasets/English//english_09;euphorbium;0;2.70002;
./datasets/English//english_10;euphorbium;0;2.70002;
./datasets/English//english_11;euphorbium;0;2.70002;
./datasets/English//english_12;euphorbium;0;2.70002;
./datasets/English//english_13;euphorbium;0;2.70002;
./datasets/English//english_14;euphorbium;0;2.70002;
./datasets/English//english_15;euphorbium;0;2.70002;
./datasets/English//english_16;euphorbium;0;2.70002;
./datasets/English//english_17;euphorbium;0;2.70002;
./datasets/English//english_18;euphorbium;0;2.70002;
./datasets/English//english_19;euphorbium;0;2.70002;
./datasets/English//english_20;euphorbium;0;2.70002;
./datasets/English//english_21;euphorbium;0;2.70002;
./datasets/English//english_22;euphorbium;0;2.70002;
./datasets/English//english_23;euphorbium;0;2.70002;
./datasets/English//english_24;euphorbium;0;2.70002;
./datasets/English//english_25;euphorbium;0;2.70002;
./datasets/English//english_26;euphorbium;0;2.70002;
./datasets/English//english_27;euphorbium;0;2.70002;
./datasets/English//english_28;euphorbium;0;2.70002;
./datasets/English//english_29;euphorbium;0;2.70002;
./datasets/English//english_30;euphorbium;0;2.70002;
./datasets/English//english_31;euphorbium;0;2.70002;
./datasets/English//english_32;euphorbium;0;2.70002;
./datasets/English//english_33;euphorbium;0;2.70002;
./datasets/English//english_34;euphorbium;0;2.70002;
./datasets/English//english_35;euphorbium;0;2.70002;
./datasets/English//english_36;euphorbium;0;2.70002;
./datasets/English//english_37;euphorbium;0;2.70002;
./datasets/English//english_38;euphorbium;0;2.70002;
./datasets/English//english_39;euphorbium;0;2.70002;
./datasets/English//english_00;bizet;0;3.20603;
./datasets/English//english_01;bizet;0;3.20603;
./datasets/English//english_02;bizet;0;3.20603;
./datasets/English//english_03;bizet;0;3.20603;
./datasets/English//english_04;bizet;0;3.20603;
./datasets/English//english_05;bizet;0;3.20603;
./datasets/English//english_06;bizet;0;3.20603;
./datasets/English//english_07;bizet;0;3.20603;
./datasets/English//english_08;bizet;0;3.20603;
./datasets/English//english_09;bizet;0;3.20603;
./datasets/English//english_10;bizet;0;3.20603;
./datasets/English//english_11;bizet;0;3.20603;
./datasets/English//english_12;bizet;0;3.20603;
./datasets/English//english_13;bizet;0;3.20603;
./datasets/English//english_14;bizet;0;3.20603;
./datasets/English//english_15;bizet;0;3.20603;
./datasets/English//english_16;bizet;0;3.20603;
./datasets/English//english_17;bizet;0;3.20603;
./datasets/English//english_18;bizet;0;3.20603;
./datasets/English//english_19;bizet;0;3.20603;
./datasets/English//english_20;bizet;0;3.20603;
./datasets/English//english_21;bizet;0;3.20603;
./datasets/English//english_22;bizet;0;3.20603;
./datasets/English//english_23;bizet;0;3.20603;
./datasets/English//english_24;bizet;0;3.20603;
./datasets/English//english_25;bizet;0;3.20603;
./datasets/English//english_26;bizet;0;3.20603;
./datasets/English//english_27;bizet;0;3.20603;
./datasets/English//english_28;bizet;0;3.20603;
./datasets/English//english_29;bizet;0;3.20603;
./datasets/English//english_30;bizet;0;3.20603;
./datasets/English//english_31;bizet;0;3.20603;
./datasets/English//english_32;bizet;0;3.20603;
./datasets/English//english_33;bizet;0;3.20603;
./datasets/English//english_34;bizet;0;3.20603;
./datasets/English//english_35;bizet;0;3.20603;
./datasets/English//english_36;bizet;0;3.20603;
./datasets/English//english_37;bizet;0;3.20603;
./datasets/English//english_38;bizet;0;3.20603;
./datasets/English//english_39;bizet;0;3.20603;
./datasets/English//english_00;song;109;3.41122;
./datasets/English//english_01;song;82;3.41122;
./datasets/English//english_02;song;44;3.41122;
./datasets/English//english_03;song;63;3.41122;
./datasets/English//english_04;song;71;3.41122;
./datasets/English//english_05;song;230;3.41122;
./datasets/English//english_06;song;89;3.41122;
./datasets/English//english_07;song;147;3.41122;
./datasets/English//english_08;song;24;3.41122;
./datasets/English//english_09;song;45;3.41122;
./datasets/English//english_10;song;88;3.41122;
./datasets/English//english_11;song;64;3.41122;
./datasets/English//english_12;song;34;3.41122;
./datasets/English//english_13;song;83;3.41122;
./datasets/English//english_14;song;43;3.41122;
./datasets/English//english_15;song;71;3.41122;
./datasets/English//english_16;song;112;3.41122;
./datasets/English//english_17;song;145;3.41122;
./datasets/English//english_18;song;99;3.41122;
./datasets/English//english_19;song;11;3.41122;
./datasets/English//english_20;song;53;3.41122;
./datasets/English//english_21;song;51;3.41122;
./datasets/English//english_22;song;171;3.41122;
./datasets/English//english_23;song;58;3.41122;
./datasets/English//english_24;song;82;3.41122;
./datasets/English//english_25;song;48;3.41122;
./datasets/English//english_26;song;65;3.41122;
./datasets/English//english_27;song;68;3.41122;
./datasets/English//english_28;song;112;3.41122;
./datasets/English//english_29;song;18;3.41122;
./datasets/English//english_30;song;220;3.41122;
./datasets/English//english_31;song;91;3.41122;
./datasets/English//english_32;song;77;3.41122;
./datasets/English//english_33;song;55;3.41122;
./datasets/English//english_34;song;79;3.41122;
./datasets/English//english_35;song;66;3.41122;
./datasets/English//english_36;song;92;3.41122;
./datasets/English//english_37;song;100;3.41122;
./datasets/English//english_38;song;149;3.41122;
./datasets/English//english_39;song;170;3.41122;
./datasets/English//english_00;dolichocephali;0;2.59854;
./datasets/English//english_01;dolichocephali;0;2.59854;
./datasets/English//english_02;dolichocephali;0;2.59854;
./datasets/English//english_03;dolichocephali;0;2.59854;
./datasets/English//english_04;dolichocephali;0;2.59854;
./datasets/English//english_05;dolichocephali;0;2.59854;
./datasets/English//english_06;dolichocephali;0;2.59854;
./datasets/English//english_07;dolichocephali;0;2.59854;
./datasets/English//english_08;dolichocephali;0;2.59854;
./datasets/English//english_09;dolichocephali;0;2.59854;
./datasets/English//english_10;dolichocephali;0;2.59854;
./datasets/English//english_11;dolichocephali;0;2.59854;
./datasets/English//english_12;dolichocephali;0;2.59854;
./datasets/English//english_13;dolichocephali;0;2.59854;
./datasets/English//english_14;dolichocephali;0;2.59854;
./datasets/English//english_15;dolichocephali;0;2.59854;
./datasets/English//english_16;dolichocephali;0;2.59854;
./datasets/English//english_17;dolichocephali;0;2.59854;
./datasets/English//english_18;dolichocephali;4;2.59854;
./datasets/English//english_19;dolichocephali;0;2.59854;
./datasets/English//english_20;dolichocephali;0;2.59854;
./datasets/English//english_21;dolichocephali;0;2.59854;
./datasets/English//english_22;dolichocephali;0;2.59854;
./datasets/English//english_23;dolichocephali;23;2.59854;
./datasets/English//english_24;dolichocephali;0;2.59854;
./datasets/English//english_25;dolichocephali;0;2.59854;
./datasets/English//english_26;dolichocephali;0;2.59854;
./datasets/English//english_27;dolichocephali;0;2.59854;
./datasets/English//english_28;dolichocephali;0;2.59854;
./datasets/English//english_29;dolichocephali;0;2.59854;
./datasets/English//english_30;dolichocephali;0;2.59854;
./datasets/English//english_31;dolichocephali;0;2.59854;
./datasets/English//english_32;dolichocephali;0;2.59854;
./datasets/English//english_33;dolichocephali;0;2.59854;
./datasets/English//english_34;dolichocephali;0;2.59854;
./datasets/English//english_35;dolichocephali;0;2.59854;
./datasets/English//english_36;dolichocephali;0;2.59854;
./datasets/English//english_37;dolichocephali;0;2.59854;
./datasets/English//english_38;dolichocephali;0;2.59854;
./datasets/English//english_39;dolichocephali;0;2.59854;
./datasets/English//english_00;platemaker;0;2.74233;
./datasets/English//english_01;platemaker;0;2.74233;
./datasets/English//english_02;platemaker;0;2.74233;
./datasets/English//english_03;platemaker;0;2.74233;
./datasets/English//english_04;platemaker;0;2.74233;
./datasets/English//english_05;platemaker;0;2.74233;
./datasets/English//english_06;platemaker;0;2.74233;
./datasets/English//english_07;platemaker;0;2.74233;
./datasets/English//english_08;platemaker;0;2.74233;
./datasets/English//english_09;platemaker;0;2.74233;
./datasets/English//english_10;platemaker;0;2.74233;
./datasets/English//english_11;platemaker;0;2.74233;
./datasets/English//english_12;platemaker;0;2.74233;
./datasets/English//english_13;platemaker;0;2.74233;
./datasets/English//english_14;platemaker;0;2.74233;
./datasets/English//english_15;platemaker;0;2.74233;
./datasets/English//english_16;platemaker;0;2.74233;
./datasets/English//english_17;platemaker;0;2.74233;
./datasets/English//english_18;platemaker;0;2.74233;
./datasets/English//english_19;platemaker;0;2.74233;
./datasets/English//english_20;platemaker;0;2.74233;
./datasets/English//english_21;platemaker;0;2.74233;
./datasets/English//english_22;platemaker;0;2.74233;
./datasets/English//english_23;platemaker;0;2.74233;
./datasets/English//english_24;platemaker;0;2.74233;
./datasets/English//english_25;platemaker;0;2.74233;
./datasets/English//english_26;platemaker;0;2.74233;
./datasets/English//english_27;platemaker;0;2.74233;
./datasets/English//english_28;platemaker;0;2.74233;
./datasets/English//english_29;platemaker;0;2.74233;
./datasets/English//english_30;platemaker;0;2.74233;
./datasets/English//english_31;platemaker;0;2.74233;
./datasets/English//english_32;platemaker;0;2.74233;
./datasets/English//english_33;platemaker;0;2.74233;
./datasets/English//english_34;platemaker;0;2.74233;
./datasets/English//english_35;platemaker;0;2.74233;
./datasets/English//english_36;platemaker;0;2.74233;
./datasets/English//english_37;platemaker;0;2.74233;
./datasets/English//english_38;platemaker;0;2.74233;
./datasets/English//english_39;platemaker;0;2.74233;
./datasets/English//english_00;vesicupapular;0;2.63697;
./datasets/English//english_01;vesicupapular;0;2.63697;
./datasets/English//english_02;vesicupapular;0;2.63697;
./datasets/English//english_03;vesicupapular;0;2.63697;
./datasets/English//english_04;vesicupapular;0;2.63697;
./datasets/English//english_05;vesicupapular;0;2.63697;
./datasets/English//english_06;vesicupapular;0;2.63697;
./datasets/English//english_07;vesicupapular;0;2.63697;
./datasets/English//english_08;vesicupapular;0;2.63697;
./datasets/English//english_09;vesicupapular;0;2.63697;
./datasets/English//english_10;vesicupapular;0;2.63697;
./datasets/English//english_11;vesicupapular;0;2.63697;
./datasets/English//english_12;vesicupapular;0;2.63697;
./datasets/English//english_13;vesicupapular;0;2.63697;
./datasets/English//english_14;vesicupapular;0;2.63697;
./datasets/English//english_15;vesicupapular;0;2.63697;
./datasets/English//english_16;vesicupapular;0;2.63697;
./datasets/English//english_17;vesicupapular;0;2.63697;
./datasets/English//english_18;vesicupapular;0;2.63697;
./datasets/English//english_19;vesicupapular;0;2.63697;
./datasets/English//english_20;vesicupapular;0;2.63697;
./datasets/English//english_21;vesicupapular;0;2.63697;
./datasets/English//english_22;vesicupapular;0;2.63697;
./datasets/English//english_23;vesicupapular;0;2.63697;
./datasets/English//english_24;vesicupapular;0;2.63697;
./datasets/English//english_25;vesicupapular;0;2.63697;
./datasets/English//english_26;vesicupapular;0;2.63697;
./datasets/English//english_27;vesicupapular;0;2.63697;
./datasets/English//english_28;vesicupapular;0;2.63697;
./datasets/English//english_29;vesicupapular;0;2.63697;
./datasets/English//english_30;vesicupapular;0;2.63697;
./datasets/English//english_31;vesicupapular;0;2.63697;
./datasets/English//english_32;vesicupapular;0;2.63697;
./datasets/English//english_33;vesicupapular;0;2.63697;
./datasets/English//english_34;vesicupapular;0;2.63697;
./datasets/English//english_35;vesicupapular;0;2.63697;
./datasets/English//english_36;vesicupapular;0;2.63697;
./datasets/English//english_37;vesicupapular;0;2.63697;
./datasets/English//english_38;vesicupapular;0;2.63697;
./datasets/English//english_39;vesicupapular;0;2.63697;
./datasets/English//english_00;electroforming;0;2.59197;
./datasets/English//english_01;electroforming;0;2.59197;
./datasets/English//english_02;electroforming;0;2.59197;
./datasets/English//english_03;electroforming;0;2.59197;
./datasets/English//english_04;electroforming;0;2.59197;
./datasets/English//english_05;electroforming;0;2.59197;
./datasets/English//english_06;electroforming;0;2.59197;
./datasets/English//english_07;electroforming;0;2.59197;
./datasets/English//english_08;electroforming;0;2.59197;
./datasets/English//english_09;electroforming;0;2.59197;
./datasets/English//english_10;electroforming;0;2.59197;
./datasets/English//english_11;electroforming;0;2.59197;
./datasets/English//english_12;electroforming;0;2.59197;
./datasets/English//english_13;electroforming;0;2.59197;
./datasets/English//english_14;electroforming;0;2.59197;
./datasets/English//english_15;electroforming;0;2.59197;
./datasets/English//english_16;electroforming;0;2.59197;
./datasets/English//english_17;electroforming;0;2.59197;
./datasets/English//english_18;electroforming;0;2.59197;
./datasets/English//english_19;electroforming;0;2.59197;
./datasets/English//english_20;electroforming;0;2.59197;
./datasets/English//english_21;electroforming;0;2.59197;
./datasets/English//english_22;electroforming;0;2.59197;
./datasets/English//english_23;electroforming;0;2.59197;
./datasets/English//english_24;electroforming;0;2.59197;
./datasets/English//english_25;electroforming;0;2.59197;
./datasets/English//english_26;electroforming;0;2.59197;
./datasets/English//english_27;electroforming;0;2.59197;
./datasets/English//english_28;electroforming;0;2.59197;
./datasets/English//english_29;electroforming;0;2.59197;
./datasets/English//english_30;electroforming;0;2.59197;
./datasets/English//english_31;electroforming;0;2.59197;
./datasets/English//english_32;electroforming;0;2.59197;
./datasets/English//english_33;electroforming;0;2.59197;
./datasets/English//english_34;electroforming;0;2.59197;
./datasets/English//english_35;electroforming;0;2.59197;
./datasets/English//english_36;electroforming;0;2.59197;
./datasets/English//english_37;electroforming;0;2.59197;
./datasets/English//english_38;electroforming;0;2.59197;
./datasets/English//english_39;electroforming;0;2.59197;
./datasets/English//english_00;dilatingly;0;2.76604;
./datasets/English//english_01;dilatingly;0;2.76604;
./datasets/English//english_02;dilatingly;0;2.76604;
./datasets/English//english_03;dilatingly;0;2.76604;
./datasets/English//english_04;dilatingly;0;2.76604;
./datasets/English//english_05;dilatingly;0;2.76604;
./datasets/English//english_06;dilatingly;0;2.76604;
./datasets/English//english_07;dilatingly;0;2.76604;
./datasets/English//english_08;dilatingly;0;2.76604;
./datasets/English//english_09;dilatingly;0;2.76604;
./datasets/English//english_10;dilatingly;0;2.76604;
./datasets/English//english_11;dilatingly;0;2.76604;
./datasets/English//english_12;dilatingly;0;2.76604;
./datasets/English//english_13;dilatingly;0;2.76604;
./datasets/English//english_14;dilatingly;0;2.76604;
./datasets/English//english_15;dilatingly;0;2.76604;
./datasets/English//english_16;dilatingly;0;2.76604;
./datasets/English//english_17;dilatingly;0;2.76604;
./datasets/English//english_18;dilatingly;0;2.76604;
./datasets/English//english_19;dilatingly;0;2.76604;
./datasets/English//english_20;dilatingly;0;2.76604;
./datasets/English//english_21;dilatingly;0;2.76604;
./datasets/English//english_22;dilatingly;0;2.76604;
./datasets/English//english_23;dilatingly;0;2.76604;
./datasets/English//english_24;dilatingly;0;2.76604;
./datasets/English//english_25;dilatingly;0;2.76604;
./datasets/English//english_26;dilatingly;0;2.76604;
./datasets/English//english_27;dilatingly;0;2.76604;
./datasets/English//english_28;dilatingly;0;2.76604;
./datasets/English//english_29;dilatingly;0;2.76604;
./datasets/English//english_30;dilatingly;0;2.76604;
./datasets/English//english_31;dilatingly;0;2.76604;
./datasets/English//english_32;dilatingly;0;2.76604;
./datasets/English//english_33;dilatingly;0;2.76604;
./datasets/English//english_34;dilatingly;0;2.76604;
./datasets/English//english_35;dilatingly;0;2.76604;
./datasets/English//english_36;dilatingly;0;2.76604;
./datasets/English//english_37;dilatingly;0;2.76604;
./datasets/English//english_38;dilatingly;0;2.76604;
./datasets/English//english_39;dilatingly;0;2.76604;
./datasets/English//english_00;meethelp;0;2.82599;
./datasets/English//english_01;meethelp;0;2.82599;
./datasets/English//english_02;meethelp;0;2.82599;
./datasets/English//english_03;meethelp;0;2.82599;
./datasets/English//english_04;meethelp;0;2.82599;
./datasets/English//english_05;meethelp;0;2.82599;
./datasets/English//english_06;meethelp;0;2.82599;
./datasets/English//english_07;meethelp;0;2.82599;
./datasets/English//english_08;meethelp;0;2.82599;
./datasets/English//english_09;meethelp;0;2.82599;
./datasets/English//english_10;meethelp;0;2.82599;
./datasets/English//english_11;meethelp;0;2.82599;
./datasets/English//english_12;meethelp;0;2.82599;
./datasets/English//english_13;meethelp;0;2.82599;
./datasets/English//english_14;meethelp;0;2.82599;
./datasets/English//english_15;meethelp;0;2.82599;
./datasets/English//english_16;meethelp;0;2.82599;
./datasets/English//english_17;meethelp;0;2.82599;
./datasets/English//english_18;meethelp;0;2.82599;
./datasets/English//english_19;meethelp;0;2.82599;
./datasets/English//english_20;meethelp;0;2.82599;
./datasets/English//english_21;meethelp;0;2.82599;
./datasets/English//english_22;meethelp;0;2.82599;
./datasets/English//english_23;meethelp;0;2.82599;
./datasets/English//english_24;meethelp;0;2.82599;
./datasets/English//english_25;meethelp;0;2.82599;
./datasets/English//english_26;meethelp;0;2.82599;
./datasets/English//english_27;meethelp;0;2.82599;
./datasets/English//english_28;meethelp;0;2.82599;
./datasets/English//english_29;meethelp;0;2.82599;
./datasets/English//english_30;meethelp;0;2.82599;
./datasets/English//english_31;meethelp;0;2.82599;
./datasets/English//english_32;meethelp;0;2.82599;
./datasets/English//english_33;meethelp;0;2.82599;
./datasets/English//english_34;meethelp;0;2.82599;
./datasets/English//english_35;meethelp;0;2.82599;
./datasets/English//english_36;meethelp;0;2.82599;
./datasets/English//english_37;meethelp;0;2.82599;
./datasets/English//english_38;meethelp;0;2.82599;
./datasets/English//english_39;meethelp;0;2.82599;
./datasets/English//english_00;loincloth;0;2.82706;
./datasets/English//english_01;loincloth;0;2.82706;
./datasets/English//english_02;loincloth;0;2.82706;
./datasets/English//english_03;loincloth;0;2.82706;
./datasets/English//english_04;loincloth;0;2.82706;
./datasets/English//english_05;loincloth;0;2.82706;
./datasets/English//english_06;loincloth;0;2.82706;
./datasets/English//english_07;loincloth;0;2.82706;
./datasets/English//english_08;loincloth;0;2.82706;
./datasets/English//english_09;loincloth;0;2.82706;
./datasets/English//english_10;loincloth;0;2.82706;
./datasets/English//english_11;loincloth;0;2.82706;
./datasets/English//english_12;loincloth;0;2.82706;
./datasets/English//english_13;loincloth;0;2.82706;
./datasets/English//english_14;loincloth;0;2.82706;
./datasets/English//english_15;loincloth;0;2.82706;
./datasets/English//english_16;loincloth;0;2.82706;
./datasets/English//english_17;loincloth;0;2.82706;
./datasets/English//english_18;loincloth;0;2.82706;
./datasets/English//english_19;loincloth;0;2.82706;
./datasets/English//english_20;loincloth;0;2.82706;
./datasets/English//english_21;loincloth;0;2.82706;
./datasets/English//english_22;loincloth;0;2.82706;
./datasets/English//english_23;loincloth;1;2.82706;
./datasets/English//english_24;loincloth;2;2.82706;
./datasets/English//english_25;loincloth;0;2.82706;
./datasets/English//english_26;loincloth;0;2.82706;
./datasets/English//english_27;loincloth;0;2.82706;
./datasets/English//english_28;loincloth;0;2.82706;
./datasets/English//english_29;loincloth;0;2.82706;
./datasets/English//english_30;loincloth;0;2.82706;
./datasets/English//english_31;loincloth;0;2.82706;
./datasets/English//english_32;loincloth;0;2.82706;
./datasets/English//english_33;loincloth;0;2.82706;
./datasets/English//english_34;loincloth;0;2.82706;
./datasets/English//english_35;loincloth;0;2.82706;
./datasets/English//english_36;loincloth;0;2.82706;
./datasets/English//english_37;loincloth;0;2.82706;
./datasets/English//english_38;loincloth;0;2.82706;
./datasets/English//english_39;loincloth;0;2.82706;
./datasets/English//english_00;avowably;0;2.90396;
./datasets/English//english_01;avowably;0;2.90396;
./datasets/English//english_02;avowably;0;2.90396;
./datasets/English//english_03;avowably;0;2.90396;
./datasets/English//english_04;avowably;0;2.90396;
./datasets/English//english_05;avowably;0;2.90396;
./datasets/English//english_06;avowably;0;2.90396;
./datasets/English//english_07;avowably;0;2.90396;
./datasets/English//english_08;avowably;0;2.90396;
./datasets/English//english_09;avowably;0;2.90396;
./datasets/English//english_10;avowably;0;2.90396;
./datasets/English//english_11;avowably;0;2.90396;
./datasets/English//english_12;avowably;0;2.90396;
./datasets/English//english_13;avowably;0;2.90396;
./datasets/English//english_14;avowably;0;2.90396;
./datasets/English//english_15;avowably;0;2.90396;
./datasets/English//english_16;avowably;0;2.90396;
./datasets/English//english_17;avowably;0;2.90396;
./datasets/English//english_18;avowably;0;2.90396;
./datasets/English//english_19;avowably;0;2.90396;
./datasets/English//english_20;avowably;0;2.90396;
./datasets/English//english_21;avowably;0;2.90396;
./datasets/English//english_22;avowably;0;2.90396;
./datasets/English//english_23;avowably;0;2.90396;
./datasets/English//english_24;avowably;0;2.90396;
./datasets/English//english_25;avowably;0;2.90396;
./datasets/English//english_26;avowably;0;2.90396;
./datasets/English//english_27;avowably;0;2.90396;
./datasets/English//english_28;avowably;0;2.90396;
./datasets/English//english_29;avowably;0;2.90396;
./datasets/English//english_30;avowably;0;2.90396;
./datasets/English//english_31;avowably;0;2.90396;
./datasets/English//english_32;avowably;0;2.90396;
./datasets/English//english_33;avowably;0;2.90396;
./datasets/English//english_34;avowably;0;2.90396;
./datasets/English//english_35;avowably;0;2.90396;
./datasets/English//english_36;avowably;0;2.90396;
./datasets/English//english_37;avowably;0;2.90396;
./datasets/English//english_38;avowably;0;2.90396;
./datasets/English//english_39;avowably;0;2.90396;
./datasets/English//english_00;counterindicate;0;2.72762;
./datasets/English//english_01;counterindicate;0;2.72762;
./datasets/English//english_02;counterindicate;0;2.72762;
./datasets/English//english_03;counterindicate;0;2.72762;
./datasets/English//english_04;counterindicate;0;2.72762;
./datasets/English//english_05;counterindicate;0;2.72762;
./datasets/English//english_06;counterindicate;0;2.72762;
./datasets/English//english_07;counterindicate;0;2.72762;
./datasets/English//english_08;counterindicate;0;2.72762;
./datasets/English//english_09;counterindicate;0;2.72762;
./datasets/English//english_10;counterindicate;0;2.72762;
./datasets/English//english_11;counterindicate;0;2.72762;
./datasets/English//english_12;counterindicate;0;2.72762;
./datasets/English//english_13;counterindicate;0;2.72762;
./datasets/English//english_14;counterindicate;0;2.72762;
./datasets/English//english_15;counterindicate;0;2.72762;
./datasets/English//english_16;counterindicate;0;2.72762;
./datasets/English//english_17;counterindicate;0;2.72762;
./datasets/English//english_18;counterindicate;0;2.72762;
./datasets/English//english_19;counterindicate;0;2.72762;
./datasets/English//english_20;counterindicate;0;2.72762;
./datasets/English//english_21;counterindicate;0;2.72762;
./datasets/English//english_22;counterindicate;0;2.72762;
./datasets/English//english_23;counterindicate;0;2.72762;
./datasets/English//english_24;counterindicate;0;2.72762;
./datasets/English//english_25;counterindicate;0;2.72762;
./datasets/English//english_26;counterindicate;0;2.72762;
./datasets/English//english_27;counterindicate;0;2.72762;
./datasets/English//english_28;counterindicate;0;2.72762;
./datasets/English//english_29;counterindicate;0;2.72762;
./datasets/English//english_30;counterindicate;0;2.72762;
./datasets/English//english_31;counterindicate;0;2.72762;
./datasets/English//english_32;counterindicate;0;2.72762;
./datasets/English//english_33;counterindicate;0;2.72762;
./datasets/English//english_34;counterindicate;0;2.72762;
./datasets/English//english_35;counterindicate;0;2.72762;
./datasets/English//english_36;counterindicate;0;2.72762;
./datasets/English//english_37;counterindicate;0;2.72762;
./datasets/English//english_38;counterindicate;0;2.72762;
./datasets/English//english_39;counterindicate;0;2.72762;
./datasets/English//english_00;treacliness;0;2.76543;
./datasets/English//english_01;treacliness;0;2.76543;
./datasets/English//english_02;treacliness;0;2.76543;
./datasets/English//english_03;treacliness;0;2.76543;
./datasets/English//english_04;treacliness;0;2.76543;
./datasets/English//english_05;treacliness;0;2.76543;
./datasets/English//english_06;treacliness;0;2.76543;
./datasets/English//english_07;treacliness;0;2.76543;
./datasets/English//english_08;treacliness;0;2.76543;
./datasets/English//english_09;treacliness;0;2.76543;
./datasets/English//english_10;treacliness;0;2.76543;
./datasets/English//english_11;treacliness;0;2.76543;
./datasets/English//english_12;treacliness;0;2.76543;
./datasets/English//english_13;treacliness;0;2.76543;
./datasets/English//english_14;treacliness;0;2.76543;
./datasets/English//english_15;treacliness;0;2.76543;
./datasets/English//english_16;treacliness;0;2.76543;
./datasets/English//english_17;treacliness;0;2.76543;
./datasets/English//english_18;treacliness;0;2.76543;
./datasets/English//english_19;treacliness;0;2.76543;
./datasets/English//english_20;treacliness;0;2.76543;
./datasets/English//english_21;treacliness;0;2.76543;
./datasets/English//english_22;treacliness;0;2.76543;
./datasets/English//english_23;treacliness;0;2.76543;
./datasets/English//english_24;treacliness;0;2.76543;
./datasets/English//english_25;treacliness;0;2.76543;
./datasets/English//english_26;treacliness;0;2.76543;
./datasets/English//english_27;treacliness;0;2.76543;
./datasets/English//english_28;treacliness;0;2.76543;
./datasets/English//english_29;treacliness;0;2.76543;
./datasets/English//english_30;treacliness;0;2.76543;
./datasets/English//english_31;treacliness;0;2.76543;
./datasets/English//english_32;treacliness;0;2.76543;
./datasets/English//english_33;treacliness;0;2.76543;
./datasets/English//english_34;treacliness;0;2.76543;
./datasets/English//english_35;treacliness;0;2.76543;
./datasets/English//english_36;treacliness;0;2.76543;
./datasets/English//english_37;treacliness;0;2.76543;
./datasets/English//english_38;treacliness;0;2.76543;
./datasets/English//english_39;treacliness;0;2.76543;
./datasets/English//english_00;Epigonus;0;2.84805;
./datasets/English//english_01;Epigonus;0;2.84805;
./datasets/English//english_02;Epigonus;0;2.84805;
./datasets/English//english_03;Epigonus;0;2.84805;
./datasets/English//english_04;Epigonus;0;2.84805;
./datasets/English//english_05;Epigonus;0;2.84805;
./datasets/English//english_06;Epigonus;0;2.84805;
./datasets/English//english_07;Epigonus;0;2.84805;
./datasets/English//english_08;Epigonus;0;2.84805;
./datasets/English//english_09;Epigonus;0;2.84805;
./datasets/English//english_10;Epigonus;0;2.84805;
./datasets/English//english_11;Epigonus;0;2.84805;
./datasets/English//english_12;Epigonus;0;2.84805;
./datasets/English//english_13;Epigonus;0;2.84805;
./datasets/English//english_14;Epigonus;0;2.84805;
./datasets/English//english_15;Epigonus;0;2.84805;
./datasets/English//english_16;Epigonus;0;2.84805;
./datasets/English//english_17;Epigonus;0;2.84805;
./datasets/English//english_18;Epigonus;0;2.84805;
./datasets/English//english_19;Epigonus;0;2.84805;
./datasets/English//english_20;Epigonus;0;2.84805;
./datasets/English//english_21;Epigonus;0;2.84805;
./datasets/English//english_22;Epigonus;0;2.84805;
./datasets/English//english_23;Epigonus;0;2.84805;
./datasets/English//english_24;Epigonus;0;2.84805;
./datasets/English//english_25;Epigonus;0;2.84805;
./datasets/English//english_26;Epigonus;0;2.84805;
./datasets/English//english_27;Epigonus;0;2.84805;
./datasets/English//english_28;Epigonus;0;2.84805;
./datasets/English//english_29;Epigonus;0;2.84805;
./datasets/English//english_30;Epigonus;0;2.84805;
./datasets/English//english_31;Epigonus;0;2.84805;
./datasets/English//english_32;Epigonus;0;2.84805;
./datasets/English//english_33;Epigonus;0;2.84805;
./datasets/English//english_34;Epigonus;0;2.84805;
./datasets/English//english_35;Epigonus;0;2.84805;
./datasets/English//english_36;Epigonus;0;2.84805;
./datasets/English//english_37;Epigonus;0;2.84805;
./datasets/English//english_38;Epigonus;0;2.84805;
./datasets/English//english_39;Epigonus;0;2.84805;
./datasets/English//english_00;airmark;0;2.90423;
./datasets/English//english_01;airmark;0;2.90423;
./datasets/English//english_02;airmark;0;2.90423;
./datasets/English//english_03;airmark;0;2.90423;
./datasets/English//english_04;airmark;0;2.90423;
./datasets/English//english_05;airmark;0;2.90423;
./datasets/English//english_06;airmark;0;2.90423;
./datasets/English//english_07;airmark;0;2.90423;
./datasets/English//english_08;airmark;0;2.90423;
./datasets/English//english_09;airmark;0;2.90423;
./datasets/English//english_10;airmark;0;2.90423;
./datasets/English//english_11;airmark;0;2.90423;
./datasets/English//english_12;airmark;0;2.90423;
./datasets/English//english_13;airmark;0;2.90423;
./datasets/English//english_14;airmark;0;2.90423;
./datasets/English//english_15;airmark;0;2.90423;
./datasets/English//english_16;airmark;0;2.90423;
./datasets/English//english_17;airmark;0;2.90423;
./datasets/English//english_18;airmark;0;2.90423;
./datasets/English//english_19;airmark;0;2.90423;
./datasets/English//english_20;airmark;0;2.90423;
./datasets/English//english_21;airmark;0;2.90423;
./datasets/English//english_22;airmark;0;2.90423;
./datasets/English//english_23;airmark;0;2.90423;
./datasets/English//english_24;airmark;0;2.90423;
./datasets/English//english_25;airmark;0;2.90423;
./datasets/English//english_26;airmark;0;2.90423;
./datasets/English//english_27;airmark;0;2.90423;
./datasets/English//english_28;airmark;0;2.90423;
./datasets/English//english_29;airmark;0;2.90423;
./datasets/English//english_30;airmark;0;2.90423;
./datasets/English//english_31;airmark;0;2.90423;
./datasets/English//english_32;airmark;0;2.90423;
./datasets/English//english_33;airmark;0;2.90423;
./datasets/English//english_34;airmark;0;2.90423;
./datasets/English//english_35;airmark;0;2.90423;
./datasets/English//english_36;airmark;0;2.90423;
./datasets/English//english_37;airmark;0;2.90423;
./datasets/English//english_38;airmark;0;2.90423;
./datasets/English//english_39;airmark;0;2.90423;
./datasets/English//english_00;polarography;0;2.61508;
./datasets/English//english_01;polarography;0;2.61508;
./datasets/English//english_02;polarography;0;2.61508;
./datasets/English//english_03;polarography;0;2.61508;
./datasets/English//english_04;polarography;0;2.61508;
./datasets/English//english_05;polarography;0;2.61508;
./datasets/English//english_06;polarography;0;2.61508;
./datasets/English//english_07;polarography;0;2.61508;
./datasets/English//english_08;polarography;0;2.61508;
./datasets/English//english_09;polarography;0;2.61508;
./datasets/English//english_10;polarography;0;2.61508;
./datasets/English//english_11;polarography;0;2.61508;
./datasets/English//english_12;polarography;0;2.61508;
./datasets/English//english_13;polarography;0;2.61508;
./datasets/English//english_14;polarography;0;2.61508;
./datasets/English//english_15;polarography;0;2.61508;
./datasets/English//english_16;polarography;0;2.61508;
./datasets/English//english_17;polarography;0;2.61508;
./datasets/English//english_18;polarography;0;2.61508;
./datasets/English//english_19;polarography;0;2.61508;
./datasets/English//english_20;polarography;0;2.61508;
./datasets/English//english_21;polarography;0;2.61508;
./datasets/English//english_22;polarography;0;2.61508;
./datasets/English//english_23;polarography;0;2.61508;
./datasets/English//english_24;polarography;0;2.61508;
./datasets/English//english_25;polarography;0;2.61508;
./datasets/English//english_26;polarography;0;2.61508;
./datasets/English//english_27;polarography;0;2.61508;
./datasets/English//english_28;polarography;0;2.61508;
./datasets/English//english_29;polarography;0;2.61508;
./datasets/English//english_30;polarography;0;2.61508;
./datasets/English//english_31;polarography;0;2.61508;
./datasets/English//english_32;polarography;0;2.61508;
./datasets/English//english_33;polarography;0;2.61508;
./datasets/English//english_34;polarography;0;2.61508;
./datasets/English//english_35;polarography;0;2.61508;
./datasets/English//english_36;polarography;0;2.61508;
./datasets/English//english_37;polarography;0;2.61508;
./datasets/English//english_38;polarography;0;2.61508;
./datasets/English//english_39;polarography;0;2.61508;
./datasets/English//english_00;precomposition;0;2.61864;
./datasets/English//english_01;precomposition;0;2.61864;
./datasets/English//english_02;precomposition;0;2.61864;
./datasets/English//english_03;precomposition;0;2.61864;
./datasets/English//english_04;precomposition;0;2.61864;
./datasets/English//english_05;precomposition;0;2.61864;
./datasets/English//english_06;precomposition;0;2.61864;
./datasets/English//english_07;precomposition;0;2.61864;
./datasets/English//english_08;precomposition;0;2.61864;
./datasets/English//english_09;precomposition;0;2.61864;
./datasets/English//english_10;precomposition;0;2.61864;
./datasets/English//english_11;precomposition;0;2.61864;
./datasets/English//english_12;precomposition;0;2.61864;
./datasets/English//english_13;precomposition;0;2.61864;
./datasets/English//english_14;precomposition;0;2.61864;
./datasets/English//english_15;precomposition;0;2.61864;
./datasets/English//english_16;precomposition;0;2.61864;
./datasets/English//english_17;precomposition;0;2.61864;
./datasets/English//english_18;precomposition;0;2.61864;
./datasets/English//english_19;precomposition;0;2.61864;
./datasets/English//english_20;precomposition;0;2.61864;
./datasets/English//english_21;precomposition;0;2.61864;
./datasets/English//english_22;precomposition;0;2.61864;
./datasets/English//english_23;precomposition;0;2.61864;
./datasets/English//english_24;precomposition;0;2.61864;
./datasets/English//english_25;precomposition;0;2.61864;
./datasets/English//english_26;precomposition;0;2.61864;
./datasets/English//english_27;precomposition;0;2.61864;
./datasets/English//english_28;precomposition;0;2.61864;
./datasets/English//english_29;precomposition;0;2.61864;
./datasets/English//english_30;precomposition;0;2.61864;
./datasets/English//english_31;precomposition;0;2.61864;
./datasets/English//english_32;precomposition;0;2.61864;
./datasets/English//english_33;precomposition;0;2.61864;
./datasets/English//english_34;precomposition;0;2.61864;
./datasets/English//english_35;precomposition;0;2.61864;
./datasets/English//english_36;precomposition;0;2.61864;
./datasets/English//english_37;precomposition;0;2.61864;
./datasets/English//english_38;precomposition;0;2.61864;
./datasets/English//english_39;precomposition;0;2.61864;
./datasets/English//english_00;lemography;0;2.73388;
./datasets/English//english_01;lemography;0;2.73388;
./datasets/English//english_02;lemography;0;2.73388;
./datasets/English//english_03;lemography;0;2.73388;
./datasets/English//english_04;lemography;0;2.73388;
./datasets/English//english_05;lemography;0;2.73388;
./datasets/English//english_06;lemography;0;2.73388;
./datasets/English//english_07;lemography;0;2.73388;
./datasets/English//english_08;lemography;0;2.73388;
./datasets/English//english_09;lemography;0;2.73388;
./datasets/English//english_10;lemography;0;2.73388;
./datasets/English//english_11;lemography;0;2.73388;
./datasets/English//english_12;lemography;0;2.73388;
./datasets/English//english_13;lemography;0;2.73388;
./datasets/English//english_14;lemography;0;2.73388;
./datasets/English//english_15;lemography;0;2.73388;
./datasets/English//english_16;lemography;0;2.73388;
./datasets/English//english_17;lemography;0;2.73388;
./datasets/English//english_18;lemography;0;2.73388;
./datasets/English//english_19;lemography;0;2.73388;
./datasets/English//english_20;lemography;0;2.73388;
./datasets/English//english_21;lemography;0;2.73388;
./datasets/English//english_22;lemography;0;2.73388;
./datasets/English//english_23;lemography;0;2.73388;
./datasets/English//english_24;lemography;0;2.73388;
./datasets/English//english_25;lemography;0;2.73388;
./datasets/English//english_26;lemography;0;2.73388;
./datasets/English//english_27;lemography;0;2.73388;
./datasets/English//english_28;lemography;0;2.73388;
./datasets/English//english_29;lemography;0;2.73388;
./datasets/English//english_30;lemography;0;2.73388;
./datasets/English//english_31;lemography;0;2.73388;
./datasets/English//english_32;lemography;0;2.73388;
./datasets/English//english_33;lemography;0;2.73388;
./datasets/English//english_34;lemography;0;2.73388;
./datasets/English//english_35;lemography;0;2.73388;
./datasets/English//english_36;lemography;0;2.73388;
./datasets/English//english_37;lemography;0;2.73388;
./datasets/English//english_38;lemography;0;2.73388;
./datasets/English//english_39;lemography;0;2.73388;
./datasets/English//english_00;Apinage;0;3.00121;
./datasets/English//english_01;Apinage;0;3.00121;
./datasets/English//english_02;Apinage;0;3.00121;
./datasets/English//english_03;Apinage;0;3.00121;
./datasets/English//english_04;Apinage;0;3.00121;
./datasets/English//english_05;Apinage;0;3.00121;
./datasets/English//english_06;Apinage;0;3.00121;
./datasets/English//english_07;Apinage;0;3.00121;
./datasets/English//english_08;Apinage;0;3.00121;
./datasets/English//english_09;Apinage;0;3.00121;
./datasets/English//english_10;Apinage;0;3.00121;
./datasets/English//english_11;Apinage;0;3.00121;
./datasets/English//english_12;Apinage;0;3.00121;
./datasets/English//english_13;Apinage;0;3.00121;
./datasets/English//english_14;Apinage;0;3.00121;
./datasets/English//english_15;Apinage;0;3.00121;
./datasets/English//english_16;Apinage;0;3.00121;
./datasets/English//english_17;Apinage;0;3.00121;
./datasets/English//english_18;Apinage;0;3.00121;
./datasets/English//english_19;Apinage;0;3.00121;
./datasets/English//english_20;Apinage;0;3.00121;
./datasets/English//english_21;Apinage;0;3.00121;
./datasets/English//english_22;Apinage;0;3.00121;
./datasets/English//english_23;Apinage;0;3.00121;
./datasets/English//english_24;Apinage;0;3.00121;
./datasets/English//english_25;Apinage;0;3.00121;
./datasets/English//english_26;Apinage;0;3.00121;
./datasets/English//english_27;Apinage;0;3.00121;
./datasets/English//english_28;Apinage;0;3.00121;
./datasets/English//english_29;Apinage;0;3.00121;
./datasets/English//english_30;Apinage;0;3.00121;
./datasets/English//english_31;Apinage;0;3.00121;
./datasets/English//english_32;Apinage;0;3.00121;
./datasets/English//english_33;Apinage;0;3.00121;
./datasets/English//english_34;Apinage;0;3.00121;
./datasets/English//english_35;Apinage;0;3.00121;
./datasets/English//english_36;Apinage;0;3.00121;
./datasets/English//english_37;Apinage;0;3.00121;
./datasets/English//english_38;Apinage;0;3.00121;
./datasets/English//english_39;Apinage;0;3.00121;
./datasets/English//english_00;Taal;0;3.34698;
./datasets/English//english_01;Taal;0;3.34698;
./datasets/English//english_02;Taal;0;3.34698;
./datasets/English//english_03;Taal;0;3.34698;
./datasets/English//english_04;Taal;0;3.34698;
./datasets/English//english_05;Taal;0;3.34698;
./datasets/English//english_06;Taal;0;3.34698;
./datasets/English//english_07;Taal;0;3.34698;
./datasets/English//english_08;Taal;0;3.34698;
./datasets/English//english_09;Taal;0;3.34698;
./datasets/English//english_10;Taal;0;3.34698;
./datasets/English//english_11;Taal;0;3.34698;
./datasets/English//english_12;Taal;0;3.34698;
./datasets/English//english_13;Taal;0;3.34698;
./datasets/English//english_14;Taal;0;3.34698;
./datasets/English//english_15;Taal;0;3.34698;
./datasets/English//english_16;Taal;0;3.34698;
./datasets/English//english_17;Taal;0;3.34698;
./datasets/English//english_18;Taal;0;3.34698;
./datasets/English//english_19;Taal;0;3.34698;
./datasets/English//english_20;Taal;0;3.34698;
./datasets/English//english_21;Taal;0;3.34698;
./datasets/English//english_22;Taal;0;3.34698;
./datasets/English//english_23;Taal;0;3.34698;
./datasets/English//english_24;Taal;0;3.34698;
./datasets/English//english_25;Taal;0;3.34698;
./datasets/English//english_26;Taal;0;3.34698;
./datasets/English//english_27;Taal;0;3.34698;
./datasets/English//english_28;Taal;0;3.34698;
./datasets/English//english_29;Taal;0;3.34698;
./datasets/English//english_30;Taal;0;3.34698;
./datasets/English//english_31;Taal;0;3.34698;
./datasets/English//english_32;Taal;0;3.34698;
./datasets/English//english_33;Taal;0;3.34698;
./datasets/English//english_34;Taal;0;3.34698;
./datasets/English//english_35;Taal;0;3.34698;
./datasets/English//english_36;Taal;0;3.34698;
./datasets/English//english_37;Taal;0;3.34698;
./datasets/English//english_38;Taal;0;3.34698;
./datasets/English//english_39;Taal;0;3.34698;
./datasets/English//english_00;logology;0;2.77804;
./datasets/English//english_01;logology;0;2.77804;
./datasets/English//english_02;logology;0;2.77804;
./datasets/English//english_03;logology;0;2.77804;
./datasets/English//english_04;logology;0;2.77804;
./datasets/English//english_05;logology;0;2.77804;
./datasets/English//english_06;logology;0;2.77804;
./datasets/English//english_07;logology;0;2.77804;
./datasets/English//english_08;logology;0;2.77804;
./datasets/English//english_09;logology;0;2.77804;
./datasets/English//english_10;logology;0;2.77804;
./datasets/English//english_11;logology;0;2.77804;
./datasets/English//english_12;logology;0;2.77804;
./datasets/English//english_13;logology;0;2.77804;
./datasets/English//english_14;logology;0;2.77804;
./datasets/English//english_15;logology;0;2.77804;
./datasets/English//english_16;logology;0;2.77804;
./datasets/English//english_17;logology;0;2.77804;
./datasets/English//english_18;logology;0;2.77804;
./datasets/English//english_19;logology;0;2.77804;
./datasets/English//english_20;logology;0;2.77804;
./datasets/English//english_21;logology;0;2.77804;
./datasets/English//english_22;logology;0;2.77804;
./datasets/English//english_23;logology;0;2.77804;
./datasets/English//english_24;logology;0;2.77804;
./datasets/English//english_25;logology;0;2.77804;
./datasets/English//english_26;logology;0;2.77804;
./datasets/English//english_27;logology;0;2.77804;
./datasets/English//english_28;logology;0;2.77804;
./datasets/English//english_29;logology;0;2.77804;
./datasets/English//english_30;logology;0;2.77804;
./datasets/English//english_31;logology;0;2.77804;
./datasets/English//english_32;logology;0;2.77804;
./datasets/English//english_33;logology;0;2.77804;
./datasets/English//english_34;logology;0;2.77804;
./datasets/English//english_35;logology;0;2.77804;
./datasets/English//english_36;logology;0;2.77804;
./datasets/English//english_37;logology;0;2.77804;
./datasets/English//english_38;logology;0;2.77804;
./datasets/English//english_39;logology;0;2.77804;
./datasets/English//english_00;probeer;0;2.95199;
./datasets/English//english_01;probeer;0;2.95199;
./datasets/English//english_02;probeer;0;2.95199;
./datasets/English//english_03;probeer;0;2.95199;
./datasets/English//english_04;probeer;0;2.95199;
./datasets/English//english_05;probeer;0;2.95199;
./datasets/English//english_06;probeer;0;2.95199;
./datasets/English//english_07;probeer;0;2.95199;
./datasets/English//english_08;probeer;0;2.95199;
./datasets/English//english_09;probeer;0;2.95199;
./datasets/English//english_10;probeer;0;2.95199;
./datasets/English//english_11;probeer;0;2.95199;
./datasets/English//english_12;probeer;0;2.95199;
./datasets/English//english_13;probeer;0;2.95199;
./datasets/English//english_14;probeer;0;2.95199;
./datasets/English//english_15;probeer;0;2.95199;
./datasets/English//english_16;probeer;0;2.95199;
./datasets/English//english_17;probeer;0;2.95199;
./datasets/English//english_18;probeer;0;2.95199;
./datasets/English//english_19;probeer;0;2.95199;
./datasets/English//english_20;probeer;0;2.95199;
./datasets/English//english_21;probeer;0;2.95199;
./datasets/English//english_22;probeer;0;2.95199;
./datasets/English//english_23;probeer;0;2.95199;
./datasets/English//english_24;probeer;0;2.95199;
./datasets/English//english_25;probeer;0;2.95199;
./datasets/English//english_26;probeer;0;2.95199;
./datasets/English//english_27;probeer;0;2.95199;
./datasets/English//english_28;probeer;0;2.95199;
./datasets/English//english_29;probeer;0;2.95199;
./datasets/English//english_30;probeer;0;2.95199;
./datasets/English//english_31;probeer;0;2.95199;
./datasets/English//english_32;probeer;0;2.95199;
./datasets/English//english_33;probeer;0;2.95199;
./datasets/English//english_34;probeer;0;2.95199;
./datasets/English//english_35;probeer;0;2.95199;
./datasets/English//english_36;probeer;0;2.95199;
./datasets/English//english_37;probeer;0;2.95199;
./datasets/English//english_38;probeer;0;2.95199;
./datasets/English//english_39;probeer;0;2.95199;
./datasets/English//english_00;randomization;0;2.65702;
./datasets/English//english_01;randomization;0;2.65702;
./datasets/English//english_02;randomization;0;2.65702;
./datasets/English//english_03;randomization;0;2.65702;
./datasets/English//english_04;randomization;0;2.65702;
./datasets/English//english_05;randomization;0;2.65702;
./datasets/English//english_06;randomization;0;2.65702;
./datasets/English//english_07;randomization;0;2.65702;
./datasets/English//english_08;randomization;0;2.65702;
./datasets/English//english_09;randomization;0;2.65702;
./datasets/English//english_10;randomization;0;2.65702;
./datasets/English//english_11;randomization;0;2.65702;
./datasets/English//english_12;randomization;0;2.65702;
./datasets/English//english_13;randomization;0;2.65702;
./datasets/English//english_14;randomization;0;2.65702;
./datasets/English//english_15;randomization;0;2.65702;
./datasets/English//english_16;randomization;0;2.65702;
./datasets/English//english_17;randomization;0;2.65702;
./datasets/English//english_18;randomization;0;2.65702;
./datasets/English//english_19;randomization;0;2.65702;
./datasets/English//english_20;randomization;0;2.65702;
./datasets/English//english_21;randomization;0;2.65702;
./datasets/English//english_22;randomization;0;2.65702;
./datasets/English//english_23;randomization;0;2.65702;
./datasets/English//english_24;randomization;0;2.65702;
./datasets/English//english_25;randomization;0;2.65702;
./datasets/English//english_26;randomization;0;2.65702;
./datasets/English//english_27;randomization;0;2.65702;
./datasets/English//english_28;randomization;0;2.65702;
./datasets/English//english_29;randomization;0;2.65702;
./datasets/English//english_30;randomization;0;2.65702;
./datasets/English//english_31;randomization;0;2.65702;
./datasets/English//english_32;randomization;0;2.65702;
./datasets/English//english_33;randomization;0;2.65702;
./datasets/English//english_34;randomization;0;2.65702;
./datasets/English//english_35;randomization;0;2.65702;
./datasets/English//english_36;randomization;0;2.65702;
./datasets/English//english_37;randomization;0;2.65702;
./datasets/English//english_38;randomization;0;2.65702;
./datasets/English//english_39;randomization;0;2.65702;
./datasets/English//english_00;poditic;0;2.94501;
./datasets/English//english_01;poditic;0;2.94501;
./datasets/English//english_02;poditic;0;2.94501;
./datasets/English//english_03;poditic;0;2.94501;
./datasets/English//english_04;poditic;0;2.94501;
./datasets/English//english_05;poditic;0;2.94501;
./datasets/English//english_06;poditic;0;2.94501;
./datasets/English//english_07;poditic;0;2.94501;
./datasets/English//english_08;poditic;0;2.94501;
./datasets/English//english_09;poditic;0;2.94501;
./datasets/English//english_10;poditic;0;2.94501;
./datasets/English//english_11;poditic;0;2.94501;
./datasets/English//english_12;poditic;0;2.94501;
./datasets/English//english_13;poditic;0;2.94501;
./datasets/English//english_14;poditic;0;2.94501;
./datasets/English//english_15;poditic;0;2.94501;
./datasets/English//english_16;poditic;0;2.94501;
./datasets/English//english_17;poditic;0;2.94501;
./datasets/English//english_18;poditic;0;2.94501;
./datasets/English//english_19;poditic;0;2.94501;
./datasets/English//english_20;poditic;0;2.94501;
./datasets/English//english_21;poditic;0;2.94501;
./datasets/English//english_22;poditic;0;2.94501;
./datasets/English//english_23;poditic;0;2.94501;
./datasets/English//english_24;poditic;0;2.94501;
./datasets/English//english_25;poditic;0;2.94501;
./datasets/English//english_26;poditic;0;2.94501;
./datasets/English//english_27;poditic;0;2.94501;
./datasets/English//english_28;poditic;0;2.94501;
./datasets/English//english_29;poditic;0;2.94501;
./datasets/English//english_30;poditic;0;2.94501;
./datasets/English//english_31;poditic;0;2.94501;
./datasets/English//english_32;poditic;0;2.94501;
./datasets/English//english_33;poditic;0;2.94501;
./datasets/English//english_34;poditic;0;2.94501;
./datasets/English//english_35;poditic;0;2.94501;
./datasets/English//english_36;poditic;0;2.94501;
./datasets/English//english_37;poditic;0;2.94501;
./datasets/English//english_38;poditic;0;2.94501;
./datasets/English//english_39;poditic;0;2.94501;
./datasets/English//english_00;individualize;0;2.62499;
./datasets/English//english_01;individualize;0;2.62499;
./datasets/English//english_02;individualize;0;2.62499;
./datasets/English//english_03;individualize;0;2.62499;
./datasets/English//english_04;individualize;2;2.62499;
./datasets/English//english_05;individualize;0;2.62499;
./datasets/English//english_06;individualize;0;2.62499;
./datasets/English//english_07;individualize;1;2.62499;
./datasets/English//english_08;individualize;0;2.62499;
./datasets/English//english_09;individualize;2;2.62499;
./datasets/English//english_10;individualize;0;2.62499;
./datasets/English//english_11;individualize;0;2.62499;
./datasets/English//english_12;individualize;0;2.62499;
./datasets/English//english_13;individualize;0;2.62499;
./datasets/English//english_14;individualize;1;2.62499;
./datasets/English//english_15;individualize;0;2.62499;
./datasets/English//english_16;individualize;0;2.62499;
./datasets/English//english_17;individualize;0;2.62499;
./datasets/English//english_18;individualize;0;2.62499;
./datasets/English//english_19;individualize;0;2.62499;
./datasets/English//english_20;individualize;0;2.62499;
./datasets/English//english_21;individualize;0;2.62499;
./datasets/English//english_22;individualize;0;2.62499;
./datasets/English//english_23;individualize;0;2.62499;
./datasets/English//english_24;individualize;6;2.62499;
./datasets/English//english_25;individualize;0;2.62499;
./datasets/English//english_26;individualize;0;2.62499;
./datasets/English//english_27;individualize;0;2.62499;
./datasets/English//english_28;individualize;0;2.62499;
./datasets/English//english_29;individualize;0;2.62499;
./datasets/English//english_30;individualize;0;2.62499;
./datasets/English//english_31;individualize;1;2.62499;
./datasets/English//english_32;individualize;0;2.62499;
./datasets/English//english_33;individualize;0;2.62499;
./datasets/English//english_34;individualize;1;2.62499;
./datasets/English//english_35;individualize;0;2.62499;
./datasets/English//english_36;individualize;0;2.62499;
./datasets/English//english_37;individualize;0;2.62499;
./datasets/English//english_38;individualize;2;2.62499;
./datasets/English//english_39;individualize;0;2.62499;
./datasets/English//english_00;castigate;0;2.87399;
./datasets/English//english_01;castigate;0;2.87399;
./datasets/English//english_02;castigate;0;2.87399;
./datasets/English//english_03;castigate;0;2.87399;
./datasets/English//english_04;castigate;0;2.87399;
./datasets/English//english_05;castigate;0;2.87399;
./datasets/English//english_06;castigate;0;2.87399;
./datasets/English//english_07;castigate;0;2.87399;
./datasets/English//english_08;castigate;0;2.87399;
./datasets/English//english_09;castigate;0;2.87399;
./datasets/English//english_10;castigate;0;2.87399;
./datasets/English//english_11;castigate;0;2.87399;
./datasets/English//english_12;castigate;0;2.87399;
./datasets/English//english_13;castigate;0;2.87399;
./datasets/English//english_14;castigate;0;2.87399;
./datasets/English//english_15;castigate;0;2.87399;
./datasets/English//english_16;castigate;0;2.87399;
./datasets/English//english_17;castigate;1;2.87399;
./datasets/English//english_18;castigate;0;2.87399;
./datasets/English//english_19;castigate;0;2.87399;
./datasets/English//english_20;castigate;0;2.87399;
./datasets/English//english_21;castigate;0;2.87399;
./datasets/English//english_22;castigate;0;2.87399;
./datasets/English//english_23;castigate;0;2.87399;
./datasets/English//english_24;castigate;0;2.87399;
./datasets/English//english_25;castigate;0;2.87399;
./datasets/English//english_26;castigate;0;2.87399;
./datasets/English//english_27;castigate;0;2.87399;
./datasets/English//english_28;castigate;0;2.87399;
./datasets/English//english_29;castigate;0;2.87399;
./datasets/English//english_30;castigate;0;2.87399;
./datasets/English//english_31;castigate;2;2.87399;
./datasets/English//english_32;castigate;1;2.87399;
./datasets/English//english_33;castigate;0;2.87399;
./datasets/English//english_34;castigate;2;2.87399;
./datasets/English//english_35;castigate;1;2.87399;
./datasets/English//english_36;castigate;0;2.87399;
./datasets/English//english_37;castigate;0;2.87399;
./datasets/English//english_38;castigate;0;2.87399;
./datasets/English//english_39;castigate;0;2.87399;
./datasets/English//english_00;Biloculina;0;2.75101;
./datasets/English//english_01;Biloculina;0;2.75101;
./datasets/English//english_02;Biloculina;0;2.75101;
./datasets/English//english_03;Biloculina;0;2.75101;
./datasets/English//english_04;Biloculina;0;2.75101;
./datasets/English//english_05;Biloculina;0;2.75101;
./datasets/English//english_06;Biloculina;0;2.75101;
./datasets/English//english_07;Biloculina;0;2.75101;
./datasets/English//english_08;Biloculina;0;2.75101;
./datasets/English//english_09;Biloculina;0;2.75101;
./datasets/English//english_10;Biloculina;0;2.75101;
./datasets/English//english_11;Biloculina;0;2.75101;
./datasets/English//english_12;Biloculina;0;2.75101;
./datasets/English//english_13;Biloculina;0;2.75101;
./datasets/English//english_14;Biloculina;0;2.75101;
./datasets/English//english_15;Biloculina;0;2.75101;
./datasets/English//english_16;Biloculina;0;2.75101;
./datasets/English//english_17;Biloculina;0;2.75101;
./datasets/English//english_18;Biloculina;0;2.75101;
./datasets/English//english_19;Biloculina;0;2.75101;
./datasets/English//english_20;Biloculina;0;2.75101;
./datasets/English//english_21;Biloculina;0;2.75101;
./datasets/English//english_22;Biloculina;0;2.75101;
./datasets/English//english_23;Biloculina;0;2.75101;
./datasets/English//english_24;Biloculina;0;2.75101;
./datasets/English//english_25;Biloculina;0;2.75101;
./datasets/English//english_26;Biloculina;0;2.75101;
./datasets/English//english_27;Biloculina;0;2.75101;
./datasets/English//english_28;Biloculina;0;2.75101;
./datasets/English//english_29;Biloculina;0;2.75101;
./datasets/English//english_30;Biloculina;0;2.75101;
./datasets/English//english_31;Biloculina;0;2.75101;
./datasets/English//english_32;Biloculina;0;2.75101;
./datasets/English//english_33;Biloculina;0;2.75101;
./datasets/English//english_34;Biloculina;0;2.75101;
./datasets/English//english_35;Biloculina;0;2.75101;
./datasets/English//english_36;Biloculina;0;2.75101;
./datasets/English//english_37;Biloculina;0;2.75101;
./datasets/English//english_38;Biloculina;0;2.75101;
./datasets/English//english_39;Biloculina;0;2.75101;
./datasets/English//english_00;overscrub;0;2.75904;
./datasets/English//english_01;overscrub;0;2.75904;
./datasets/English//english_02;overscrub;0;2.75904;
./datasets/English//english_03;overscrub;0;2.75904;
./datasets/English//english_04;overscrub;0;2.75904;
./datasets/English//english_05;overscrub;0;2.75904;
./datasets/English//english_06;overscrub;0;2.75904;
./datasets/English//english_07;overscrub;0;2.75904;
./datasets/English//english_08;overscrub;0;2.75904;
./datasets/English//english_09;overscrub;0;2.75904;
./datasets/English//english_10;overscrub;0;2.75904;
./datasets/English//english_11;overscrub;0;2.75904;
./datasets/English//english_12;overscrub;0;2.75904;
./datasets/English//english_13;overscrub;0;2.75904;
./datasets/English//english_14;overscrub;0;2.75904;
./datasets/English//english_15;overscrub;0;2.75904;
./datasets/English//english_16;overscrub;0;2.75904;
./datasets/English//english_17;overscrub;0;2.75904;
./datasets/English//english_18;overscrub;0;2.75904;
./datasets/English//english_19;overscrub;0;2.75904;
./datasets/English//english_20;overscrub;0;2.75904;
./datasets/English//english_21;overscrub;0;2.75904;
./datasets/English//english_22;overscrub;0;2.75904;
./datasets/English//english_23;overscrub;0;2.75904;
./datasets/English//english_24;overscrub;0;2.75904;
./datasets/English//english_25;overscrub;0;2.75904;
./datasets/English//english_26;overscrub;0;2.75904;
./datasets/English//english_27;overscrub;0;2.75904;
./datasets/English//english_28;overscrub;0;2.75904;
./datasets/English//english_29;overscrub;0;2.75904;
./datasets/English//english_30;overscrub;0;2.75904;
./datasets/English//english_31;overscrub;0;2.75904;
./datasets/English//english_32;overscrub;0;2.75904;
./datasets/English//english_33;overscrub;0;2.75904;
./datasets/English//english_34;overscrub;0;2.75904;
./datasets/English//english_35;overscrub;0;2.75904;
./datasets/English//english_36;overscrub;0;2.75904;
./datasets/English//english_37;overscrub;0;2.75904;
./datasets/English//english_38;overscrub;0;2.75904;
./datasets/English//english_39;overscrub;0;2.75904;
./datasets/English//english_00;koolah;0;3.05699;
./datasets/English//english_01;koolah;0;3.05699;
./datasets/English//english_02;koolah;0;3.05699;
./datasets/English//english_03;koolah;0;3.05699;
./datasets/English//english_04;koolah;0;3.05699;
./datasets/English//english_05;koolah;0;3.05699;
./datasets/English//english_06;koolah;0;3.05699;
./datasets/English//english_07;koolah;0;3.05699;
./datasets/English//english_08;koolah;0;3.05699;
./datasets/English//english_09;koolah;0;3.05699;
./datasets/English//english_10;koolah;0;3.05699;
./datasets/English//english_11;koolah;0;3.05699;
./datasets/English//english_12;koolah;0;3.05699;
./datasets/English//english_13;koolah;0;3.05699;
./datasets/English//english_14;koolah;0;3.05699;
./datasets/English//english_15;koolah;0;3.05699;
./datasets/English//english_16;koolah;0;3.05699;
./datasets/English//english_17;koolah;0;3.05699;
./datasets/English//english_18;koolah;0;3.05699;
./datasets/English//english_19;koolah;0;3.05699;
./datasets/English//english_20;koolah;0;3.05699;
./datasets/English//english_21;koolah;0;3.05699;
./datasets/English//english_22;koolah;0;3.05699;
./datasets/English//english_23;koolah;0;3.05699;
./datasets/English//english_24;koolah;0;3.05699;
./datasets/English//english_25;koolah;0;3.05699;
./datasets/English//english_26;koolah;0;3.05699;
./datasets/English//english_27;koolah;0;3.05699;
./datasets/English//english_28;koolah;0;3.05699;
./datasets/English//english_29;koolah;0;3.05699;
./datasets/English//english_30;koolah;0;3.05699;
./datasets/English//english_31;koolah;0;3.05699;
./datasets/English//english_32;koolah;0;3.05699;
./datasets/English//english_33;koolah;0;3.05699;
./datasets/English//english_34;koolah;0;3.05699;
./datasets/English//english_35;koolah;0;3.05699;
./datasets/English//english_36;koolah;0;3.05699;
./datasets/English//english_37;koolah;0;3.05699;
./datasets/English//english_38;koolah;0;3.05699;
./datasets/English//english_39;koolah;0;3.05699;
./datasets/English//english_00;weetless;0;2.82997;
./datasets/English//english_01;weetless;0;2.82997;
./datasets/English//english_02;weetless;0;2.82997;
./datasets/English//english_03;weetless;0;2.82997;
./datasets/English//english_04;weetless;0;2.82997;
./datasets/English//english_05;weetless;0;2.82997;
./datasets/English//english_06;weetless;0;2.82997;
./datasets/English//english_07;weetless;0;2.82997;
./datasets/English//english_08;weetless;0;2.82997;
./datasets/English//english_09;weetless;0;2.82997;
./datasets/English//english_10;weetless;0;2.82997;
./datasets/English//english_11;weetless;0;2.82997;
./datasets/English//english_12;weetless;0;2.82997;
./datasets/English//english_13;weetless;0;2.82997;
./datasets/English//english_14;weetless;0;2.82997;
./datasets/English//english_15;weetless;0;2.82997;
./datasets/English//english_16;weetless;0;2.82997;
./datasets/English//english_17;weetless;0;2.82997;
./datasets/English//english_18;weetless;0;2.82997;
./datasets/English//english_19;weetless;0;2.82997;
./datasets/English//english_20;weetless;0;2.82997;
./datasets/English//english_21;weetless;0;2.82997;
./datasets/English//english_22;weetless;0;2.82997;
./datasets/English//english_23;weetless;0;2.82997;
./datasets/English//english_24;weetless;0;2.82997;
./datasets/English//english_25;weetless;0;2.82997;
./datasets/English//english_26;weetless;0;2.82997;
./datasets/English//english_27;weetless;0;2.82997;
./datasets/English//english_28;weetless;0;2.82997;
./datasets/English//english_29;weetless;0;2.82997;
./datasets/English//english_30;weetless;0;2.82997;
./datasets/English//english_31;weetless;0;2.82997;
./datasets/English//english_32;weetless;0;2.82997;
./datasets/English//english_33;weetless;0;2.82997;
./datasets/English//english_34;weetless;0;2.82997;
./datasets/English//english_35;weetless;0;2.82997;
./datasets/English//english_36;weetless;0;2.82997;
./datasets/English//english_37;weetless;0;2.82997;
./datasets/English//english_38;weetless;0;2.82997;
./datasets/English//english_39;weetless;0;2.82997;
./datasets/English//english_00;erased;3;3.08205;
./datasets/English//english_01;erased;0;3.08205;
./datasets/English//english_02;erased;0;3.08205;
./datasets/English//english_03;erased;0;3.08205;
./datasets/English//english_04;erased;0;3.08205;
./datasets/English//english_05;erased;1;3.08205;
./datasets/English//english_06;erased;0;3.08205;
./datasets/English//english_07;erased;1;3.08205;
./datasets/English//english_08;erased;3;3.08205;
./datasets/English//english_09;erased;10;3.08205;
./datasets/English//english_10;erased;4;3.08205;
./datasets/English//english_11;erased;0;3.08205;
./datasets/English//english_12;erased;0;3.08205;
./datasets/English//english_13;erased;0;3.08205;
./datasets/English//english_14;erased;3;3.08205;
./datasets/English//english_15;erased;0;3.08205;
./datasets/English//english_16;erased;1;3.08205;
./datasets/English//english_17;erased;0;3.08205;
./datasets/English//english_18;erased;16;3.08205;
./datasets/English//english_19;erased;14;3.08205;
./datasets/English//english_20;erased;0;3.08205;
./datasets/English//english_21;erased;0;3.08205;
./datasets/English//english_22;erased;1;3.08205;
./datasets/English//english_23;erased;6;3.08205;
./datasets/English//english_24;erased;1;3.08205;
./datasets/English//english_25;erased;0;3.08205;
./datasets/English//english_26;erased;2;3.08205;
./datasets/English//english_27;erased;0;3.08205;
./datasets/English//english_28;erased;2;3.08205;
./datasets/English//english_29;erased;1;3.08205;
./datasets/English//english_30;erased;1;3.08205;
./datasets/English//english_31;erased;1;3.08205;
./datasets/English//english_32;erased;1;3.08205;
./datasets/English//english_33;erased;1;3.08205;
./datasets/English//english_34;erased;2;3.08205;
./datasets/English//english_35;erased;1;3.08205;
./datasets/English//english_36;erased;1;3.08205;
./datasets/English//english_37;erased;0;3.08205;
./datasets/English//english_38;erased;0;3.08205;
./datasets/English//english_39;erased;1;3.08205;
./datasets/English//english_00;layery;0;3.01798;
./datasets/English//english_01;layery;0;3.01798;
./datasets/English//english_02;layery;0;3.01798;
./datasets/English//english_03;layery;0;3.01798;
./datasets/English//english_04;layery;0;3.01798;
./datasets/English//english_05;layery;0;3.01798;
./datasets/English//english_06;layery;0;3.01798;
./datasets/English//english_07;layery;0;3.01798;
./datasets/English//english_08;layery;0;3.01798;
./datasets/English//english_09;layery;0;3.01798;
./datasets/English//english_10;layery;0;3.01798;
./datasets/English//english_11;layery;0;3.01798;
./datasets/English//english_12;layery;0;3.01798;
./datasets/English//english_13;layery;0;3.01798;
./datasets/English//english_14;layery;0;3.01798;
./datasets/English//english_15;layery;0;3.01798;
./datasets/English//english_16;layery;0;3.01798;
./datasets/English//english_17;layery;0;3.01798;
./datasets/English//english_18;layery;0;3.01798;
./datasets/English//english_19;layery;0;3.01798;
./datasets/English//english_20;layery;0;3.01798;
./datasets/English//english_21;layery;0;3.01798;
./datasets/English//english_22;layery;0;3.01798;
./datasets/English//english_23;layery;0;3.01798;
./datasets/English//english_24;layery;0;3.01798;
./datasets/English//english_25;layery;0;3.01798;
./datasets/English//english_26;layery;0;3.01798;
./datasets/English//english_27;layery;0;3.01798;
./datasets/English//english_28;layery;0;3.01798;
./datasets/English//english_29;layery;0;3.01798;
./datasets/English//english_30;layery;0;3.01798;
./datasets/English//english_31;layery;0;3.01798;
./datasets/English//english_32;layery;0;3.01798;
./datasets/English//english_33;layery;0;3.01798;
./datasets/English//english_34;layery;0;3.01798;
./datasets/English//english_35;layery;0;3.01798;
./datasets/English//english_36;layery;0;3.01798;
./datasets/English//english_37;layery;0;3.01798;
./datasets/English//english_38;layery;0;3.01798;
./datasets/English//english_39;layery;0;3.01798;
./datasets/English//english_00;discontinuee;0;2.67797;
./datasets/English//english_01;discontinuee;0;2.67797;
./datasets/English//english_02;discontinuee;0;2.67797;
./datasets/English//english_03;discontinuee;0;2.67797;
./datasets/English//english_04;discontinuee;0;2.67797;
./datasets/English//english_05;discontinuee;0;2.67797;
./datasets/English//english_06;discontinuee;0;2.67797;
./datasets/English//english_07;discontinuee;0;2.67797;
./datasets/English//english_08;discontinuee;0;2.67797;
./datasets/English//english_09;discontinuee;0;2.67797;
./datasets/English//english_10;discontinuee;0;2.67797;
./datasets/English//english_11;discontinuee;0;2.67797;
./datasets/English//english_12;discontinuee;0;2.67797;
./datasets/English//english_13;discontinuee;0;2.67797;
./datasets/English//english_14;discontinuee;0;2.67797;
./datasets/English//english_15;discontinuee;0;2.67797;
./datasets/English//english_16;discontinuee;0;2.67797;
./datasets/English//english_17;discontinuee;0;2.67797;
./datasets/English//english_18;discontinuee;0;2.67797;
./datasets/English//english_19;discontinuee;0;2.67797;
./datasets/English//english_20;discontinuee;0;2.67797;
./datasets/English//english_21;discontinuee;0;2.67797;
./datasets/English//english_22;discontinuee;0;2.67797;
./datasets/English//english_23;discontinuee;0;2.67797;
./datasets/English//english_24;discontinuee;0;2.67797;
./datasets/English//english_25;discontinuee;0;2.67797;
./datasets/English//english_26;discontinuee;0;2.67797;
./datasets/English//english_27;discontinuee;0;2.67797;
./datasets/English//english_28;discontinuee;0;2.67797;
./datasets/English//english_29;discontinuee;0;2.67797;
./datasets/English//english_30;discontinuee;0;2.67797;
./datasets/English//english_31;discontinuee;0;2.67797;
./datasets/English//english_32;discontinuee;0;2.67797;
./datasets/English//english_33;discontinuee;0;2.67797;
./datasets/English//english_34;discontinuee;0;2.67797;
./datasets/English//english_35;discontinuee;0;2.67797;
./datasets/English//english_36;discontinuee;0;2.67797;
./datasets/English//english_37;discontinuee;0;2.67797;
./datasets/English//english_38;discontinuee;0;2.67797;
./datasets/English//english_39;discontinuee;0;2.67797;
./datasets/English//english_00;anaphylatoxin;0;2.71196;
./datasets/English//english_01;anaphylatoxin;0;2.71196;
./datasets/English//english_02;anaphylatoxin;0;2.71196;
./datasets/English//english_03;anaphylatoxin;0;2.71196;
./datasets/English//english_04;anaphylatoxin;0;2.71196;
./datasets/English//english_05;anaphylatoxin;0;2.71196;
./datasets/English//english_06;anaphylatoxin;0;2.71196;
./datasets/English//english_07;anaphylatoxin;0;2.71196;
./datasets/English//english_08;anaphylatoxin;0;2.71196;
./datasets/English//english_09;anaphylatoxin;0;2.71196;
./datasets/English//english_10;anaphylatoxin;0;2.71196;
./datasets/English//english_11;anaphylatoxin;0;2.71196;
./datasets/English//english_12;anaphylatoxin;0;2.71196;
./datasets/English//english_13;anaphylatoxin;0;2.71196;
./datasets/English//english_14;anaphylatoxin;0;2.71196;
./datasets/English//english_15;anaphylatoxin;0;2.71196;
./datasets/English//english_16;anaphylatoxin;0;2.71196;
./datasets/English//english_17;anaphylatoxin;0;2.71196;
./datasets/English//english_18;anaphylatoxin;0;2.71196;
./datasets/English//english_19;anaphylatoxin;0;2.71196;
./datasets/English//english_20;anaphylatoxin;0;2.71196;
./datasets/English//english_21;anaphylatoxin;0;2.71196;
./datasets/English//english_22;anaphylatoxin;0;2.71196;
./datasets/English//english_23;anaphylatoxin;0;2.71196;
./datasets/English//english_24;anaphylatoxin;0;2.71196;
./datasets/English//english_25;anaphylatoxin;0;2.71196;
./datasets/English//english_26;anaphylatoxin;0;2.71196;
./datasets/English//english_27;anaphylatoxin;0;2.71196;
./datasets/English//english_28;anaphylatoxin;0;2.71196;
./datasets/English//english_29;anaphylatoxin;0;2.71196;
./datasets/English//english_30;anaphylatoxin;0;2.71196;
./datasets/English//english_31;anaphylatoxin;0;2.71196;
./datasets/English//english_32;anaphylatoxin;0;2.71196;
./datasets/English//english_33;anaphylatoxin;0;2.71196;
./datasets/English//english_34;anaphylatoxin;0;2.71196;
./datasets/English//english_35;anaphylatoxin;0;2.71196;
./datasets/English//english_36;anaphylatoxin;0;2.71196;
./datasets/English//english_37;anaphylatoxin;0;2.71196;
./datasets/English//english_38;anaphylatoxin;0;2.71196;
./datasets/English//english_39;anaphylatoxin;0;2.71196;
./datasets/English//english_00;unwounded;0;2.81406;
./datasets/English//english_01;unwounded;0;2.81406;
./datasets/English//english_02;unwounded;0;2.81406;
./datasets/English//english_03;unwounded;0;2.81406;
./datasets/English//english_04;unwounded;0;2.81406;
./datasets/English//english_05;unwounded;0;2.81406;
./datasets/English//english_06;unwounded;2;2.81406;
./datasets/English//english_07;unwounded;0;2.81406;
./datasets/English//english_08;unwounded;0;2.81406;
./datasets/English//english_09;unwounded;0;2.81406;
./datasets/English//english_10;unwounded;1;2.81406;
./datasets/English//english_11;unwounded;0;2.81406;
./datasets/English//english_12;unwounded;5;2.81406;
./datasets/English//english_13;unwounded;5;2.81406;
./datasets/English//english_14;unwounded;0;2.81406;
./datasets/English//english_15;unwounded;0;2.81406;
./datasets/English//english_16;unwounded;1;2.81406;
./datasets/English//english_17;unwounded;0;2.81406;
./datasets/English//english_18;unwounded;2;2.81406;
./datasets/English//english_19;unwounded;0;2.81406;
./datasets/English//english_20;unwounded;6;2.81406;
./datasets/English//english_21;unwounded;0;2.81406;
./datasets/English//english_22;unwounded;0;2.81406;
./datasets/English//english_23;unwounded;1;2.81406;
./datasets/English//english_24;unwounded;0;2.81406;
./datasets/English//english_25;unwounded;0;2.81406;
./datasets/English//english_26;unwounded;0;2.81406;
./datasets/English//english_27;unwounded;1;2.81406;
./datasets/English//english_28;unwounded;2;2.81406;
./datasets/English//english_29;unwounded;1;2.81406;
./datasets/English//english_30;unwounded;0;2.81406;
./datasets/English//english_31;unwounded;0;2.81406;
./datasets/English//english_32;unwounded;0;2.81406;
./datasets/English//english_33;unwounded;0;2.81406;
./datasets/English//english_34;unwounded;0;2.81406;
./datasets/English//english_35;unwounded;0;2.81406;
./datasets/English//english_36;unwounded;0;2.81406;
./datasets/English//english_37;unwounded;0;2.81406;
./datasets/English//english_38;unwounded;0;2.81406;
./datasets/English//english_39;unwounded;2;2.81406;
./datasets/English//english_00;personalism;0;2.70507;
./datasets/English//english_01;personalism;0;2.70507;
./datasets/English//english_02;personalism;0;2.70507;
./datasets/English//english_03;personalism;0;2.70507;
./datasets/English//english_04;personalism;0;2.70507;
./datasets/English//english_05;personalism;0;2.70507;
./datasets/English//english_06;personalism;0;2.70507;
./datasets/English//english_07;personalism;0;2.70507;
./datasets/English//english_08;personalism;0;2.70507;
./datasets/English//english_09;personalism;0;2.70507;
./datasets/English//english_10;personalism;0;2.70507;
./datasets/English//english_11;personalism;0;2.70507;
./datasets/English//english_12;personalism;0;2.70507;
./datasets/English//english_13;personalism;0;2.70507;
./datasets/English//english_14;personalism;0;2.70507;
./datasets/English//english_15;personalism;0;2.70507;
./datasets/English//english_16;personalism;0;2.70507;
./datasets/English//english_17;personalism;0;2.70507;
./datasets/English//english_18;personalism;0;2.70507;
./datasets/English//english_19;personalism;0;2.70507;
./datasets/English//english_20;personalism;0;2.70507;
./datasets/English//english_21;personalism;0;2.70507;
./datasets/English//english_22;personalism;0;2.70507;
./datasets/English//english_23;personalism;0;2.70507;
./datasets/English//english_24;personalism;0;2.70507;
./datasets/English//english_25;personalism;0;2.70507;
./datasets/English//english_26;personalism;0;2.70507;
./datasets/English//english_27;personalism;0;2.70507;
./datasets/English//english_28;personalism;0;2.70507;
./datasets/English//english_29;personalism;1;2.70507;
./datasets/English//english_30;personalism;0;2.70507;
./datasets/English//english_31;personalism;0;2.70507;
./datasets/English//english_32;personalism;0;2.70507;
./datasets/English//english_33;personalism;0;2.70507;
./datasets/English//english_34;personalism;0;2.70507;
./datasets/English//english_35;personalism;0;2.70507;
./datasets/English//english_36;personalism;0;2.70507;
./datasets/English//english_37;personalism;0;2.70507;
./datasets/English//english_38;personalism;0;2.70507;
./datasets/English//english_39;personalism;0;2.70507;
./datasets/English//english_00;howitzer;0;2.88002;
./datasets/English//english_01;howitzer;0;2.88002;
./datasets/English//english_02;howitzer;0;2.88002;
./datasets/English//english_03;howitzer;0;2.88002;
./datasets/English//english_04;howitzer;0;2.88002;
./datasets/English//english_05;howitzer;0;2.88002;
./datasets/English//english_06;howitzer;0;2.88002;
./datasets/English//english_07;howitzer;0;2.88002;
./datasets/English//english_08;howitzer;0;2.88002;
./datasets/English//english_09;howitzer;0;2.88002;
./datasets/English//english_10;howitzer;0;2.88002;
./datasets/English//english_11;howitzer;8;2.88002;
./datasets/English//english_12;howitzer;30;2.88002;
./datasets/English//english_13;howitzer;0;2.88002;
./datasets/English//english_14;howitzer;0;2.88002;
./datasets/English//english_15;howitzer;0;2.88002;
./datasets/English//english_16;howitzer;0;2.88002;
./datasets/English//english_17;howitzer;0;2.88002;
./datasets/English//english_18;howitzer;7;2.88002;
./datasets/English//english_19;howitzer;0;2.88002;
./datasets/English//english_20;howitzer;11;2.88002;
./datasets/English//english_21;howitzer;0;2.88002;
./datasets/English//english_22;howitzer;0;2.88002;
./datasets/English//english_23;howitzer;2;2.88002;
./datasets/English//english_24;howitzer;0;2.88002;
./datasets/English//english_25;howitzer;0;2.88002;
./datasets/English//english_26;howitzer;0;2.88002;
./datasets/English//english_27;howitzer;0;2.88002;
./datasets/English//english_28;howitzer;0;2.88002;
./datasets/English//english_29;howitzer;0;2.88002;
./datasets/English//english_30;howitzer;0;2.88002;
./datasets/English//english_31;howitzer;3;2.88002;
./datasets/English//english_32;howitzer;0;2.88002;
./datasets/English//english_33;howitzer;0;2.88002;
./datasets/English//english_34;howitzer;0;2.88002;
./datasets/English//english_35;howitzer;0;2.88002;
./datasets/English//english_36;howitzer;0;2.88002;
./datasets/English//english_37;howitzer;0;2.88002;
./datasets/English//english_38;howitzer;1;2.88002;
./datasets/English//english_39;howitzer;0;2.88002;
./datasets/English//english_00;hexahydroxy;0;2.64797;
./datasets/English//english_01;hexahydroxy;0;2.64797;
./datasets/English//english_02;hexahydroxy;0;2.64797;
./datasets/English//english_03;hexahydroxy;0;2.64797;
./datasets/English//english_04;hexahydroxy;0;2.64797;
./datasets/English//english_05;hexahydroxy;0;2.64797;
./datasets/English//english_06;hexahydroxy;0;2.64797;
./datasets/English//english_07;hexahydroxy;0;2.64797;
./datasets/English//english_08;hexahydroxy;0;2.64797;
./datasets/English//english_09;hexahydroxy;0;2.64797;
./datasets/English//english_10;hexahydroxy;0;2.64797;
./datasets/English//english_11;hexahydroxy;0;2.64797;
./datasets/English//english_12;hexahydroxy;0;2.64797;
./datasets/English//english_13;hexahydroxy;0;2.64797;
./datasets/English//english_14;hexahydroxy;0;2.64797;
./datasets/English//english_15;hexahydroxy;0;2.64797;
./datasets/English//english_16;hexahydroxy;0;2.64797;
./datasets/English//english_17;hexahydroxy;0;2.64797;
./datasets/English//english_18;hexahydroxy;0;2.64797;
./datasets/English//english_19;hexahydroxy;0;2.64797;
./datasets/English//english_20;hexahydroxy;0;2.64797;
./datasets/English//english_21;hexahydroxy;0;2.64797;
./datasets/English//english_22;hexahydroxy;0;2.64797;
./datasets/English//english_23;hexahydroxy;0;2.64797;
./datasets/English//english_24;hexahydroxy;0;2.64797;
./datasets/English//english_25;hexahydroxy;0;2.64797;
./datasets/English//english_26;hexahydroxy;0;2.64797;
./datasets/English//english_27;hexahydroxy;0;2.64797;
./datasets/English//english_28;hexahydroxy;0;2.64797;
./datasets/English//english_29;hexahydroxy;0;2.64797;
./datasets/English//english_30;hexahydroxy;0;2.64797;
./datasets/English//english_31;hexahydroxy;0;2.64797;
./datasets/English//english_32;hexahydroxy;0;2.64797;
./datasets/English//english_33;hexahydroxy;0;2.64797;
./datasets/English//english_34;hexahydroxy;0;2.64797;
./datasets/English//english_35;hexahydroxy;0;2.64797;
./datasets/English//english_36;hexahydroxy;0;2.64797;
./datasets/English//english_37;hexahydroxy;0;2.64797;
./datasets/English//english_38;hexahydroxy;0;2.64797;
./datasets/English//english_39;hexahydroxy;0;2.64797;
./datasets/English//english_00;koku;0;3.29098;
./datasets/English//english_01;koku;0;3.29098;
./datasets/English//english_02;koku;0;3.29098;
./datasets/English//english_03;koku;0;3.29098;
./datasets/English//english_04;koku;0;3.29098;
./datasets/English//english_05;koku;0;3.29098;
./datasets/English//english_06;koku;0;3.29098;
./datasets/English//english_07;koku;0;3.29098;
./datasets/English//english_08;koku;0;3.29098;
./datasets/English//english_09;koku;0;3.29098;
./datasets/English//english_10;koku;0;3.29098;
./datasets/English//english_11;koku;0;3.29098;
./datasets/English//english_12;koku;2;3.29098;
./datasets/English//english_13;koku;0;3.29098;
./datasets/English//english_14;koku;0;3.29098;
./datasets/English//english_15;koku;0;3.29098;
./datasets/English//english_16;koku;0;3.29098;
./datasets/English//english_17;koku;0;3.29098;
./datasets/English//english_18;koku;0;3.29098;
./datasets/English//english_19;koku;0;3.29098;
./datasets/English//english_20;koku;0;3.29098;
./datasets/English//english_21;koku;0;3.29098;
./datasets/English//english_22;koku;0;3.29098;
./datasets/English//english_23;koku;0;3.29098;
./datasets/English//english_24;koku;0;3.29098;
./datasets/English//english_25;koku;0;3.29098;
./datasets/English//english_26;koku;0;3.29098;
./datasets/English//english_27;koku;0;3.29098;
./datasets/English//english_28;koku;0;3.29098;
./datasets/English//english_29;koku;0;3.29098;
./datasets/English//english_30;koku;0;3.29098;
./datasets/English//english_31;koku;0;3.29098;
./datasets/English//english_32;koku;0;3.29098;
./datasets/English//english_33;koku;0;3.29098;
./datasets/English//english_34;koku;0;3.29098;
./datasets/English//english_35;koku;0;3.29098;
./datasets/English//english_36;koku;0;3.29098;
./datasets/English//english_37;koku;0;3.29098;
./datasets/English//english_38;koku;0;3.29098;
./datasets/English//english_39;koku;0;3.29098;
./datasets/English//english_00;reamer;4;3.11804;
./datasets/English//english_01;reamer;1;3.11804;
./datasets/English//english_02;reamer;3;3.11804;
./datasets/English//english_03;reamer;4;3.11804;
./datasets/English//english_04;reamer;4;3.11804;
./datasets/English//english_05;reamer;2;3.11804;
./datasets/English//english_06;reamer;3;3.11804;
./datasets/English//english_07;reamer;9;3.11804;
./datasets/English//english_08;reamer;14;3.11804;
./datasets/English//english_09;reamer;3;3.11804;
./datasets/English//english_10;reamer;4;3.11804;
./datasets/English//english_11;reamer;5;3.11804;
./datasets/English//english_12;reamer;2;3.11804;
./datasets/English//english_13;reamer;3;3.11804;
./datasets/English//english_14;reamer;2;3.11804;
./datasets/English//english_15;reamer;3;3.11804;
./datasets/English//english_16;reamer;11;3.11804;
./datasets/English//english_17;reamer;6;3.11804;
./datasets/English//english_18;reamer;6;3.11804;
./datasets/English//english_19;reamer;6;3.11804;
./datasets/English//english_20;reamer;7;3.11804;
./datasets/English//english_21;reamer;1;3.11804;
./datasets/English//english_22;reamer;8;3.11804;
./datasets/English//english_23;reamer;5;3.11804;
./datasets/English//english_24;reamer;10;3.11804;
./datasets/English//english_25;reamer;6;3.11804;
./datasets/English//english_26;reamer;5;3.11804;
./datasets/English//english_27;reamer;7;3.11804;
./datasets/English//english_28;reamer;5;3.11804;
./datasets/English//english_29;reamer;4;3.11804;
./datasets/English//english_30;reamer;3;3.11804;
./datasets/English//english_31;reamer;10;3.11804;
./datasets/English//english_32;reamer;6;3.11804;
./datasets/English//english_33;reamer;4;3.11804;
./datasets/English//english_34;reamer;7;3.11804;
./datasets/English//english_35;reamer;7;3.11804;
./datasets/English//english_36;reamer;6;3.11804;
./datasets/English//english_37;reamer;3;3.11804;
./datasets/English//english_38;reamer;8;3.11804;
./datasets/English//english_39;reamer;4;3.11804;
./datasets/English//english_00;tonguiness;0;2.70896;
./datasets/English//english_01;tonguiness;0;2.70896;
./datasets/English//english_02;tonguiness;0;2.70896;
./datasets/English//english_03;tonguiness;0;2.70896;
./datasets/English//english_04;tonguiness;0;2.70896;
./datasets/English//english_05;tonguiness;0;2.70896;
./datasets/English//english_06;tonguiness;0;2.70896;
./datasets/English//english_07;tonguiness;0;2.70896;
./datasets/English//english_08;tonguiness;0;2.70896;
./datasets/English//english_09;tonguiness;0;2.70896;
./datasets/English//english_10;tonguiness;0;2.70896;
./datasets/English//english_11;tonguiness;0;2.70896;
./datasets/English//english_12;tonguiness;0;2.70896;
./datasets/English//english_13;tonguiness;0;2.70896;
./datasets/English//english_14;tonguiness;0;2.70896;
./datasets/English//english_15;tonguiness;0;2.70896;
./datasets/English//english_16;tonguiness;0;2.70896;
./datasets/English//english_17;tonguiness;0;2.70896;
./datasets/English//english_18;tonguiness;0;2.70896;
./datasets/English//english_19;tonguiness;0;2.70896;
./datasets/English//english_20;tonguiness;0;2.70896;
./datasets/English//english_21;tonguiness;0;2.70896;
./datasets/English//english_22;tonguiness;0;2.70896;
./datasets/English//english_23;tonguiness;0;2.70896;
./datasets/English//english_24;tonguiness;0;2.70896;
./datasets/English//english_25;tonguiness;0;2.70896;
./datasets/English//english_26;tonguiness;0;2.70896;
./datasets/English//english_27;tonguiness;0;2.70896;
./datasets/English//english_28;tonguiness;0;2.70896;
./datasets/English//english_29;tonguiness;0;2.70896;
./datasets/English//english_30;tonguiness;0;2.70896;
./datasets/English//english_31;tonguiness;0;2.70896;
./datasets/English//english_32;tonguiness;0;2.70896;
./datasets/English//english_33;tonguiness;0;2.70896;
./datasets/English//english_34;tonguiness;0;2.70896;
./datasets/English//english_35;tonguiness;0;2.70896;
./datasets/English//english_36;tonguiness;0;2.70896;
./datasets/English//english_37;tonguiness;0;2.70896;
./datasets/English//english_38;tonguiness;0;2.70896;
./datasets/English//english_39;tonguiness;0;2.70896;
./datasets/English//english_00;microgametocyte;0;2.58007;
./datasets/English//english_01;microgametocyte;0;2.58007;
./datasets/English//english_02;microgametocyte;0;2.58007;
./datasets/English//english_03;microgametocyte;0;2.58007;
./datasets/English//english_04;microgametocyte;0;2.58007;
./datasets/English//english_05;microgametocyte;0;2.58007;
./datasets/English//english_06;microgametocyte;0;2.58007;
./datasets/English//english_07;microgametocyte;0;2.58007;
./datasets/English//english_08;microgametocyte;0;2.58007;
./datasets/English//english_09;microgametocyte;0;2.58007;
./datasets/English//english_10;microgametocyte;0;2.58007;
./datasets/English//english_11;microgametocyte;0;2.58007;
./datasets/English//english_12;microgametocyte;0;2.58007;
./datasets/English//english_13;microgametocyte;0;2.58007;
./datasets/English//english_14;microgametocyte;0;2.58007;
./datasets/English//english_15;microgametocyte;0;2.58007;
./datasets/English//english_16;microgametocyte;0;2.58007;
./datasets/English//english_17;microgametocyte;0;2.58007;
./datasets/English//english_18;microgametocyte;0;2.58007;
./datasets/English//english_19;microgametocyte;0;2.58007;
./datasets/English//english_20;microgametocyte;0;2.58007;
./datasets/English//english_21;microgametocyte;0;2.58007;
./datasets/English//english_22;microgametocyte;0;2.58007;
./datasets/English//english_23;microgametocyte;0;2.58007;
./datasets/English//english_24;microgametocyte;0;2.58007;
./datasets/English//english_25;microgametocyte;0;2.58007;
./datasets/English//english_26;microgametocyte;0;2.58007;
./datasets/English//english_27;microgametocyte;0;2.58007;
./datasets/English//english_28;microgametocyte;0;2.58007;
./datasets/English//english_29;microgametocyte;0;2.58007;
./datasets/English//english_30;microgametocyte;0;2.58007;
./datasets/English//english_31;microgametocyte;0;2.58007;
./datasets/English//english_32;microgametocyte;0;2.58007;
./datasets/English//english_33;microgametocyte;0;2.58007;
./datasets/English//english_34;microgametocyte;0;2.58007;
./datasets/English//english_35;microgametocyte;0;2.58007;
./datasets/English//english_36;microgametocyte;0;2.58007;
./datasets/English//english_37;microgametocyte;0;2.58007;
./datasets/English//english_38;microgametocyte;0;2.58007;
./datasets/English//english_39;microgametocyte;0;2.58007;
./datasets/English//english_00;baba;0;3.37096;
./datasets/English//english_01;baba;0;3.37096;
./datasets/English//english_02;baba;0;3.37096;
./datasets/English//english_03;baba;2;3.37096;
./datasets/English//english_04;baba;2;3.37096;
./datasets/English//english_05;baba;0;3.37096;
./datasets/English//english_06;baba;0;3.37096;
./datasets/English//english_07;baba;0;3.37096;
./datasets/English//english_08;baba;0;3.37096;
./datasets/English//english_09;baba;0;3.37096;
./datasets/English//english_10;baba;1;3.37096;
./datasets/English//english_11;baba;0;3.37096;
./datasets/English//english_12;baba;1;3.37096;
./datasets/English//english_13;baba;0;3.37096;
./datasets/English//english_14;baba;1;3.37096;
./datasets/English//english_15;baba;0;3.37096;
./datasets/English//english_16;baba;0;3.37096;
./datasets/English//english_17;baba;0;3.37096;
./datasets/English//english_18;baba;0;3.37096;
./datasets/English//english_19;baba;0;3.37096;
./datasets/English//english_20;baba;0;3.37096;
./datasets/English//english_21;baba;0;3.37096;
./datasets/English//english_22;baba;0;3.37096;
./datasets/English//english_23;baba;0;3.37096;
./datasets/English//english_24;baba;0;3.37096;
./datasets/English//english_25;baba;0;3.37096;
./datasets/English//english_26;baba;0;3.37096;
./datasets/English//english_27;baba;0;3.37096;
./datasets/English//english_28;baba;0;3.37096;
./datasets/English//english_29;baba;0;3.37096;
./datasets/English//english_30;baba;0;3.37096;
./datasets/English//english_31;baba;0;3.37096;
./datasets/English//english_32;baba;1;3.37096;
./datasets/English//english_33;baba;0;3.37096;
./datasets/English//english_34;baba;0;3.37096;
./datasets/English//english_35;baba;1;3.37096;
./datasets/English//english_36;baba;0;3.37096;
./datasets/English//english_37;baba;0;3.37096;
./datasets/English//english_38;baba;5;3.37096;
./datasets/English//english_39;baba;0;3.37096;
./datasets/English//english_00;ludefisk;0;2.81902;
./datasets/English//english_01;ludefisk;0;2.81902;
./datasets/English//english_02;ludefisk;0;2.81902;
./datasets/English//english_03;ludefisk;0;2.81902;
./datasets/English//english_04;ludefisk;0;2.81902;
./datasets/English//english_05;ludefisk;0;2.81902;
./datasets/English//english_06;ludefisk;0;2.81902;
./datasets/English//english_07;ludefisk;0;2.81902;
./datasets/English//english_08;ludefisk;0;2.81902;
./datasets/English//english_09;ludefisk;0;2.81902;
./datasets/English//english_10;ludefisk;0;2.81902;
./datasets/English//english_11;ludefisk;0;2.81902;
./datasets/English//english_12;ludefisk;0;2.81902;
./datasets/English//english_13;ludefisk;0;2.81902;
./datasets/English//english_14;ludefisk;0;2.81902;
./datasets/English//english_15;ludefisk;0;2.81902;
./datasets/English//english_16;ludefisk;0;2.81902;
./datasets/English//english_17;ludefisk;0;2.81902;
./datasets/English//english_18;ludefisk;0;2.81902;
./datasets/English//english_19;ludefisk;0;2.81902;
./datasets/English//english_20;ludefisk;0;2.81902;
./datasets/English//english_21;ludefisk;0;2.81902;
./datasets/English//english_22;ludefisk;0;2.81902;
./datasets/English//english_23;ludefisk;0;2.81902;
./datasets/English//english_24;ludefisk;0;2.81902;
./datasets/English//english_25;ludefisk;0;2.81902;
./datasets/English//english_26;ludefisk;0;2.81902;
./datasets/English//english_27;ludefisk;0;2.81902;
./datasets/English//english_28;ludefisk;0;2.81902;
./datasets/English//english_29;ludefisk;0;2.81902;
./datasets/English//english_30;ludefisk;0;2.81902;
./datasets/English//english_31;ludefisk;0;2.81902;
./datasets/English//english_32;ludefisk;0;2.81902;
./datasets/English//english_33;ludefisk;0;2.81902;
./datasets/English//english_34;ludefisk;0;2.81902;
./datasets/English//english_35;ludefisk;0;2.81902;
./datasets/English//english_36;ludefisk;0;2.81902;
./datasets/English//english_37;ludefisk;0;2.81902;
./datasets/English//english_38;ludefisk;0;2.81902;
./datasets/English//english_39;ludefisk;0;2.81902;
./datasets/English//english_00;novelwright;0;2.7389;
./datasets/English//english_01;novelwright;0;2.7389;
./datasets/English//english_02;novelwright;0;2.7389;
./datasets/English//english_03;novelwright;0;2.7389;
./datasets/English//english_04;novelwright;0;2.7389;
./datasets/English//english_05;novelwright;0;2.7389;
./datasets/English//english_06;novelwright;0;2.7389;
./datasets/English//english_07;novelwright;0;2.7389;
./datasets/English//english_08;novelwright;0;2.7389;
./datasets/English//english_09;novelwright;0;2.7389;
./datasets/English//english_10;novelwright;0;2.7389;
./datasets/English//english_11;novelwright;0;2.7389;
./datasets/English//english_12;novelwright;0;2.7389;
./datasets/English//english_13;novelwright;0;2.7389;
./datasets/English//english_14;novelwright;0;2.7389;
./datasets/English//english_15;novelwright;0;2.7389;
./datasets/English//english_16;novelwright;0;2.7389;
./datasets/English//english_17;novelwright;0;2.7389;
./datasets/English//english_18;novelwright;0;2.7389;
./datasets/English//english_19;novelwright;0;2.7389;
./datasets/English//english_20;novelwright;0;2.7389;
./datasets/English//english_21;novelwright;0;2.7389;
./datasets/English//english_22;novelwright;0;2.7389;
./datasets/English//english_23;novelwright;0;2.7389;
./datasets/English//english_24;novelwright;0;2.7389;
./datasets/English//english_25;novelwright;0;2.7389;
./datasets/English//english_26;novelwright;0;2.7389;
./datasets/English//english_27;novelwright;0;2.7389;
./datasets/English//english_28;novelwright;0;2.7389;
./datasets/English//english_29;novelwright;0;2.7389;
./datasets/English//english_30;novelwright;0;2.7389;
./datasets/English//english_31;novelwright;0;2.7389;
./datasets/English//english_32;novelwright;0;2.7389;
./datasets/English//english_33;novelwright;0;2.7389;
./datasets/English//english_34;novelwright;0;2.7389;
./datasets/English//english_35;novelwright;0;2.7389;
./datasets/English//english_36;novelwright;0;2.7389;
./datasets/English//english_37;novelwright;0;2.7389;
./datasets/English//english_38;novelwright;0;2.7389;
./datasets/English//english_39;novelwright;0;2.7389;
./datasets/English//english_00;swinehull;0;2.73144;
./datasets/English//english_01;swinehull;0;2.73144;
./datasets/English//english_02;swinehull;0;2.73144;
./datasets/English//english_03;swinehull;0;2.73144;
./datasets/English//english_04;swinehull;0;2.73144;
./datasets/English//english_05;swinehull;0;2.73144;
./datasets/English//english_06;swinehull;0;2.73144;
./datasets/English//english_07;swinehull;0;2.73144;
./datasets/English//english_08;swinehull;0;2.73144;
./datasets/English//english_09;swinehull;0;2.73144;
./datasets/English//english_10;swinehull;0;2.73144;
./datasets/English//english_11;swinehull;0;2.73144;
./datasets/English//english_12;swinehull;0;2.73144;
./datasets/English//english_13;swinehull;0;2.73144;
./datasets/English//english_14;swinehull;0;2.73144;
./datasets/English//english_15;swinehull;0;2.73144;
./datasets/English//english_16;swinehull;0;2.73144;
./datasets/English//english_17;swinehull;0;2.73144;
./datasets/English//english_18;swinehull;0;2.73144;
./datasets/English//english_19;swinehull;0;2.73144;
./datasets/English//english_20;swinehull;0;2.73144;
./datasets/English//english_21;swinehull;0;2.73144;
./datasets/English//english_22;swinehull;0;2.73144;
./datasets/English//english_23;swinehull;0;2.73144;
./datasets/English//english_24;swinehull;0;2.73144;
./datasets/English//english_25;swinehull;0;2.73144;
./datasets/English//english_26;swinehull;0;2.73144;
./datasets/English//english_27;swinehull;0;2.73144;
./datasets/English//english_28;swinehull;0;2.73144;
./datasets/English//english_29;swinehull;0;2.73144;
./datasets/English//english_30;swinehull;0;2.73144;
./datasets/English//english_31;swinehull;0;2.73144;
./datasets/English//english_32;swinehull;0;2.73144;
./datasets/English//english_33;swinehull;0;2.73144;
./datasets/English//english_34;swinehull;0;2.73144;
./datasets/English//english_35;swinehull;0;2.73144;
./datasets/English//english_36;swinehull;0;2.73144;
./datasets/English//english_37;swinehull;0;2.73144;
./datasets/English//english_38;swinehull;0;2.73144;
./datasets/English//english_39;swinehull;0;2.73144;
./datasets/English//english_00;Odonata;0;2.91168;
./datasets/English//english_01;Odonata;0;2.91168;
./datasets/English//english_02;Odonata;0;2.91168;
./datasets/English//english_03;Odonata;0;2.91168;
./datasets/English//english_04;Odonata;0;2.91168;
./datasets/English//english_05;Odonata;0;2.91168;
./datasets/English//english_06;Odonata;0;2.91168;
./datasets/English//english_07;Odonata;0;2.91168;
./datasets/English//english_08;Odonata;0;2.91168;
./datasets/English//english_09;Odonata;0;2.91168;
./datasets/English//english_10;Odonata;0;2.91168;
./datasets/English//english_11;Odonata;0;2.91168;
./datasets/English//english_12;Odonata;0;2.91168;
./datasets/English//english_13;Odonata;0;2.91168;
./datasets/English//english_14;Odonata;0;2.91168;
./datasets/English//english_15;Odonata;0;2.91168;
./datasets/English//english_16;Odonata;0;2.91168;
./datasets/English//english_17;Odonata;0;2.91168;
./datasets/English//english_18;Odonata;0;2.91168;
./datasets/English//english_19;Odonata;0;2.91168;
./datasets/English//english_20;Odonata;0;2.91168;
./datasets/English//english_21;Odonata;0;2.91168;
./datasets/English//english_22;Odonata;0;2.91168;
./datasets/English//english_23;Odonata;0;2.91168;
./datasets/English//english_24;Odonata;0;2.91168;
./datasets/English//english_25;Odonata;0;2.91168;
./datasets/English//english_26;Odonata;0;2.91168;
./datasets/English//english_27;Odonata;0;2.91168;
./datasets/English//english_28;Odonata;0;2.91168;
./datasets/English//english_29;Odonata;0;2.91168;
./datasets/English//english_30;Odonata;0;2.91168;
./datasets/English//english_31;Odonata;0;2.91168;
./datasets/English//english_32;Odonata;0;2.91168;
./datasets/English//english_33;Odonata;0;2.91168;
./datasets/English//english_34;Odonata;0;2.91168;
./datasets/English//english_35;Odonata;0;2.91168;
./datasets/English//english_36;Odonata;0;2.91168;
./datasets/English//english_37;Odonata;0;2.91168;
./datasets/English//english_38;Odonata;0;2.91168;
./datasets/English//english_39;Odonata;0;2.91168;
./datasets/English//english_00;indefinable;0;2.85402;
./datasets/English//english_01;indefinable;0;2.85402;
./datasets/English//english_02;indefinable;0;2.85402;
./datasets/English//english_03;indefinable;0;2.85402;
./datasets/English//english_04;indefinable;0;2.85402;
./datasets/English//english_05;indefinable;2;2.85402;
./datasets/English//english_06;indefinable;0;2.85402;
./datasets/English//english_07;indefinable;0;2.85402;
./datasets/English//english_08;indefinable;0;2.85402;
./datasets/English//english_09;indefinable;1;2.85402;
./datasets/English//english_10;indefinable;3;2.85402;
./datasets/English//english_11;indefinable;1;2.85402;
./datasets/English//english_12;indefinable;1;2.85402;
./datasets/English//english_13;indefinable;5;2.85402;
./datasets/English//english_14;indefinable;0;2.85402;
./datasets/English//english_15;indefinable;0;2.85402;
./datasets/English//english_16;indefinable;3;2.85402;
./datasets/English//english_17;indefinable;2;2.85402;
./datasets/English//english_18;indefinable;2;2.85402;
./datasets/English//english_19;indefinable;0;2.85402;
./datasets/English//english_20;indefinable;0;2.85402;
./datasets/English//english_21;indefinable;2;2.85402;
./datasets/English//english_22;indefinable;6;2.85402;
./datasets/English//english_23;indefinable;1;2.85402;
./datasets/English//english_24;indefinable;3;2.85402;
./datasets/English//english_25;indefinable;6;2.85402;
./datasets/English//english_26;indefinable;5;2.85402;
./datasets/English//english_27;indefinable;1;2.85402;
./datasets/English//english_28;indefinable;3;2.85402;
./datasets/English//english_29;indefinable;4;2.85402;
./datasets/English//english_30;indefinable;0;2.85402;
./datasets/English//english_31;indefinable;1;2.85402;
./datasets/English//english_32;indefinable;4;2.85402;
./datasets/English//english_33;indefinable;1;2.85402;
./datasets/English//english_34;indefinable;1;2.85402;
./datasets/English//english_35;indefinable;1;2.85402;
./datasets/English//english_36;indefinable;4;2.85402;
./datasets/English//english_37;indefinable;3;2.85402;
./datasets/English//english_38;indefinable;2;2.85402;
./datasets/English//english_39;indefinable;0;2.85402;
./datasets/English//english_00;faineance;0;2.78704;
./datasets/English//english_01;faineance;0;2.78704;
./datasets/English//english_02;faineance;0;2.78704;
./datasets/English//english_03;faineance;0;2.78704;
./datasets/English//english_04;faineance;0;2.78704;
./datasets/English//english_05;faineance;0;2.78704;
./datasets/English//english_06;faineance;0;2.78704;
./datasets/English//english_07;faineance;0;2.78704;
./datasets/English//english_08;faineance;0;2.78704;
./datasets/English//english_09;faineance;1;2.78704;
./datasets/English//english_10;faineance;0;2.78704;
./datasets/English//english_11;faineance;0;2.78704;
./datasets/English//english_12;faineance;0;2.78704;
./datasets/English//english_13;faineance;0;2.78704;
./datasets/English//english_14;faineance;0;2.78704;
./datasets/English//english_15;faineance;0;2.78704;
./datasets/English//english_16;faineance;0;2.78704;
./datasets/English//english_17;faineance;0;2.78704;
./datasets/English//english_18;faineance;0;2.78704;
./datasets/English//english_19;faineance;0;2.78704;
./datasets/English//english_20;faineance;0;2.78704;
./datasets/English//english_21;faineance;0;2.78704;
./datasets/English//english_22;faineance;0;2.78704;
./datasets/English//english_23;faineance;0;2.78704;
./datasets/English//english_24;faineance;0;2.78704;
./datasets/English//english_25;faineance;0;2.78704;
./datasets/English//english_26;faineance;0;2.78704;
./datasets/English//english_27;faineance;0;2.78704;
./datasets/English//english_28;faineance;0;2.78704;
./datasets/English//english_29;faineance;0;2.78704;
./datasets/English//english_30;faineance;0;2.78704;
./datasets/English//english_31;faineance;0;2.78704;
./datasets/English//english_32;faineance;0;2.78704;
./datasets/English//english_33;faineance;0;2.78704;
./datasets/English//english_34;faineance;0;2.78704;
./datasets/English//english_35;faineance;0;2.78704;
./datasets/English//english_36;faineance;0;2.78704;
./datasets/English//english_37;faineance;0;2.78704;
./datasets/English//english_38;faineance;0;2.78704;
./datasets/English//english_39;faineance;0;2.78704;
./datasets/English//english_00;nidologist;0;2.809;
./datasets/English//english_01;nidologist;0;2.809;
./datasets/English//english_02;nidologist;0;2.809;
./datasets/English//english_03;nidologist;0;2.809;
./datasets/English//english_04;nidologist;0;2.809;
./datasets/English//english_05;nidologist;0;2.809;
./datasets/English//english_06;nidologist;0;2.809;
./datasets/English//english_07;nidologist;0;2.809;
./datasets/English//english_08;nidologist;0;2.809;
./datasets/English//english_09;nidologist;0;2.809;
./datasets/English//english_10;nidologist;0;2.809;
./datasets/English//english_11;nidologist;0;2.809;
./datasets/English//english_12;nidologist;0;2.809;
./datasets/English//english_13;nidologist;0;2.809;
./datasets/English//english_14;nidologist;0;2.809;
./datasets/English//english_15;nidologist;0;2.809;
./datasets/English//english_16;nidologist;0;2.809;
./datasets/English//english_17;nidologist;0;2.809;
./datasets/English//english_18;nidologist;0;2.809;
./datasets/English//english_19;nidologist;0;2.809;
./datasets/English//english_20;nidologist;0;2.809;
./datasets/English//english_21;nidologist;0;2.809;
./datasets/English//english_22;nidologist;0;2.809;
./datasets/English//english_23;nidologist;0;2.809;
./datasets/English//english_24;nidologist;0;2.809;
./datasets/English//english_25;nidologist;0;2.809;
./datasets/English//english_26;nidologist;0;2.809;
./datasets/English//english_27;nidologist;0;2.809;
./datasets/English//english_28;nidologist;0;2.809;
./datasets/English//english_29;nidologist;0;2.809;
./datasets/English//english_30;nidologist;0;2.809;
./datasets/English//english_31;nidologist;0;2.809;
./datasets/English//english_32;nidologist;0;2.809;
./datasets/English//english_33;nidologist;0;2.809;
./datasets/English//english_34;nidologist;0;2.809;
./datasets/English//english_35;nidologist;0;2.809;
./datasets/English//english_36;nidologist;0;2.809;
./datasets/English//english_37;nidologist;0;2.809;
./datasets/English//english_38;nidologist;0;2.809;
./datasets/English//english_39;nidologist;0;2.809;
./datasets/English//english_00;supracargo;0;2.69897;
./datasets/English//english_01;supracargo;0;2.69897;
./datasets/English//english_02;supracargo;0;2.69897;
./datasets/English//english_03;supracargo;0;2.69897;
./datasets/English//english_04;supracargo;0;2.69897;
./datasets/English//english_05;supracargo;0;2.69897;
./datasets/English//english_06;supracargo;0;2.69897;
./datasets/English//english_07;supracargo;0;2.69897;
./datasets/English//english_08;supracargo;0;2.69897;
./datasets/English//english_09;supracargo;0;2.69897;
./datasets/English//english_10;supracargo;0;2.69897;
./datasets/English//english_11;supracargo;0;2.69897;
./datasets/English//english_12;supracargo;0;2.69897;
./datasets/English//english_13;supracargo;0;2.69897;
./datasets/English//english_14;supracargo;0;2.69897;
./datasets/English//english_15;supracargo;0;2.69897;
./datasets/English//english_16;supracargo;0;2.69897;
./datasets/English//english_17;supracargo;0;2.69897;
./datasets/English//english_18;supracargo;0;2.69897;
./datasets/English//english_19;supracargo;0;2.69897;
./datasets/English//english_20;supracargo;0;2.69897;
./datasets/English//english_21;supracargo;0;2.69897;
./datasets/English//english_22;supracargo;0;2.69897;
./datasets/English//english_23;supracargo;0;2.69897;
./datasets/English//english_24;supracargo;0;2.69897;
./datasets/English//english_25;supracargo;0;2.69897;
./datasets/English//english_26;supracargo;0;2.69897;
./datasets/English//english_27;supracargo;0;2.69897;
./datasets/English//english_28;supracargo;0;2.69897;
./datasets/English//english_29;supracargo;0;2.69897;
./datasets/English//english_30;supracargo;0;2.69897;
./datasets/English//english_31;supracargo;0;2.69897;
./datasets/English//english_32;supracargo;0;2.69897;
./datasets/English//english_33;supracargo;0;2.69897;
./datasets/English//english_34;supracargo;0;2.69897;
./datasets/English//english_35;supracargo;0;2.69897;
./datasets/English//english_36;supracargo;0;2.69897;
./datasets/English//english_37;supracargo;0;2.69897;
./datasets/English//english_38;supracargo;0;2.69897;
./datasets/English//english_39;supracargo;0;2.69897;
./datasets/English//english_00;beriberic;0;2.78703;
./datasets/English//english_01;beriberic;0;2.78703;
./datasets/English//english_02;beriberic;0;2.78703;
./datasets/English//english_03;beriberic;0;2.78703;
./datasets/English//english_04;beriberic;0;2.78703;
./datasets/English//english_05;beriberic;0;2.78703;
./datasets/English//english_06;beriberic;0;2.78703;
./datasets/English//english_07;beriberic;0;2.78703;
./datasets/English//english_08;beriberic;0;2.78703;
./datasets/English//english_09;beriberic;0;2.78703;
./datasets/English//english_10;beriberic;0;2.78703;
./datasets/English//english_11;beriberic;0;2.78703;
./datasets/English//english_12;beriberic;0;2.78703;
./datasets/English//english_13;beriberic;0;2.78703;
./datasets/English//english_14;beriberic;0;2.78703;
./datasets/English//english_15;beriberic;0;2.78703;
./datasets/English//english_16;beriberic;0;2.78703;
./datasets/English//english_17;beriberic;0;2.78703;
./datasets/English//english_18;beriberic;0;2.78703;
./datasets/English//english_19;beriberic;0;2.78703;
./datasets/English//english_20;beriberic;0;2.78703;
./datasets/English//english_21;beriberic;0;2.78703;
./datasets/English//english_22;beriberic;0;2.78703;
./datasets/English//english_23;beriberic;0;2.78703;
./datasets/English//english_24;beriberic;0;2.78703;
./datasets/English//english_25;beriberic;0;2.78703;
./datasets/English//english_26;beriberic;0;2.78703;
./datasets/English//english_27;beriberic;0;2.78703;
./datasets/English//english_28;beriberic;0;2.78703;
./datasets/English//english_29;beriberic;0;2.78703;
./datasets/English//english_30;beriberic;0;2.78703;
./datasets/English//english_31;beriberic;0;2.78703;
./datasets/English//english_32;beriberic;0;2.78703;
./datasets/English//english_33;beriberic;0;2.78703;
./datasets/English//english_34;beriberic;0;2.78703;
./datasets/English//english_35;beriberic;0;2.78703;
./datasets/English//english_36;beriberic;0;2.78703;
./datasets/English//english_37;beriberic;0;2.78703;
./datasets/English//english_38;beriberic;0;2.78703;
./datasets/English//english_39;beriberic;0;2.78703;
./datasets/English//english_00;betso;0;3.23702;
./datasets/English//english_01;betso;0;3.23702;
./datasets/English//english_02;betso;0;3.23702;
./datasets/English//english_03;betso;0;3.23702;
./datasets/English//english_04;betso;0;3.23702;
./datasets/English//english_05;betso;0;3.23702;
./datasets/English//english_06;betso;0;3.23702;
./datasets/English//english_07;betso;0;3.23702;
./datasets/English//english_08;betso;0;3.23702;
./datasets/English//english_09;betso;0;3.23702;
./datasets/English//english_10;betso;0;3.23702;
./datasets/English//english_11;betso;0;3.23702;
./datasets/English//english_12;betso;0;3.23702;
./datasets/English//english_13;betso;0;3.23702;
./datasets/English//english_14;betso;0;3.23702;
./datasets/English//english_15;betso;0;3.23702;
./datasets/English//english_16;betso;0;3.23702;
./datasets/English//english_17;betso;0;3.23702;
./datasets/English//english_18;betso;0;3.23702;
./datasets/English//english_19;betso;0;3.23702;
./datasets/English//english_20;betso;0;3.23702;
./datasets/English//english_21;betso;0;3.23702;
./datasets/English//english_22;betso;0;3.23702;
./datasets/English//english_23;betso;0;3.23702;
./datasets/English//english_24;betso;0;3.23702;
./datasets/English//english_25;betso;0;3.23702;
./datasets/English//english_26;betso;0;3.23702;
./datasets/English//english_27;betso;0;3.23702;
./datasets/English//english_28;betso;0;3.23702;
./datasets/English//english_29;betso;0;3.23702;
./datasets/English//english_30;betso;0;3.23702;
./datasets/English//english_31;betso;0;3.23702;
./datasets/English//english_32;betso;0;3.23702;
./datasets/English//english_33;betso;0;3.23702;
./datasets/English//english_34;betso;0;3.23702;
./datasets/English//english_35;betso;0;3.23702;
./datasets/English//english_36;betso;0;3.23702;
./datasets/English//english_37;betso;0;3.23702;
./datasets/English//english_38;betso;0;3.23702;
./datasets/English//english_39;betso;0;3.23702;
./datasets/English//english_00;archheart;0;2.82094;
./datasets/English//english_01;archheart;0;2.82094;
./datasets/English//english_02;archheart;0;2.82094;
./datasets/English//english_03;archheart;0;2.82094;
./datasets/English//english_04;archheart;0;2.82094;
./datasets/English//english_05;archheart;0;2.82094;
./datasets/English//english_06;archheart;0;2.82094;
./datasets/English//english_07;archheart;0;2.82094;
./datasets/English//english_08;archheart;0;2.82094;
./datasets/English//english_09;archheart;0;2.82094;
./datasets/English//english_10;archheart;0;2.82094;
./datasets/English//english_11;archheart;0;2.82094;
./datasets/English//english_12;archheart;0;2.82094;
./datasets/English//english_13;archheart;0;2.82094;
./datasets/English//english_14;archheart;0;2.82094;
./datasets/English//english_15;archheart;0;2.82094;
./datasets/English//english_16;archheart;0;2.82094;
./datasets/English//english_17;archheart;0;2.82094;
./datasets/English//english_18;archheart;0;2.82094;
./datasets/English//english_19;archheart;0;2.82094;
./datasets/English//english_20;archheart;0;2.82094;
./datasets/English//english_21;archheart;0;2.82094;
./datasets/English//english_22;archheart;0;2.82094;
./datasets/English//english_23;archheart;0;2.82094;
./datasets/English//english_24;archheart;0;2.82094;
./datasets/English//english_25;archheart;0;2.82094;
./datasets/English//english_26;archheart;0;2.82094;
./datasets/English//english_27;archheart;0;2.82094;
./datasets/English//english_28;archheart;0;2.82094;
./datasets/English//english_29;archheart;0;2.82094;
./datasets/English//english_30;archheart;0;2.82094;
./datasets/English//english_31;archheart;0;2.82094;
./datasets/English//english_32;archheart;0;2.82094;
./datasets/English//english_33;archheart;0;2.82094;
./datasets/English//english_34;archheart;0;2.82094;
./datasets/English//english_35;archheart;0;2.82094;
./datasets/English//english_36;archheart;0;2.82094;
./datasets/English//english_37;archheart;0;2.82094;
./datasets/English//english_38;archheart;0;2.82094;
./datasets/English//english_39;archheart;0;2.82094;
./datasets/English//english_00;snary;0;3.17503;
./datasets/English//english_01;snary;0;3.17503;
./datasets/English//english_02;snary;0;3.17503;
./datasets/English//english_03;snary;0;3.17503;
./datasets/English//english_04;snary;0;3.17503;
./datasets/English//english_05;snary;0;3.17503;
./datasets/English//english_06;snary;0;3.17503;
./datasets/English//english_07;snary;0;3.17503;
./datasets/English//english_08;snary;0;3.17503;
./datasets/English//english_09;snary;0;3.17503;
./datasets/English//english_10;snary;0;3.17503;
./datasets/English//english_11;snary;0;3.17503;
./datasets/English//english_12;snary;0;3.17503;
./datasets/English//english_13;snary;0;3.17503;
./datasets/English//english_14;snary;0;3.17503;
./datasets/English//english_15;snary;0;3.17503;
./datasets/English//english_16;snary;0;3.17503;
./datasets/English//english_17;snary;0;3.17503;
./datasets/English//english_18;snary;0;3.17503;
./datasets/English//english_19;snary;0;3.17503;
./datasets/English//english_20;snary;0;3.17503;
./datasets/English//english_21;snary;0;3.17503;
./datasets/English//english_22;snary;0;3.17503;
./datasets/English//english_23;snary;0;3.17503;
./datasets/English//english_24;snary;0;3.17503;
./datasets/English//english_25;snary;0;3.17503;
./datasets/English//english_26;snary;0;3.17503;
./datasets/English//english_27;snary;0;3.17503;
./datasets/English//english_28;snary;0;3.17503;
./datasets/English//english_29;snary;0;3.17503;
./datasets/English//english_30;snary;0;3.17503;
./datasets/English//english_31;snary;0;3.17503;
./datasets/English//english_32;snary;0;3.17503;
./datasets/English//english_33;snary;0;3.17503;
./datasets/English//english_34;snary;0;3.17503;
./datasets/English//english_35;snary;0;3.17503;
./datasets/English//english_36;snary;0;3.17503;
./datasets/English//english_37;snary;0;3.17503;
./datasets/English//english_38;snary;0;3.17503;
./datasets/English//english_39;snary;0;3.17503;
./datasets/English//english_00;Viminal;0;3.07997;
./datasets/English//english_01;Viminal;0;3.07997;
./datasets/English//english_02;Viminal;0;3.07997;
./datasets/English//english_03;Viminal;0;3.07997;
./datasets/English//english_04;Viminal;0;3.07997;
./datasets/English//english_05;Viminal;0;3.07997;
./datasets/English//english_06;Viminal;0;3.07997;
./datasets/English//english_07;Viminal;0;3.07997;
./datasets/English//english_08;Viminal;0;3.07997;
./datasets/English//english_09;Viminal;0;3.07997;
./datasets/English//english_10;Viminal;0;3.07997;
./datasets/English//english_11;Viminal;0;3.07997;
./datasets/English//english_12;Viminal;0;3.07997;
./datasets/English//english_13;Viminal;0;3.07997;
./datasets/English//english_14;Viminal;0;3.07997;
./datasets/English//english_15;Viminal;0;3.07997;
./datasets/English//english_16;Viminal;0;3.07997;
./datasets/English//english_17;Viminal;0;3.07997;
./datasets/English//english_18;Viminal;0;3.07997;
./datasets/English//english_19;Viminal;0;3.07997;
./datasets/English//english_20;Viminal;0;3.07997;
./datasets/English//english_21;Viminal;0;3.07997;
./datasets/English//english_22;Viminal;0;3.07997;
./datasets/English//english_23;Viminal;0;3.07997;
./datasets/English//english_24;Viminal;0;3.07997;
./datasets/English//english_25;Viminal;0;3.07997;
./datasets/English//english_26;Viminal;0;3.07997;
./datasets/English//english_27;Viminal;0;3.07997;
./datasets/English//english_28;Viminal;0;3.07997;
./datasets/English//english_29;Viminal;0;3.07997;
./datasets/English//english_30;Viminal;0;3.07997;
./datasets/English//english_31;Viminal;0;3.07997;
./datasets/English//english_32;Viminal;0;3.07997;
./datasets/English//english_33;Viminal;0;3.07997;
./datasets/English//english_34;Viminal;0;3.07997;
./datasets/English//english_35;Viminal;0;3.07997;
./datasets/English//english_36;Viminal;0;3.07997;
./datasets/English//english_37;Viminal;0;3.07997;
./datasets/English//english_38;Viminal;0;3.07997;
./datasets/English//english_39;Viminal;0;3.07997;
./datasets/English//english_00;Pygopodidae;0;2.78407;
./datasets/English//english_01;Pygopodidae;0;2.78407;
./datasets/English//english_02;Pygopodidae;0;2.78407;
./datasets/English//english_03;Pygopodidae;0;2.78407;
./datasets/English//english_04;Pygopodidae;0;2.78407;
./datasets/English//english_05;Pygopodidae;0;2.78407;
./datasets/English//english_06;Pygopodidae;0;2.78407;
./datasets/English//english_07;Pygopodidae;0;2.78407;
./datasets/English//english_08;Pygopodidae;0;2.78407;
./datasets/English//english_09;Pygopodidae;0;2.78407;
./datasets/English//english_10;Pygopodidae;0;2.78407;
./datasets/English//english_11;Pygopodidae;0;2.78407;
./datasets/English//english_12;Pygopodidae;0;2.78407;
./datasets/English//english_13;Pygopodidae;0;2.78407;
./datasets/English//english_14;Pygopodidae;0;2.78407;
./datasets/English//english_15;Pygopodidae;0;2.78407;
./datasets/English//english_16;Pygopodidae;0;2.78407;
./datasets/English//english_17;Pygopodidae;0;2.78407;
./datasets/English//english_18;Pygopodidae;0;2.78407;
./datasets/English//english_19;Pygopodidae;0;2.78407;
./datasets/English//english_20;Pygopodidae;0;2.78407;
./datasets/English//english_21;Pygopodidae;0;2.78407;
./datasets/English//english_22;Pygopodidae;0;2.78407;
./datasets/English//english_23;Pygopodidae;0;2.78407;
./datasets/English//english_24;Pygopodidae;0;2.78407;
./datasets/English//english_25;Pygopodidae;0;2.78407;
./datasets/English//english_26;Pygopodidae;0;2.78407;
./datasets/English//english_27;Pygopodidae;0;2.78407;
./datasets/English//english_28;Pygopodidae;0;2.78407;
./datasets/English//english_29;Pygopodidae;0;2.78407;
./datasets/English//english_30;Pygopodidae;0;2.78407;
./datasets/English//english_31;Pygopodidae;0;2.78407;
./datasets/English//english_32;Pygopodidae;0;2.78407;
./datasets/English//english_33;Pygopodidae;0;2.78407;
./datasets/English//english_34;Pygopodidae;0;2.78407;
./datasets/English//english_35;Pygopodidae;0;2.78407;
./datasets/English//english_36;Pygopodidae;0;2.78407;
./datasets/English//english_37;Pygopodidae;0;2.78407;
./datasets/English//english_38;Pygopodidae;0;2.78407;
./datasets/English//english_39;Pygopodidae;0;2.78407;
./datasets/English//english_00;acetylenediurein;0;2.66397;
./datasets/English//english_01;acetylenediurein;0;2.66397;
./datasets/English//english_02;acetylenediurein;0;2.66397;
./datasets/English//english_03;acetylenediurein;0;2.66397;
./datasets/English//english_04;acetylenediurein;0;2.66397;
./datasets/English//english_05;acetylenediurein;0;2.66397;
./datasets/English//english_06;acetylenediurein;0;2.66397;
./datasets/English//english_07;acetylenediurein;0;2.66397;
./datasets/English//english_08;acetylenediurein;0;2.66397;
./datasets/English//english_09;acetylenediurein;0;2.66397;
./datasets/English//english_10;acetylenediurein;0;2.66397;
./datasets/English//english_11;acetylenediurein;0;2.66397;
./datasets/English//english_12;acetylenediurein;0;2.66397;
./datasets/English//english_13;acetylenediurein;0;2.66397;
./datasets/English//english_14;acetylenediurein;0;2.66397;
./datasets/English//english_15;acetylenediurein;0;2.66397;
./datasets/English//english_16;acetylenediurein;0;2.66397;
./datasets/English//english_17;acetylenediurein;0;2.66397;
./datasets/English//english_18;acetylenediurein;0;2.66397;
./datasets/English//english_19;acetylenediurein;0;2.66397;
./datasets/English//english_20;acetylenediurein;0;2.66397;
./datasets/English//english_21;acetylenediurein;0;2.66397;
./datasets/English//english_22;acetylenediurein;0;2.66397;
./datasets/English//english_23;acetylenediurein;0;2.66397;
./datasets/English//english_24;acetylenediurein;0;2.66397;
./datasets/English//english_25;acetylenediurein;0;2.66397;
./datasets/English//english_26;acetylenediurein;0;2.66397;
./datasets/English//english_27;acetylenediurein;0;2.66397;
./datasets/English//english_28;acetylenediurein;0;2.66397;
./datasets/English//english_29;acetylenediurein;0;2.66397;
./datasets/English//english_30;acetylenediurein;0;2.66397;
./datasets/English//english_31;acetylenediurein;0;2.66397;
./datasets/English//english_32;acetylenediurein;0;2.66397;
./datasets/English//english_33;acetylenediurein;0;2.66397;
./datasets/English//english_34;acetylenediurein;0;2.66397;
./datasets/English//english_35;acetylenediurein;0;2.66397;
./datasets/English//english_36;acetylenediurein;0;2.66397;
./datasets/English//english_37;acetylenediurein;0;2.66397;
./datasets/English//english_38;acetylenediurein;0;2.66397;
./datasets/English//english_39;acetylenediurein;0;2.66397;
./datasets/English//english_00;asphalt;0;3.10493;
./datasets/English//english_01;asphalt;0;3.10493;
./datasets/English//english_02;asphalt;0;3.10493;
./datasets/English//english_03;asphalt;0;3.10493;
./datasets/English//english_04;asphalt;2;3.10493;
./datasets/English//english_05;asphalt;0;3.10493;
./datasets/English//english_06;asphalt;2;3.10493;
./datasets/English//english_07;asphalt;0;3.10493;
./datasets/English//english_08;asphalt;1;3.10493;
./datasets/English//english_09;asphalt;0;3.10493;
./datasets/English//english_10;asphalt;0;3.10493;
./datasets/English//english_11;asphalt;2;3.10493;
./datasets/English//english_12;asphalt;0;3.10493;
./datasets/English//english_13;asphalt;2;3.10493;
./datasets/English//english_14;asphalt;0;3.10493;
./datasets/English//english_15;asphalt;1;3.10493;
./datasets/English//english_16;asphalt;0;3.10493;
./datasets/English//english_17;asphalt;0;3.10493;
./datasets/English//english_18;asphalt;2;3.10493;
./datasets/English//english_19;asphalt;0;3.10493;
./datasets/English//english_20;asphalt;4;3.10493;
./datasets/English//english_21;asphalt;1;3.10493;
./datasets/English//english_22;asphalt;3;3.10493;
./datasets/English//english_23;asphalt;2;3.10493;
./datasets/English//english_24;asphalt;0;3.10493;
./datasets/English//english_25;asphalt;1;3.10493;
./datasets/English//english_26;asphalt;2;3.10493;
./datasets/English//english_27;asphalt;0;3.10493;
./datasets/English//english_28;asphalt;0;3.10493;
./datasets/English//english_29;asphalt;2;3.10493;
./datasets/English//english_30;asphalt;6;3.10493;
./datasets/English//english_31;asphalt;0;3.10493;
./datasets/English//english_32;asphalt;1;3.10493;
./datasets/English//english_33;asphalt;6;3.10493;
./datasets/English//english_34;asphalt;3;3.10493;
./datasets/English//english_35;asphalt;1;3.10493;
./datasets/English//english_36;asphalt;3;3.10493;
./datasets/English//english_37;asphalt;3;3.10493;
./datasets/English//english_38;asphalt;1;3.10493;
./datasets/English//english_39;asphalt;0;3.10493;
./datasets/English//english_00;preimpress;0;3.10101;
./datasets/English//english_01;preimpress;0;3.10101;
./datasets/English//english_02;preimpress;0;3.10101;
./datasets/English//english_03;preimpress;0;3.10101;
./datasets/English//english_04;preimpress;0;3.10101;
./datasets/English//english_05;preimpress;0;3.10101;
./datasets/English//english_06;preimpress;0;3.10101;
./datasets/English//english_07;preimpress;0;3.10101;
./datasets/English//english_08;preimpress;0;3.10101;
./datasets/English//english_09;preimpress;0;3.10101;
./datasets/English//english_10;preimpress;0;3.10101;
./datasets/English//english_11;preimpress;0;3.10101;
./datasets/English//english_12;preimpress;0;3.10101;
./datasets/English//english_13;preimpress;0;3.10101;
./datasets/English//english_14;preimpress;0;3.10101;
./datasets/English//english_15;preimpress;0;3.10101;
./datasets/English//english_16;preimpress;0;3.10101;
./datasets/English//english_17;preimpress;0;3.10101;
./datasets/English//english_18;preimpress;0;3.10101;
./datasets/English//english_19;preimpress;0;3.10101;
./datasets/English//english_20;preimpress;0;3.10101;
./datasets/English//english_21;preimpress;0;3.10101;
./datasets/English//english_22;preimpress;0;3.10101;
./datasets/English//english_23;preimpress;0;3.10101;
./datasets/English//english_24;preimpress;0;3.10101;
./datasets/English//english_25;preimpress;0;3.10101;
./datasets/English//english_26;preimpress;0;3.10101;
./datasets/English//english_27;preimpress;0;3.10101;
./datasets/English//english_28;preimpress;0;3.10101;
./datasets/English//english_29;preimpress;0;3.10101;
./datasets/English//english_30;preimpress;0;3.10101;
./datasets/English//english_31;preimpress;0;3.10101;
./datasets/English//english_32;preimpress;0;3.10101;
./datasets/English//english_33;preimpress;0;3.10101;
./datasets/English//english_34;preimpress;0;3.10101;
./datasets/English//english_35;preimpress;0;3.10101;
./datasets/English//english_36;preimpress;0;3.10101;
./datasets/English//english_37;preimpress;0;3.10101;
./datasets/English//english_38;preimpress;0;3.10101;
./datasets/English//english_39;preimpress;0;3.10101;
./datasets/English//english_00;fountainlet;0;2.96304;
./datasets/English//english_01;fountainlet;0;2.96304;
./datasets/English//english_02;fountainlet;0;2.96304;
./datasets/English//english_03;fountainlet;0;2.96304;
./datasets/English//english_04;fountainlet;0;2.96304;
./datasets/English//english_05;fountainlet;0;2.96304;
./datasets/English//english_06;fountainlet;0;2.96304;
./datasets/English//english_07;fountainlet;0;2.96304;
./datasets/English//english_08;fountainlet;0;2.96304;
./datasets/English//english_09;fountainlet;0;2.96304;
./datasets/English//english_10;fountainlet;0;2.96304;
./datasets/English//english_11;fountainlet;0;2.96304;
./datasets/English//english_12;fountainlet;0;2.96304;
./datasets/English//english_13;fountainlet;0;2.96304;
./datasets/English//english_14;fountainlet;0;2.96304;
./datasets/English//english_15;fountainlet;0;2.96304;
./datasets/English//english_16;fountainlet;0;2.96304;
./datasets/English//english_17;fountainlet;0;2.96304;
./datasets/English//english_18;fountainlet;0;2.96304;
./datasets/English//english_19;fountainlet;0;2.96304;
./datasets/English//english_20;fountainlet;0;2.96304;
./datasets/English//english_21;fountainlet;0;2.96304;
./datasets/English//english_22;fountainlet;0;2.96304;
./datasets/English//english_23;fountainlet;0;2.96304;
./datasets/English//english_24;fountainlet;0;2.96304;
./datasets/English//english_25;fountainlet;0;2.96304;
./datasets/English//english_26;fountainlet;0;2.96304;
./datasets/English//english_27;fountainlet;0;2.96304;
./datasets/English//english_28;fountainlet;0;2.96304;
./datasets/English//english_29;fountainlet;0;2.96304;
./datasets/English//english_30;fountainlet;0;2.96304;
./datasets/English//english_31;fountainlet;0;2.96304;
./datasets/English//english_32;fountainlet;0;2.96304;
./datasets/English//english_33;fountainlet;0;2.96304;
./datasets/English//english_34;fountainlet;0;2.96304;
./datasets/English//english_35;fountainlet;0;2.96304;
./datasets/English//english_36;fountainlet;0;2.96304;
./datasets/English//english_37;fountainlet;0;2.96304;
./datasets/English//english_38;fountainlet;0;2.96304;
./datasets/English//english_39;fountainlet;0;2.96304;
./datasets/English//english_00;bejel;0;3.24504;
./datasets/English//english_01;bejel;0;3.24504;
./datasets/English//english_02;bejel;0;3.24504;
./datasets/English//english_03;bejel;0;3.24504;
./datasets/English//english_04;bejel;0;3.24504;
./datasets/English//english_05;bejel;0;3.24504;
./datasets/English//english_06;bejel;0;3.24504;
./datasets/English//english_07;bejel;0;3.24504;
./datasets/English//english_08;bejel;0;3.24504;
./datasets/English//english_09;bejel;0;3.24504;
./datasets/English//english_10;bejel;0;3.24504;
./datasets/English//english_11;bejel;0;3.24504;
./datasets/English//english_12;bejel;0;3.24504;
./datasets/English//english_13;bejel;0;3.24504;
./datasets/English//english_14;bejel;0;3.24504;
./datasets/English//english_15;bejel;0;3.24504;
./datasets/English//english_16;bejel;0;3.24504;
./datasets/English//english_17;bejel;0;3.24504;
./datasets/English//english_18;bejel;0;3.24504;
./datasets/English//english_19;bejel;0;3.24504;
./datasets/English//english_20;bejel;0;3.24504;
./datasets/English//english_21;bejel;0;3.24504;
./datasets/English//english_22;bejel;0;3.24504;
./datasets/English//english_23;bejel;0;3.24504;
./datasets/English//english_24;bejel;0;3.24504;
./datasets/English//english_25;bejel;0;3.24504;
./datasets/English//english_26;bejel;0;3.24504;
./datasets/English//english_27;bejel;0;3.24504;
./datasets/English//english_28;bejel;0;3.24504;
./datasets/English//english_29;bejel;0;3.24504;
./datasets/English//english_30;bejel;0;3.24504;
./datasets/English//english_31;bejel;0;3.24504;
./datasets/English//english_32;bejel;0;3.24504;
./datasets/English//english_33;bejel;0;3.24504;
./datasets/English//english_34;bejel;0;3.24504;
./datasets/English//english_35;bejel;0;3.24504;
./datasets/English//english_36;bejel;0;3.24504;
./datasets/English//english_37;bejel;0;3.24504;
./datasets/English//english_38;bejel;0;3.24504;
./datasets/English//english_39;bejel;0;3.24504;
./datasets/English//english_00;unpictorially;0;2.61305;
./datasets/English//english_01;unpictorially;0;2.61305;
./datasets/English//english_02;unpictorially;0;2.61305;
./datasets/English//english_03;unpictorially;0;2.61305;
./datasets/English//english_04;unpictorially;0;2.61305;
./datasets/English//english_05;unpictorially;0;2.61305;
./datasets/English//english_06;unpictorially;0;2.61305;
./datasets/English//english_07;unpictorially;0;2.61305;
./datasets/English//english_08;unpictorially;0;2.61305;
./datasets/English//english_09;unpictorially;0;2.61305;
./datasets/English//english_10;unpictorially;0;2.61305;
./datasets/English//english_11;unpictorially;0;2.61305;
./datasets/English//english_12;unpictorially;0;2.61305;
./datasets/English//english_13;unpictorially;0;2.61305;
./datasets/English//english_14;unpictorially;0;2.61305;
./datasets/English//english_15;unpictorially;0;2.61305;
./datasets/English//english_16;unpictorially;0;2.61305;
./datasets/English//english_17;unpictorially;0;2.61305;
./datasets/English//english_18;unpictorially;0;2.61305;
./datasets/English//english_19;unpictorially;0;2.61305;
./datasets/English//english_20;unpictorially;0;2.61305;
./datasets/English//english_21;unpictorially;0;2.61305;
./datasets/English//english_22;unpictorially;0;2.61305;
./datasets/English//english_23;unpictorially;0;2.61305;
./datasets/English//english_24;unpictorially;0;2.61305;
./datasets/English//english_25;unpictorially;0;2.61305;
./datasets/English//english_26;unpictorially;0;2.61305;
./datasets/English//english_27;unpictorially;0;2.61305;
./datasets/English//english_28;unpictorially;0;2.61305;
./datasets/English//english_29;unpictorially;0;2.61305;
./datasets/English//english_30;unpictorially;0;2.61305;
./datasets/English//english_31;unpictorially;0;2.61305;
./datasets/English//english_32;unpictorially;0;2.61305;
./datasets/English//english_33;unpictorially;0;2.61305;
./datasets/English//english_34;unpictorially;0;2.61305;
./datasets/English//english_35;unpictorially;0;2.61305;
./datasets/English//english_36;unpictorially;0;2.61305;
./datasets/English//english_37;unpictorially;0;2.61305;
./datasets/English//english_38;unpictorially;0;2.61305;
./datasets/English//english_39;unpictorially;0;2.61305;
./datasets/English//english_00;heliophyte;0;2.768;
./datasets/English//english_01;heliophyte;0;2.768;
./datasets/English//english_02;heliophyte;0;2.768;
./datasets/English//english_03;heliophyte;0;2.768;
./datasets/English//english_04;heliophyte;0;2.768;
./datasets/English//english_05;heliophyte;0;2.768;
./datasets/English//english_06;heliophyte;0;2.768;
./datasets/English//english_07;heliophyte;0;2.768;
./datasets/English//english_08;heliophyte;0;2.768;
./datasets/English//english_09;heliophyte;0;2.768;
./datasets/English//english_10;heliophyte;0;2.768;
./datasets/English//english_11;heliophyte;0;2.768;
./datasets/English//english_12;heliophyte;0;2.768;
./datasets/English//english_13;heliophyte;0;2.768;
./datasets/English//english_14;heliophyte;0;2.768;
./datasets/English//english_15;heliophyte;0;2.768;
./datasets/English//english_16;heliophyte;0;2.768;
./datasets/English//english_17;heliophyte;0;2.768;
./datasets/English//english_18;heliophyte;0;2.768;
./datasets/English//english_19;heliophyte;0;2.768;
./datasets/English//english_20;heliophyte;0;2.768;
./datasets/English//english_21;heliophyte;0;2.768;
./datasets/English//english_22;heliophyte;0;2.768;
./datasets/English//english_23;heliophyte;0;2.768;
./datasets/English//english_24;heliophyte;0;2.768;
./datasets/English//english_25;heliophyte;0;2.768;
./datasets/English//english_26;heliophyte;0;2.768;
./datasets/English//english_27;heliophyte;0;2.768;
./datasets/English//english_28;heliophyte;0;2.768;
./datasets/English//english_29;heliophyte;0;2.768;
./datasets/English//english_30;heliophyte;0;2.768;
./datasets/English//english_31;heliophyte;0;2.768;
./datasets/English//english_32;heliophyte;0;2.768;
./datasets/English//english_33;heliophyte;0;2.768;
./datasets/English//english_34;heliophyte;0;2.768;
./datasets/English//english_35;heliophyte;0;2.768;
./datasets/English//english_36;heliophyte;0;2.768;
./datasets/English//english_37;heliophyte;0;2.768;
./datasets/English//english_38;heliophyte;0;2.768;
./datasets/English//english_39;heliophyte;0;2.768;
./datasets/English//english_00;chimopeelagic;0;2.61197;
./datasets/English//english_01;chimopeelagic;0;2.61197;
./datasets/English//english_02;chimopeelagic;0;2.61197;
./datasets/English//english_03;chimopeelagic;0;2.61197;
./datasets/English//english_04;chimopeelagic;0;2.61197;
./datasets/English//english_05;chimopeelagic;0;2.61197;
./datasets/English//english_06;chimopeelagic;0;2.61197;
./datasets/English//english_07;chimopeelagic;0;2.61197;
./datasets/English//english_08;chimopeelagic;0;2.61197;
./datasets/English//english_09;chimopeelagic;0;2.61197;
./datasets/English//english_10;chimopeelagic;0;2.61197;
./datasets/English//english_11;chimopeelagic;0;2.61197;
./datasets/English//english_12;chimopeelagic;0;2.61197;
./datasets/English//english_13;chimopeelagic;0;2.61197;
./datasets/English//english_14;chimopeelagic;0;2.61197;
./datasets/English//english_15;chimopeelagic;0;2.61197;
./datasets/English//english_16;chimopeelagic;0;2.61197;
./datasets/English//english_17;chimopeelagic;0;2.61197;
./datasets/English//english_18;chimopeelagic;0;2.61197;
./datasets/English//english_19;chimopeelagic;0;2.61197;
./datasets/English//english_20;chimopeelagic;0;2.61197;
./datasets/English//english_21;chimopeelagic;0;2.61197;
./datasets/English//english_22;chimopeelagic;0;2.61197;
./datasets/English//english_23;chimopeelagic;0;2.61197;
./datasets/English//english_24;chimopeelagic;0;2.61197;
./datasets/English//english_25;chimopeelagic;0;2.61197;
./datasets/English//english_26;chimopeelagic;0;2.61197;
./datasets/English//english_27;chimopeelagic;0;2.61197;
./datasets/English//english_28;chimopeelagic;0;2.61197;
./datasets/English//english_29;chimopeelagic;0;2.61197;
./datasets/English//english_30;chimopeelagic;0;2.61197;
./datasets/English//english_31;chimopeelagic;0;2.61197;
./datasets/English//english_32;chimopeelagic;0;2.61197;
./datasets/English//english_33;chimopeelagic;0;2.61197;
./datasets/English//english_34;chimopeelagic;0;2.61197;
./datasets/English//english_35;chimopeelagic;0;2.61197;
./datasets/English//english_36;chimopeelagic;0;2.61197;
./datasets/English//english_37;chimopeelagic;0;2.61197;
./datasets/English//english_38;chimopeelagic;0;2.61197;
./datasets/English//english_39;chimopeelagic;0;2.61197;
./datasets/English//english_00;warison;0;3.03604;
./datasets/English//english_01;warison;0;3.03604;
./datasets/English//english_02;warison;0;3.03604;
./datasets/English//english_03;warison;0;3.03604;
./datasets/English//english_04;warison;0;3.03604;
./datasets/English//english_05;warison;0;3.03604;
./datasets/English//english_06;warison;0;3.03604;
./datasets/English//english_07;warison;0;3.03604;
./datasets/English//english_08;warison;0;3.03604;
./datasets/English//english_09;warison;0;3.03604;
./datasets/English//english_10;warison;0;3.03604;
./datasets/English//english_11;warison;0;3.03604;
./datasets/English//english_12;warison;0;3.03604;
./datasets/English//english_13;warison;0;3.03604;
./datasets/English//english_14;warison;0;3.03604;
./datasets/English//english_15;warison;0;3.03604;
./datasets/English//english_16;warison;0;3.03604;
./datasets/English//english_17;warison;0;3.03604;
./datasets/English//english_18;warison;0;3.03604;
./datasets/English//english_19;warison;0;3.03604;
./datasets/English//english_20;warison;0;3.03604;
./datasets/English//english_21;warison;0;3.03604;
./datasets/English//english_22;warison;0;3.03604;
./datasets/English//english_23;warison;0;3.03604;
./datasets/English//english_24;warison;0;3.03604;
./datasets/English//english_25;warison;0;3.03604;
./datasets/English//english_26;warison;0;3.03604;
./datasets/English//english_27;warison;0;3.03604;
./datasets/English//english_28;warison;0;3.03604;
./datasets/English//english_29;warison;0;3.03604;
./datasets/English//english_30;warison;0;3.03604;
./datasets/English//english_31;warison;0;3.03604;
./datasets/English//english_32;warison;0;3.03604;
./datasets/English//english_33;warison;0;3.03604;
./datasets/English//english_34;warison;0;3.03604;
./datasets/English//english_35;warison;0;3.03604;
./datasets/English//english_36;warison;0;3.03604;
./datasets/English//english_37;warison;0;3.03604;
./datasets/English//english_38;warison;0;3.03604;
./datasets/English//english_39;warison;0;3.03604;
./datasets/English//english_00;antivaccinist;0;2.61305;
./datasets/English//english_01;antivaccinist;0;2.61305;
./datasets/English//english_02;antivaccinist;0;2.61305;
./datasets/English//english_03;antivaccinist;0;2.61305;
./datasets/English//english_04;antivaccinist;0;2.61305;
./datasets/English//english_05;antivaccinist;0;2.61305;
./datasets/English//english_06;antivaccinist;0;2.61305;
./datasets/English//english_07;antivaccinist;0;2.61305;
./datasets/English//english_08;antivaccinist;0;2.61305;
./datasets/English//english_09;antivaccinist;0;2.61305;
./datasets/English//english_10;antivaccinist;0;2.61305;
./datasets/English//english_11;antivaccinist;0;2.61305;
./datasets/English//english_12;antivaccinist;0;2.61305;
./datasets/English//english_13;antivaccinist;0;2.61305;
./datasets/English//english_14;antivaccinist;0;2.61305;
./datasets/English//english_15;antivaccinist;0;2.61305;
./datasets/English//english_16;antivaccinist;0;2.61305;
./datasets/English//english_17;antivaccinist;0;2.61305;
./datasets/English//english_18;antivaccinist;0;2.61305;
./datasets/English//english_19;antivaccinist;0;2.61305;
./datasets/English//english_20;antivaccinist;0;2.61305;
./datasets/English//english_21;antivaccinist;0;2.61305;
./datasets/English//english_22;antivaccinist;0;2.61305;
./datasets/English//english_23;antivaccinist;0;2.61305;
./datasets/English//english_24;antivaccinist;0;2.61305;
./datasets/English//english_25;antivaccinist;0;2.61305;
./datasets/English//english_26;antivaccinist;0;2.61305;
./datasets/English//english_27;antivaccinist;0;2.61305;
./datasets/English//english_28;antivaccinist;0;2.61305;
./datasets/English//english_29;antivaccinist;0;2.61305;
./datasets/English//english_30;antivaccinist;0;2.61305;
./datasets/English//english_31;antivaccinist;0;2.61305;
./datasets/English//english_32;antivaccinist;0;2.61305;
./datasets/English//english_33;antivaccinist;0;2.61305;
./datasets/English//english_34;antivaccinist;0;2.61305;
./datasets/English//english_35;antivaccinist;0;2.61305;
./datasets/English//english_36;antivaccinist;0;2.61305;
./datasets/English//english_37;antivaccinist;0;2.61305;
./datasets/English//english_38;antivaccinist;0;2.61305;
./datasets/English//english_39;antivaccinist;0;2.61305;
./datasets/English//english_00;overtwine;0;2.81791;
./datasets/English//english_01;overtwine;0;2.81791;
./datasets/English//english_02;overtwine;0;2.81791;
./datasets/English//english_03;overtwine;0;2.81791;
./datasets/English//english_04;overtwine;0;2.81791;
./datasets/English//english_05;overtwine;0;2.81791;
./datasets/English//english_06;overtwine;0;2.81791;
./datasets/English//english_07;overtwine;0;2.81791;
./datasets/English//english_08;overtwine;0;2.81791;
./datasets/English//english_09;overtwine;0;2.81791;
./datasets/English//english_10;overtwine;0;2.81791;
./datasets/English//english_11;overtwine;0;2.81791;
./datasets/English//english_12;overtwine;0;2.81791;
./datasets/English//english_13;overtwine;0;2.81791;
./datasets/English//english_14;overtwine;0;2.81791;
./datasets/English//english_15;overtwine;0;2.81791;
./datasets/English//english_16;overtwine;0;2.81791;
./datasets/English//english_17;overtwine;0;2.81791;
./datasets/English//english_18;overtwine;0;2.81791;
./datasets/English//english_19;overtwine;0;2.81791;
./datasets/English//english_20;overtwine;0;2.81791;
./datasets/English//english_21;overtwine;0;2.81791;
./datasets/English//english_22;overtwine;0;2.81791;
./datasets/English//english_23;overtwine;0;2.81791;
./datasets/English//english_24;overtwine;0;2.81791;
./datasets/English//english_25;overtwine;0;2.81791;
./datasets/English//english_26;overtwine;0;2.81791;
./datasets/English//english_27;overtwine;0;2.81791;
./datasets/English//english_28;overtwine;0;2.81791;
./datasets/English//english_29;overtwine;0;2.81791;
./datasets/English//english_30;overtwine;0;2.81791;
./datasets/English//english_31;overtwine;0;2.81791;
./datasets/English//english_32;overtwine;0;2.81791;
./datasets/English//english_33;overtwine;0;2.81791;
./datasets/English//english_34;overtwine;0;2.81791;
./datasets/English//english_35;overtwine;0;2.81791;
./datasets/English//english_36;overtwine;0;2.81791;
./datasets/English//english_37;overtwine;0;2.81791;
./datasets/English//english_38;overtwine;0;2.81791;
./datasets/English//english_39;overtwine;0;2.81791;
./datasets/English//english_00;preremove;0;2.80706;
./datasets/English//english_01;preremove;0;2.80706;
./datasets/English//english_02;preremove;0;2.80706;
./datasets/English//english_03;preremove;0;2.80706;
./datasets/English//english_04;preremove;0;2.80706;
./datasets/English//english_05;preremove;0;2.80706;
./datasets/English//english_06;preremove;0;2.80706;
./datasets/English//english_07;preremove;0;2.80706;
./datasets/English//english_08;preremove;0;2.80706;
./datasets/English//english_09;preremove;0;2.80706;
./datasets/English//english_10;preremove;0;2.80706;
./datasets/English//english_11;preremove;0;2.80706;
./datasets/English//english_12;preremove;0;2.80706;
./datasets/English//english_13;preremove;0;2.80706;
./datasets/English//english_14;preremove;0;2.80706;
./datasets/English//english_15;preremove;0;2.80706;
./datasets/English//english_16;preremove;0;2.80706;
./datasets/English//english_17;preremove;0;2.80706;
./datasets/English//english_18;preremove;0;2.80706;
./datasets/English//english_19;preremove;0;2.80706;
./datasets/English//english_20;preremove;0;2.80706;
./datasets/English//english_21;preremove;0;2.80706;
./datasets/English//english_22;preremove;0;2.80706;
./datasets/English//english_23;preremove;0;2.80706;
./datasets/English//english_24;preremove;0;2.80706;
./datasets/English//english_25;preremove;0;2.80706;
./datasets/English//english_26;preremove;0;2.80706;
./datasets/English//english_27;preremove;0;2.80706;
./datasets/English//english_28;preremove;0;2.80706;
./datasets/English//english_29;preremove;0;2.80706;
./datasets/English//english_30;preremove;0;2.80706;
./datasets/English//english_31;preremove;0;2.80706;
./datasets/English//english_32;preremove;0;2.80706;
./datasets/English//english_33;preremove;0;2.80706;
./datasets/English//english_34;preremove;0;2.80706;
./datasets/English//english_35;preremove;0;2.80706;
./datasets/English//english_36;preremove;0;2.80706;
./datasets/English//english_37;preremove;0;2.80706;
./datasets/English//english_38;preremove;0;2.80706;
./datasets/English//english_39;preremove;0;2.80706;
./datasets/English//english_00;nerval;0;3.04692;
./datasets/English//english_01;nerval;0;3.04692;
./datasets/English//english_02;nerval;0;3.04692;
./datasets/English//english_03;nerval;0;3.04692;
./datasets/English//english_04;nerval;0;3.04692;
./datasets/English//english_05;nerval;0;3.04692;
./datasets/English//english_06;nerval;0;3.04692;
./datasets/English//english_07;nerval;0;3.04692;
./datasets/English//english_08;nerval;0;3.04692;
./datasets/English//english_09;nerval;0;3.04692;
./datasets/English//english_10;nerval;0;3.04692;
./datasets/English//english_11;nerval;0;3.04692;
./datasets/English//english_12;nerval;0;3.04692;
./datasets/English//english_13;nerval;0;3.04692;
./datasets/English//english_14;nerval;0;3.04692;
./datasets/English//english_15;nerval;0;3.04692;
./datasets/English//english_16;nerval;0;3.04692;
./datasets/English//english_17;nerval;0;3.04692;
./datasets/English//english_18;nerval;0;3.04692;
./datasets/English//english_19;nerval;0;3.04692;
./datasets/English//english_20;nerval;0;3.04692;
./datasets/English//english_21;nerval;0;3.04692;
./datasets/English//english_22;nerval;0;3.04692;
./datasets/English//english_23;nerval;0;3.04692;
./datasets/English//english_24;nerval;0;3.04692;
./datasets/English//english_25;nerval;0;3.04692;
./datasets/English//english_26;nerval;0;3.04692;
./datasets/English//english_27;nerval;0;3.04692;
./datasets/English//english_28;nerval;0;3.04692;
./datasets/English//english_29;nerval;0;3.04692;
./datasets/English//english_30;nerval;0;3.04692;
./datasets/English//english_31;nerval;0;3.04692;
./datasets/English//english_32;nerval;0;3.04692;
./datasets/English//english_33;nerval;0;3.04692;
./datasets/English//english_34;nerval;0;3.04692;
./datasets/English//english_35;nerval;0;3.04692;
./datasets/English//english_36;nerval;0;3.04692;
./datasets/English//english_37;nerval;0;3.04692;
./datasets/English//english_38;nerval;0;3.04692;
./datasets/English//english_39;nerval;0;3.04692;
./datasets/English//english_00;bufonite;0;3.01816;
./datasets/English//english_01;bufonite;0;3.01816;
./datasets/English//english_02;bufonite;0;3.01816;
./datasets/English//english_03;bufonite;0;3.01816;
./datasets/English//english_04;bufonite;0;3.01816;
./datasets/English//english_05;bufonite;0;3.01816;
./datasets/English//english_06;bufonite;0;3.01816;
./datasets/English//english_07;bufonite;0;3.01816;
./datasets/English//english_08;bufonite;0;3.01816;
./datasets/English//english_09;bufonite;0;3.01816;
./datasets/English//english_10;bufonite;0;3.01816;
./datasets/English//english_11;bufonite;0;3.01816;
./datasets/English//english_12;bufonite;0;3.01816;
./datasets/English//english_13;bufonite;0;3.01816;
./datasets/English//english_14;bufonite;0;3.01816;
./datasets/English//english_15;bufonite;0;3.01816;
./datasets/English//english_16;bufonite;0;3.01816;
./datasets/English//english_17;bufonite;0;3.01816;
./datasets/English//english_18;bufonite;0;3.01816;
./datasets/English//english_19;bufonite;0;3.01816;
./datasets/English//english_20;bufonite;0;3.01816;
./datasets/English//english_21;bufonite;0;3.01816;
./datasets/English//english_22;bufonite;0;3.01816;
./datasets/English//english_23;bufonite;0;3.01816;
./datasets/English//english_24;bufonite;0;3.01816;
./datasets/English//english_25;bufonite;0;3.01816;
./datasets/English//english_26;bufonite;0;3.01816;
./datasets/English//english_27;bufonite;0;3.01816;
./datasets/English//english_28;bufonite;0;3.01816;
./datasets/English//english_29;bufonite;0;3.01816;
./datasets/English//english_30;bufonite;0;3.01816;
./datasets/English//english_31;bufonite;0;3.01816;
./datasets/English//english_32;bufonite;0;3.01816;
./datasets/English//english_33;bufonite;0;3.01816;
./datasets/English//english_34;bufonite;0;3.01816;
./datasets/English//english_35;bufonite;0;3.01816;
./datasets/English//english_36;bufonite;0;3.01816;
./datasets/English//english_37;bufonite;0;3.01816;
./datasets/English//english_38;bufonite;0;3.01816;
./datasets/English//english_39;bufonite;0;3.01816;
./datasets/English//english_00;eradicator;0;2.76093;
./datasets/English//english_01;eradicator;0;2.76093;
./datasets/English//english_02;eradicator;0;2.76093;
./datasets/English//english_03;eradicator;0;2.76093;
./datasets/English//english_04;eradicator;0;2.76093;
./datasets/English//english_05;eradicator;0;2.76093;
./datasets/English//english_06;eradicator;0;2.76093;
./datasets/English//english_07;eradicator;0;2.76093;
./datasets/English//english_08;eradicator;0;2.76093;
./datasets/English//english_09;eradicator;0;2.76093;
./datasets/English//english_10;eradicator;0;2.76093;
./datasets/English//english_11;eradicator;0;2.76093;
./datasets/English//english_12;eradicator;0;2.76093;
./datasets/English//english_13;eradicator;0;2.76093;
./datasets/English//english_14;eradicator;0;2.76093;
./datasets/English//english_15;eradicator;0;2.76093;
./datasets/English//english_16;eradicator;0;2.76093;
./datasets/English//english_17;eradicator;0;2.76093;
./datasets/English//english_18;eradicator;0;2.76093;
./datasets/English//english_19;eradicator;0;2.76093;
./datasets/English//english_20;eradicator;0;2.76093;
./datasets/English//english_21;eradicator;0;2.76093;
./datasets/English//english_22;eradicator;0;2.76093;
./datasets/English//english_23;eradicator;0;2.76093;
./datasets/English//english_24;eradicator;0;2.76093;
./datasets/English//english_25;eradicator;0;2.76093;
./datasets/English//english_26;eradicator;0;2.76093;
./datasets/English//english_27;eradicator;0;2.76093;
./datasets/English//english_28;eradicator;0;2.76093;
./datasets/English//english_29;eradicator;0;2.76093;
./datasets/English//english_30;eradicator;0;2.76093;
./datasets/English//english_31;eradicator;0;2.76093;
./datasets/English//english_32;eradicator;0;2.76093;
./datasets/English//english_33;eradicator;0;2.76093;
./datasets/English//english_34;eradicator;0;2.76093;
./datasets/English//english_35;eradicator;0;2.76093;
./datasets/English//english_36;eradicator;0;2.76093;
./datasets/English//english_37;eradicator;0;2.76093;
./datasets/English//english_38;eradicator;0;2.76093;
./datasets/English//english_39;eradicator;0;2.76093;
./datasets/English//english_00;turtling;0;2.84001;
./datasets/English//english_01;turtling;0;2.84001;
./datasets/English//english_02;turtling;0;2.84001;
./datasets/English//english_03;turtling;0;2.84001;
./datasets/English//english_04;turtling;0;2.84001;
./datasets/English//english_05;turtling;0;2.84001;
./datasets/English//english_06;turtling;0;2.84001;
./datasets/English//english_07;turtling;0;2.84001;
./datasets/English//english_08;turtling;0;2.84001;
./datasets/English//english_09;turtling;0;2.84001;
./datasets/English//english_10;turtling;0;2.84001;
./datasets/English//english_11;turtling;0;2.84001;
./datasets/English//english_12;turtling;0;2.84001;
./datasets/English//english_13;turtling;0;2.84001;
./datasets/English//english_14;turtling;0;2.84001;
./datasets/English//english_15;turtling;0;2.84001;
./datasets/English//english_16;turtling;0;2.84001;
./datasets/English//english_17;turtling;0;2.84001;
./datasets/English//english_18;turtling;0;2.84001;
./datasets/English//english_19;turtling;0;2.84001;
./datasets/English//english_20;turtling;0;2.84001;
./datasets/English//english_21;turtling;0;2.84001;
./datasets/English//english_22;turtling;0;2.84001;
./datasets/English//english_23;turtling;0;2.84001;
./datasets/English//english_24;turtling;0;2.84001;
./datasets/English//english_25;turtling;0;2.84001;
./datasets/English//english_26;turtling;0;2.84001;
./datasets/English//english_27;turtling;0;2.84001;
./datasets/English//english_28;turtling;0;2.84001;
./datasets/English//english_29;turtling;0;2.84001;
./datasets/English//english_30;turtling;0;2.84001;
./datasets/English//english_31;turtling;0;2.84001;
./datasets/English//english_32;turtling;0;2.84001;
./datasets/English//english_33;turtling;1;2.84001;
./datasets/English//english_34;turtling;0;2.84001;
./datasets/English//english_35;turtling;0;2.84001;
./datasets/English//english_36;turtling;1;2.84001;
./datasets/English//english_37;turtling;0;2.84001;
./datasets/English//english_38;turtling;0;2.84001;
./datasets/English//english_39;turtling;0;2.84001;
./datasets/English//english_00;winrace;0;2.95605;
./datasets/English//english_01;winrace;0;2.95605;
./datasets/English//english_02;winrace;0;2.95605;
./datasets/English//english_03;winrace;0;2.95605;
./datasets/English//english_04;winrace;0;2.95605;
./datasets/English//english_05;winrace;0;2.95605;
./datasets/English//english_06;winrace;0;2.95605;
./datasets/English//english_07;winrace;0;2.95605;
./datasets/English//english_08;winrace;0;2.95605;
./datasets/English//english_09;winrace;0;2.95605;
./datasets/English//english_10;winrace;0;2.95605;
./datasets/English//english_11;winrace;0;2.95605;
./datasets/English//english_12;winrace;0;2.95605;
./datasets/English//english_13;winrace;0;2.95605;
./datasets/English//english_14;winrace;0;2.95605;
./datasets/English//english_15;winrace;0;2.95605;
./datasets/English//english_16;winrace;0;2.95605;
./datasets/English//english_17;winrace;0;2.95605;
./datasets/English//english_18;winrace;0;2.95605;
./datasets/English//english_19;winrace;0;2.95605;
./datasets/English//english_20;winrace;0;2.95605;
./datasets/English//english_21;winrace;0;2.95605;
./datasets/English//english_22;winrace;0;2.95605;
./datasets/English//english_23;winrace;0;2.95605;
./datasets/English//english_24;winrace;0;2.95605;
./datasets/English//english_25;winrace;0;2.95605;
./datasets/English//english_26;winrace;0;2.95605;
./datasets/English//english_27;winrace;0;2.95605;
./datasets/English//english_28;winrace;0;2.95605;
./datasets/English//english_29;winrace;0;2.95605;
./datasets/English//english_30;winrace;0;2.95605;
./datasets/English//english_31;winrace;0;2.95605;
./datasets/English//english_32;winrace;0;2.95605;
./datasets/English//english_33;winrace;0;2.95605;
./datasets/English//english_34;winrace;0;2.95605;
./datasets/English//english_35;winrace;0;2.95605;
./datasets/English//english_36;winrace;0;2.95605;
./datasets/English//english_37;winrace;0;2.95605;
./datasets/English//english_38;winrace;0;2.95605;
./datasets/English//english_39;winrace;0;2.95605;
./datasets/English//english_00;psychographic;0;2.61301;
./datasets/English//english_01;psychographic;0;2.61301;
./datasets/English//english_02;psychographic;0;2.61301;
./datasets/English//english_03;psychographic;0;2.61301;
./datasets/English//english_04;psychographic;0;2.61301;
./datasets/English//english_05;psychographic;0;2.61301;
./datasets/English//english_06;psychographic;0;2.61301;
./datasets/English//english_07;psychographic;0;2.61301;
./datasets/English//english_08;psychographic;0;2.61301;
./datasets/English//english_09;psychographic;0;2.61301;
./datasets/English//english_10;psychographic;0;2.61301;
./datasets/English//english_11;psychographic;0;2.61301;
./datasets/English//english_12;psychographic;0;2.61301;
./datasets/English//english_13;psychographic;0;2.61301;
./datasets/English//english_14;psychographic;0;2.61301;
./datasets/English//english_15;psychographic;0;2.61301;
./datasets/English//english_16;psychographic;0;2.61301;
./datasets/English//english_17;psychographic;0;2.61301;
./datasets/English//english_18;psychographic;0;2.61301;
./datasets/English//english_19;psychographic;0;2.61301;
./datasets/English//english_20;psychographic;0;2.61301;
./datasets/English//english_21;psychographic;0;2.61301;
./datasets/English//english_22;psychographic;0;2.61301;
./datasets/English//english_23;psychographic;0;2.61301;
./datasets/English//english_24;psychographic;0;2.61301;
./datasets/English//english_25;psychographic;0;2.61301;
./datasets/English//english_26;psychographic;0;2.61301;
./datasets/English//english_27;psychographic;0;2.61301;
./datasets/English//english_28;psychographic;0;2.61301;
./datasets/English//english_29;psychographic;0;2.61301;
./datasets/English//english_30;psychographic;0;2.61301;
./datasets/English//english_31;psychographic;0;2.61301;
./datasets/English//english_32;psychographic;0;2.61301;
./datasets/English//english_33;psychographic;0;2.61301;
./datasets/English//english_34;psychographic;0;2.61301;
./datasets/English//english_35;psychographic;0;2.61301;
./datasets/English//english_36;psychographic;0;2.61301;
./datasets/English//english_37;psychographic;0;2.61301;
./datasets/English//english_38;psychographic;0;2.61301;
./datasets/English//english_39;psychographic;0;2.61301;
./datasets/English//english_00;impalpably;0;2.69499;
./datasets/English//english_01;impalpably;0;2.69499;
./datasets/English//english_02;impalpably;0;2.69499;
./datasets/English//english_03;impalpably;0;2.69499;
./datasets/English//english_04;impalpably;0;2.69499;
./datasets/English//english_05;impalpably;0;2.69499;
./datasets/English//english_06;impalpably;0;2.69499;
./datasets/English//english_07;impalpably;0;2.69499;
./datasets/English//english_08;impalpably;0;2.69499;
./datasets/English//english_09;impalpably;0;2.69499;
./datasets/English//english_10;impalpably;0;2.69499;
./datasets/English//english_11;impalpably;0;2.69499;
./datasets/English//english_12;impalpably;0;2.69499;
./datasets/English//english_13;impalpably;0;2.69499;
./datasets/English//english_14;impalpably;0;2.69499;
./datasets/English//english_15;impalpably;0;2.69499;
./datasets/English//english_16;impalpably;0;2.69499;
./datasets/English//english_17;impalpably;0;2.69499;
./datasets/English//english_18;impalpably;0;2.69499;
./datasets/English//english_19;impalpably;0;2.69499;
./datasets/English//english_20;impalpably;0;2.69499;
./datasets/English//english_21;impalpably;0;2.69499;
./datasets/English//english_22;impalpably;0;2.69499;
./datasets/English//english_23;impalpably;0;2.69499;
./datasets/English//english_24;impalpably;0;2.69499;
./datasets/English//english_25;impalpably;0;2.69499;
./datasets/English//english_26;impalpably;0;2.69499;
./datasets/English//english_27;impalpably;0;2.69499;
./datasets/English//english_28;impalpably;0;2.69499;
./datasets/English//english_29;impalpably;1;2.69499;
./datasets/English//english_30;impalpably;0;2.69499;
./datasets/English//english_31;impalpably;0;2.69499;
./datasets/English//english_32;impalpably;0;2.69499;
./datasets/English//english_33;impalpably;0;2.69499;
./datasets/English//english_34;impalpably;0;2.69499;
./datasets/English//english_35;impalpably;0;2.69499;
./datasets/English//english_36;impalpably;0;2.69499;
./datasets/English//english_37;impalpably;0;2.69499;
./datasets/English//english_38;impalpably;0;2.69499;
./datasets/English//english_39;impalpably;0;2.69499;
./datasets/English//english_00;amygdalase;0;2.788;
./datasets/English//english_01;amygdalase;0;2.788;
./datasets/English//english_02;amygdalase;0;2.788;
./datasets/English//english_03;amygdalase;0;2.788;
./datasets/English//english_04;amygdalase;0;2.788;
./datasets/English//english_05;amygdalase;0;2.788;
./datasets/English//english_06;amygdalase;0;2.788;
./datasets/English//english_07;amygdalase;0;2.788;
./datasets/English//english_08;amygdalase;0;2.788;
./datasets/English//english_09;amygdalase;0;2.788;
./datasets/English//english_10;amygdalase;0;2.788;
./datasets/English//english_11;amygdalase;0;2.788;
./datasets/English//english_12;amygdalase;0;2.788;
./datasets/English//english_13;amygdalase;0;2.788;
./datasets/English//english_14;amygdalase;0;2.788;
./datasets/English//english_15;amygdalase;0;2.788;
./datasets/English//english_16;amygdalase;0;2.788;
./datasets/English//english_17;amygdalase;0;2.788;
./datasets/English//english_18;amygdalase;0;2.788;
./datasets/English//english_19;amygdalase;0;2.788;
./datasets/English//english_20;amygdalase;0;2.788;
./datasets/English//english_21;amygdalase;0;2.788;
./datasets/English//english_22;amygdalase;0;2.788;
./datasets/English//english_23;amygdalase;0;2.788;
./datasets/English//english_24;amygdalase;0;2.788;
./datasets/English//english_25;amygdalase;0;2.788;
./datasets/English//english_26;amygdalase;0;2.788;
./datasets/English//english_27;amygdalase;0;2.788;
./datasets/English//english_28;amygdalase;0;2.788;
./datasets/English//english_29;amygdalase;0;2.788;
./datasets/English//english_30;amygdalase;0;2.788;
./datasets/English//english_31;amygdalase;0;2.788;
./datasets/English//english_32;amygdalase;0;2.788;
./datasets/English//english_33;amygdalase;0;2.788;
./datasets/English//english_34;amygdalase;0;2.788;
./datasets/English//english_35;amygdalase;0;2.788;
./datasets/English//english_36;amygdalase;0;2.788;
./datasets/English//english_37;amygdalase;0;2.788;
./datasets/English//english_38;amygdalase;0;2.788;
./datasets/English//english_39;amygdalase;0;2.788;
./datasets/English//english_00;Octogynia;0;2.77604;
./datasets/English//english_01;Octogynia;0;2.77604;
./datasets/English//english_02;Octogynia;0;2.77604;
./datasets/English//english_03;Octogynia;0;2.77604;
./datasets/English//english_04;Octogynia;0;2.77604;
./datasets/English//english_05;Octogynia;0;2.77604;
./datasets/English//english_06;Octogynia;0;2.77604;
./datasets/English//english_07;Octogynia;0;2.77604;
./datasets/English//english_08;Octogynia;0;2.77604;
./datasets/English//english_09;Octogynia;0;2.77604;
./datasets/English//english_10;Octogynia;0;2.77604;
./datasets/English//english_11;Octogynia;0;2.77604;
./datasets/English//english_12;Octogynia;0;2.77604;
./datasets/English//english_13;Octogynia;0;2.77604;
./datasets/English//english_14;Octogynia;0;2.77604;
./datasets/English//english_15;Octogynia;0;2.77604;
./datasets/English//english_16;Octogynia;0;2.77604;
./datasets/English//english_17;Octogynia;0;2.77604;
./datasets/English//english_18;Octogynia;0;2.77604;
./datasets/English//english_19;Octogynia;0;2.77604;
./datasets/English//english_20;Octogynia;0;2.77604;
./datasets/English//english_21;Octogynia;0;2.77604;
./datasets/English//english_22;Octogynia;0;2.77604;
./datasets/English//english_23;Octogynia;0;2.77604;
./datasets/English//english_24;Octogynia;0;2.77604;
./datasets/English//english_25;Octogynia;0;2.77604;
./datasets/English//english_26;Octogynia;0;2.77604;
./datasets/English//english_27;Octogynia;0;2.77604;
./datasets/English//english_28;Octogynia;0;2.77604;
./datasets/English//english_29;Octogynia;0;2.77604;
./datasets/English//english_30;Octogynia;0;2.77604;
./datasets/English//english_31;Octogynia;0;2.77604;
./datasets/English//english_32;Octogynia;0;2.77604;
./datasets/English//english_33;Octogynia;0;2.77604;
./datasets/English//english_34;Octogynia;0;2.77604;
./datasets/English//english_35;Octogynia;0;2.77604;
./datasets/English//english_36;Octogynia;0;2.77604;
./datasets/English//english_37;Octogynia;0;2.77604;
./datasets/English//english_38;Octogynia;0;2.77604;
./datasets/English//english_39;Octogynia;0;2.77604;
./datasets/English//english_00;brimming;9;2.89186;
./datasets/English//english_01;brimming;4;2.89186;
./datasets/English//english_02;brimming;0;2.89186;
./datasets/English//english_03;brimming;2;2.89186;
./datasets/English//english_04;brimming;0;2.89186;
./datasets/English//english_05;brimming;3;2.89186;
./datasets/English//english_06;brimming;4;2.89186;
./datasets/English//english_07;brimming;5;2.89186;
./datasets/English//english_08;brimming;1;2.89186;
./datasets/English//english_09;brimming;0;2.89186;
./datasets/English//english_10;brimming;1;2.89186;
./datasets/English//english_11;brimming;1;2.89186;
./datasets/English//english_12;brimming;3;2.89186;
./datasets/English//english_13;brimming;3;2.89186;
./datasets/English//english_14;brimming;0;2.89186;
./datasets/English//english_15;brimming;0;2.89186;
./datasets/English//english_16;brimming;4;2.89186;
./datasets/English//english_17;brimming;1;2.89186;
./datasets/English//english_18;brimming;2;2.89186;
./datasets/English//english_19;brimming;2;2.89186;
./datasets/English//english_20;brimming;0;2.89186;
./datasets/English//english_21;brimming;2;2.89186;
./datasets/English//english_22;brimming;4;2.89186;
./datasets/English//english_23;brimming;2;2.89186;
./datasets/English//english_24;brimming;1;2.89186;
./datasets/English//english_25;brimming;1;2.89186;
./datasets/English//english_26;brimming;2;2.89186;
./datasets/English//english_27;brimming;1;2.89186;
./datasets/English//english_28;brimming;4;2.89186;
./datasets/English//english_29;brimming;1;2.89186;
./datasets/English//english_30;brimming;1;2.89186;
./datasets/English//english_31;brimming;1;2.89186;
./datasets/English//english_32;brimming;1;2.89186;
./datasets/English//english_33;brimming;0;2.89186;
./datasets/English//english_34;brimming;0;2.89186;
./datasets/English//english_35;brimming;2;2.89186;
./datasets/English//english_36;brimming;0;2.89186;
./datasets/English//english_37;brimming;1;2.89186;
./datasets/English//english_38;brimming;3;2.89186;
./datasets/English//english_39;brimming;0;2.89186;
./datasets/English//english_00;grist;2;3.21611;
./datasets/English//english_01;grist;2;3.21611;
./datasets/English//english_02;grist;0;3.21611;
./datasets/English//english_03;grist;0;3.21611;
./datasets/English//english_04;grist;1;3.21611;
./datasets/English//english_05;grist;6;3.21611;
./datasets/English//english_06;grist;5;3.21611;
./datasets/English//english_07;grist;3;3.21611;
./datasets/English//english_08;grist;0;3.21611;
./datasets/English//english_09;grist;1;3.21611;
./datasets/English//english_10;grist;0;3.21611;
./datasets/English//english_11;grist;0;3.21611;
./datasets/English//english_12;grist;0;3.21611;
./datasets/English//english_13;grist;1;3.21611;
./datasets/English//english_14;grist;0;3.21611;
./datasets/English//english_15;grist;3;3.21611;
./datasets/English//english_16;grist;3;3.21611;
./datasets/English//english_17;grist;1;3.21611;
./datasets/English//english_18;grist;1;3.21611;
./datasets/English//english_19;grist;0;3.21611;
./datasets/English//english_20;grist;1;3.21611;
./datasets/English//english_21;grist;4;3.21611;
./datasets/English//english_22;grist;1;3.21611;
./datasets/English//english_23;grist;3;3.21611;
./datasets/English//english_24;grist;0;3.21611;
./datasets/English//english_25;grist;2;3.21611;
./datasets/English//english_26;grist;2;3.21611;
./datasets/English//english_27;grist;4;3.21611;
./datasets/English//english_28;grist;0;3.21611;
./datasets/English//english_29;grist;0;3.21611;
./datasets/English//english_30;grist;3;3.21611;
./datasets/English//english_31;grist;0;3.21611;
./datasets/English//english_32;grist;0;3.21611;
./datasets/English//english_33;grist;1;3.21611;
./datasets/English//english_34;grist;2;3.21611;
./datasets/English//english_35;grist;0;3.21611;
./datasets/English//english_36;grist;1;3.21611;
./datasets/English//english_37;grist;1;3.21611;
./datasets/English//english_38;grist;0;3.21611;
./datasets/English//english_39;grist;0;3.21611;
./datasets/English//english_00;casave;0;3.065;
./datasets/English//english_01;casave;0;3.065;
./datasets/English//english_02;casave;0;3.065;
./datasets/English//english_03;casave;0;3.065;
./datasets/English//english_04;casave;0;3.065;
./datasets/English//english_05;casave;0;3.065;
./datasets/English//english_06;casave;0;3.065;
./datasets/English//english_07;casave;0;3.065;
./datasets/English//english_08;casave;0;3.065;
./datasets/English//english_09;casave;0;3.065;
./datasets/English//english_10;casave;0;3.065;
./datasets/English//english_11;casave;0;3.065;
./datasets/English//english_12;casave;0;3.065;
./datasets/English//english_13;casave;0;3.065;
./datasets/English//english_14;casave;0;3.065;
./datasets/English//english_15;casave;0;3.065;
./datasets/English//english_16;casave;0;3.065;
./datasets/English//english_17;casave;0;3.065;
./datasets/English//english_18;casave;0;3.065;
./datasets/English//english_19;casave;0;3.065;
./datasets/English//english_20;casave;0;3.065;
./datasets/English//english_21;casave;0;3.065;
./datasets/English//english_22;casave;0;3.065;
./datasets/English//english_23;casave;0;3.065;
./datasets/English//english_24;casave;0;3.065;
./datasets/English//english_25;casave;0;3.065;
./datasets/English//english_26;casave;0;3.065;
./datasets/English//english_27;casave;0;3.065;
./datasets/English//english_28;casave;0;3.065;
./datasets/English//english_29;casave;0;3.065;
./datasets/English//english_30;casave;0;3.065;
./datasets/English//english_31;casave;0;3.065;
./datasets/English//english_32;casave;0;3.065;
./datasets/English//english_33;casave;0;3.065;
./datasets/English//english_34;casave;0;3.065;
./datasets/English//english_35;casave;0;3.065;
./datasets/English//english_36;casave;0;3.065;
./datasets/English//english_37;casave;0;3.065;
./datasets/English//english_38;casave;0;3.065;
./datasets/English//english_39;casave;0;3.065;
./datasets/English//english_00;brazilein;0;2.82304;
./datasets/English//english_01;brazilein;0;2.82304;
./datasets/English//english_02;brazilein;0;2.82304;
./datasets/English//english_03;brazilein;0;2.82304;
./datasets/English//english_04;brazilein;0;2.82304;
./datasets/English//english_05;brazilein;0;2.82304;
./datasets/English//english_06;brazilein;0;2.82304;
./datasets/English//english_07;brazilein;0;2.82304;
./datasets/English//english_08;brazilein;0;2.82304;
./datasets/English//english_09;brazilein;0;2.82304;
./datasets/English//english_10;brazilein;0;2.82304;
./datasets/English//english_11;brazilein;0;2.82304;
./datasets/English//english_12;brazilein;0;2.82304;
./datasets/English//english_13;brazilein;0;2.82304;
./datasets/English//english_14;brazilein;0;2.82304;
./datasets/English//english_15;brazilein;0;2.82304;
./datasets/English//english_16;brazilein;0;2.82304;
./datasets/English//english_17;brazilein;0;2.82304;
./datasets/English//english_18;brazilein;0;2.82304;
./datasets/English//english_19;brazilein;0;2.82304;
./datasets/English//english_20;brazilein;0;2.82304;
./datasets/English//english_21;brazilein;0;2.82304;
./datasets/English//english_22;brazilein;0;2.82304;
./datasets/English//english_23;brazilein;0;2.82304;
./datasets/English//english_24;brazilein;0;2.82304;
./datasets/English//english_25;brazilein;0;2.82304;
./datasets/English//english_26;brazilein;0;2.82304;
./datasets/English//english_27;brazilein;0;2.82304;
./datasets/English//english_28;brazilein;0;2.82304;
./datasets/English//english_29;brazilein;0;2.82304;
./datasets/English//english_30;brazilein;0;2.82304;
./datasets/English//english_31;brazilein;0;2.82304;
./datasets/English//english_32;brazilein;0;2.82304;
./datasets/English//english_33;brazilein;0;2.82304;
./datasets/English//english_34;brazilein;0;2.82304;
./datasets/English//english_35;brazilein;0;2.82304;
./datasets/English//english_36;brazilein;0;2.82304;
./datasets/English//english_37;brazilein;0;2.82304;
./datasets/English//english_38;brazilein;0;2.82304;
./datasets/English//english_39;brazilein;0;2.82304;
./datasets/English//english_00;afluking;0;2.81501;
./datasets/English//english_01;afluking;0;2.81501;
./datasets/English//english_02;afluking;0;2.81501;
./datasets/English//english_03;afluking;0;2.81501;
./datasets/English//english_04;afluking;0;2.81501;
./datasets/English//english_05;afluking;0;2.81501;
./datasets/English//english_06;afluking;0;2.81501;
./datasets/English//english_07;afluking;0;2.81501;
./datasets/English//english_08;afluking;0;2.81501;
./datasets/English//english_09;afluking;0;2.81501;
./datasets/English//english_10;afluking;0;2.81501;
./datasets/English//english_11;afluking;0;2.81501;
./datasets/English//english_12;afluking;0;2.81501;
./datasets/English//english_13;afluking;0;2.81501;
./datasets/English//english_14;afluking;0;2.81501;
./datasets/English//english_15;afluking;0;2.81501;
./datasets/English//english_16;afluking;0;2.81501;
./datasets/English//english_17;afluking;0;2.81501;
./datasets/English//english_18;afluking;0;2.81501;
./datasets/English//english_19;afluking;0;2.81501;
./datasets/English//english_20;afluking;0;2.81501;
./datasets/English//english_21;afluking;0;2.81501;
./datasets/English//english_22;afluking;0;2.81501;
./datasets/English//english_23;afluking;0;2.81501;
./datasets/English//english_24;afluking;0;2.81501;
./datasets/English//english_25;afluking;0;2.81501;
./datasets/English//english_26;afluking;0;2.81501;
./datasets/English//english_27;afluking;0;2.81501;
./datasets/English//english_28;afluking;0;2.81501;
./datasets/English//english_29;afluking;0;2.81501;
./datasets/English//english_30;afluking;0;2.81501;
./datasets/English//english_31;afluking;0;2.81501;
./datasets/English//english_32;afluking;0;2.81501;
./datasets/English//english_33;afluking;0;2.81501;
./datasets/English//english_34;afluking;0;2.81501;
./datasets/English//english_35;afluking;0;2.81501;
./datasets/English//english_36;afluking;0;2.81501;
./datasets/English//english_37;afluking;0;2.81501;
./datasets/English//english_38;afluking;0;2.81501;
./datasets/English//english_39;afluking;0;2.81501;
./datasets/English//english_00;meliceris;0;2.80034;
./datasets/English//english_01;meliceris;0;2.80034;
./datasets/English//english_02;meliceris;0;2.80034;
./datasets/English//english_03;meliceris;0;2.80034;
./datasets/English//english_04;meliceris;0;2.80034;
./datasets/English//english_05;meliceris;0;2.80034;
./datasets/English//english_06;meliceris;0;2.80034;
./datasets/English//english_07;meliceris;0;2.80034;
./datasets/English//english_08;meliceris;0;2.80034;
./datasets/English//english_09;meliceris;0;2.80034;
./datasets/English//english_10;meliceris;0;2.80034;
./datasets/English//english_11;meliceris;0;2.80034;
./datasets/English//english_12;meliceris;0;2.80034;
./datasets/English//english_13;meliceris;0;2.80034;
./datasets/English//english_14;meliceris;0;2.80034;
./datasets/English//english_15;meliceris;0;2.80034;
./datasets/English//english_16;meliceris;0;2.80034;
./datasets/English//english_17;meliceris;0;2.80034;
./datasets/English//english_18;meliceris;0;2.80034;
./datasets/English//english_19;meliceris;0;2.80034;
./datasets/English//english_20;meliceris;0;2.80034;
./datasets/English//english_21;meliceris;0;2.80034;
./datasets/English//english_22;meliceris;0;2.80034;
./datasets/English//english_23;meliceris;0;2.80034;
./datasets/English//english_24;meliceris;0;2.80034;
./datasets/English//english_25;meliceris;0;2.80034;
./datasets/English//english_26;meliceris;0;2.80034;
./datasets/English//english_27;meliceris;0;2.80034;
./datasets/English//english_28;meliceris;0;2.80034;
./datasets/English//english_29;meliceris;0;2.80034;
./datasets/English//english_30;meliceris;0;2.80034;
./datasets/English//english_31;meliceris;0;2.80034;
./datasets/English//english_32;meliceris;0;2.80034;
./datasets/English//english_33;meliceris;0;2.80034;
./datasets/English//english_34;meliceris;0;2.80034;
./datasets/English//english_35;meliceris;0;2.80034;
./datasets/English//english_36;meliceris;0;2.80034;
./datasets/English//english_37;meliceris;0;2.80034;
./datasets/English//english_38;meliceris;0;2.80034;
./datasets/English//english_39;meliceris;0;2.80034;
./datasets/English//english_00;portative;0;2.79767;
./datasets/English//english_01;portative;0;2.79767;
./datasets/English//english_02;portative;0;2.79767;
./datasets/English//english_03;portative;0;2.79767;
./datasets/English//english_04;portative;0;2.79767;
./datasets/English//english_05;portative;0;2.79767;
./datasets/English//english_06;portative;0;2.79767;
./datasets/English//english_07;portative;0;2.79767;
./datasets/English//english_08;portative;0;2.79767;
./datasets/English//english_09;portative;0;2.79767;
./datasets/English//english_10;portative;0;2.79767;
./datasets/English//english_11;portative;0;2.79767;
./datasets/English//english_12;portative;0;2.79767;
./datasets/English//english_13;portative;0;2.79767;
./datasets/English//english_14;portative;0;2.79767;
./datasets/English//english_15;portative;0;2.79767;
./datasets/English//english_16;portative;0;2.79767;
./datasets/English//english_17;portative;0;2.79767;
./datasets/English//english_18;portative;0;2.79767;
./datasets/English//english_19;portative;0;2.79767;
./datasets/English//english_20;portative;0;2.79767;
./datasets/English//english_21;portative;0;2.79767;
./datasets/English//english_22;portative;0;2.79767;
./datasets/English//english_23;portative;0;2.79767;
./datasets/English//english_24;portative;0;2.79767;
./datasets/English//english_25;portative;0;2.79767;
./datasets/English//english_26;portative;0;2.79767;
./datasets/English//english_27;portative;0;2.79767;
./datasets/English//english_28;portative;0;2.79767;
./datasets/English//english_29;portative;0;2.79767;
./datasets/English//english_30;portative;0;2.79767;
./datasets/English//english_31;portative;0;2.79767;
./datasets/English//english_32;portative;0;2.79767;
./datasets/English//english_33;portative;0;2.79767;
./datasets/English//english_34;portative;0;2.79767;
./datasets/English//english_35;portative;0;2.79767;
./datasets/English//english_36;portative;0;2.79767;
./datasets/English//english_37;portative;0;2.79767;
./datasets/English//english_38;portative;0;2.79767;
./datasets/English//english_39;portative;0;2.79767;
./datasets/English//english_00;unsteck;0;2.89634;
./datasets/English//english_01;unsteck;0;2.89634;
./datasets/English//english_02;unsteck;0;2.89634;
./datasets/English//english_03;unsteck;0;2.89634;
./datasets/English//english_04;unsteck;0;2.89634;
./datasets/English//english_05;unsteck;0;2.89634;
./datasets/English//english_06;unsteck;0;2.89634;
./datasets/English//english_07;unsteck;0;2.89634;
./datasets/English//english_08;unsteck;0;2.89634;
./datasets/English//english_09;unsteck;0;2.89634;
./datasets/English//english_10;unsteck;0;2.89634;
./datasets/English//english_11;unsteck;0;2.89634;
./datasets/English//english_12;unsteck;0;2.89634;
./datasets/English//english_13;unsteck;0;2.89634;
./datasets/English//english_14;unsteck;0;2.89634;
./datasets/English//english_15;unsteck;0;2.89634;
./datasets/English//english_16;unsteck;0;2.89634;
./datasets/English//english_17;unsteck;0;2.89634;
./datasets/English//english_18;unsteck;0;2.89634;
./datasets/English//english_19;unsteck;0;2.89634;
./datasets/English//english_20;unsteck;0;2.89634;
./datasets/English//english_21;unsteck;0;2.89634;
./datasets/English//english_22;unsteck;0;2.89634;
./datasets/English//english_23;unsteck;0;2.89634;
./datasets/English//english_24;unsteck;0;2.89634;
./datasets/English//english_25;unsteck;0;2.89634;
./datasets/English//english_26;unsteck;0;2.89634;
./datasets/English//english_27;unsteck;0;2.89634;
./datasets/English//english_28;unsteck;0;2.89634;
./datasets/English//english_29;unsteck;0;2.89634;
./datasets/English//english_30;unsteck;0;2.89634;
./datasets/English//english_31;unsteck;0;2.89634;
./datasets/English//english_32;unsteck;0;2.89634;
./datasets/English//english_33;unsteck;0;2.89634;
./datasets/English//english_34;unsteck;0;2.89634;
./datasets/English//english_35;unsteck;0;2.89634;
./datasets/English//english_36;unsteck;0;2.89634;
./datasets/English//english_37;unsteck;0;2.89634;
./datasets/English//english_38;unsteck;0;2.89634;
./datasets/English//english_39;unsteck;0;2.89634;
./datasets/English//english_00;Madelon;0;3.02369;
./datasets/English//english_01;Madelon;0;3.02369;
./datasets/English//english_02;Madelon;0;3.02369;
./datasets/English//english_03;Madelon;0;3.02369;
./datasets/English//english_04;Madelon;0;3.02369;
./datasets/English//english_05;Madelon;0;3.02369;
./datasets/English//english_06;Madelon;0;3.02369;
./datasets/English//english_07;Madelon;0;3.02369;
./datasets/English//english_08;Madelon;0;3.02369;
./datasets/English//english_09;Madelon;0;3.02369;
./datasets/English//english_10;Madelon;0;3.02369;
./datasets/English//english_11;Madelon;0;3.02369;
./datasets/English//english_12;Madelon;0;3.02369;
./datasets/English//english_13;Madelon;0;3.02369;
./datasets/English//english_14;Madelon;0;3.02369;
./datasets/English//english_15;Madelon;0;3.02369;
./datasets/English//english_16;Madelon;0;3.02369;
./datasets/English//english_17;Madelon;0;3.02369;
./datasets/English//english_18;Madelon;1;3.02369;
./datasets/English//english_19;Madelon;0;3.02369;
./datasets/English//english_20;Madelon;0;3.02369;
./datasets/English//english_21;Madelon;0;3.02369;
./datasets/English//english_22;Madelon;0;3.02369;
./datasets/English//english_23;Madelon;0;3.02369;
./datasets/English//english_24;Madelon;0;3.02369;
./datasets/English//english_25;Madelon;0;3.02369;
./datasets/English//english_26;Madelon;0;3.02369;
./datasets/English//english_27;Madelon;0;3.02369;
./datasets/English//english_28;Madelon;0;3.02369;
./datasets/English//english_29;Madelon;0;3.02369;
./datasets/English//english_30;Madelon;0;3.02369;
./datasets/English//english_31;Madelon;0;3.02369;
./datasets/English//english_32;Madelon;0;3.02369;
./datasets/English//english_33;Madelon;0;3.02369;
./datasets/English//english_34;Madelon;0;3.02369;
./datasets/English//english_35;Madelon;0;3.02369;
./datasets/English//english_36;Madelon;0;3.02369;
./datasets/English//english_37;Madelon;1;3.02369;
./datasets/English//english_38;Madelon;0;3.02369;
./datasets/English//english_39;Madelon;0;3.02369;
./datasets/English//english_00;barramunda;0;2.67699;
./datasets/English//english_01;barramunda;0;2.67699;
./datasets/English//english_02;barramunda;0;2.67699;
./datasets/English//english_03;barramunda;0;2.67699;
./datasets/English//english_04;barramunda;0;2.67699;
./datasets/English//english_05;barramunda;0;2.67699;
./datasets/English//english_06;barramunda;0;2.67699;
./datasets/English//english_07;barramunda;0;2.67699;
./datasets/English//english_08;barramunda;0;2.67699;
./datasets/English//english_09;barramunda;0;2.67699;
./datasets/English//english_10;barramunda;0;2.67699;
./datasets/English//english_11;barramunda;0;2.67699;
./datasets/English//english_12;barramunda;0;2.67699;
./datasets/English//english_13;barramunda;0;2.67699;
./datasets/English//english_14;barramunda;0;2.67699;
./datasets/English//english_15;barramunda;0;2.67699;
./datasets/English//english_16;barramunda;0;2.67699;
./datasets/English//english_17;barramunda;0;2.67699;
./datasets/English//english_18;barramunda;0;2.67699;
./datasets/English//english_19;barramunda;0;2.67699;
./datasets/English//english_20;barramunda;0;2.67699;
./datasets/English//english_21;barramunda;0;2.67699;
./datasets/English//english_22;barramunda;0;2.67699;
./datasets/English//english_23;barramunda;0;2.67699;
./datasets/English//english_24;barramunda;0;2.67699;
./datasets/English//english_25;barramunda;0;2.67699;
./datasets/English//english_26;barramunda;0;2.67699;
./datasets/English//english_27;barramunda;0;2.67699;
./datasets/English//english_28;barramunda;0;2.67699;
./datasets/English//english_29;barramunda;0;2.67699;
./datasets/English//english_30;barramunda;0;2.67699;
./datasets/English//english_31;barramunda;0;2.67699;
./datasets/English//english_32;barramunda;0;2.67699;
./datasets/English//english_33;barramunda;0;2.67699;
./datasets/English//english_34;barramunda;0;2.67699;
./datasets/English//english_35;barramunda;0;2.67699;
./datasets/English//english_36;barramunda;0;2.67699;
./datasets/English//english_37;barramunda;0;2.67699;
./datasets/English//english_38;barramunda;0;2.67699;
./datasets/English//english_39;barramunda;0;2.67699;
./datasets/English//english_00;optotechnics;0;2.66995;
./datasets/English//english_01;optotechnics;0;2.66995;
./datasets/English//english_02;optotechnics;0;2.66995;
./datasets/English//english_03;optotechnics;0;2.66995;
./datasets/English//english_04;optotechnics;0;2.66995;
./datasets/English//english_05;optotechnics;0;2.66995;
./datasets/English//english_06;optotechnics;0;2.66995;
./datasets/English//english_07;optotechnics;0;2.66995;
./datasets/English//english_08;optotechnics;0;2.66995;
./datasets/English//english_09;optotechnics;0;2.66995;
./datasets/English//english_10;optotechnics;0;2.66995;
./datasets/English//english_11;optotechnics;0;2.66995;
./datasets/English//english_12;optotechnics;0;2.66995;
./datasets/English//english_13;optotechnics;0;2.66995;
./datasets/English//english_14;optotechnics;0;2.66995;
./datasets/English//english_15;optotechnics;0;2.66995;
./datasets/English//english_16;optotechnics;0;2.66995;
./datasets/English//english_17;optotechnics;0;2.66995;
./datasets/English//english_18;optotechnics;0;2.66995;
./datasets/English//english_19;optotechnics;0;2.66995;
./datasets/English//english_20;optotechnics;0;2.66995;
./datasets/English//english_21;optotechnics;0;2.66995;
./datasets/English//english_22;optotechnics;0;2.66995;
./datasets/English//english_23;optotechnics;0;2.66995;
./datasets/English//english_24;optotechnics;0;2.66995;
./datasets/English//english_25;optotechnics;0;2.66995;
./datasets/English//english_26;optotechnics;0;2.66995;
./datasets/English//english_27;optotechnics;0;2.66995;
./datasets/English//english_28;optotechnics;0;2.66995;
./datasets/English//english_29;optotechnics;0;2.66995;
./datasets/English//english_30;optotechnics;0;2.66995;
./datasets/English//english_31;optotechnics;0;2.66995;
./datasets/English//english_32;optotechnics;0;2.66995;
./datasets/English//english_33;optotechnics;0;2.66995;
./datasets/English//english_34;optotechnics;0;2.66995;
./datasets/English//english_35;optotechnics;0;2.66995;
./datasets/English//english_36;optotechnics;0;2.66995;
./datasets/English//english_37;optotechnics;0;2.66995;
./datasets/English//english_38;optotechnics;0;2.66995;
./datasets/English//english_39;optotechnics;0;2.66995;
./datasets/English//english_00;metapterygium;0;2.66585;
./datasets/English//english_01;metapterygium;0;2.66585;
./datasets/English//english_02;metapterygium;0;2.66585;
./datasets/English//english_03;metapterygium;0;2.66585;
./datasets/English//english_04;metapterygium;0;2.66585;
./datasets/English//english_05;metapterygium;0;2.66585;
./datasets/English//english_06;metapterygium;0;2.66585;
./datasets/English//english_07;metapterygium;0;2.66585;
./datasets/English//english_08;metapterygium;0;2.66585;
./datasets/English//english_09;metapterygium;0;2.66585;
./datasets/English//english_10;metapterygium;0;2.66585;
./datasets/English//english_11;metapterygium;0;2.66585;
./datasets/English//english_12;metapterygium;0;2.66585;
./datasets/English//english_13;metapterygium;0;2.66585;
./datasets/English//english_14;metapterygium;0;2.66585;
./datasets/English//english_15;metapterygium;0;2.66585;
./datasets/English//english_16;metapterygium;0;2.66585;
./datasets/English//english_17;metapterygium;0;2.66585;
./datasets/English//english_18;metapterygium;0;2.66585;
./datasets/English//english_19;metapterygium;0;2.66585;
./datasets/English//english_20;metapterygium;0;2.66585;
./datasets/English//english_21;metapterygium;0;2.66585;
./datasets/English//english_22;metapterygium;0;2.66585;
./datasets/English//english_23;metapterygium;0;2.66585;
./datasets/English//english_24;metapterygium;0;2.66585;
./datasets/English//english_25;metapterygium;0;2.66585;
./datasets/English//english_26;metapterygium;0;2.66585;
./datasets/English//english_27;metapterygium;0;2.66585;
./datasets/English//english_28;metapterygium;0;2.66585;
./datasets/English//english_29;metapterygium;0;2.66585;
./datasets/English//english_30;metapterygium;0;2.66585;
./datasets/English//english_31;metapterygium;0;2.66585;
./datasets/English//english_32;metapterygium;0;2.66585;
./datasets/English//english_33;metapterygium;0;2.66585;
./datasets/English//english_34;metapterygium;0;2.66585;
./datasets/English//english_35;metapterygium;0;2.66585;
./datasets/English//english_36;metapterygium;0;2.66585;
./datasets/English//english_37;metapterygium;0;2.66585;
./datasets/English//english_38;metapterygium;0;2.66585;
./datasets/English//english_39;metapterygium;0;2.66585;
./datasets/English//english_00;unromanticalness;0;2.64721;
./datasets/English//english_01;unromanticalness;0;2.64721;
./datasets/English//english_02;unromanticalness;0;2.64721;
./datasets/English//english_03;unromanticalness;0;2.64721;
./datasets/English//english_04;unromanticalness;0;2.64721;
./datasets/English//english_05;unromanticalness;0;2.64721;
./datasets/English//english_06;unromanticalness;0;2.64721;
./datasets/English//english_07;unromanticalness;0;2.64721;
./datasets/English//english_08;unromanticalness;0;2.64721;
./datasets/English//english_09;unromanticalness;0;2.64721;
./datasets/English//english_10;unromanticalness;0;2.64721;
./datasets/English//english_11;unromanticalness;0;2.64721;
./datasets/English//english_12;unromanticalness;0;2.64721;
./datasets/English//english_13;unromanticalness;0;2.64721;
./datasets/English//english_14;unromanticalness;0;2.64721;
./datasets/English//english_15;unromanticalness;0;2.64721;
./datasets/English//english_16;unromanticalness;0;2.64721;
./datasets/English//english_17;unromanticalness;0;2.64721;
./datasets/English//english_18;unromanticalness;0;2.64721;
./datasets/English//english_19;unromanticalness;0;2.64721;
./datasets/English//english_20;unromanticalness;0;2.64721;
./datasets/English//english_21;unromanticalness;0;2.64721;
./datasets/English//english_22;unromanticalness;0;2.64721;
./datasets/English//english_23;unromanticalness;0;2.64721;
./datasets/English//english_24;unromanticalness;0;2.64721;
./datasets/English//english_25;unromanticalness;0;2.64721;
./datasets/English//english_26;unromanticalness;0;2.64721;
./datasets/English//english_27;unromanticalness;0;2.64721;
./datasets/English//english_28;unromanticalness;0;2.64721;
./datasets/English//english_29;unromanticalness;0;2.64721;
./datasets/English//english_30;unromanticalness;0;2.64721;
./datasets/English//english_31;unromanticalness;0;2.64721;
./datasets/English//english_32;unromanticalness;0;2.64721;
./datasets/English//english_33;unromanticalness;0;2.64721;
./datasets/English//english_34;unromanticalness;0;2.64721;
./datasets/English//english_35;unromanticalness;0;2.64721;
./datasets/English//english_36;unromanticalness;0;2.64721;
./datasets/English//english_37;unromanticalness;0;2.64721;
./datasets/English//english_38;unromanticalness;0;2.64721;
./datasets/English//english_39;unromanticalness;0;2.64721;
./datasets/English//english_00;Jacobinism;0;2.72401;
./datasets/English//english_01;Jacobinism;0;2.72401;
./datasets/English//english_02;Jacobinism;0;2.72401;
./datasets/English//english_03;Jacobinism;0;2.72401;
./datasets/English//english_04;Jacobinism;0;2.72401;
./datasets/English//english_05;Jacobinism;1;2.72401;
./datasets/English//english_06;Jacobinism;0;2.72401;
./datasets/English//english_07;Jacobinism;0;2.72401;
./datasets/English//english_08;Jacobinism;0;2.72401;
./datasets/English//english_09;Jacobinism;0;2.72401;
./datasets/English//english_10;Jacobinism;0;2.72401;
./datasets/English//english_11;Jacobinism;0;2.72401;
./datasets/English//english_12;Jacobinism;0;2.72401;
./datasets/English//english_13;Jacobinism;0;2.72401;
./datasets/English//english_14;Jacobinism;0;2.72401;
./datasets/English//english_15;Jacobinism;0;2.72401;
./datasets/English//english_16;Jacobinism;0;2.72401;
./datasets/English//english_17;Jacobinism;1;2.72401;
./datasets/English//english_18;Jacobinism;0;2.72401;
./datasets/English//english_19;Jacobinism;0;2.72401;
./datasets/English//english_20;Jacobinism;0;2.72401;
./datasets/English//english_21;Jacobinism;0;2.72401;
./datasets/English//english_22;Jacobinism;0;2.72401;
./datasets/English//english_23;Jacobinism;0;2.72401;
./datasets/English//english_24;Jacobinism;0;2.72401;
./datasets/English//english_25;Jacobinism;5;2.72401;
./datasets/English//english_26;Jacobinism;0;2.72401;
./datasets/English//english_27;Jacobinism;0;2.72401;
./datasets/English//english_28;Jacobinism;0;2.72401;
./datasets/English//english_29;Jacobinism;0;2.72401;
./datasets/English//english_30;Jacobinism;0;2.72401;
./datasets/English//english_31;Jacobinism;8;2.72401;
./datasets/English//english_32;Jacobinism;0;2.72401;
./datasets/English//english_33;Jacobinism;0;2.72401;
./datasets/English//english_34;Jacobinism;8;2.72401;
./datasets/English//english_35;Jacobinism;0;2.72401;
./datasets/English//english_36;Jacobinism;0;2.72401;
./datasets/English//english_37;Jacobinism;0;2.72401;
./datasets/English//english_38;Jacobinism;0;2.72401;
./datasets/English//english_39;Jacobinism;0;2.72401;
./datasets/English//english_00;pricklingly;0;2.65899;
./datasets/English//english_01;pricklingly;0;2.65899;
./datasets/English//english_02;pricklingly;0;2.65899;
./datasets/English//english_03;pricklingly;0;2.65899;
./datasets/English//english_04;pricklingly;0;2.65899;
./datasets/English//english_05;pricklingly;0;2.65899;
./datasets/English//english_06;pricklingly;0;2.65899;
./datasets/English//english_07;pricklingly;0;2.65899;
./datasets/English//english_08;pricklingly;0;2.65899;
./datasets/English//english_09;pricklingly;0;2.65899;
./datasets/English//english_10;pricklingly;0;2.65899;
./datasets/English//english_11;pricklingly;0;2.65899;
./datasets/English//english_12;pricklingly;0;2.65899;
./datasets/English//english_13;pricklingly;0;2.65899;
./datasets/English//english_14;pricklingly;0;2.65899;
./datasets/English//english_15;pricklingly;0;2.65899;
./datasets/English//english_16;pricklingly;0;2.65899;
./datasets/English//english_17;pricklingly;0;2.65899;
./datasets/English//english_18;pricklingly;0;2.65899;
./datasets/English//english_19;pricklingly;0;2.65899;
./datasets/English//english_20;pricklingly;0;2.65899;
./datasets/English//english_21;pricklingly;0;2.65899;
./datasets/English//english_22;pricklingly;0;2.65899;
./datasets/English//english_23;pricklingly;0;2.65899;
./datasets/English//english_24;pricklingly;0;2.65899;
./datasets/English//english_25;pricklingly;0;2.65899;
./datasets/English//english_26;pricklingly;0;2.65899;
./datasets/English//english_27;pricklingly;0;2.65899;
./datasets/English//english_28;pricklingly;0;2.65899;
./datasets/English//english_29;pricklingly;0;2.65899;
./datasets/English//english_30;pricklingly;0;2.65899;
./datasets/English//english_31;pricklingly;0;2.65899;
./datasets/English//english_32;pricklingly;0;2.65899;
./datasets/English//english_33;pricklingly;0;2.65899;
./datasets/English//english_34;pricklingly;0;2.65899;
./datasets/English//english_35;pricklingly;0;2.65899;
./datasets/English//english_36;pricklingly;0;2.65899;
./datasets/English//english_37;pricklingly;0;2.65899;
./datasets/English//english_38;pricklingly;0;2.65899;
./datasets/English//english_39;pricklingly;0;2.65899;
./datasets/English//english_00;blameless;5;2.79191;
./datasets/English//english_01;blameless;0;2.79191;
./datasets/English//english_02;blameless;2;2.79191;
./datasets/English//english_03;blameless;2;2.79191;
./datasets/English//english_04;blameless;1;2.79191;
./datasets/English//english_05;blameless;2;2.79191;
./datasets/English//english_06;blameless;1;2.79191;
./datasets/English//english_07;blameless;2;2.79191;
./datasets/English//english_08;blameless;4;2.79191;
./datasets/English//english_09;blameless;0;2.79191;
./datasets/English//english_10;blameless;0;2.79191;
./datasets/English//english_11;blameless;0;2.79191;
./datasets/English//english_12;blameless;1;2.79191;
./datasets/English//english_13;blameless;9;2.79191;
./datasets/English//english_14;blameless;1;2.79191;
./datasets/English//english_15;blameless;0;2.79191;
./datasets/English//english_16;blameless;3;2.79191;
./datasets/English//english_17;blameless;3;2.79191;
./datasets/English//english_18;blameless;3;2.79191;
./datasets/English//english_19;blameless;2;2.79191;
./datasets/English//english_20;blameless;1;2.79191;
./datasets/English//english_21;blameless;4;2.79191;
./datasets/English//english_22;blameless;3;2.79191;
./datasets/English//english_23;blameless;2;2.79191;
./datasets/English//english_24;blameless;1;2.79191;
./datasets/English//english_25;blameless;1;2.79191;
./datasets/English//english_26;blameless;2;2.79191;
./datasets/English//english_27;blameless;1;2.79191;
./datasets/English//english_28;blameless;7;2.79191;
./datasets/English//english_29;blameless;1;2.79191;
./datasets/English//english_30;blameless;1;2.79191;
./datasets/English//english_31;blameless;8;2.79191;
./datasets/English//english_32;blameless;3;2.79191;
./datasets/English//english_33;blameless;0;2.79191;
./datasets/English//english_34;blameless;6;2.79191;
./datasets/English//english_35;blameless;5;2.79191;
./datasets/English//english_36;blameless;0;2.79191;
./datasets/English//english_37;blameless;4;2.79191;
./datasets/English//english_38;blameless;3;2.79191;
./datasets/English//english_39;blameless;2;2.79191;
./datasets/English//english_00;elderhood;0;2.75813;
./datasets/English//english_01;elderhood;0;2.75813;
./datasets/English//english_02;elderhood;0;2.75813;
./datasets/English//english_03;elderhood;0;2.75813;
./datasets/English//english_04;elderhood;0;2.75813;
./datasets/English//english_05;elderhood;0;2.75813;
./datasets/English//english_06;elderhood;0;2.75813;
./datasets/English//english_07;elderhood;0;2.75813;
./datasets/English//english_08;elderhood;0;2.75813;
./datasets/English//english_09;elderhood;0;2.75813;
./datasets/English//english_10;elderhood;0;2.75813;
./datasets/English//english_11;elderhood;0;2.75813;
./datasets/English//english_12;elderhood;0;2.75813;
./datasets/English//english_13;elderhood;0;2.75813;
./datasets/English//english_14;elderhood;0;2.75813;
./datasets/English//english_15;elderhood;0;2.75813;
./datasets/English//english_16;elderhood;0;2.75813;
./datasets/English//english_17;elderhood;0;2.75813;
./datasets/English//english_18;elderhood;0;2.75813;
./datasets/English//english_19;elderhood;0;2.75813;
./datasets/English//english_20;elderhood;0;2.75813;
./datasets/English//english_21;elderhood;0;2.75813;
./datasets/English//english_22;elderhood;0;2.75813;
./datasets/English//english_23;elderhood;0;2.75813;
./datasets/English//english_24;elderhood;0;2.75813;
./datasets/English//english_25;elderhood;0;2.75813;
./datasets/English//english_26;elderhood;0;2.75813;
./datasets/English//english_27;elderhood;0;2.75813;
./datasets/English//english_28;elderhood;0;2.75813;
./datasets/English//english_29;elderhood;0;2.75813;
./datasets/English//english_30;elderhood;0;2.75813;
./datasets/English//english_31;elderhood;0;2.75813;
./datasets/English//english_32;elderhood;0;2.75813;
./datasets/English//english_33;elderhood;0;2.75813;
./datasets/English//english_34;elderhood;0;2.75813;
./datasets/English//english_35;elderhood;0;2.75813;
./datasets/English//english_36;elderhood;0;2.75813;
./datasets/English//english_37;elderhood;0;2.75813;
./datasets/English//english_38;elderhood;0;2.75813;
./datasets/English//english_39;elderhood;0;2.75813;
./datasets/English//english_00;committeewoman;0;2.62592;
./datasets/English//english_01;committeewoman;0;2.62592;
./datasets/English//english_02;committeewoman;0;2.62592;
./datasets/English//english_03;committeewoman;0;2.62592;
./datasets/English//english_04;committeewoman;0;2.62592;
./datasets/English//english_05;committeewoman;0;2.62592;
./datasets/English//english_06;committeewoman;0;2.62592;
./datasets/English//english_07;committeewoman;0;2.62592;
./datasets/English//english_08;committeewoman;0;2.62592;
./datasets/English//english_09;committeewoman;0;2.62592;
./datasets/English//english_10;committeewoman;0;2.62592;
./datasets/English//english_11;committeewoman;0;2.62592;
./datasets/English//english_12;committeewoman;0;2.62592;
./datasets/English//english_13;committeewoman;0;2.62592;
./datasets/English//english_14;committeewoman;0;2.62592;
./datasets/English//english_15;committeewoman;0;2.62592;
./datasets/English//english_16;committeewoman;0;2.62592;
./datasets/English//english_17;committeewoman;0;2.62592;
./datasets/English//english_18;committeewoman;0;2.62592;
./datasets/English//english_19;committeewoman;0;2.62592;
./datasets/English//english_20;committeewoman;0;2.62592;
./datasets/English//english_21;committeewoman;0;2.62592;
./datasets/English//english_22;committeewoman;0;2.62592;
./datasets/English//english_23;committeewoman;0;2.62592;
./datasets/English//english_24;committeewoman;0;2.62592;
./datasets/English//english_25;committeewoman;0;2.62592;
./datasets/English//english_26;committeewoman;0;2.62592;
./datasets/English//english_27;committeewoman;0;2.62592;
./datasets/English//english_28;committeewoman;0;2.62592;
./datasets/English//english_29;committeewoman;0;2.62592;
./datasets/English//english_30;committeewoman;0;2.62592;
./datasets/English//english_31;committeewoman;0;2.62592;
./datasets/English//english_32;committeewoman;0;2.62592;
./datasets/English//english_33;committeewoman;0;2.62592;
./datasets/English//english_34;committeewoman;0;2.62592;
./datasets/English//english_35;committeewoman;0;2.62592;
./datasets/English//english_36;committeewoman;0;2.62592;
./datasets/English//english_37;committeewoman;0;2.62592;
./datasets/English//english_38;committeewoman;0;2.62592;
./datasets/English//english_39;committeewoman;0;2.62592;
./datasets/English//english_00;comicocynical;0;2.61706;
./datasets/English//english_01;comicocynical;0;2.61706;
./datasets/English//english_02;comicocynical;0;2.61706;
./datasets/English//english_03;comicocynical;0;2.61706;
./datasets/English//english_04;comicocynical;0;2.61706;
./datasets/English//english_05;comicocynical;0;2.61706;
./datasets/English//english_06;comicocynical;0;2.61706;
./datasets/English//english_07;comicocynical;0;2.61706;
./datasets/English//english_08;comicocynical;0;2.61706;
./datasets/English//english_09;comicocynical;0;2.61706;
./datasets/English//english_10;comicocynical;0;2.61706;
./datasets/English//english_11;comicocynical;0;2.61706;
./datasets/English//english_12;comicocynical;0;2.61706;
./datasets/English//english_13;comicocynical;0;2.61706;
./datasets/English//english_14;comicocynical;0;2.61706;
./datasets/English//english_15;comicocynical;0;2.61706;
./datasets/English//english_16;comicocynical;0;2.61706;
./datasets/English//english_17;comicocynical;0;2.61706;
./datasets/English//english_18;comicocynical;0;2.61706;
./datasets/English//english_19;comicocynical;0;2.61706;
./datasets/English//english_20;comicocynical;0;2.61706;
./datasets/English//english_21;comicocynical;0;2.61706;
./datasets/English//english_22;comicocynical;0;2.61706;
./datasets/English//english_23;comicocynical;0;2.61706;
./datasets/English//english_24;comicocynical;0;2.61706;
./datasets/English//english_25;comicocynical;0;2.61706;
./datasets/English//english_26;comicocynical;0;2.61706;
./datasets/English//english_27;comicocynical;0;2.61706;
./datasets/English//english_28;comicocynical;0;2.61706;
./datasets/English//english_29;comicocynical;0;2.61706;
./datasets/English//english_30;comicocynical;0;2.61706;
./datasets/English//english_31;comicocynical;0;2.61706;
./datasets/English//english_32;comicocynical;0;2.61706;
./datasets/English//english_33;comicocynical;0;2.61706;
./datasets/English//english_34;comicocynical;0;2.61706;
./datasets/English//english_35;comicocynical;0;2.61706;
./datasets/English//english_36;comicocynical;0;2.61706;
./datasets/English//english_37;comicocynical;0;2.61706;
./datasets/English//english_38;comicocynical;0;2.61706;
./datasets/English//english_39;comicocynical;0;2.61706;
./datasets/English//english_00;aggrate;0;3.03503;
./datasets/English//english_01;aggrate;0;3.03503;
./datasets/English//english_02;aggrate;0;3.03503;
./datasets/English//english_03;aggrate;0;3.03503;
./datasets/English//english_04;aggrate;0;3.03503;
./datasets/English//english_05;aggrate;0;3.03503;
./datasets/English//english_06;aggrate;0;3.03503;
./datasets/English//english_07;aggrate;0;3.03503;
./datasets/English//english_08;aggrate;0;3.03503;
./datasets/English//english_09;aggrate;0;3.03503;
./datasets/English//english_10;aggrate;0;3.03503;
./datasets/English//english_11;aggrate;0;3.03503;
./datasets/English//english_12;aggrate;0;3.03503;
./datasets/English//english_13;aggrate;0;3.03503;
./datasets/English//english_14;aggrate;0;3.03503;
./datasets/English//english_15;aggrate;0;3.03503;
./datasets/English//english_16;aggrate;0;3.03503;
./datasets/English//english_17;aggrate;0;3.03503;
./datasets/English//english_18;aggrate;0;3.03503;
./datasets/English//english_19;aggrate;0;3.03503;
./datasets/English//english_20;aggrate;0;3.03503;
./datasets/English//english_21;aggrate;0;3.03503;
./datasets/English//english_22;aggrate;0;3.03503;
./datasets/English//english_23;aggrate;0;3.03503;
./datasets/English//english_24;aggrate;0;3.03503;
./datasets/English//english_25;aggrate;0;3.03503;
./datasets/English//english_26;aggrate;0;3.03503;
./datasets/English//english_27;aggrate;0;3.03503;
./datasets/English//english_28;aggrate;0;3.03503;
./datasets/English//english_29;aggrate;0;3.03503;
./datasets/English//english_30;aggrate;0;3.03503;
./datasets/English//english_31;aggrate;0;3.03503;
./datasets/English//english_32;aggrate;0;3.03503;
./datasets/English//english_33;aggrate;0;3.03503;
./datasets/English//english_34;aggrate;0;3.03503;
./datasets/English//english_35;aggrate;0;3.03503;
./datasets/English//english_36;aggrate;0;3.03503;
./datasets/English//english_37;aggrate;0;3.03503;
./datasets/English//english_38;aggrate;0;3.03503;
./datasets/English//english_39;aggrate;0;3.03503;
./datasets/English//english_00;stentoronic;0;2.69898;
./datasets/English//english_01;stentoronic;0;2.69898;
./datasets/English//english_02;stentoronic;0;2.69898;
./datasets/English//english_03;stentoronic;0;2.69898;
./datasets/English//english_04;stentoronic;0;2.69898;
./datasets/English//english_05;stentoronic;0;2.69898;
./datasets/English//english_06;stentoronic;0;2.69898;
./datasets/English//english_07;stentoronic;0;2.69898;
./datasets/English//english_08;stentoronic;0;2.69898;
./datasets/English//english_09;stentoronic;0;2.69898;
./datasets/English//english_10;stentoronic;0;2.69898;
./datasets/English//english_11;stentoronic;0;2.69898;
./datasets/English//english_12;stentoronic;0;2.69898;
./datasets/English//english_13;stentoronic;0;2.69898;
./datasets/English//english_14;stentoronic;0;2.69898;
./datasets/English//english_15;stentoronic;0;2.69898;
./datasets/English//english_16;stentoronic;0;2.69898;
./datasets/English//english_17;stentoronic;0;2.69898;
./datasets/English//english_18;stentoronic;0;2.69898;
./datasets/English//english_19;stentoronic;0;2.69898;
./datasets/English//english_20;stentoronic;0;2.69898;
./datasets/English//english_21;stentoronic;0;2.69898;
./datasets/English//english_22;stentoronic;0;2.69898;
./datasets/English//english_23;stentoronic;0;2.69898;
./datasets/English//english_24;stentoronic;0;2.69898;
./datasets/English//english_25;stentoronic;0;2.69898;
./datasets/English//english_26;stentoronic;0;2.69898;
./datasets/English//english_27;stentoronic;0;2.69898;
./datasets/English//english_28;stentoronic;0;2.69898;
./datasets/English//english_29;stentoronic;0;2.69898;
./datasets/English//english_30;stentoronic;0;2.69898;
./datasets/English//english_31;stentoronic;0;2.69898;
./datasets/English//english_32;stentoronic;0;2.69898;
./datasets/English//english_33;stentoronic;0;2.69898;
./datasets/English//english_34;stentoronic;0;2.69898;
./datasets/English//english_35;stentoronic;0;2.69898;
./datasets/English//english_36;stentoronic;0;2.69898;
./datasets/English//english_37;stentoronic;0;2.69898;
./datasets/English//english_38;stentoronic;0;2.69898;
./datasets/English//english_39;stentoronic;0;2.69898;
./datasets/English//english_00;flatwise;0;3.12303;
./datasets/English//english_01;flatwise;0;3.12303;
./datasets/English//english_02;flatwise;0;3.12303;
./datasets/English//english_03;flatwise;0;3.12303;
./datasets/English//english_04;flatwise;0;3.12303;
./datasets/English//english_05;flatwise;0;3.12303;
./datasets/English//english_06;flatwise;0;3.12303;
./datasets/English//english_07;flatwise;0;3.12303;
./datasets/English//english_08;flatwise;0;3.12303;
./datasets/English//english_09;flatwise;0;3.12303;
./datasets/English//english_10;flatwise;0;3.12303;
./datasets/English//english_11;flatwise;0;3.12303;
./datasets/English//english_12;flatwise;0;3.12303;
./datasets/English//english_13;flatwise;0;3.12303;
./datasets/English//english_14;flatwise;0;3.12303;
./datasets/English//english_15;flatwise;0;3.12303;
./datasets/English//english_16;flatwise;0;3.12303;
./datasets/English//english_17;flatwise;0;3.12303;
./datasets/English//english_18;flatwise;0;3.12303;
./datasets/English//english_19;flatwise;0;3.12303;
./datasets/English//english_20;flatwise;0;3.12303;
./datasets/English//english_21;flatwise;0;3.12303;
./datasets/English//english_22;flatwise;0;3.12303;
./datasets/English//english_23;flatwise;0;3.12303;
./datasets/English//english_24;flatwise;0;3.12303;
./datasets/English//english_25;flatwise;0;3.12303;
./datasets/English//english_26;flatwise;0;3.12303;
./datasets/English//english_27;flatwise;0;3.12303;
./datasets/English//english_28;flatwise;0;3.12303;
./datasets/English//english_29;flatwise;0;3.12303;
./datasets/English//english_30;flatwise;0;3.12303;
./datasets/English//english_31;flatwise;0;3.12303;
./datasets/English//english_32;flatwise;0;3.12303;
./datasets/English//english_33;flatwise;0;3.12303;
./datasets/English//english_34;flatwise;0;3.12303;
./datasets/English//english_35;flatwise;0;3.12303;
./datasets/English//english_36;flatwise;0;3.12303;
./datasets/English//english_37;flatwise;0;3.12303;
./datasets/English//english_38;flatwise;0;3.12303;
./datasets/English//english_39;flatwise;0;3.12303;
./datasets/English//english_00;bipyridyl;0;2.74001;
./datasets/English//english_01;bipyridyl;0;2.74001;
./datasets/English//english_02;bipyridyl;0;2.74001;
./datasets/English//english_03;bipyridyl;0;2.74001;
./datasets/English//english_04;bipyridyl;0;2.74001;
./datasets/English//english_05;bipyridyl;0;2.74001;
./datasets/English//english_06;bipyridyl;0;2.74001;
./datasets/English//english_07;bipyridyl;0;2.74001;
./datasets/English//english_08;bipyridyl;0;2.74001;
./datasets/English//english_09;bipyridyl;0;2.74001;
./datasets/English//english_10;bipyridyl;0;2.74001;
./datasets/English//english_11;bipyridyl;0;2.74001;
./datasets/English//english_12;bipyridyl;0;2.74001;
./datasets/English//english_13;bipyridyl;0;2.74001;
./datasets/English//english_14;bipyridyl;0;2.74001;
./datasets/English//english_15;bipyridyl;0;2.74001;
./datasets/English//english_16;bipyridyl;0;2.74001;
./datasets/English//english_17;bipyridyl;0;2.74001;
./datasets/English//english_18;bipyridyl;0;2.74001;
./datasets/English//english_19;bipyridyl;0;2.74001;
./datasets/English//english_20;bipyridyl;0;2.74001;
./datasets/English//english_21;bipyridyl;0;2.74001;
./datasets/English//english_22;bipyridyl;0;2.74001;
./datasets/English//english_23;bipyridyl;0;2.74001;
./datasets/English//english_24;bipyridyl;0;2.74001;
./datasets/English//english_25;bipyridyl;0;2.74001;
./datasets/English//english_26;bipyridyl;0;2.74001;
./datasets/English//english_27;bipyridyl;0;2.74001;
./datasets/English//english_28;bipyridyl;0;2.74001;
./datasets/English//english_29;bipyridyl;0;2.74001;
./datasets/English//english_30;bipyridyl;0;2.74001;
./datasets/English//english_31;bipyridyl;0;2.74001;
./datasets/English//english_32;bipyridyl;0;2.74001;
./datasets/English//english_33;bipyridyl;0;2.74001;
./datasets/English//english_34;bipyridyl;0;2.74001;
./datasets/English//english_35;bipyridyl;0;2.74001;
./datasets/English//english_36;bipyridyl;0;2.74001;
./datasets/English//english_37;bipyridyl;0;2.74001;
./datasets/English//english_38;bipyridyl;0;2.74001;
./datasets/English//english_39;bipyridyl;0;2.74001;
./datasets/English//english_00;untastable;0;2.75809;
./datasets/English//english_01;untastable;0;2.75809;
./datasets/English//english_02;untastable;0;2.75809;
./datasets/English//english_03;untastable;0;2.75809;
./datasets/English//english_04;untastable;0;2.75809;
./datasets/English//english_05;untastable;0;2.75809;
./datasets/English//english_06;untastable;0;2.75809;
./datasets/English//english_07;untastable;0;2.75809;
./datasets/English//english_08;untastable;0;2.75809;
./datasets/English//english_09;untastable;0;2.75809;
./datasets/English//english_10;untastable;0;2.75809;
./datasets/English//english_11;untastable;0;2.75809;
./datasets/English//english_12;untastable;0;2.75809;
./datasets/English//english_13;untastable;0;2.75809;
./datasets/English//english_14;untastable;0;2.75809;
./datasets/English//english_15;untastable;0;2.75809;
./datasets/English//english_16;untastable;0;2.75809;
./datasets/English//english_17;untastable;0;2.75809;
./datasets/English//english_18;untastable;0;2.75809;
./datasets/English//english_19;untastable;0;2.75809;
./datasets/English//english_20;untastable;0;2.75809;
./datasets/English//english_21;untastable;0;2.75809;
./datasets/English//english_22;untastable;0;2.75809;
./datasets/English//english_23;untastable;0;2.75809;
./datasets/English//english_24;untastable;0;2.75809;
./datasets/English//english_25;untastable;0;2.75809;
./datasets/English//english_26;untastable;0;2.75809;
./datasets/English//english_27;untastable;0;2.75809;
./datasets/English//english_28;untastable;0;2.75809;
./datasets/English//english_29;untastable;0;2.75809;
./datasets/English//english_30;untastable;0;2.75809;
./datasets/English//english_31;untastable;0;2.75809;
./datasets/English//english_32;untastable;0;2.75809;
./datasets/English//english_33;untastable;0;2.75809;
./datasets/English//english_34;untastable;0;2.75809;
./datasets/English//english_35;untastable;0;2.75809;
./datasets/English//english_36;untastable;0;2.75809;
./datasets/English//english_37;untastable;0;2.75809;
./datasets/English//english_38;untastable;0;2.75809;
./datasets/English//english_39;untastable;0;2.75809;
./datasets/English//english_00;aegerian;0;3.07285;
./datasets/English//english_01;aegerian;0;3.07285;
./datasets/English//english_02;aegerian;0;3.07285;
./datasets/English//english_03;aegerian;0;3.07285;
./datasets/English//english_04;aegerian;0;3.07285;
./datasets/English//english_05;aegerian;0;3.07285;
./datasets/English//english_06;aegerian;0;3.07285;
./datasets/English//english_07;aegerian;0;3.07285;
./datasets/English//english_08;aegerian;0;3.07285;
./datasets/English//english_09;aegerian;0;3.07285;
./datasets/English//english_10;aegerian;0;3.07285;
./datasets/English//english_11;aegerian;0;3.07285;
./datasets/English//english_12;aegerian;0;3.07285;
./datasets/English//english_13;aegerian;0;3.07285;
./datasets/English//english_14;aegerian;0;3.07285;
./datasets/English//english_15;aegerian;0;3.07285;
./datasets/English//english_16;aegerian;0;3.07285;
./datasets/English//english_17;aegerian;0;3.07285;
./datasets/English//english_18;aegerian;0;3.07285;
./datasets/English//english_19;aegerian;0;3.07285;
./datasets/English//english_20;aegerian;0;3.07285;
./datasets/English//english_21;aegerian;0;3.07285;
./datasets/English//english_22;aegerian;0;3.07285;
./datasets/English//english_23;aegerian;0;3.07285;
./datasets/English//english_24;aegerian;0;3.07285;
./datasets/English//english_25;aegerian;0;3.07285;
./datasets/English//english_26;aegerian;0;3.07285;
./datasets/English//english_27;aegerian;0;3.07285;
./datasets/English//english_28;aegerian;0;3.07285;
./datasets/English//english_29;aegerian;0;3.07285;
./datasets/English//english_30;aegerian;0;3.07285;
./datasets/English//english_31;aegerian;0;3.07285;
./datasets/English//english_32;aegerian;0;3.07285;
./datasets/English//english_33;aegerian;0;3.07285;
./datasets/English//english_34;aegerian;0;3.07285;
./datasets/English//english_35;aegerian;0;3.07285;
./datasets/English//english_36;aegerian;0;3.07285;
./datasets/English//english_37;aegerian;0;3.07285;
./datasets/English//english_38;aegerian;0;3.07285;
./datasets/English//english_39;aegerian;0;3.07285;
./datasets/English//english_00;unmistrusted;0;2.72506;
./datasets/English//english_01;unmistrusted;0;2.72506;
./datasets/English//english_02;unmistrusted;0;2.72506;
./datasets/English//english_03;unmistrusted;0;2.72506;
./datasets/English//english_04;unmistrusted;0;2.72506;
./datasets/English//english_05;unmistrusted;0;2.72506;
./datasets/English//english_06;unmistrusted;0;2.72506;
./datasets/English//english_07;unmistrusted;0;2.72506;
./datasets/English//english_08;unmistrusted;0;2.72506;
./datasets/English//english_09;unmistrusted;0;2.72506;
./datasets/English//english_10;unmistrusted;0;2.72506;
./datasets/English//english_11;unmistrusted;0;2.72506;
./datasets/English//english_12;unmistrusted;0;2.72506;
./datasets/English//english_13;unmistrusted;0;2.72506;
./datasets/English//english_14;unmistrusted;0;2.72506;
./datasets/English//english_15;unmistrusted;0;2.72506;
./datasets/English//english_16;unmistrusted;0;2.72506;
./datasets/English//english_17;unmistrusted;0;2.72506;
./datasets/English//english_18;unmistrusted;0;2.72506;
./datasets/English//english_19;unmistrusted;0;2.72506;
./datasets/English//english_20;unmistrusted;0;2.72506;
./datasets/English//english_21;unmistrusted;0;2.72506;
./datasets/English//english_22;unmistrusted;0;2.72506;
./datasets/English//english_23;unmistrusted;0;2.72506;
./datasets/English//english_24;unmistrusted;0;2.72506;
./datasets/English//english_25;unmistrusted;0;2.72506;
./datasets/English//english_26;unmistrusted;0;2.72506;
./datasets/English//english_27;unmistrusted;0;2.72506;
./datasets/English//english_28;unmistrusted;0;2.72506;
./datasets/English//english_29;unmistrusted;0;2.72506;
./datasets/English//english_30;unmistrusted;0;2.72506;
./datasets/English//english_31;unmistrusted;0;2.72506;
./datasets/English//english_32;unmistrusted;0;2.72506;
./datasets/English//english_33;unmistrusted;0;2.72506;
./datasets/English//english_34;unmistrusted;0;2.72506;
./datasets/English//english_35;unmistrusted;0;2.72506;
./datasets/English//english_36;unmistrusted;0;2.72506;
./datasets/English//english_37;unmistrusted;0;2.72506;
./datasets/English//english_38;unmistrusted;0;2.72506;
./datasets/English//english_39;unmistrusted;0;2.72506;
./datasets/English//english_00;quadrigamist;0;2.65494;
./datasets/English//english_01;quadrigamist;0;2.65494;
./datasets/English//english_02;quadrigamist;0;2.65494;
./datasets/English//english_03;quadrigamist;0;2.65494;
./datasets/English//english_04;quadrigamist;0;2.65494;
./datasets/English//english_05;quadrigamist;0;2.65494;
./datasets/English//english_06;quadrigamist;0;2.65494;
./datasets/English//english_07;quadrigamist;0;2.65494;
./datasets/English//english_08;quadrigamist;0;2.65494;
./datasets/English//english_09;quadrigamist;0;2.65494;
./datasets/English//english_10;quadrigamist;0;2.65494;
./datasets/English//english_11;quadrigamist;0;2.65494;
./datasets/English//english_12;quadrigamist;0;2.65494;
./datasets/English//english_13;quadrigamist;0;2.65494;
./datasets/English//english_14;quadrigamist;0;2.65494;
./datasets/English//english_15;quadrigamist;0;2.65494;
./datasets/English//english_16;quadrigamist;0;2.65494;
./datasets/English//english_17;quadrigamist;0;2.65494;
./datasets/English//english_18;quadrigamist;0;2.65494;
./datasets/English//english_19;quadrigamist;0;2.65494;
./datasets/English//english_20;quadrigamist;0;2.65494;
./datasets/English//english_21;quadrigamist;0;2.65494;
./datasets/English//english_22;quadrigamist;0;2.65494;
./datasets/English//english_23;quadrigamist;0;2.65494;
./datasets/English//english_24;quadrigamist;0;2.65494;
./datasets/English//english_25;quadrigamist;0;2.65494;
./datasets/English//english_26;quadrigamist;0;2.65494;
./datasets/English//english_27;quadrigamist;0;2.65494;
./datasets/English//english_28;quadrigamist;0;2.65494;
./datasets/English//english_29;quadrigamist;0;2.65494;
./datasets/English//english_30;quadrigamist;0;2.65494;
./datasets/English//english_31;quadrigamist;0;2.65494;
./datasets/English//english_32;quadrigamist;0;2.65494;
./datasets/English//english_33;quadrigamist;0;2.65494;
./datasets/English//english_34;quadrigamist;0;2.65494;
./datasets/English//english_35;quadrigamist;0;2.65494;
./datasets/English//english_36;quadrigamist;0;2.65494;
./datasets/English//english_37;quadrigamist;0;2.65494;
./datasets/English//english_38;quadrigamist;0;2.65494;
./datasets/English//english_39;quadrigamist;0;2.65494;
./datasets/English//english_00;Meleagrinae;0;2.71197;
./datasets/English//english_01;Meleagrinae;0;2.71197;
./datasets/English//english_02;Meleagrinae;0;2.71197;
./datasets/English//english_03;Meleagrinae;0;2.71197;
./datasets/English//english_04;Meleagrinae;0;2.71197;
./datasets/English//english_05;Meleagrinae;0;2.71197;
./datasets/English//english_06;Meleagrinae;0;2.71197;
./datasets/English//english_07;Meleagrinae;0;2.71197;
./datasets/English//english_08;Meleagrinae;0;2.71197;
./datasets/English//english_09;Meleagrinae;0;2.71197;
./datasets/English//english_10;Meleagrinae;0;2.71197;
./datasets/English//english_11;Meleagrinae;0;2.71197;
./datasets/English//english_12;Meleagrinae;0;2.71197;
./datasets/English//english_13;Meleagrinae;0;2.71197;
./datasets/English//english_14;Meleagrinae;0;2.71197;
./datasets/English//english_15;Meleagrinae;0;2.71197;
./datasets/English//english_16;Meleagrinae;0;2.71197;
./datasets/English//english_17;Meleagrinae;0;2.71197;
./datasets/English//english_18;Meleagrinae;0;2.71197;
./datasets/English//english_19;Meleagrinae;0;2.71197;
./datasets/English//english_20;Meleagrinae;0;2.71197;
./datasets/English//english_21;Meleagrinae;0;2.71197;
./datasets/English//english_22;Meleagrinae;0;2.71197;
./datasets/English//english_23;Meleagrinae;0;2.71197;
./datasets/English//english_24;Meleagrinae;0;2.71197;
./datasets/English//english_25;Meleagrinae;0;2.71197;
./datasets/English//english_26;Meleagrinae;0;2.71197;
./datasets/English//english_27;Meleagrinae;0;2.71197;
./datasets/English//english_28;Meleagrinae;0;2.71197;
./datasets/English//english_29;Meleagrinae;0;2.71197;
./datasets/English//english_30;Meleagrinae;0;2.71197;
./datasets/English//english_31;Meleagrinae;0;2.71197;
./datasets/English//english_32;Meleagrinae;0;2.71197;
./datasets/English//english_33;Meleagrinae;0;2.71197;
./datasets/English//english_34;Meleagrinae;0;2.71197;
./datasets/English//english_35;Meleagrinae;0;2.71197;
./datasets/English//english_36;Meleagrinae;0;2.71197;
./datasets/English//english_37;Meleagrinae;0;2.71197;
./datasets/English//english_38;Meleagrinae;0;2.71197;
./datasets/English//english_39;Meleagrinae;0;2.71197;
./datasets/English//english_00;helvite;0;2.97208;
./datasets/English//english_01;helvite;0;2.97208;
./datasets/English//english_02;helvite;0;2.97208;
./datasets/English//english_03;helvite;0;2.97208;
./datasets/English//english_04;helvite;0;2.97208;
./datasets/English//english_05;helvite;0;2.97208;
./datasets/English//english_06;helvite;0;2.97208;
./datasets/English//english_07;helvite;0;2.97208;
./datasets/English//english_08;helvite;0;2.97208;
./datasets/English//english_09;helvite;0;2.97208;
./datasets/English//english_10;helvite;0;2.97208;
./datasets/English//english_11;helvite;0;2.97208;
./datasets/English//english_12;helvite;0;2.97208;
./datasets/English//english_13;helvite;0;2.97208;
./datasets/English//english_14;helvite;0;2.97208;
./datasets/English//english_15;helvite;0;2.97208;
./datasets/English//english_16;helvite;0;2.97208;
./datasets/English//english_17;helvite;0;2.97208;
./datasets/English//english_18;helvite;0;2.97208;
./datasets/English//english_19;helvite;0;2.97208;
./datasets/English//english_20;helvite;0;2.97208;
./datasets/English//english_21;helvite;0;2.97208;
./datasets/English//english_22;helvite;0;2.97208;
./datasets/English//english_23;helvite;0;2.97208;
./datasets/English//english_24;helvite;0;2.97208;
./datasets/English//english_25;helvite;0;2.97208;
./datasets/English//english_26;helvite;0;2.97208;
./datasets/English//english_27;helvite;0;2.97208;
./datasets/English//english_28;helvite;0;2.97208;
./datasets/English//english_29;helvite;0;2.97208;
./datasets/English//english_30;helvite;0;2.97208;
./datasets/English//english_31;helvite;0;2.97208;
./datasets/English//english_32;helvite;0;2.97208;
./datasets/English//english_33;helvite;0;2.97208;
./datasets/English//english_34;helvite;0;2.97208;
./datasets/English//english_35;helvite;0;2.97208;
./datasets/English//english_36;helvite;0;2.97208;
./datasets/English//english_37;helvite;0;2.97208;
./datasets/English//english_38;helvite;0;2.97208;
./datasets/English//english_39;helvite;0;2.97208;
./datasets/English//english_00;neuralist;0;2.86098;
./datasets/English//english_01;neuralist;0;2.86098;
./datasets/English//english_02;neuralist;0;2.86098;
./datasets/English//english_03;neuralist;0;2.86098;
./datasets/English//english_04;neuralist;0;2.86098;
./datasets/English//english_05;neuralist;0;2.86098;
./datasets/English//english_06;neuralist;0;2.86098;
./datasets/English//english_07;neuralist;0;2.86098;
./datasets/English//english_08;neuralist;0;2.86098;
./datasets/English//english_09;neuralist;0;2.86098;
./datasets/English//english_10;neuralist;0;2.86098;
./datasets/English//english_11;neuralist;0;2.86098;
./datasets/English//english_12;neuralist;0;2.86098;
./datasets/English//english_13;neuralist;0;2.86098;
./datasets/English//english_14;neuralist;0;2.86098;
./datasets/English//english_15;neuralist;0;2.86098;
./datasets/English//english_16;neuralist;0;2.86098;
./datasets/English//english_17;neuralist;0;2.86098;
./datasets/English//english_18;neuralist;0;2.86098;
./datasets/English//english_19;neuralist;0;2.86098;
./datasets/English//english_20;neuralist;0;2.86098;
./datasets/English//english_21;neuralist;0;2.86098;
./datasets/English//english_22;neuralist;0;2.86098;
./datasets/English//english_23;neuralist;0;2.86098;
./datasets/English//english_24;neuralist;0;2.86098;
./datasets/English//english_25;neuralist;0;2.86098;
./datasets/English//english_26;neuralist;0;2.86098;
./datasets/English//english_27;neuralist;0;2.86098;
./datasets/English//english_28;neuralist;0;2.86098;
./datasets/English//english_29;neuralist;0;2.86098;
./datasets/English//english_30;neuralist;0;2.86098;
./datasets/English//english_31;neuralist;0;2.86098;
./datasets/English//english_32;neuralist;0;2.86098;
./datasets/English//english_33;neuralist;0;2.86098;
./datasets/English//english_34;neuralist;0;2.86098;
./datasets/English//english_35;neuralist;0;2.86098;
./datasets/English//english_36;neuralist;0;2.86098;
./datasets/English//english_37;neuralist;0;2.86098;
./datasets/English//english_38;neuralist;0;2.86098;
./datasets/English//english_39;neuralist;0;2.86098;
./datasets/English//english_00;Swietenia;0;2.79265;
./datasets/English//english_01;Swietenia;0;2.79265;
./datasets/English//english_02;Swietenia;0;2.79265;
./datasets/English//english_03;Swietenia;0;2.79265;
./datasets/English//english_04;Swietenia;0;2.79265;
./datasets/English//english_05;Swietenia;0;2.79265;
./datasets/English//english_06;Swietenia;0;2.79265;
./datasets/English//english_07;Swietenia;0;2.79265;
./datasets/English//english_08;Swietenia;0;2.79265;
./datasets/English//english_09;Swietenia;0;2.79265;
./datasets/English//english_10;Swietenia;0;2.79265;
./datasets/English//english_11;Swietenia;0;2.79265;
./datasets/English//english_12;Swietenia;0;2.79265;
./datasets/English//english_13;Swietenia;0;2.79265;
./datasets/English//english_14;Swietenia;0;2.79265;
./datasets/English//english_15;Swietenia;0;2.79265;
./datasets/English//english_16;Swietenia;0;2.79265;
./datasets/English//english_17;Swietenia;0;2.79265;
./datasets/English//english_18;Swietenia;0;2.79265;
./datasets/English//english_19;Swietenia;0;2.79265;
./datasets/English//english_20;Swietenia;0;2.79265;
./datasets/English//english_21;Swietenia;0;2.79265;
./datasets/English//english_22;Swietenia;0;2.79265;
./datasets/English//english_23;Swietenia;0;2.79265;
./datasets/English//english_24;Swietenia;0;2.79265;
./datasets/English//english_25;Swietenia;0;2.79265;
./datasets/English//english_26;Swietenia;0;2.79265;
./datasets/English//english_27;Swietenia;0;2.79265;
./datasets/English//english_28;Swietenia;0;2.79265;
./datasets/English//english_29;Swietenia;0;2.79265;
./datasets/English//english_30;Swietenia;0;2.79265;
./datasets/English//english_31;Swietenia;0;2.79265;
./datasets/English//english_32;Swietenia;0;2.79265;
./datasets/English//english_33;Swietenia;0;2.79265;
./datasets/English//english_34;Swietenia;0;2.79265;
./datasets/English//english_35;Swietenia;0;2.79265;
./datasets/English//english_36;Swietenia;0;2.79265;
./datasets/English//english_37;Swietenia;0;2.79265;
./datasets/English//english_38;Swietenia;0;2.79265;
./datasets/English//english_39;Swietenia;0;2.79265;
./datasets/English//english_00;unpleadable;0;2.66845;
./datasets/English//english_01;unpleadable;0;2.66845;
./datasets/English//english_02;unpleadable;0;2.66845;
./datasets/English//english_03;unpleadable;0;2.66845;
./datasets/English//english_04;unpleadable;0;2.66845;
./datasets/English//english_05;unpleadable;0;2.66845;
./datasets/English//english_06;unpleadable;0;2.66845;
./datasets/English//english_07;unpleadable;0;2.66845;
./datasets/English//english_08;unpleadable;0;2.66845;
./datasets/English//english_09;unpleadable;0;2.66845;
./datasets/English//english_10;unpleadable;0;2.66845;
./datasets/English//english_11;unpleadable;0;2.66845;
./datasets/English//english_12;unpleadable;0;2.66845;
./datasets/English//english_13;unpleadable;0;2.66845;
./datasets/English//english_14;unpleadable;0;2.66845;
./datasets/English//english_15;unpleadable;0;2.66845;
./datasets/English//english_16;unpleadable;0;2.66845;
./datasets/English//english_17;unpleadable;0;2.66845;
./datasets/English//english_18;unpleadable;0;2.66845;
./datasets/English//english_19;unpleadable;0;2.66845;
./datasets/English//english_20;unpleadable;0;2.66845;
./datasets/English//english_21;unpleadable;0;2.66845;
./datasets/English//english_22;unpleadable;0;2.66845;
./datasets/English//english_23;unpleadable;0;2.66845;
./datasets/English//english_24;unpleadable;0;2.66845;
./datasets/English//english_25;unpleadable;0;2.66845;
./datasets/English//english_26;unpleadable;0;2.66845;
./datasets/English//english_27;unpleadable;0;2.66845;
./datasets/English//english_28;unpleadable;0;2.66845;
./datasets/English//english_29;unpleadable;0;2.66845;
./datasets/English//english_30;unpleadable;0;2.66845;
./datasets/English//english_31;unpleadable;0;2.66845;
./datasets/English//english_32;unpleadable;0;2.66845;
./datasets/English//english_33;unpleadable;0;2.66845;
./datasets/English//english_34;unpleadable;0;2.66845;
./datasets/English//english_35;unpleadable;0;2.66845;
./datasets/English//english_36;unpleadable;0;2.66845;
./datasets/English//english_37;unpleadable;0;2.66845;
./datasets/English//english_38;unpleadable;0;2.66845;
./datasets/English//english_39;unpleadable;0;2.66845;
./datasets/English//english_00;colorably;0;2.752;
./datasets/English//english_01;colorably;0;2.752;
./datasets/English//english_02;colorably;0;2.752;
./datasets/English//english_03;colorably;0;2.752;
./datasets/English//english_04;colorably;0;2.752;
./datasets/English//english_05;colorably;0;2.752;
./datasets/English//english_06;colorably;0;2.752;
./datasets/English//english_07;colorably;0;2.752;
./datasets/English//english_08;colorably;0;2.752;
./datasets/English//english_09;colorably;0;2.752;
./datasets/English//english_10;colorably;0;2.752;
./datasets/English//english_11;colorably;0;2.752;
./datasets/English//english_12;colorably;0;2.752;
./datasets/English//english_13;colorably;0;2.752;
./datasets/English//english_14;colorably;0;2.752;
./datasets/English//english_15;colorably;0;2.752;
./datasets/English//english_16;colorably;0;2.752;
./datasets/English//english_17;colorably;0;2.752;
./datasets/English//english_18;colorably;0;2.752;
./datasets/English//english_19;colorably;0;2.752;
./datasets/English//english_20;colorably;0;2.752;
./datasets/English//english_21;colorably;0;2.752;
./datasets/English//english_22;colorably;0;2.752;
./datasets/English//english_23;colorably;0;2.752;
./datasets/English//english_24;colorably;0;2.752;
./datasets/English//english_25;colorably;0;2.752;
./datasets/English//english_26;colorably;0;2.752;
./datasets/English//english_27;colorably;0;2.752;
./datasets/English//english_28;colorably;0;2.752;
./datasets/English//english_29;colorably;0;2.752;
./datasets/English//english_30;colorably;0;2.752;
./datasets/English//english_31;colorably;0;2.752;
./datasets/English//english_32;colorably;0;2.752;
./datasets/English//english_33;colorably;0;2.752;
./datasets/English//english_34;colorably;0;2.752;
./datasets/English//english_35;colorably;0;2.752;
./datasets/English//english_36;colorably;0;2.752;
./datasets/English//english_37;colorably;0;2.752;
./datasets/English//english_38;colorably;0;2.752;
./datasets/English//english_39;colorably;0;2.752;
./datasets/English//english_00;mogilalism;0;2.81803;
./datasets/English//english_01;mogilalism;0;2.81803;
./datasets/English//english_02;mogilalism;0;2.81803;
./datasets/English//english_03;mogilalism;0;2.81803;
./datasets/English//english_04;mogilalism;0;2.81803;
./datasets/English//english_05;mogilalism;0;2.81803;
./datasets/English//english_06;mogilalism;0;2.81803;
./datasets/English//english_07;mogilalism;0;2.81803;
./datasets/English//english_08;mogilalism;0;2.81803;
./datasets/English//english_09;mogilalism;0;2.81803;
./datasets/English//english_10;mogilalism;0;2.81803;
./datasets/English//english_11;mogilalism;0;2.81803;
./datasets/English//english_12;mogilalism;0;2.81803;
./datasets/English//english_13;mogilalism;0;2.81803;
./datasets/English//english_14;mogilalism;0;2.81803;
./datasets/English//english_15;mogilalism;0;2.81803;
./datasets/English//english_16;mogilalism;0;2.81803;
./datasets/English//english_17;mogilalism;0;2.81803;
./datasets/English//english_18;mogilalism;0;2.81803;
./datasets/English//english_19;mogilalism;0;2.81803;
./datasets/English//english_20;mogilalism;0;2.81803;
./datasets/English//english_21;mogilalism;0;2.81803;
./datasets/English//english_22;mogilalism;0;2.81803;
./datasets/English//english_23;mogilalism;0;2.81803;
./datasets/English//english_24;mogilalism;0;2.81803;
./datasets/English//english_25;mogilalism;0;2.81803;
./datasets/English//english_26;mogilalism;0;2.81803;
./datasets/English//english_27;mogilalism;0;2.81803;
./datasets/English//english_28;mogilalism;0;2.81803;
./datasets/English//english_29;mogilalism;0;2.81803;
./datasets/English//english_30;mogilalism;0;2.81803;
./datasets/English//english_31;mogilalism;0;2.81803;
./datasets/English//english_32;mogilalism;0;2.81803;
./datasets/English//english_33;mogilalism;0;2.81803;
./datasets/English//english_34;mogilalism;0;2.81803;
./datasets/English//english_35;mogilalism;0;2.81803;
./datasets/English//english_36;mogilalism;0;2.81803;
./datasets/English//english_37;mogilalism;0;2.81803;
./datasets/English//english_38;mogilalism;0;2.81803;
./datasets/English//english_39;mogilalism;0;2.81803;
./datasets/English//english_00;consequently;11;2.65195;
./datasets/English//english_01;consequently;15;2.65195;
./datasets/English//english_02;consequently;9;2.65195;
./datasets/English//english_03;consequently;13;2.65195;
./datasets/English//english_04;consequently;16;2.65195;
./datasets/English//english_05;consequently;15;2.65195;
./datasets/English//english_06;consequently;11;2.65195;
./datasets/English//english_07;consequently;3;2.65195;
./datasets/English//english_08;consequently;25;2.65195;
./datasets/English//english_09;consequently;16;2.65195;
./datasets/English//english_10;consequently;9;2.65195;
./datasets/English//english_11;consequently;14;2.65195;
./datasets/English//english_12;consequently;14;2.65195;
./datasets/English//english_13;consequently;13;2.65195;
./datasets/English//english_14;consequently;83;2.65195;
./datasets/English//english_15;consequently;14;2.65195;
./datasets/English//english_16;consequently;15;2.65195;
./datasets/English//english_17;consequently;13;2.65195;
./datasets/English//english_18;consequently;14;2.65195;
./datasets/English//english_19;consequently;59;2.65195;
./datasets/English//english_20;consequently;158;2.65195;
./datasets/English//english_21;consequently;23;2.65195;
./datasets/English//english_22;consequently;15;2.65195;
./datasets/English//english_23;consequently;18;2.65195;
./datasets/English//english_24;consequently;19;2.65195;
./datasets/English//english_25;consequently;15;2.65195;
./datasets/English//english_26;consequently;5;2.65195;
./datasets/English//english_27;consequently;26;2.65195;
./datasets/English//english_28;consequently;19;2.65195;
./datasets/English//english_29;consequently;150;2.65195;
./datasets/English//english_30;consequently;34;2.65195;
./datasets/English//english_31;consequently;18;2.65195;
./datasets/English//english_32;consequently;15;2.65195;
./datasets/English//english_33;consequently;51;2.65195;
./datasets/English//english_34;consequently;24;2.65195;
./datasets/English//english_35;consequently;16;2.65195;
./datasets/English//english_36;consequently;47;2.65195;
./datasets/English//english_37;consequently;7;2.65195;
./datasets/English//english_38;consequently;9;2.65195;
./datasets/English//english_39;consequently;25;2.65195;
./datasets/English//english_00;atamasco;0;2.86396;
./datasets/English//english_01;atamasco;0;2.86396;
./datasets/English//english_02;atamasco;0;2.86396;
./datasets/English//english_03;atamasco;0;2.86396;
./datasets/English//english_04;atamasco;0;2.86396;
./datasets/English//english_05;atamasco;0;2.86396;
./datasets/English//english_06;atamasco;0;2.86396;
./datasets/English//english_07;atamasco;0;2.86396;
./datasets/English//english_08;atamasco;0;2.86396;
./datasets/English//english_09;atamasco;0;2.86396;
./datasets/English//english_10;atamasco;0;2.86396;
./datasets/English//english_11;atamasco;0;2.86396;
./datasets/English//english_12;atamasco;0;2.86396;
./datasets/English//english_13;atamasco;0;2.86396;
./datasets/English//english_14;atamasco;0;2.86396;
./datasets/English//english_15;atamasco;0;2.86396;
./datasets/English//english_16;atamasco;0;2.86396;
./datasets/English//english_17;atamasco;0;2.86396;
./datasets/English//english_18;atamasco;0;2.86396;
./datasets/English//english_19;atamasco;0;2.86396;
./datasets/English//english_20;atamasco;0;2.86396;
./datasets/English//english_21;atamasco;0;2.86396;
./datasets/English//english_22;atamasco;0;2.86396;
./datasets/English//english_23;atamasco;0;2.86396;
./datasets/English//english_24;atamasco;0;2.86396;
./datasets/English//english_25;atamasco;0;2.86396;
./datasets/English//english_26;atamasco;0;2.86396;
./datasets/English//english_27;atamasco;0;2.86396;
./datasets/English//english_28;atamasco;0;2.86396;
./datasets/English//english_29;atamasco;0;2.86396;
./datasets/English//english_30;atamasco;0;2.86396;
./datasets/English//english_31;atamasco;0;2.86396;
./datasets/English//english_32;atamasco;0;2.86396;
./datasets/English//english_33;atamasco;0;2.86396;
./datasets/English//english_34;atamasco;0;2.86396;
./datasets/English//english_35;atamasco;0;2.86396;
./datasets/English//english_36;atamasco;0;2.86396;
./datasets/English//english_37;atamasco;0;2.86396;
./datasets/English//english_38;atamasco;0;2.86396;
./datasets/English//english_39;atamasco;0;2.86396;
./datasets/English//english_00;inhospitality;0;2.6255;
./datasets/English//english_01;inhospitality;0;2.6255;
./datasets/English//english_02;inhospitality;0;2.6255;
./datasets/English//english_03;inhospitality;0;2.6255;
./datasets/English//english_04;inhospitality;0;2.6255;
./datasets/English//english_05;inhospitality;0;2.6255;
./datasets/English//english_06;inhospitality;0;2.6255;
./datasets/English//english_07;inhospitality;0;2.6255;
./datasets/English//english_08;inhospitality;2;2.6255;
./datasets/English//english_09;inhospitality;2;2.6255;
./datasets/English//english_10;inhospitality;0;2.6255;
./datasets/English//english_11;inhospitality;0;2.6255;
./datasets/English//english_12;inhospitality;0;2.6255;
./datasets/English//english_13;inhospitality;0;2.6255;
./datasets/English//english_14;inhospitality;0;2.6255;
./datasets/English//english_15;inhospitality;0;2.6255;
./datasets/English//english_16;inhospitality;0;2.6255;
./datasets/English//english_17;inhospitality;0;2.6255;
./datasets/English//english_18;inhospitality;0;2.6255;
./datasets/English//english_19;inhospitality;0;2.6255;
./datasets/English//english_20;inhospitality;0;2.6255;
./datasets/English//english_21;inhospitality;1;2.6255;
./datasets/English//english_22;inhospitality;0;2.6255;
./datasets/English//english_23;inhospitality;0;2.6255;
./datasets/English//english_24;inhospitality;0;2.6255;
./datasets/English//english_25;inhospitality;0;2.6255;
./datasets/English//english_26;inhospitality;0;2.6255;
./datasets/English//english_27;inhospitality;0;2.6255;
./datasets/English//english_28;inhospitality;0;2.6255;
./datasets/English//english_29;inhospitality;0;2.6255;
./datasets/English//english_30;inhospitality;0;2.6255;
./datasets/English//english_31;inhospitality;0;2.6255;
./datasets/English//english_32;inhospitality;0;2.6255;
./datasets/English//english_33;inhospitality;0;2.6255;
./datasets/English//english_34;inhospitality;0;2.6255;
./datasets/English//english_35;inhospitality;0;2.6255;
./datasets/English//english_36;inhospitality;0;2.6255;
./datasets/English//english_37;inhospitality;0;2.6255;
./datasets/English//english_38;inhospitality;0;2.6255;
./datasets/English//english_39;inhospitality;0;2.6255;
./datasets/English//english_00;noncarnivorous;0;2.58459;
./datasets/English//english_01;noncarnivorous;0;2.58459;
./datasets/English//english_02;noncarnivorous;0;2.58459;
./datasets/English//english_03;noncarnivorous;0;2.58459;
./datasets/English//english_04;noncarnivorous;0;2.58459;
./datasets/English//english_05;noncarnivorous;0;2.58459;
./datasets/English//english_06;noncarnivorous;0;2.58459;
./datasets/English//english_07;noncarnivorous;0;2.58459;
./datasets/English//english_08;noncarnivorous;0;2.58459;
./datasets/English//english_09;noncarnivorous;0;2.58459;
./datasets/English//english_10;noncarnivorous;0;2.58459;
./datasets/English//english_11;noncarnivorous;0;2.58459;
./datasets/English//english_12;noncarnivorous;0;2.58459;
./datasets/English//english_13;noncarnivorous;0;2.58459;
./datasets/English//english_14;noncarnivorous;0;2.58459;
./datasets/English//english_15;noncarnivorous;0;2.58459;
./datasets/English//english_16;noncarnivorous;0;2.58459;
./datasets/English//english_17;noncarnivorous;0;2.58459;
./datasets/English//english_18;noncarnivorous;0;2.58459;
./datasets/English//english_19;noncarnivorous;0;2.58459;
./datasets/English//english_20;noncarnivorous;0;2.58459;
./datasets/English//english_21;noncarnivorous;0;2.58459;
./datasets/English//english_22;noncarnivorous;0;2.58459;
./datasets/English//english_23;noncarnivorous;0;2.58459;
./datasets/English//english_24;noncarnivorous;0;2.58459;
./datasets/English//english_25;noncarnivorous;0;2.58459;
./datasets/English//english_26;noncarnivorous;0;2.58459;
./datasets/English//english_27;noncarnivorous;0;2.58459;
./datasets/English//english_28;noncarnivorous;0;2.58459;
./datasets/English//english_29;noncarnivorous;0;2.58459;
./datasets/English//english_30;noncarnivorous;0;2.58459;
./datasets/English//english_31;noncarnivorous;0;2.58459;
./datasets/English//english_32;noncarnivorous;0;2.58459;
./datasets/English//english_33;noncarnivorous;0;2.58459;
./datasets/English//english_34;noncarnivorous;0;2.58459;
./datasets/English//english_35;noncarnivorous;0;2.58459;
./datasets/English//english_36;noncarnivorous;0;2.58459;
./datasets/English//english_37;noncarnivorous;0;2.58459;
./datasets/English//english_38;noncarnivorous;0;2.58459;
./datasets/English//english_39;noncarnivorous;0;2.58459;
./datasets/English//english_00;counterruin;0;2.70306;
./datasets/English//english_01;counterruin;0;2.70306;
./datasets/English//english_02;counterruin;0;2.70306;
./datasets/English//english_03;counterruin;0;2.70306;
./datasets/English//english_04;counterruin;0;2.70306;
./datasets/English//english_05;counterruin;0;2.70306;
./datasets/English//english_06;counterruin;0;2.70306;
./datasets/English//english_07;counterruin;0;2.70306;
./datasets/English//english_08;counterruin;0;2.70306;
./datasets/English//english_09;counterruin;0;2.70306;
./datasets/English//english_10;counterruin;0;2.70306;
./datasets/English//english_11;counterruin;0;2.70306;
./datasets/English//english_12;counterruin;0;2.70306;
./datasets/English//english_13;counterruin;0;2.70306;
./datasets/English//english_14;counterruin;0;2.70306;
./datasets/English//english_15;counterruin;0;2.70306;
./datasets/English//english_16;counterruin;0;2.70306;
./datasets/English//english_17;counterruin;0;2.70306;
./datasets/English//english_18;counterruin;0;2.70306;
./datasets/English//english_19;counterruin;0;2.70306;
./datasets/English//english_20;counterruin;0;2.70306;
./datasets/English//english_21;counterruin;0;2.70306;
./datasets/English//english_22;counterruin;0;2.70306;
./datasets/English//english_23;counterruin;0;2.70306;
./datasets/English//english_24;counterruin;0;2.70306;
./datasets/English//english_25;counterruin;0;2.70306;
./datasets/English//english_26;counterruin;0;2.70306;
./datasets/English//english_27;counterruin;0;2.70306;
./datasets/English//english_28;counterruin;0;2.70306;
./datasets/English//english_29;counterruin;0;2.70306;
./datasets/English//english_30;counterruin;0;2.70306;
./datasets/English//english_31;counterruin;0;2.70306;
./datasets/English//english_32;counterruin;0;2.70306;
./datasets/English//english_33;counterruin;0;2.70306;
./datasets/English//english_34;counterruin;0;2.70306;
./datasets/English//english_35;counterruin;0;2.70306;
./datasets/English//english_36;counterruin;0;2.70306;
./datasets/English//english_37;counterruin;0;2.70306;
./datasets/English//english_38;counterruin;0;2.70306;
./datasets/English//english_39;counterruin;0;2.70306;
./datasets/English//english_00;gryposis;0;2.84726;
./datasets/English//english_01;gryposis;0;2.84726;
./datasets/English//english_02;gryposis;0;2.84726;
./datasets/English//english_03;gryposis;0;2.84726;
./datasets/English//english_04;gryposis;0;2.84726;
./datasets/English//english_05;gryposis;0;2.84726;
./datasets/English//english_06;gryposis;0;2.84726;
./datasets/English//english_07;gryposis;0;2.84726;
./datasets/English//english_08;gryposis;0;2.84726;
./datasets/English//english_09;gryposis;0;2.84726;
./datasets/English//english_10;gryposis;0;2.84726;
./datasets/English//english_11;gryposis;0;2.84726;
./datasets/English//english_12;gryposis;0;2.84726;
./datasets/English//english_13;gryposis;0;2.84726;
./datasets/English//english_14;gryposis;0;2.84726;
./datasets/English//english_15;gryposis;0;2.84726;
./datasets/English//english_16;gryposis;0;2.84726;
./datasets/English//english_17;gryposis;0;2.84726;
./datasets/English//english_18;gryposis;0;2.84726;
./datasets/English//english_19;gryposis;0;2.84726;
./datasets/English//english_20;gryposis;0;2.84726;
./datasets/English//english_21;gryposis;0;2.84726;
./datasets/English//english_22;gryposis;0;2.84726;
./datasets/English//english_23;gryposis;0;2.84726;
./datasets/English//english_24;gryposis;0;2.84726;
./datasets/English//english_25;gryposis;0;2.84726;
./datasets/English//english_26;gryposis;0;2.84726;
./datasets/English//english_27;gryposis;0;2.84726;
./datasets/English//english_28;gryposis;0;2.84726;
./datasets/English//english_29;gryposis;0;2.84726;
./datasets/English//english_30;gryposis;0;2.84726;
./datasets/English//english_31;gryposis;0;2.84726;
./datasets/English//english_32;gryposis;0;2.84726;
./datasets/English//english_33;gryposis;0;2.84726;
./datasets/English//english_34;gryposis;0;2.84726;
./datasets/English//english_35;gryposis;0;2.84726;
./datasets/English//english_36;gryposis;0;2.84726;
./datasets/English//english_37;gryposis;0;2.84726;
./datasets/English//english_38;gryposis;0;2.84726;
./datasets/English//english_39;gryposis;0;2.84726;
./datasets/English//english_00;ringe;47;3.38675;
./datasets/English//english_01;ringe;54;3.38675;
./datasets/English//english_02;ringe;61;3.38675;
./datasets/English//english_03;ringe;65;3.38675;
./datasets/English//english_04;ringe;49;3.38675;
./datasets/English//english_05;ringe;14;3.38675;
./datasets/English//english_06;ringe;35;3.38675;
./datasets/English//english_07;ringe;36;3.38675;
./datasets/English//english_08;ringe;38;3.38675;
./datasets/English//english_09;ringe;67;3.38675;
./datasets/English//english_10;ringe;38;3.38675;
./datasets/English//english_11;ringe;32;3.38675;
./datasets/English//english_12;ringe;89;3.38675;
./datasets/English//english_13;ringe;33;3.38675;
./datasets/English//english_14;ringe;47;3.38675;
./datasets/English//english_15;ringe;63;3.38675;
./datasets/English//english_16;ringe;18;3.38675;
./datasets/English//english_17;ringe;24;3.38675;
./datasets/English//english_18;ringe;33;3.38675;
./datasets/English//english_19;ringe;9;3.38675;
./datasets/English//english_20;ringe;25;3.38675;
./datasets/English//english_21;ringe;16;3.38675;
./datasets/English//english_22;ringe;36;3.38675;
./datasets/English//english_23;ringe;28;3.38675;
./datasets/English//english_24;ringe;29;3.38675;
./datasets/English//english_25;ringe;17;3.38675;
./datasets/English//english_26;ringe;28;3.38675;
./datasets/English//english_27;ringe;47;3.38675;
./datasets/English//english_28;ringe;26;3.38675;
./datasets/English//english_29;ringe;7;3.38675;
./datasets/English//english_30;ringe;16;3.38675;
./datasets/English//english_31;ringe;31;3.38675;
./datasets/English//english_32;ringe;32;3.38675;
./datasets/English//english_33;ringe;41;3.38675;
./datasets/English//english_34;ringe;25;3.38675;
./datasets/English//english_35;ringe;33;3.38675;
./datasets/English//english_36;ringe;45;3.38675;
./datasets/English//english_37;ringe;7;3.38675;
./datasets/English//english_38;ringe;36;3.38675;
./datasets/English//english_39;ringe;63;3.38675;
./datasets/English//english_00;displeasedly;0;2.67899;
./datasets/English//english_01;displeasedly;0;2.67899;
./datasets/English//english_02;displeasedly;0;2.67899;
./datasets/English//english_03;displeasedly;0;2.67899;
./datasets/English//english_04;displeasedly;0;2.67899;
./datasets/English//english_05;displeasedly;0;2.67899;
./datasets/English//english_06;displeasedly;0;2.67899;
./datasets/English//english_07;displeasedly;0;2.67899;
./datasets/English//english_08;displeasedly;0;2.67899;
./datasets/English//english_09;displeasedly;0;2.67899;
./datasets/English//english_10;displeasedly;0;2.67899;
./datasets/English//english_11;displeasedly;0;2.67899;
./datasets/English//english_12;displeasedly;0;2.67899;
./datasets/English//english_13;displeasedly;0;2.67899;
./datasets/English//english_14;displeasedly;0;2.67899;
./datasets/English//english_15;displeasedly;0;2.67899;
./datasets/English//english_16;displeasedly;0;2.67899;
./datasets/English//english_17;displeasedly;0;2.67899;
./datasets/English//english_18;displeasedly;0;2.67899;
./datasets/English//english_19;displeasedly;0;2.67899;
./datasets/English//english_20;displeasedly;0;2.67899;
./datasets/English//english_21;displeasedly;0;2.67899;
./datasets/English//english_22;displeasedly;0;2.67899;
./datasets/English//english_23;displeasedly;0;2.67899;
./datasets/English//english_24;displeasedly;0;2.67899;
./datasets/English//english_25;displeasedly;0;2.67899;
./datasets/English//english_26;displeasedly;0;2.67899;
./datasets/English//english_27;displeasedly;0;2.67899;
./datasets/English//english_28;displeasedly;0;2.67899;
./datasets/English//english_29;displeasedly;0;2.67899;
./datasets/English//english_30;displeasedly;0;2.67899;
./datasets/English//english_31;displeasedly;0;2.67899;
./datasets/English//english_32;displeasedly;0;2.67899;
./datasets/English//english_33;displeasedly;0;2.67899;
./datasets/English//english_34;displeasedly;0;2.67899;
./datasets/English//english_35;displeasedly;0;2.67899;
./datasets/English//english_36;displeasedly;0;2.67899;
./datasets/English//english_37;displeasedly;0;2.67899;
./datasets/English//english_38;displeasedly;0;2.67899;
./datasets/English//english_39;displeasedly;0;2.67899;
./datasets/English//english_00;incenter;0;2.97505;
./datasets/English//english_01;incenter;0;2.97505;
./datasets/English//english_02;incenter;0;2.97505;
./datasets/English//english_03;incenter;0;2.97505;
./datasets/English//english_04;incenter;0;2.97505;
./datasets/English//english_05;incenter;0;2.97505;
./datasets/English//english_06;incenter;0;2.97505;
./datasets/English//english_07;incenter;0;2.97505;
./datasets/English//english_08;incenter;0;2.97505;
./datasets/English//english_09;incenter;0;2.97505;
./datasets/English//english_10;incenter;0;2.97505;
./datasets/English//english_11;incenter;0;2.97505;
./datasets/English//english_12;incenter;0;2.97505;
./datasets/English//english_13;incenter;0;2.97505;
./datasets/English//english_14;incenter;0;2.97505;
./datasets/English//english_15;incenter;0;2.97505;
./datasets/English//english_16;incenter;0;2.97505;
./datasets/English//english_17;incenter;0;2.97505;
./datasets/English//english_18;incenter;0;2.97505;
./datasets/English//english_19;incenter;0;2.97505;
./datasets/English//english_20;incenter;0;2.97505;
./datasets/English//english_21;incenter;0;2.97505;
./datasets/English//english_22;incenter;0;2.97505;
./datasets/English//english_23;incenter;0;2.97505;
./datasets/English//english_24;incenter;0;2.97505;
./datasets/English//english_25;incenter;0;2.97505;
./datasets/English//english_26;incenter;0;2.97505;
./datasets/English//english_27;incenter;0;2.97505;
./datasets/English//english_28;incenter;0;2.97505;
./datasets/English//english_29;incenter;0;2.97505;
./datasets/English//english_30;incenter;0;2.97505;
./datasets/English//english_31;incenter;0;2.97505;
./datasets/English//english_32;incenter;0;2.97505;
./datasets/English//english_33;incenter;0;2.97505;
./datasets/English//english_34;incenter;0;2.97505;
./datasets/English//english_35;incenter;0;2.97505;
./datasets/English//english_36;incenter;0;2.97505;
./datasets/English//english_37;incenter;0;2.97505;
./datasets/English//english_38;incenter;0;2.97505;
./datasets/English//english_39;incenter;0;2.97505;
./datasets/English//english_00;gallycrow;0;2.75598;
./datasets/English//english_01;gallycrow;0;2.75598;
./datasets/English//english_02;gallycrow;0;2.75598;
./datasets/English//english_03;gallycrow;0;2.75598;
./datasets/English//english_04;gallycrow;0;2.75598;
./datasets/English//english_05;gallycrow;0;2.75598;
./datasets/English//english_06;gallycrow;0;2.75598;
./datasets/English//english_07;gallycrow;0;2.75598;
./datasets/English//english_08;gallycrow;0;2.75598;
./datasets/English//english_09;gallycrow;0;2.75598;
./datasets/English//english_10;gallycrow;0;2.75598;
./datasets/English//english_11;gallycrow;0;2.75598;
./datasets/English//english_12;gallycrow;0;2.75598;
./datasets/English//english_13;gallycrow;0;2.75598;
./datasets/English//english_14;gallycrow;0;2.75598;
./datasets/English//english_15;gallycrow;0;2.75598;
./datasets/English//english_16;gallycrow;0;2.75598;
./datasets/English//english_17;gallycrow;0;2.75598;
./datasets/English//english_18;gallycrow;0;2.75598;
./datasets/English//english_19;gallycrow;0;2.75598;
./datasets/English//english_20;gallycrow;0;2.75598;
./datasets/English//english_21;gallycrow;0;2.75598;
./datasets/English//english_22;gallycrow;0;2.75598;
./datasets/English//english_23;gallycrow;0;2.75598;
./datasets/English//english_24;gallycrow;0;2.75598;
./datasets/English//english_25;gallycrow;0;2.75598;
./datasets/English//english_26;gallycrow;0;2.75598;
./datasets/English//english_27;gallycrow;0;2.75598;
./datasets/English//english_28;gallycrow;0;2.75598;
./datasets/English//english_29;gallycrow;0;2.75598;
./datasets/English//english_30;gallycrow;0;2.75598;
./datasets/English//english_31;gallycrow;0;2.75598;
./datasets/English//english_32;gallycrow;0;2.75598;
./datasets/English//english_33;gallycrow;0;2.75598;
./datasets/English//english_34;gallycrow;0;2.75598;
./datasets/English//english_35;gallycrow;0;2.75598;
./datasets/English//english_36;gallycrow;0;2.75598;
./datasets/English//english_37;gallycrow;0;2.75598;
./datasets/English//english_38;gallycrow;0;2.75598;
./datasets/English//english_39;gallycrow;0;2.75598;
./datasets/English//english_00;whincow;0;2.88998;
./datasets/English//english_01;whincow;0;2.88998;
./datasets/English//english_02;whincow;0;2.88998;
./datasets/English//english_03;whincow;0;2.88998;
./datasets/English//english_04;whincow;0;2.88998;
./datasets/English//english_05;whincow;0;2.88998;
./datasets/English//english_06;whincow;0;2.88998;
./datasets/English//english_07;whincow;0;2.88998;
./datasets/English//english_08;whincow;0;2.88998;
./datasets/English//english_09;whincow;0;2.88998;
./datasets/English//english_10;whincow;0;2.88998;
./datasets/English//english_11;whincow;0;2.88998;
./datasets/English//english_12;whincow;0;2.88998;
./datasets/English//english_13;whincow;0;2.88998;
./datasets/English//english_14;whincow;0;2.88998;
./datasets/English//english_15;whincow;0;2.88998;
./datasets/English//english_16;whincow;0;2.88998;
./datasets/English//english_17;whincow;0;2.88998;
./datasets/English//english_18;whincow;0;2.88998;
./datasets/English//english_19;whincow;0;2.88998;
./datasets/English//english_20;whincow;0;2.88998;
./datasets/English//english_21;whincow;0;2.88998;
./datasets/English//english_22;whincow;0;2.88998;
./datasets/English//english_23;whincow;0;2.88998;
./datasets/English//english_24;whincow;0;2.88998;
./datasets/English//english_25;whincow;0;2.88998;
./datasets/English//english_26;whincow;0;2.88998;
./datasets/English//english_27;whincow;0;2.88998;
./datasets/English//english_28;whincow;0;2.88998;
./datasets/English//english_29;whincow;0;2.88998;
./datasets/English//english_30;whincow;0;2.88998;
./datasets/English//english_31;whincow;0;2.88998;
./datasets/English//english_32;whincow;0;2.88998;
./datasets/English//english_33;whincow;0;2.88998;
./datasets/English//english_34;whincow;0;2.88998;
./datasets/English//english_35;whincow;0;2.88998;
./datasets/English//english_36;whincow;0;2.88998;
./datasets/English//english_37;whincow;0;2.88998;
./datasets/English//english_38;whincow;0;2.88998;
./datasets/English//english_39;whincow;0;2.88998;
./datasets/English//english_00;repudiationist;0;2.66061;
./datasets/English//english_01;repudiationist;0;2.66061;
./datasets/English//english_02;repudiationist;0;2.66061;
./datasets/English//english_03;repudiationist;0;2.66061;
./datasets/English//english_04;repudiationist;0;2.66061;
./datasets/English//english_05;repudiationist;0;2.66061;
./datasets/English//english_06;repudiationist;0;2.66061;
./datasets/English//english_07;repudiationist;0;2.66061;
./datasets/English//english_08;repudiationist;0;2.66061;
./datasets/English//english_09;repudiationist;0;2.66061;
./datasets/English//english_10;repudiationist;0;2.66061;
./datasets/English//english_11;repudiationist;0;2.66061;
./datasets/English//english_12;repudiationist;0;2.66061;
./datasets/English//english_13;repudiationist;0;2.66061;
./datasets/English//english_14;repudiationist;0;2.66061;
./datasets/English//english_15;repudiationist;0;2.66061;
./datasets/English//english_16;repudiationist;0;2.66061;
./datasets/English//english_17;repudiationist;0;2.66061;
./datasets/English//english_18;repudiationist;0;2.66061;
./datasets/English//english_19;repudiationist;0;2.66061;
./datasets/English//english_20;repudiationist;0;2.66061;
./datasets/English//english_21;repudiationist;0;2.66061;
./datasets/English//english_22;repudiationist;0;2.66061;
./datasets/English//english_23;repudiationist;0;2.66061;
./datasets/English//english_24;repudiationist;0;2.66061;
./datasets/English//english_25;repudiationist;0;2.66061;
./datasets/English//english_26;repudiationist;0;2.66061;
./datasets/English//english_27;repudiationist;0;2.66061;
./datasets/English//english_28;repudiationist;0;2.66061;
./datasets/English//english_29;repudiationist;0;2.66061;
./datasets/English//english_30;repudiationist;0;2.66061;
./datasets/English//english_31;repudiationist;0;2.66061;
./datasets/English//english_32;repudiationist;0;2.66061;
./datasets/English//english_33;repudiationist;0;2.66061;
./datasets/English//english_34;repudiationist;0;2.66061;
./datasets/English//english_35;repudiationist;0;2.66061;
./datasets/English//english_36;repudiationist;0;2.66061;
./datasets/English//english_37;repudiationist;0;2.66061;
./datasets/English//english_38;repudiationist;0;2.66061;
./datasets/English//english_39;repudiationist;0;2.66061;
./datasets/English//english_00;unagile;0;2.99044;
./datasets/English//english_01;unagile;0;2.99044;
./datasets/English//english_02;unagile;0;2.99044;
./datasets/English//english_03;unagile;0;2.99044;
./datasets/English//english_04;unagile;0;2.99044;
./datasets/English//english_05;unagile;0;2.99044;
./datasets/English//english_06;unagile;0;2.99044;
./datasets/English//english_07;unagile;0;2.99044;
./datasets/English//english_08;unagile;0;2.99044;
./datasets/English//english_09;unagile;0;2.99044;
./datasets/English//english_10;unagile;0;2.99044;
./datasets/English//english_11;unagile;0;2.99044;
./datasets/English//english_12;unagile;0;2.99044;
./datasets/English//english_13;unagile;0;2.99044;
./datasets/English//english_14;unagile;0;2.99044;
./datasets/English//english_15;unagile;0;2.99044;
./datasets/English//english_16;unagile;0;2.99044;
./datasets/English//english_17;unagile;0;2.99044;
./datasets/English//english_18;unagile;0;2.99044;
./datasets/English//english_19;unagile;0;2.99044;
./datasets/English//english_20;unagile;0;2.99044;
./datasets/English//english_21;unagile;0;2.99044;
./datasets/English//english_22;unagile;0;2.99044;
./datasets/English//english_23;unagile;0;2.99044;
./datasets/English//english_24;unagile;0;2.99044;
./datasets/English//english_25;unagile;0;2.99044;
./datasets/English//english_26;unagile;0;2.99044;
./datasets/English//english_27;unagile;0;2.99044;
./datasets/English//english_28;unagile;0;2.99044;
./datasets/English//english_29;unagile;0;2.99044;
./datasets/English//english_30;unagile;0;2.99044;
./datasets/English//english_31;unagile;0;2.99044;
./datasets/English//english_32;unagile;0;2.99044;
./datasets/English//english_33;unagile;0;2.99044;
./datasets/English//english_34;unagile;0;2.99044;
./datasets/English//english_35;unagile;0;2.99044;
./datasets/English//english_36;unagile;0;2.99044;
./datasets/English//english_37;unagile;0;2.99044;
./datasets/English//english_38;unagile;0;2.99044;
./datasets/English//english_39;unagile;0;2.99044;
./datasets/English//english_00;chaplain;1;2.85656;
./datasets/English//english_01;chaplain;0;2.85656;
./datasets/English//english_02;chaplain;2;2.85656;
./datasets/English//english_03;chaplain;0;2.85656;
./datasets/English//english_04;chaplain;13;2.85656;
./datasets/English//english_05;chaplain;63;2.85656;
./datasets/English//english_06;chaplain;2;2.85656;
./datasets/English//english_07;chaplain;9;2.85656;
./datasets/English//english_08;chaplain;3;2.85656;
./datasets/English//english_09;chaplain;9;2.85656;
./datasets/English//english_10;chaplain;1;2.85656;
./datasets/English//english_11;chaplain;52;2.85656;
./datasets/English//english_12;chaplain;90;2.85656;
./datasets/English//english_13;chaplain;8;2.85656;
./datasets/English//english_14;chaplain;2;2.85656;
./datasets/English//english_15;chaplain;58;2.85656;
./datasets/English//english_16;chaplain;6;2.85656;
./datasets/English//english_17;chaplain;1;2.85656;
./datasets/English//english_18;chaplain;0;2.85656;
./datasets/English//english_19;chaplain;2;2.85656;
./datasets/English//english_20;chaplain;35;2.85656;
./datasets/English//english_21;chaplain;8;2.85656;
./datasets/English//english_22;chaplain;0;2.85656;
./datasets/English//english_23;chaplain;7;2.85656;
./datasets/English//english_24;chaplain;0;2.85656;
./datasets/English//english_25;chaplain;118;2.85656;
./datasets/English//english_26;chaplain;0;2.85656;
./datasets/English//english_27;chaplain;13;2.85656;
./datasets/English//english_28;chaplain;0;2.85656;
./datasets/English//english_29;chaplain;2;2.85656;
./datasets/English//english_30;chaplain;1;2.85656;
./datasets/English//english_31;chaplain;2;2.85656;
./datasets/English//english_32;chaplain;13;2.85656;
./datasets/English//english_33;chaplain;27;2.85656;
./datasets/English//english_34;chaplain;2;2.85656;
./datasets/English//english_35;chaplain;13;2.85656;
./datasets/English//english_36;chaplain;27;2.85656;
./datasets/English//english_37;chaplain;0;2.85656;
./datasets/English//english_38;chaplain;4;2.85656;
./datasets/English//english_39;chaplain;13;2.85656;
./datasets/English//english_00;bekerchief;0;2.74942;
./datasets/English//english_01;bekerchief;0;2.74942;
./datasets/English//english_02;bekerchief;0;2.74942;
./datasets/English//english_03;bekerchief;0;2.74942;
./datasets/English//english_04;bekerchief;0;2.74942;
./datasets/English//english_05;bekerchief;0;2.74942;
./datasets/English//english_06;bekerchief;0;2.74942;
./datasets/English//english_07;bekerchief;0;2.74942;
./datasets/English//english_08;bekerchief;0;2.74942;
./datasets/English//english_09;bekerchief;0;2.74942;
./datasets/English//english_10;bekerchief;0;2.74942;
./datasets/English//english_11;bekerchief;0;2.74942;
./datasets/English//english_12;bekerchief;0;2.74942;
./datasets/English//english_13;bekerchief;0;2.74942;
./datasets/English//english_14;bekerchief;0;2.74942;
./datasets/English//english_15;bekerchief;0;2.74942;
./datasets/English//english_16;bekerchief;0;2.74942;
./datasets/English//english_17;bekerchief;0;2.74942;
./datasets/English//english_18;bekerchief;0;2.74942;
./datasets/English//english_19;bekerchief;0;2.74942;
./datasets/English//english_20;bekerchief;0;2.74942;
./datasets/English//english_21;bekerchief;0;2.74942;
./datasets/English//english_22;bekerchief;0;2.74942;
./datasets/English//english_23;bekerchief;0;2.74942;
./datasets/English//english_24;bekerchief;0;2.74942;
./datasets/English//english_25;bekerchief;0;2.74942;
./datasets/English//english_26;bekerchief;0;2.74942;
./datasets/English//english_27;bekerchief;0;2.74942;
./datasets/English//english_28;bekerchief;0;2.74942;
./datasets/English//english_29;bekerchief;0;2.74942;
./datasets/English//english_30;bekerchief;0;2.74942;
./datasets/English//english_31;bekerchief;0;2.74942;
./datasets/English//english_32;bekerchief;0;2.74942;
./datasets/English//english_33;bekerchief;0;2.74942;
./datasets/English//english_34;bekerchief;0;2.74942;
./datasets/English//english_35;bekerchief;0;2.74942;
./datasets/English//english_36;bekerchief;0;2.74942;
./datasets/English//english_37;bekerchief;0;2.74942;
./datasets/English//english_38;bekerchief;0;2.74942;
./datasets/English//english_39;bekerchief;0;2.74942;
./datasets/English//english_00;subproduct;0;2.69804;
./datasets/English//english_01;subproduct;0;2.69804;
./datasets/English//english_02;subproduct;0;2.69804;
./datasets/English//english_03;subproduct;0;2.69804;
./datasets/English//english_04;subproduct;0;2.69804;
./datasets/English//english_05;subproduct;0;2.69804;
./datasets/English//english_06;subproduct;0;2.69804;
./datasets/English//english_07;subproduct;0;2.69804;
./datasets/English//english_08;subproduct;0;2.69804;
./datasets/English//english_09;subproduct;0;2.69804;
./datasets/English//english_10;subproduct;0;2.69804;
./datasets/English//english_11;subproduct;0;2.69804;
./datasets/English//english_12;subproduct;0;2.69804;
./datasets/English//english_13;subproduct;0;2.69804;
./datasets/English//english_14;subproduct;0;2.69804;
./datasets/English//english_15;subproduct;0;2.69804;
./datasets/English//english_16;subproduct;0;2.69804;
./datasets/English//english_17;subproduct;0;2.69804;
./datasets/English//english_18;subproduct;0;2.69804;
./datasets/English//english_19;subproduct;0;2.69804;
./datasets/English//english_20;subproduct;0;2.69804;
./datasets/English//english_21;subproduct;0;2.69804;
./datasets/English//english_22;subproduct;0;2.69804;
./datasets/English//english_23;subproduct;0;2.69804;
./datasets/English//english_24;subproduct;0;2.69804;
./datasets/English//english_25;subproduct;0;2.69804;
./datasets/English//english_26;subproduct;0;2.69804;
./datasets/English//english_27;subproduct;0;2.69804;
./datasets/English//english_28;subproduct;0;2.69804;
./datasets/English//english_29;subproduct;0;2.69804;
./datasets/English//english_30;subproduct;0;2.69804;
./datasets/English//english_31;subproduct;0;2.69804;
./datasets/English//english_32;subproduct;0;2.69804;
./datasets/English//english_33;subproduct;0;2.69804;
./datasets/English//english_34;subproduct;0;2.69804;
./datasets/English//english_35;subproduct;0;2.69804;
./datasets/English//english_36;subproduct;0;2.69804;
./datasets/English//english_37;subproduct;0;2.69804;
./datasets/English//english_38;subproduct;0;2.69804;
./datasets/English//english_39;subproduct;0;2.69804;
./datasets/English//english_00;pointingly;0;2.72496;
./datasets/English//english_01;pointingly;0;2.72496;
./datasets/English//english_02;pointingly;0;2.72496;
./datasets/English//english_03;pointingly;0;2.72496;
./datasets/English//english_04;pointingly;0;2.72496;
./datasets/English//english_05;pointingly;0;2.72496;
./datasets/English//english_06;pointingly;0;2.72496;
./datasets/English//english_07;pointingly;1;2.72496;
./datasets/English//english_08;pointingly;0;2.72496;
./datasets/English//english_09;pointingly;0;2.72496;
./datasets/English//english_10;pointingly;0;2.72496;
./datasets/English//english_11;pointingly;0;2.72496;
./datasets/English//english_12;pointingly;0;2.72496;
./datasets/English//english_13;pointingly;0;2.72496;
./datasets/English//english_14;pointingly;1;2.72496;
./datasets/English//english_15;pointingly;0;2.72496;
./datasets/English//english_16;pointingly;0;2.72496;
./datasets/English//english_17;pointingly;0;2.72496;
./datasets/English//english_18;pointingly;0;2.72496;
./datasets/English//english_19;pointingly;0;2.72496;
./datasets/English//english_20;pointingly;0;2.72496;
./datasets/English//english_21;pointingly;0;2.72496;
./datasets/English//english_22;pointingly;0;2.72496;
./datasets/English//english_23;pointingly;0;2.72496;
./datasets/English//english_24;pointingly;0;2.72496;
./datasets/English//english_25;pointingly;0;2.72496;
./datasets/English//english_26;pointingly;0;2.72496;
./datasets/English//english_27;pointingly;0;2.72496;
./datasets/English//english_28;pointingly;2;2.72496;
./datasets/English//english_29;pointingly;0;2.72496;
./datasets/English//english_30;pointingly;0;2.72496;
./datasets/English//english_31;pointingly;0;2.72496;
./datasets/English//english_32;pointingly;0;2.72496;
./datasets/English//english_33;pointingly;0;2.72496;
./datasets/English//english_34;pointingly;0;2.72496;
./datasets/English//english_35;pointingly;0;2.72496;
./datasets/English//english_36;pointingly;0;2.72496;
./datasets/English//english_37;pointingly;0;2.72496;
./datasets/English//english_38;pointingly;0;2.72496;
./datasets/English//english_39;pointingly;0;2.72496;
./datasets/English//english_00;Physonectae;0;2.81205;
./datasets/English//english_01;Physonectae;0;2.81205;
./datasets/English//english_02;Physonectae;0;2.81205;
./datasets/English//english_03;Physonectae;0;2.81205;
./datasets/English//english_04;Physonectae;0;2.81205;
./datasets/English//english_05;Physonectae;0;2.81205;
./datasets/English//english_06;Physonectae;0;2.81205;
./datasets/English//english_07;Physonectae;0;2.81205;
./datasets/English//english_08;Physonectae;0;2.81205;
./datasets/English//english_09;Physonectae;0;2.81205;
./datasets/English//english_10;Physonectae;0;2.81205;
./datasets/English//english_11;Physonectae;0;2.81205;
./datasets/English//english_12;Physonectae;0;2.81205;
./datasets/English//english_13;Physonectae;0;2.81205;
./datasets/English//english_14;Physonectae;0;2.81205;
./datasets/English//english_15;Physonectae;0;2.81205;
./datasets/English//english_16;Physonectae;0;2.81205;
./datasets/English//english_17;Physonectae;0;2.81205;
./datasets/English//english_18;Physonectae;0;2.81205;
./datasets/English//english_19;Physonectae;0;2.81205;
./datasets/English//english_20;Physonectae;0;2.81205;
./datasets/English//english_21;Physonectae;0;2.81205;
./datasets/English//english_22;Physonectae;0;2.81205;
./datasets/English//english_23;Physonectae;0;2.81205;
./datasets/English//english_24;Physonectae;0;2.81205;
./datasets/English//english_25;Physonectae;0;2.81205;
./datasets/English//english_26;Physonectae;0;2.81205;
./datasets/English//english_27;Physonectae;0;2.81205;
./datasets/English//english_28;Physonectae;0;2.81205;
./datasets/English//english_29;Physonectae;0;2.81205;
./datasets/English//english_30;Physonectae;0;2.81205;
./datasets/English//english_31;Physonectae;0;2.81205;
./datasets/English//english_32;Physonectae;0;2.81205;
./datasets/English//english_33;Physonectae;0;2.81205;
./datasets/English//english_34;Physonectae;0;2.81205;
./datasets/English//english_35;Physonectae;0;2.81205;
./datasets/English//english_36;Physonectae;0;2.81205;
./datasets/English//english_37;Physonectae;0;2.81205;
./datasets/English//english_38;Physonectae;0;2.81205;
./datasets/English//english_39;Physonectae;0;2.81205;
./datasets/English//english_00;bumpingly;0;2.72926;
./datasets/English//english_01;bumpingly;0;2.72926;
./datasets/English//english_02;bumpingly;0;2.72926;
./datasets/English//english_03;bumpingly;0;2.72926;
./datasets/English//english_04;bumpingly;0;2.72926;
./datasets/English//english_05;bumpingly;0;2.72926;
./datasets/English//english_06;bumpingly;0;2.72926;
./datasets/English//english_07;bumpingly;0;2.72926;
./datasets/English//english_08;bumpingly;0;2.72926;
./datasets/English//english_09;bumpingly;0;2.72926;
./datasets/English//english_10;bumpingly;0;2.72926;
./datasets/English//english_11;bumpingly;0;2.72926;
./datasets/English//english_12;bumpingly;0;2.72926;
./datasets/English//english_13;bumpingly;0;2.72926;
./datasets/English//english_14;bumpingly;0;2.72926;
./datasets/English//english_15;bumpingly;0;2.72926;
./datasets/English//english_16;bumpingly;0;2.72926;
./datasets/English//english_17;bumpingly;0;2.72926;
./datasets/English//english_18;bumpingly;0;2.72926;
./datasets/English//english_19;bumpingly;0;2.72926;
./datasets/English//english_20;bumpingly;0;2.72926;
./datasets/English//english_21;bumpingly;0;2.72926;
./datasets/English//english_22;bumpingly;0;2.72926;
./datasets/English//english_23;bumpingly;0;2.72926;
./datasets/English//english_24;bumpingly;0;2.72926;
./datasets/English//english_25;bumpingly;0;2.72926;
./datasets/English//english_26;bumpingly;0;2.72926;
./datasets/English//english_27;bumpingly;0;2.72926;
./datasets/English//english_28;bumpingly;0;2.72926;
./datasets/English//english_29;bumpingly;0;2.72926;
./datasets/English//english_30;bumpingly;0;2.72926;
./datasets/English//english_31;bumpingly;0;2.72926;
./datasets/English//english_32;bumpingly;0;2.72926;
./datasets/English//english_33;bumpingly;0;2.72926;
./datasets/English//english_34;bumpingly;0;2.72926;
./datasets/English//english_35;bumpingly;0;2.72926;
./datasets/English//english_36;bumpingly;0;2.72926;
./datasets/English//english_37;bumpingly;0;2.72926;
./datasets/English//english_38;bumpingly;0;2.72926;
./datasets/English//english_39;bumpingly;0;2.72926;
./datasets/English//english_00;hateful;5;2.91677;
./datasets/English//english_01;hateful;9;2.91677;
./datasets/English//english_02;hateful;4;2.91677;
./datasets/English//english_03;hateful;1;2.91677;
./datasets/English//english_04;hateful;3;2.91677;
./datasets/English//english_05;hateful;8;2.91677;
./datasets/English//english_06;hateful;5;2.91677;
./datasets/English//english_07;hateful;2;2.91677;
./datasets/English//english_08;hateful;4;2.91677;
./datasets/English//english_09;hateful;14;2.91677;
./datasets/English//english_10;hateful;5;2.91677;
./datasets/English//english_11;hateful;7;2.91677;
./datasets/English//english_12;hateful;10;2.91677;
./datasets/English//english_13;hateful;20;2.91677;
./datasets/English//english_14;hateful;6;2.91677;
./datasets/English//english_15;hateful;3;2.91677;
./datasets/English//english_16;hateful;4;2.91677;
./datasets/English//english_17;hateful;8;2.91677;
./datasets/English//english_18;hateful;9;2.91677;
./datasets/English//english_19;hateful;4;2.91677;
./datasets/English//english_20;hateful;4;2.91677;
./datasets/English//english_21;hateful;2;2.91677;
./datasets/English//english_22;hateful;9;2.91677;
./datasets/English//english_23;hateful;4;2.91677;
./datasets/English//english_24;hateful;11;2.91677;
./datasets/English//english_25;hateful;11;2.91677;
./datasets/English//english_26;hateful;15;2.91677;
./datasets/English//english_27;hateful;7;2.91677;
./datasets/English//english_28;hateful;5;2.91677;
./datasets/English//english_29;hateful;8;2.91677;
./datasets/English//english_30;hateful;1;2.91677;
./datasets/English//english_31;hateful;5;2.91677;
./datasets/English//english_32;hateful;3;2.91677;
./datasets/English//english_33;hateful;1;2.91677;
./datasets/English//english_34;hateful;6;2.91677;
./datasets/English//english_35;hateful;3;2.91677;
./datasets/English//english_36;hateful;1;2.91677;
./datasets/English//english_37;hateful;14;2.91677;
./datasets/English//english_38;hateful;6;2.91677;
./datasets/English//english_39;hateful;8;2.91677;
./datasets/English//english_00;endogenous;0;2.90996;
./datasets/English//english_01;endogenous;0;2.90996;
./datasets/English//english_02;endogenous;0;2.90996;
./datasets/English//english_03;endogenous;0;2.90996;
./datasets/English//english_04;endogenous;0;2.90996;
./datasets/English//english_05;endogenous;0;2.90996;
./datasets/English//english_06;endogenous;0;2.90996;
./datasets/English//english_07;endogenous;0;2.90996;
./datasets/English//english_08;endogenous;0;2.90996;
./datasets/English//english_09;endogenous;0;2.90996;
./datasets/English//english_10;endogenous;0;2.90996;
./datasets/English//english_11;endogenous;0;2.90996;
./datasets/English//english_12;endogenous;0;2.90996;
./datasets/English//english_13;endogenous;0;2.90996;
./datasets/English//english_14;endogenous;0;2.90996;
./datasets/English//english_15;endogenous;0;2.90996;
./datasets/English//english_16;endogenous;0;2.90996;
./datasets/English//english_17;endogenous;0;2.90996;
./datasets/English//english_18;endogenous;0;2.90996;
./datasets/English//english_19;endogenous;0;2.90996;
./datasets/English//english_20;endogenous;0;2.90996;
./datasets/English//english_21;endogenous;0;2.90996;
./datasets/English//english_22;endogenous;0;2.90996;
./datasets/English//english_23;endogenous;0;2.90996;
./datasets/English//english_24;endogenous;1;2.90996;
./datasets/English//english_25;endogenous;0;2.90996;
./datasets/English//english_26;endogenous;0;2.90996;
./datasets/English//english_27;endogenous;0;2.90996;
./datasets/English//english_28;endogenous;0;2.90996;
./datasets/English//english_29;endogenous;0;2.90996;
./datasets/English//english_30;endogenous;0;2.90996;
./datasets/English//english_31;endogenous;0;2.90996;
./datasets/English//english_32;endogenous;0;2.90996;
./datasets/English//english_33;endogenous;0;2.90996;
./datasets/English//english_34;endogenous;0;2.90996;
./datasets/English//english_35;endogenous;0;2.90996;
./datasets/English//english_36;endogenous;0;2.90996;
./datasets/English//english_37;endogenous;0;2.90996;
./datasets/English//english_38;endogenous;0;2.90996;
./datasets/English//english_39;endogenous;0;2.90996;
./datasets/English//english_00;facticide;0;2.80204;
./datasets/English//english_01;facticide;0;2.80204;
./datasets/English//english_02;facticide;0;2.80204;
./datasets/English//english_03;facticide;0;2.80204;
./datasets/English//english_04;facticide;0;2.80204;
./datasets/English//english_05;facticide;0;2.80204;
./datasets/English//english_06;facticide;0;2.80204;
./datasets/English//english_07;facticide;0;2.80204;
./datasets/English//english_08;facticide;0;2.80204;
./datasets/English//english_09;facticide;0;2.80204;
./datasets/English//english_10;facticide;0;2.80204;
./datasets/English//english_11;facticide;0;2.80204;
./datasets/English//english_12;facticide;0;2.80204;
./datasets/English//english_13;facticide;0;2.80204;
./datasets/English//english_14;facticide;0;2.80204;
./datasets/English//english_15;facticide;0;2.80204;
./datasets/English//english_16;facticide;0;2.80204;
./datasets/English//english_17;facticide;0;2.80204;
./datasets/English//english_18;facticide;0;2.80204;
./datasets/English//english_19;facticide;0;2.80204;
./datasets/English//english_20;facticide;0;2.80204;
./datasets/English//english_21;facticide;0;2.80204;
./datasets/English//english_22;facticide;0;2.80204;
./datasets/English//english_23;facticide;0;2.80204;
./datasets/English//english_24;facticide;0;2.80204;
./datasets/English//english_25;facticide;0;2.80204;
./datasets/English//english_26;facticide;0;2.80204;
./datasets/English//english_27;facticide;0;2.80204;
./datasets/English//english_28;facticide;0;2.80204;
./datasets/English//english_29;facticide;0;2.80204;
./datasets/English//english_30;facticide;0;2.80204;
./datasets/English//english_31;facticide;0;2.80204;
./datasets/English//english_32;facticide;0;2.80204;
./datasets/English//english_33;facticide;0;2.80204;
./datasets/English//english_34;facticide;0;2.80204;
./datasets/English//english_35;facticide;0;2.80204;
./datasets/English//english_36;facticide;0;2.80204;
./datasets/English//english_37;facticide;0;2.80204;
./datasets/English//english_38;facticide;0;2.80204;
./datasets/English//english_39;facticide;0;2.80204;
./datasets/English//english_00;velours;0;2.95615;
./datasets/English//english_01;velours;0;2.95615;
./datasets/English//english_02;velours;0;2.95615;
./datasets/English//english_03;velours;0;2.95615;
./datasets/English//english_04;velours;0;2.95615;
./datasets/English//english_05;velours;0;2.95615;
./datasets/English//english_06;velours;0;2.95615;
./datasets/English//english_07;velours;0;2.95615;
./datasets/English//english_08;velours;0;2.95615;
./datasets/English//english_09;velours;2;2.95615;
./datasets/English//english_10;velours;0;2.95615;
./datasets/English//english_11;velours;0;2.95615;
./datasets/English//english_12;velours;0;2.95615;
./datasets/English//english_13;velours;0;2.95615;
./datasets/English//english_14;velours;0;2.95615;
./datasets/English//english_15;velours;0;2.95615;
./datasets/English//english_16;velours;0;2.95615;
./datasets/English//english_17;velours;0;2.95615;
./datasets/English//english_18;velours;0;2.95615;
./datasets/English//english_19;velours;0;2.95615;
./datasets/English//english_20;velours;0;2.95615;
./datasets/English//english_21;velours;0;2.95615;
./datasets/English//english_22;velours;0;2.95615;
./datasets/English//english_23;velours;0;2.95615;
./datasets/English//english_24;velours;0;2.95615;
./datasets/English//english_25;velours;0;2.95615;
./datasets/English//english_26;velours;0;2.95615;
./datasets/English//english_27;velours;0;2.95615;
./datasets/English//english_28;velours;0;2.95615;
./datasets/English//english_29;velours;0;2.95615;
./datasets/English//english_30;velours;0;2.95615;
./datasets/English//english_31;velours;0;2.95615;
./datasets/English//english_32;velours;0;2.95615;
./datasets/English//english_33;velours;0;2.95615;
./datasets/English//english_34;velours;0;2.95615;
./datasets/English//english_35;velours;0;2.95615;
./datasets/English//english_36;velours;0;2.95615;
./datasets/English//english_37;velours;0;2.95615;
./datasets/English//english_38;velours;0;2.95615;
./datasets/English//english_39;velours;0;2.95615;
./datasets/English//english_00;carmoisin;0;2.79289;
./datasets/English//english_01;carmoisin;0;2.79289;
./datasets/English//english_02;carmoisin;0;2.79289;
./datasets/English//english_03;carmoisin;0;2.79289;
./datasets/English//english_04;carmoisin;0;2.79289;
./datasets/English//english_05;carmoisin;0;2.79289;
./datasets/English//english_06;carmoisin;0;2.79289;
./datasets/English//english_07;carmoisin;0;2.79289;
./datasets/English//english_08;carmoisin;0;2.79289;
./datasets/English//english_09;carmoisin;0;2.79289;
./datasets/English//english_10;carmoisin;0;2.79289;
./datasets/English//english_11;carmoisin;0;2.79289;
./datasets/English//english_12;carmoisin;0;2.79289;
./datasets/English//english_13;carmoisin;0;2.79289;
./datasets/English//english_14;carmoisin;0;2.79289;
./datasets/English//english_15;carmoisin;0;2.79289;
./datasets/English//english_16;carmoisin;0;2.79289;
./datasets/English//english_17;carmoisin;0;2.79289;
./datasets/English//english_18;carmoisin;0;2.79289;
./datasets/English//english_19;carmoisin;0;2.79289;
./datasets/English//english_20;carmoisin;0;2.79289;
./datasets/English//english_21;carmoisin;0;2.79289;
./datasets/English//english_22;carmoisin;0;2.79289;
./datasets/English//english_23;carmoisin;0;2.79289;
./datasets/English//english_24;carmoisin;0;2.79289;
./datasets/English//english_25;carmoisin;0;2.79289;
./datasets/English//english_26;carmoisin;0;2.79289;
./datasets/English//english_27;carmoisin;0;2.79289;
./datasets/English//english_28;carmoisin;0;2.79289;
./datasets/English//english_29;carmoisin;0;2.79289;
./datasets/English//english_30;carmoisin;0;2.79289;
./datasets/English//english_31;carmoisin;0;2.79289;
./datasets/English//english_32;carmoisin;0;2.79289;
./datasets/English//english_33;carmoisin;0;2.79289;
./datasets/English//english_34;carmoisin;0;2.79289;
./datasets/English//english_35;carmoisin;0;2.79289;
./datasets/English//english_36;carmoisin;0;2.79289;
./datasets/English//english_37;carmoisin;0;2.79289;
./datasets/English//english_38;carmoisin;0;2.79289;
./datasets/English//english_39;carmoisin;0;2.79289;
./datasets/English//english_00;reaccomplish;0;2.651;
./datasets/English//english_01;reaccomplish;0;2.651;
./datasets/English//english_02;reaccomplish;0;2.651;
./datasets/English//english_03;reaccomplish;0;2.651;
./datasets/English//english_04;reaccomplish;0;2.651;
./datasets/English//english_05;reaccomplish;0;2.651;
./datasets/English//english_06;reaccomplish;0;2.651;
./datasets/English//english_07;reaccomplish;0;2.651;
./datasets/English//english_08;reaccomplish;0;2.651;
./datasets/English//english_09;reaccomplish;0;2.651;
./datasets/English//english_10;reaccomplish;0;2.651;
./datasets/English//english_11;reaccomplish;0;2.651;
./datasets/English//english_12;reaccomplish;0;2.651;
./datasets/English//english_13;reaccomplish;0;2.651;
./datasets/English//english_14;reaccomplish;0;2.651;
./datasets/English//english_15;reaccomplish;0;2.651;
./datasets/English//english_16;reaccomplish;0;2.651;
./datasets/English//english_17;reaccomplish;0;2.651;
./datasets/English//english_18;reaccomplish;0;2.651;
./datasets/English//english_19;reaccomplish;0;2.651;
./datasets/English//english_20;reaccomplish;0;2.651;
./datasets/English//english_21;reaccomplish;0;2.651;
./datasets/English//english_22;reaccomplish;0;2.651;
./datasets/English//english_23;reaccomplish;0;2.651;
./datasets/English//english_24;reaccomplish;0;2.651;
./datasets/English//english_25;reaccomplish;0;2.651;
./datasets/English//english_26;reaccomplish;0;2.651;
./datasets/English//english_27;reaccomplish;0;2.651;
./datasets/English//english_28;reaccomplish;0;2.651;
./datasets/English//english_29;reaccomplish;0;2.651;
./datasets/English//english_30;reaccomplish;0;2.651;
./datasets/English//english_31;reaccomplish;0;2.651;
./datasets/English//english_32;reaccomplish;0;2.651;
./datasets/English//english_33;reaccomplish;0;2.651;
./datasets/English//english_34;reaccomplish;0;2.651;
./datasets/English//english_35;reaccomplish;0;2.651;
./datasets/English//english_36;reaccomplish;0;2.651;
./datasets/English//english_37;reaccomplish;0;2.651;
./datasets/English//english_38;reaccomplish;0;2.651;
./datasets/English//english_39;reaccomplish;0;2.651;
./datasets/English//english_00;protistic;0;2.74701;
./datasets/English//english_01;protistic;0;2.74701;
./datasets/English//english_02;protistic;0;2.74701;
./datasets/English//english_03;protistic;0;2.74701;
./datasets/English//english_04;protistic;0;2.74701;
./datasets/English//english_05;protistic;0;2.74701;
./datasets/English//english_06;protistic;0;2.74701;
./datasets/English//english_07;protistic;0;2.74701;
./datasets/English//english_08;protistic;0;2.74701;
./datasets/English//english_09;protistic;0;2.74701;
./datasets/English//english_10;protistic;0;2.74701;
./datasets/English//english_11;protistic;0;2.74701;
./datasets/English//english_12;protistic;0;2.74701;
./datasets/English//english_13;protistic;0;2.74701;
./datasets/English//english_14;protistic;0;2.74701;
./datasets/English//english_15;protistic;0;2.74701;
./datasets/English//english_16;protistic;0;2.74701;
./datasets/English//english_17;protistic;0;2.74701;
./datasets/English//english_18;protistic;0;2.74701;
./datasets/English//english_19;protistic;0;2.74701;
./datasets/English//english_20;protistic;0;2.74701;
./datasets/English//english_21;protistic;0;2.74701;
./datasets/English//english_22;protistic;0;2.74701;
./datasets/English//english_23;protistic;0;2.74701;
./datasets/English//english_24;protistic;0;2.74701;
./datasets/English//english_25;protistic;0;2.74701;
./datasets/English//english_26;protistic;0;2.74701;
./datasets/English//english_27;protistic;0;2.74701;
./datasets/English//english_28;protistic;0;2.74701;
./datasets/English//english_29;protistic;0;2.74701;
./datasets/English//english_30;protistic;0;2.74701;
./datasets/English//english_31;protistic;0;2.74701;
./datasets/English//english_32;protistic;0;2.74701;
./datasets/English//english_33;protistic;0;2.74701;
./datasets/English//english_34;protistic;0;2.74701;
./datasets/English//english_35;protistic;0;2.74701;
./datasets/English//english_36;protistic;0;2.74701;
./datasets/English//english_37;protistic;0;2.74701;
./datasets/English//english_38;protistic;0;2.74701;
./datasets/English//english_39;protistic;0;2.74701;
./datasets/English//english_00;recuperance;0;2.68636;
./datasets/English//english_01;recuperance;0;2.68636;
./datasets/English//english_02;recuperance;0;2.68636;
./datasets/English//english_03;recuperance;0;2.68636;
./datasets/English//english_04;recuperance;0;2.68636;
./datasets/English//english_05;recuperance;0;2.68636;
./datasets/English//english_06;recuperance;0;2.68636;
./datasets/English//english_07;recuperance;0;2.68636;
./datasets/English//english_08;recuperance;0;2.68636;
./datasets/English//english_09;recuperance;0;2.68636;
./datasets/English//english_10;recuperance;0;2.68636;
./datasets/English//english_11;recuperance;0;2.68636;
./datasets/English//english_12;recuperance;0;2.68636;
./datasets/English//english_13;recuperance;0;2.68636;
./datasets/English//english_14;recuperance;0;2.68636;
./datasets/English//english_15;recuperance;0;2.68636;
./datasets/English//english_16;recuperance;0;2.68636;
./datasets/English//english_17;recuperance;0;2.68636;
./datasets/English//english_18;recuperance;0;2.68636;
./datasets/English//english_19;recuperance;0;2.68636;
./datasets/English//english_20;recuperance;0;2.68636;
./datasets/English//english_21;recuperance;0;2.68636;
./datasets/English//english_22;recuperance;0;2.68636;
./datasets/English//english_23;recuperance;0;2.68636;
./datasets/English//english_24;recuperance;0;2.68636;
./datasets/English//english_25;recuperance;0;2.68636;
./datasets/English//english_26;recuperance;0;2.68636;
./datasets/English//english_27;recuperance;0;2.68636;
./datasets/English//english_28;recuperance;0;2.68636;
./datasets/English//english_29;recuperance;0;2.68636;
./datasets/English//english_30;recuperance;0;2.68636;
./datasets/English//english_31;recuperance;0;2.68636;
./datasets/English//english_32;recuperance;0;2.68636;
./datasets/English//english_33;recuperance;0;2.68636;
./datasets/English//english_34;recuperance;0;2.68636;
./datasets/English//english_35;recuperance;0;2.68636;
./datasets/English//english_36;recuperance;0;2.68636;
./datasets/English//english_37;recuperance;0;2.68636;
./datasets/English//english_38;recuperance;0;2.68636;
./datasets/English//english_39;recuperance;0;2.68636;
./datasets/English//english_00;tech;11;3.52966;
./datasets/English//english_01;tech;24;3.52966;
./datasets/English//english_02;tech;6;3.52966;
./datasets/English//english_03;tech;5;3.52966;
./datasets/English//english_04;tech;44;3.52966;
./datasets/English//english_05;tech;28;3.52966;
./datasets/English//english_06;tech;13;3.52966;
./datasets/English//english_07;tech;9;3.52966;
./datasets/English//english_08;tech;4;3.52966;
./datasets/English//english_09;tech;6;3.52966;
./datasets/English//english_10;tech;23;3.52966;
./datasets/English//english_11;tech;20;3.52966;
./datasets/English//english_12;tech;19;3.52966;
./datasets/English//english_13;tech;12;3.52966;
./datasets/English//english_14;tech;411;3.52966;
./datasets/English//english_15;tech;4;3.52966;
./datasets/English//english_16;tech;11;3.52966;
./datasets/English//english_17;tech;49;3.52966;
./datasets/English//english_18;tech;13;3.52966;
./datasets/English//english_19;tech;30;3.52966;
./datasets/English//english_20;tech;34;3.52966;
./datasets/English//english_21;tech;11;3.52966;
./datasets/English//english_22;tech;13;3.52966;
./datasets/English//english_23;tech;11;3.52966;
./datasets/English//english_24;tech;13;3.52966;
./datasets/English//english_25;tech;13;3.52966;
./datasets/English//english_26;tech;25;3.52966;
./datasets/English//english_27;tech;17;3.52966;
./datasets/English//english_28;tech;6;3.52966;
./datasets/English//english_29;tech;9;3.52966;
./datasets/English//english_30;tech;22;3.52966;
./datasets/English//english_31;tech;23;3.52966;
./datasets/English//english_32;tech;32;3.52966;
./datasets/English//english_33;tech;14;3.52966;
./datasets/English//english_34;tech;24;3.52966;
./datasets/English//english_35;tech;15;3.52966;
./datasets/English//english_36;tech;34;3.52966;
./datasets/English//english_37;tech;19;3.52966;
./datasets/English//english_38;tech;16;3.52966;
./datasets/English//english_39;tech;11;3.52966;
./datasets/English//english_00;withywind;0;2.78148;
./datasets/English//english_01;withywind;0;2.78148;
./datasets/English//english_02;withywind;0;2.78148;
./datasets/English//english_03;withywind;0;2.78148;
./datasets/English//english_04;withywind;0;2.78148;
./datasets/English//english_05;withywind;0;2.78148;
./datasets/English//english_06;withywind;0;2.78148;
./datasets/English//english_07;withywind;0;2.78148;
./datasets/English//english_08;withywind;0;2.78148;
./datasets/English//english_09;withywind;0;2.78148;
./datasets/English//english_10;withywind;0;2.78148;
./datasets/English//english_11;withywind;0;2.78148;
./datasets/English//english_12;withywind;0;2.78148;
./datasets/English//english_13;withywind;0;2.78148;
./datasets/English//english_14;withywind;0;2.78148;
./datasets/English//english_15;withywind;0;2.78148;
./datasets/English//english_16;withywind;0;2.78148;
./datasets/English//english_17;withywind;0;2.78148;
./datasets/English//english_18;withywind;0;2.78148;
./datasets/English//english_19;withywind;0;2.78148;
./datasets/English//english_20;withywind;0;2.78148;
./datasets/English//english_21;withywind;0;2.78148;
./datasets/English//english_22;withywind;0;2.78148;
./datasets/English//english_23;withywind;0;2.78148;
./datasets/English//english_24;withywind;0;2.78148;
./datasets/English//english_25;withywind;0;2.78148;
./datasets/English//english_26;withywind;0;2.78148;
./datasets/English//english_27;withywind;0;2.78148;
./datasets/English//english_28;withywind;0;2.78148;
./datasets/English//english_29;withywind;0;2.78148;
./datasets/English//english_30;withywind;0;2.78148;
./datasets/English//english_31;withywind;0;2.78148;
./datasets/English//english_32;withywind;0;2.78148;
./datasets/English//english_33;withywind;0;2.78148;
./datasets/English//english_34;withywind;0;2.78148;
./datasets/English//english_35;withywind;0;2.78148;
./datasets/English//english_36;withywind;0;2.78148;
./datasets/English//english_37;withywind;0;2.78148;
./datasets/English//english_38;withywind;0;2.78148;
./datasets/English//english_39;withywind;0;2.78148;
./datasets/English//english_00;Galen;2;3.21172;
./datasets/English//english_01;Galen;2;3.21172;
./datasets/English//english_02;Galen;2;3.21172;
./datasets/English//english_03;Galen;0;3.21172;
./datasets/English//english_04;Galen;4;3.21172;
./datasets/English//english_05;Galen;1;3.21172;
./datasets/English//english_06;Galen;2;3.21172;
./datasets/English//english_07;Galen;0;3.21172;
./datasets/English//english_08;Galen;6;3.21172;
./datasets/English//english_09;Galen;0;3.21172;
./datasets/English//english_10;Galen;0;3.21172;
./datasets/English//english_11;Galen;0;3.21172;
./datasets/English//english_12;Galen;0;3.21172;
./datasets/English//english_13;Galen;0;3.21172;
./datasets/English//english_14;Galen;0;3.21172;
./datasets/English//english_15;Galen;0;3.21172;
./datasets/English//english_16;Galen;0;3.21172;
./datasets/English//english_17;Galen;0;3.21172;
./datasets/English//english_18;Galen;0;3.21172;
./datasets/English//english_19;Galen;0;3.21172;
./datasets/English//english_20;Galen;0;3.21172;
./datasets/English//english_21;Galen;4;3.21172;
./datasets/English//english_22;Galen;0;3.21172;
./datasets/English//english_23;Galen;0;3.21172;
./datasets/English//english_24;Galen;0;3.21172;
./datasets/English//english_25;Galen;0;3.21172;
./datasets/English//english_26;Galen;0;3.21172;
./datasets/English//english_27;Galen;1;3.21172;
./datasets/English//english_28;Galen;0;3.21172;
./datasets/English//english_29;Galen;0;3.21172;
./datasets/English//english_30;Galen;0;3.21172;
./datasets/English//english_31;Galen;1;3.21172;
./datasets/English//english_32;Galen;7;3.21172;
./datasets/English//english_33;Galen;11;3.21172;
./datasets/English//english_34;Galen;1;3.21172;
./datasets/English//english_35;Galen;7;3.21172;
./datasets/English//english_36;Galen;11;3.21172;
./datasets/English//english_37;Galen;0;3.21172;
./datasets/English//english_38;Galen;2;3.21172;
./datasets/English//english_39;Galen;0;3.21172;
./datasets/English//english_00;Slavistic;0;2.74718;
./datasets/English//english_01;Slavistic;0;2.74718;
./datasets/English//english_02;Slavistic;0;2.74718;
./datasets/English//english_03;Slavistic;0;2.74718;
./datasets/English//english_04;Slavistic;0;2.74718;
./datasets/English//english_05;Slavistic;0;2.74718;
./datasets/English//english_06;Slavistic;0;2.74718;
./datasets/English//english_07;Slavistic;0;2.74718;
./datasets/English//english_08;Slavistic;0;2.74718;
./datasets/English//english_09;Slavistic;0;2.74718;
./datasets/English//english_10;Slavistic;0;2.74718;
./datasets/English//english_11;Slavistic;0;2.74718;
./datasets/English//english_12;Slavistic;0;2.74718;
./datasets/English//english_13;Slavistic;0;2.74718;
./datasets/English//english_14;Slavistic;0;2.74718;
./datasets/English//english_15;Slavistic;0;2.74718;
./datasets/English//english_16;Slavistic;0;2.74718;
./datasets/English//english_17;Slavistic;0;2.74718;
./datasets/English//english_18;Slavistic;0;2.74718;
./datasets/English//english_19;Slavistic;0;2.74718;
./datasets/English//english_20;Slavistic;0;2.74718;
./datasets/English//english_21;Slavistic;0;2.74718;
./datasets/English//english_22;Slavistic;0;2.74718;
./datasets/English//english_23;Slavistic;0;2.74718;
./datasets/English//english_24;Slavistic;0;2.74718;
./datasets/English//english_25;Slavistic;0;2.74718;
./datasets/English//english_26;Slavistic;0;2.74718;
./datasets/English//english_27;Slavistic;0;2.74718;
./datasets/English//english_28;Slavistic;0;2.74718;
./datasets/English//english_29;Slavistic;0;2.74718;
./datasets/English//english_30;Slavistic;0;2.74718;
./datasets/English//english_31;Slavistic;0;2.74718;
./datasets/English//english_32;Slavistic;0;2.74718;
./datasets/English//english_33;Slavistic;0;2.74718;
./datasets/English//english_34;Slavistic;0;2.74718;
./datasets/English//english_35;Slavistic;0;2.74718;
./datasets/English//english_36;Slavistic;0;2.74718;
./datasets/English//english_37;Slavistic;0;2.74718;
./datasets/English//english_38;Slavistic;0;2.74718;
./datasets/English//english_39;Slavistic;0;2.74718;
./datasets/English//english_00;escropulo;0;2.7396;
./datasets/English//english_01;escropulo;0;2.7396;
./datasets/English//english_02;escropulo;0;2.7396;
./datasets/English//english_03;escropulo;0;2.7396;
./datasets/English//english_04;escropulo;0;2.7396;
./datasets/English//english_05;escropulo;0;2.7396;
./datasets/English//english_06;escropulo;0;2.7396;
./datasets/English//english_07;escropulo;0;2.7396;
./datasets/English//english_08;escropulo;0;2.7396;
./datasets/English//english_09;escropulo;0;2.7396;
./datasets/English//english_10;escropulo;0;2.7396;
./datasets/English//english_11;escropulo;0;2.7396;
./datasets/English//english_12;escropulo;0;2.7396;
./datasets/English//english_13;escropulo;0;2.7396;
./datasets/English//english_14;escropulo;0;2.7396;
./datasets/English//english_15;escropulo;0;2.7396;
./datasets/English//english_16;escropulo;0;2.7396;
./datasets/English//english_17;escropulo;0;2.7396;
./datasets/English//english_18;escropulo;0;2.7396;
./datasets/English//english_19;escropulo;0;2.7396;
./datasets/English//english_20;escropulo;0;2.7396;
./datasets/English//english_21;escropulo;0;2.7396;
./datasets/English//english_22;escropulo;0;2.7396;
./datasets/English//english_23;escropulo;0;2.7396;
./datasets/English//english_24;escropulo;0;2.7396;
./datasets/English//english_25;escropulo;0;2.7396;
./datasets/English//english_26;escropulo;0;2.7396;
./datasets/English//english_27;escropulo;0;2.7396;
./datasets/English//english_28;escropulo;0;2.7396;
./datasets/English//english_29;escropulo;0;2.7396;
./datasets/English//english_30;escropulo;0;2.7396;
./datasets/English//english_31;escropulo;0;2.7396;
./datasets/English//english_32;escropulo;0;2.7396;
./datasets/English//english_33;escropulo;0;2.7396;
./datasets/English//english_34;escropulo;0;2.7396;
./datasets/English//english_35;escropulo;0;2.7396;
./datasets/English//english_36;escropulo;0;2.7396;
./datasets/English//english_37;escropulo;0;2.7396;
./datasets/English//english_38;escropulo;0;2.7396;
./datasets/English//english_39;escropulo;0;2.7396;
