./datasets/80Archivos/dna_00;resink;0;2.74124;
./datasets/80Archivos/dna_02;resink;0;2.74124;
./datasets/80Archivos/dna_05;resink;0;2.74124;
./datasets/80Archivos/dna_08;resink;0;2.74124;
./datasets/80Archivos/dna_12;resink;0;2.74124;
./datasets/80Archivos/dna_16;resink;0;2.74124;
./datasets/80Archivos/dna_18;resink;0;2.74124;
./datasets/80Archivos/dna_20;resink;0;2.74124;
./datasets/80Archivos/dna_22;resink;0;2.74124;
./datasets/80Archivos/dna_23;resink;0;2.74124;
./datasets/80Archivos/dna_24;resink;0;2.74124;
./datasets/80Archivos/dna_26;resink;0;2.74124;
./datasets/80Archivos/dna_28;resink;0;2.74124;
./datasets/80Archivos/dna_29;resink;0;2.74124;
./datasets/80Archivos/dna_31;resink;0;2.74124;
./datasets/80Archivos/dna_34;resink;0;2.74124;
./datasets/80Archivos/dna_36;resink;0;2.74124;
./datasets/80Archivos/dna_37;resink;0;2.74124;
./datasets/80Archivos/dna_38;resink;0;2.74124;
./datasets/80Archivos/dna_39;resink;0;2.74124;
./datasets/80Archivos/english_01;resink;1;2.74124;
./datasets/80Archivos/english_03;resink;0;2.74124;
./datasets/80Archivos/english_06;resink;0;2.74124;
./datasets/80Archivos/english_08;resink;0;2.74124;
./datasets/80Archivos/english_09;resink;0;2.74124;
./datasets/80Archivos/english_12;resink;0;2.74124;
./datasets/80Archivos/english_14;resink;0;2.74124;
./datasets/80Archivos/english_18;resink;0;2.74124;
./datasets/80Archivos/english_19;resink;0;2.74124;
./datasets/80Archivos/english_20;resink;0;2.74124;
./datasets/80Archivos/english_22;resink;0;2.74124;
./datasets/80Archivos/english_23;resink;0;2.74124;
./datasets/80Archivos/english_26;resink;0;2.74124;
./datasets/80Archivos/english_27;resink;0;2.74124;
./datasets/80Archivos/english_29;resink;0;2.74124;
./datasets/80Archivos/english_30;resink;0;2.74124;
./datasets/80Archivos/english_31;resink;0;2.74124;
./datasets/80Archivos/english_34;resink;0;2.74124;
./datasets/80Archivos/english_36;resink;0;2.74124;
./datasets/80Archivos/english_39;resink;0;2.74124;
./datasets/80Archivos/dna_00;transversomedial;0;2.68956;
./datasets/80Archivos/dna_02;transversomedial;0;2.68956;
./datasets/80Archivos/dna_05;transversomedial;0;2.68956;
./datasets/80Archivos/dna_08;transversomedial;0;2.68956;
./datasets/80Archivos/dna_12;transversomedial;0;2.68956;
./datasets/80Archivos/dna_16;transversomedial;0;2.68956;
./datasets/80Archivos/dna_18;transversomedial;0;2.68956;
./datasets/80Archivos/dna_20;transversomedial;0;2.68956;
./datasets/80Archivos/dna_22;transversomedial;0;2.68956;
./datasets/80Archivos/dna_23;transversomedial;0;2.68956;
./datasets/80Archivos/dna_24;transversomedial;0;2.68956;
./datasets/80Archivos/dna_26;transversomedial;0;2.68956;
./datasets/80Archivos/dna_28;transversomedial;0;2.68956;
./datasets/80Archivos/dna_29;transversomedial;0;2.68956;
./datasets/80Archivos/dna_31;transversomedial;0;2.68956;
./datasets/80Archivos/dna_34;transversomedial;0;2.68956;
./datasets/80Archivos/dna_36;transversomedial;0;2.68956;
./datasets/80Archivos/dna_37;transversomedial;0;2.68956;
./datasets/80Archivos/dna_38;transversomedial;0;2.68956;
./datasets/80Archivos/dna_39;transversomedial;0;2.68956;
./datasets/80Archivos/english_01;transversomedial;0;2.68956;
./datasets/80Archivos/english_03;transversomedial;0;2.68956;
./datasets/80Archivos/english_06;transversomedial;0;2.68956;
./datasets/80Archivos/english_08;transversomedial;0;2.68956;
./datasets/80Archivos/english_09;transversomedial;0;2.68956;
./datasets/80Archivos/english_12;transversomedial;0;2.68956;
./datasets/80Archivos/english_14;transversomedial;0;2.68956;
./datasets/80Archivos/english_18;transversomedial;0;2.68956;
./datasets/80Archivos/english_19;transversomedial;0;2.68956;
./datasets/80Archivos/english_20;transversomedial;0;2.68956;
./datasets/80Archivos/english_22;transversomedial;0;2.68956;
./datasets/80Archivos/english_23;transversomedial;0;2.68956;
./datasets/80Archivos/english_26;transversomedial;0;2.68956;
./datasets/80Archivos/english_27;transversomedial;0;2.68956;
./datasets/80Archivos/english_29;transversomedial;0;2.68956;
./datasets/80Archivos/english_30;transversomedial;0;2.68956;
./datasets/80Archivos/english_31;transversomedial;0;2.68956;
./datasets/80Archivos/english_34;transversomedial;0;2.68956;
./datasets/80Archivos/english_36;transversomedial;0;2.68956;
./datasets/80Archivos/english_39;transversomedial;0;2.68956;
./datasets/80Archivos/dna_00;pharyngopathy;0;2.7047;
./datasets/80Archivos/dna_02;pharyngopathy;0;2.7047;
./datasets/80Archivos/dna_05;pharyngopathy;0;2.7047;
./datasets/80Archivos/dna_08;pharyngopathy;0;2.7047;
./datasets/80Archivos/dna_12;pharyngopathy;0;2.7047;
./datasets/80Archivos/dna_16;pharyngopathy;0;2.7047;
./datasets/80Archivos/dna_18;pharyngopathy;0;2.7047;
./datasets/80Archivos/dna_20;pharyngopathy;0;2.7047;
./datasets/80Archivos/dna_22;pharyngopathy;0;2.7047;
./datasets/80Archivos/dna_23;pharyngopathy;0;2.7047;
./datasets/80Archivos/dna_24;pharyngopathy;0;2.7047;
./datasets/80Archivos/dna_26;pharyngopathy;0;2.7047;
./datasets/80Archivos/dna_28;pharyngopathy;0;2.7047;
./datasets/80Archivos/dna_29;pharyngopathy;0;2.7047;
./datasets/80Archivos/dna_31;pharyngopathy;0;2.7047;
./datasets/80Archivos/dna_34;pharyngopathy;0;2.7047;
./datasets/80Archivos/dna_36;pharyngopathy;0;2.7047;
./datasets/80Archivos/dna_37;pharyngopathy;0;2.7047;
./datasets/80Archivos/dna_38;pharyngopathy;0;2.7047;
./datasets/80Archivos/dna_39;pharyngopathy;0;2.7047;
./datasets/80Archivos/english_01;pharyngopathy;0;2.7047;
./datasets/80Archivos/english_03;pharyngopathy;0;2.7047;
./datasets/80Archivos/english_06;pharyngopathy;0;2.7047;
./datasets/80Archivos/english_08;pharyngopathy;0;2.7047;
./datasets/80Archivos/english_09;pharyngopathy;0;2.7047;
./datasets/80Archivos/english_12;pharyngopathy;0;2.7047;
./datasets/80Archivos/english_14;pharyngopathy;0;2.7047;
./datasets/80Archivos/english_18;pharyngopathy;0;2.7047;
./datasets/80Archivos/english_19;pharyngopathy;0;2.7047;
./datasets/80Archivos/english_20;pharyngopathy;0;2.7047;
./datasets/80Archivos/english_22;pharyngopathy;0;2.7047;
./datasets/80Archivos/english_23;pharyngopathy;0;2.7047;
./datasets/80Archivos/english_26;pharyngopathy;0;2.7047;
./datasets/80Archivos/english_27;pharyngopathy;0;2.7047;
./datasets/80Archivos/english_29;pharyngopathy;0;2.7047;
./datasets/80Archivos/english_30;pharyngopathy;0;2.7047;
./datasets/80Archivos/english_31;pharyngopathy;0;2.7047;
./datasets/80Archivos/english_34;pharyngopathy;0;2.7047;
./datasets/80Archivos/english_36;pharyngopathy;0;2.7047;
./datasets/80Archivos/english_39;pharyngopathy;0;2.7047;
./datasets/80Archivos/dna_00;postmineral;0;2.79534;
./datasets/80Archivos/dna_02;postmineral;0;2.79534;
./datasets/80Archivos/dna_05;postmineral;0;2.79534;
./datasets/80Archivos/dna_08;postmineral;0;2.79534;
./datasets/80Archivos/dna_12;postmineral;0;2.79534;
./datasets/80Archivos/dna_16;postmineral;0;2.79534;
./datasets/80Archivos/dna_18;postmineral;0;2.79534;
./datasets/80Archivos/dna_20;postmineral;0;2.79534;
./datasets/80Archivos/dna_22;postmineral;0;2.79534;
./datasets/80Archivos/dna_23;postmineral;0;2.79534;
./datasets/80Archivos/dna_24;postmineral;0;2.79534;
./datasets/80Archivos/dna_26;postmineral;0;2.79534;
./datasets/80Archivos/dna_28;postmineral;0;2.79534;
./datasets/80Archivos/dna_29;postmineral;0;2.79534;
./datasets/80Archivos/dna_31;postmineral;0;2.79534;
./datasets/80Archivos/dna_34;postmineral;0;2.79534;
./datasets/80Archivos/dna_36;postmineral;0;2.79534;
./datasets/80Archivos/dna_37;postmineral;0;2.79534;
./datasets/80Archivos/dna_38;postmineral;0;2.79534;
./datasets/80Archivos/dna_39;postmineral;0;2.79534;
./datasets/80Archivos/english_01;postmineral;0;2.79534;
./datasets/80Archivos/english_03;postmineral;0;2.79534;
./datasets/80Archivos/english_06;postmineral;0;2.79534;
./datasets/80Archivos/english_08;postmineral;0;2.79534;
./datasets/80Archivos/english_09;postmineral;0;2.79534;
./datasets/80Archivos/english_12;postmineral;0;2.79534;
./datasets/80Archivos/english_14;postmineral;0;2.79534;
./datasets/80Archivos/english_18;postmineral;0;2.79534;
./datasets/80Archivos/english_19;postmineral;0;2.79534;
./datasets/80Archivos/english_20;postmineral;0;2.79534;
./datasets/80Archivos/english_22;postmineral;0;2.79534;
./datasets/80Archivos/english_23;postmineral;0;2.79534;
./datasets/80Archivos/english_26;postmineral;0;2.79534;
./datasets/80Archivos/english_27;postmineral;0;2.79534;
./datasets/80Archivos/english_29;postmineral;0;2.79534;
./datasets/80Archivos/english_30;postmineral;0;2.79534;
./datasets/80Archivos/english_31;postmineral;0;2.79534;
./datasets/80Archivos/english_34;postmineral;0;2.79534;
./datasets/80Archivos/english_36;postmineral;0;2.79534;
./datasets/80Archivos/english_39;postmineral;0;2.79534;
./datasets/80Archivos/dna_00;myelosyphilis;0;2.68173;
./datasets/80Archivos/dna_02;myelosyphilis;0;2.68173;
./datasets/80Archivos/dna_05;myelosyphilis;0;2.68173;
./datasets/80Archivos/dna_08;myelosyphilis;0;2.68173;
./datasets/80Archivos/dna_12;myelosyphilis;0;2.68173;
./datasets/80Archivos/dna_16;myelosyphilis;0;2.68173;
./datasets/80Archivos/dna_18;myelosyphilis;0;2.68173;
./datasets/80Archivos/dna_20;myelosyphilis;0;2.68173;
./datasets/80Archivos/dna_22;myelosyphilis;0;2.68173;
./datasets/80Archivos/dna_23;myelosyphilis;0;2.68173;
./datasets/80Archivos/dna_24;myelosyphilis;0;2.68173;
./datasets/80Archivos/dna_26;myelosyphilis;0;2.68173;
./datasets/80Archivos/dna_28;myelosyphilis;0;2.68173;
./datasets/80Archivos/dna_29;myelosyphilis;0;2.68173;
./datasets/80Archivos/dna_31;myelosyphilis;0;2.68173;
./datasets/80Archivos/dna_34;myelosyphilis;0;2.68173;
./datasets/80Archivos/dna_36;myelosyphilis;0;2.68173;
./datasets/80Archivos/dna_37;myelosyphilis;0;2.68173;
./datasets/80Archivos/dna_38;myelosyphilis;0;2.68173;
./datasets/80Archivos/dna_39;myelosyphilis;0;2.68173;
./datasets/80Archivos/english_01;myelosyphilis;0;2.68173;
./datasets/80Archivos/english_03;myelosyphilis;0;2.68173;
./datasets/80Archivos/english_06;myelosyphilis;0;2.68173;
./datasets/80Archivos/english_08;myelosyphilis;0;2.68173;
./datasets/80Archivos/english_09;myelosyphilis;0;2.68173;
./datasets/80Archivos/english_12;myelosyphilis;0;2.68173;
./datasets/80Archivos/english_14;myelosyphilis;0;2.68173;
./datasets/80Archivos/english_18;myelosyphilis;0;2.68173;
./datasets/80Archivos/english_19;myelosyphilis;0;2.68173;
./datasets/80Archivos/english_20;myelosyphilis;0;2.68173;
./datasets/80Archivos/english_22;myelosyphilis;0;2.68173;
./datasets/80Archivos/english_23;myelosyphilis;0;2.68173;
./datasets/80Archivos/english_26;myelosyphilis;0;2.68173;
./datasets/80Archivos/english_27;myelosyphilis;0;2.68173;
./datasets/80Archivos/english_29;myelosyphilis;0;2.68173;
./datasets/80Archivos/english_30;myelosyphilis;0;2.68173;
./datasets/80Archivos/english_31;myelosyphilis;0;2.68173;
./datasets/80Archivos/english_34;myelosyphilis;0;2.68173;
./datasets/80Archivos/english_36;myelosyphilis;0;2.68173;
./datasets/80Archivos/english_39;myelosyphilis;0;2.68173;
./datasets/80Archivos/dna_00;silverer;0;2.95128;
./datasets/80Archivos/dna_02;silverer;0;2.95128;
./datasets/80Archivos/dna_05;silverer;0;2.95128;
./datasets/80Archivos/dna_08;silverer;0;2.95128;
./datasets/80Archivos/dna_12;silverer;0;2.95128;
./datasets/80Archivos/dna_16;silverer;0;2.95128;
./datasets/80Archivos/dna_18;silverer;0;2.95128;
./datasets/80Archivos/dna_20;silverer;0;2.95128;
./datasets/80Archivos/dna_22;silverer;0;2.95128;
./datasets/80Archivos/dna_23;silverer;0;2.95128;
./datasets/80Archivos/dna_24;silverer;0;2.95128;
./datasets/80Archivos/dna_26;silverer;0;2.95128;
./datasets/80Archivos/dna_28;silverer;0;2.95128;
./datasets/80Archivos/dna_29;silverer;0;2.95128;
./datasets/80Archivos/dna_31;silverer;0;2.95128;
./datasets/80Archivos/dna_34;silverer;0;2.95128;
./datasets/80Archivos/dna_36;silverer;0;2.95128;
./datasets/80Archivos/dna_37;silverer;0;2.95128;
./datasets/80Archivos/dna_38;silverer;0;2.95128;
./datasets/80Archivos/dna_39;silverer;0;2.95128;
./datasets/80Archivos/english_01;silverer;0;2.95128;
./datasets/80Archivos/english_03;silverer;0;2.95128;
./datasets/80Archivos/english_06;silverer;0;2.95128;
./datasets/80Archivos/english_08;silverer;0;2.95128;
./datasets/80Archivos/english_09;silverer;0;2.95128;
./datasets/80Archivos/english_12;silverer;0;2.95128;
./datasets/80Archivos/english_14;silverer;0;2.95128;
./datasets/80Archivos/english_18;silverer;0;2.95128;
./datasets/80Archivos/english_19;silverer;0;2.95128;
./datasets/80Archivos/english_20;silverer;0;2.95128;
./datasets/80Archivos/english_22;silverer;0;2.95128;
./datasets/80Archivos/english_23;silverer;0;2.95128;
./datasets/80Archivos/english_26;silverer;0;2.95128;
./datasets/80Archivos/english_27;silverer;0;2.95128;
./datasets/80Archivos/english_29;silverer;0;2.95128;
./datasets/80Archivos/english_30;silverer;0;2.95128;
./datasets/80Archivos/english_31;silverer;0;2.95128;
./datasets/80Archivos/english_34;silverer;0;2.95128;
./datasets/80Archivos/english_36;silverer;0;2.95128;
./datasets/80Archivos/english_39;silverer;0;2.95128;
./datasets/80Archivos/dna_00;evincement;0;2.82775;
./datasets/80Archivos/dna_02;evincement;0;2.82775;
./datasets/80Archivos/dna_05;evincement;0;2.82775;
./datasets/80Archivos/dna_08;evincement;0;2.82775;
./datasets/80Archivos/dna_12;evincement;0;2.82775;
./datasets/80Archivos/dna_16;evincement;0;2.82775;
./datasets/80Archivos/dna_18;evincement;0;2.82775;
./datasets/80Archivos/dna_20;evincement;0;2.82775;
./datasets/80Archivos/dna_22;evincement;0;2.82775;
./datasets/80Archivos/dna_23;evincement;0;2.82775;
./datasets/80Archivos/dna_24;evincement;0;2.82775;
./datasets/80Archivos/dna_26;evincement;0;2.82775;
./datasets/80Archivos/dna_28;evincement;0;2.82775;
./datasets/80Archivos/dna_29;evincement;0;2.82775;
./datasets/80Archivos/dna_31;evincement;0;2.82775;
./datasets/80Archivos/dna_34;evincement;0;2.82775;
./datasets/80Archivos/dna_36;evincement;0;2.82775;
./datasets/80Archivos/dna_37;evincement;0;2.82775;
./datasets/80Archivos/dna_38;evincement;0;2.82775;
./datasets/80Archivos/dna_39;evincement;0;2.82775;
./datasets/80Archivos/english_01;evincement;0;2.82775;
./datasets/80Archivos/english_03;evincement;0;2.82775;
./datasets/80Archivos/english_06;evincement;0;2.82775;
./datasets/80Archivos/english_08;evincement;0;2.82775;
./datasets/80Archivos/english_09;evincement;0;2.82775;
./datasets/80Archivos/english_12;evincement;0;2.82775;
./datasets/80Archivos/english_14;evincement;0;2.82775;
./datasets/80Archivos/english_18;evincement;0;2.82775;
./datasets/80Archivos/english_19;evincement;0;2.82775;
./datasets/80Archivos/english_20;evincement;0;2.82775;
./datasets/80Archivos/english_22;evincement;0;2.82775;
./datasets/80Archivos/english_23;evincement;0;2.82775;
./datasets/80Archivos/english_26;evincement;0;2.82775;
./datasets/80Archivos/english_27;evincement;0;2.82775;
./datasets/80Archivos/english_29;evincement;0;2.82775;
./datasets/80Archivos/english_30;evincement;0;2.82775;
./datasets/80Archivos/english_31;evincement;0;2.82775;
./datasets/80Archivos/english_34;evincement;0;2.82775;
./datasets/80Archivos/english_36;evincement;0;2.82775;
./datasets/80Archivos/english_39;evincement;0;2.82775;
./datasets/80Archivos/dna_00;phrygium;0;2.87568;
./datasets/80Archivos/dna_02;phrygium;0;2.87568;
./datasets/80Archivos/dna_05;phrygium;0;2.87568;
./datasets/80Archivos/dna_08;phrygium;0;2.87568;
./datasets/80Archivos/dna_12;phrygium;0;2.87568;
./datasets/80Archivos/dna_16;phrygium;0;2.87568;
./datasets/80Archivos/dna_18;phrygium;0;2.87568;
./datasets/80Archivos/dna_20;phrygium;0;2.87568;
./datasets/80Archivos/dna_22;phrygium;0;2.87568;
./datasets/80Archivos/dna_23;phrygium;0;2.87568;
./datasets/80Archivos/dna_24;phrygium;0;2.87568;
./datasets/80Archivos/dna_26;phrygium;0;2.87568;
./datasets/80Archivos/dna_28;phrygium;0;2.87568;
./datasets/80Archivos/dna_29;phrygium;0;2.87568;
./datasets/80Archivos/dna_31;phrygium;0;2.87568;
./datasets/80Archivos/dna_34;phrygium;0;2.87568;
./datasets/80Archivos/dna_36;phrygium;0;2.87568;
./datasets/80Archivos/dna_37;phrygium;0;2.87568;
./datasets/80Archivos/dna_38;phrygium;0;2.87568;
./datasets/80Archivos/dna_39;phrygium;0;2.87568;
./datasets/80Archivos/english_01;phrygium;0;2.87568;
./datasets/80Archivos/english_03;phrygium;0;2.87568;
./datasets/80Archivos/english_06;phrygium;0;2.87568;
./datasets/80Archivos/english_08;phrygium;0;2.87568;
./datasets/80Archivos/english_09;phrygium;0;2.87568;
./datasets/80Archivos/english_12;phrygium;0;2.87568;
./datasets/80Archivos/english_14;phrygium;0;2.87568;
./datasets/80Archivos/english_18;phrygium;0;2.87568;
./datasets/80Archivos/english_19;phrygium;0;2.87568;
./datasets/80Archivos/english_20;phrygium;0;2.87568;
./datasets/80Archivos/english_22;phrygium;0;2.87568;
./datasets/80Archivos/english_23;phrygium;0;2.87568;
./datasets/80Archivos/english_26;phrygium;0;2.87568;
./datasets/80Archivos/english_27;phrygium;0;2.87568;
./datasets/80Archivos/english_29;phrygium;0;2.87568;
./datasets/80Archivos/english_30;phrygium;0;2.87568;
./datasets/80Archivos/english_31;phrygium;0;2.87568;
./datasets/80Archivos/english_34;phrygium;0;2.87568;
./datasets/80Archivos/english_36;phrygium;0;2.87568;
./datasets/80Archivos/english_39;phrygium;0;2.87568;
./datasets/80Archivos/dna_00;punnigram;0;2.95186;
./datasets/80Archivos/dna_02;punnigram;0;2.95186;
./datasets/80Archivos/dna_05;punnigram;0;2.95186;
./datasets/80Archivos/dna_08;punnigram;0;2.95186;
./datasets/80Archivos/dna_12;punnigram;0;2.95186;
./datasets/80Archivos/dna_16;punnigram;0;2.95186;
./datasets/80Archivos/dna_18;punnigram;0;2.95186;
./datasets/80Archivos/dna_20;punnigram;0;2.95186;
./datasets/80Archivos/dna_22;punnigram;0;2.95186;
./datasets/80Archivos/dna_23;punnigram;0;2.95186;
./datasets/80Archivos/dna_24;punnigram;0;2.95186;
./datasets/80Archivos/dna_26;punnigram;0;2.95186;
./datasets/80Archivos/dna_28;punnigram;0;2.95186;
./datasets/80Archivos/dna_29;punnigram;0;2.95186;
./datasets/80Archivos/dna_31;punnigram;0;2.95186;
./datasets/80Archivos/dna_34;punnigram;0;2.95186;
./datasets/80Archivos/dna_36;punnigram;0;2.95186;
./datasets/80Archivos/dna_37;punnigram;0;2.95186;
./datasets/80Archivos/dna_38;punnigram;0;2.95186;
./datasets/80Archivos/dna_39;punnigram;0;2.95186;
./datasets/80Archivos/english_01;punnigram;0;2.95186;
./datasets/80Archivos/english_03;punnigram;0;2.95186;
./datasets/80Archivos/english_06;punnigram;0;2.95186;
./datasets/80Archivos/english_08;punnigram;0;2.95186;
./datasets/80Archivos/english_09;punnigram;0;2.95186;
./datasets/80Archivos/english_12;punnigram;0;2.95186;
./datasets/80Archivos/english_14;punnigram;0;2.95186;
./datasets/80Archivos/english_18;punnigram;0;2.95186;
./datasets/80Archivos/english_19;punnigram;0;2.95186;
./datasets/80Archivos/english_20;punnigram;0;2.95186;
./datasets/80Archivos/english_22;punnigram;0;2.95186;
./datasets/80Archivos/english_23;punnigram;0;2.95186;
./datasets/80Archivos/english_26;punnigram;0;2.95186;
./datasets/80Archivos/english_27;punnigram;0;2.95186;
./datasets/80Archivos/english_29;punnigram;0;2.95186;
./datasets/80Archivos/english_30;punnigram;0;2.95186;
./datasets/80Archivos/english_31;punnigram;0;2.95186;
./datasets/80Archivos/english_34;punnigram;0;2.95186;
./datasets/80Archivos/english_36;punnigram;0;2.95186;
./datasets/80Archivos/english_39;punnigram;0;2.95186;
./datasets/80Archivos/dna_00;imminution;0;2.84093;
./datasets/80Archivos/dna_02;imminution;0;2.84093;
./datasets/80Archivos/dna_05;imminution;0;2.84093;
./datasets/80Archivos/dna_08;imminution;0;2.84093;
./datasets/80Archivos/dna_12;imminution;0;2.84093;
./datasets/80Archivos/dna_16;imminution;0;2.84093;
./datasets/80Archivos/dna_18;imminution;0;2.84093;
./datasets/80Archivos/dna_20;imminution;0;2.84093;
./datasets/80Archivos/dna_22;imminution;0;2.84093;
./datasets/80Archivos/dna_23;imminution;0;2.84093;
./datasets/80Archivos/dna_24;imminution;0;2.84093;
./datasets/80Archivos/dna_26;imminution;0;2.84093;
./datasets/80Archivos/dna_28;imminution;0;2.84093;
./datasets/80Archivos/dna_29;imminution;0;2.84093;
./datasets/80Archivos/dna_31;imminution;0;2.84093;
./datasets/80Archivos/dna_34;imminution;0;2.84093;
./datasets/80Archivos/dna_36;imminution;0;2.84093;
./datasets/80Archivos/dna_37;imminution;0;2.84093;
./datasets/80Archivos/dna_38;imminution;0;2.84093;
./datasets/80Archivos/dna_39;imminution;0;2.84093;
./datasets/80Archivos/english_01;imminution;0;2.84093;
./datasets/80Archivos/english_03;imminution;0;2.84093;
./datasets/80Archivos/english_06;imminution;0;2.84093;
./datasets/80Archivos/english_08;imminution;0;2.84093;
./datasets/80Archivos/english_09;imminution;0;2.84093;
./datasets/80Archivos/english_12;imminution;0;2.84093;
./datasets/80Archivos/english_14;imminution;0;2.84093;
./datasets/80Archivos/english_18;imminution;0;2.84093;
./datasets/80Archivos/english_19;imminution;0;2.84093;
./datasets/80Archivos/english_20;imminution;0;2.84093;
./datasets/80Archivos/english_22;imminution;0;2.84093;
./datasets/80Archivos/english_23;imminution;0;2.84093;
./datasets/80Archivos/english_26;imminution;0;2.84093;
./datasets/80Archivos/english_27;imminution;0;2.84093;
./datasets/80Archivos/english_29;imminution;0;2.84093;
./datasets/80Archivos/english_30;imminution;0;2.84093;
./datasets/80Archivos/english_31;imminution;0;2.84093;
./datasets/80Archivos/english_34;imminution;0;2.84093;
./datasets/80Archivos/english_36;imminution;0;2.84093;
./datasets/80Archivos/english_39;imminution;0;2.84093;
./datasets/80Archivos/dna_00;environmental;0;2.99662;
./datasets/80Archivos/dna_02;environmental;0;2.99662;
./datasets/80Archivos/dna_05;environmental;0;2.99662;
./datasets/80Archivos/dna_08;environmental;0;2.99662;
./datasets/80Archivos/dna_12;environmental;0;2.99662;
./datasets/80Archivos/dna_16;environmental;0;2.99662;
./datasets/80Archivos/dna_18;environmental;0;2.99662;
./datasets/80Archivos/dna_20;environmental;0;2.99662;
./datasets/80Archivos/dna_22;environmental;0;2.99662;
./datasets/80Archivos/dna_23;environmental;0;2.99662;
./datasets/80Archivos/dna_24;environmental;0;2.99662;
./datasets/80Archivos/dna_26;environmental;0;2.99662;
./datasets/80Archivos/dna_28;environmental;0;2.99662;
./datasets/80Archivos/dna_29;environmental;0;2.99662;
./datasets/80Archivos/dna_31;environmental;0;2.99662;
./datasets/80Archivos/dna_34;environmental;0;2.99662;
./datasets/80Archivos/dna_36;environmental;0;2.99662;
./datasets/80Archivos/dna_37;environmental;0;2.99662;
./datasets/80Archivos/dna_38;environmental;0;2.99662;
./datasets/80Archivos/dna_39;environmental;0;2.99662;
./datasets/80Archivos/english_01;environmental;0;2.99662;
./datasets/80Archivos/english_03;environmental;0;2.99662;
./datasets/80Archivos/english_06;environmental;0;2.99662;
./datasets/80Archivos/english_08;environmental;0;2.99662;
./datasets/80Archivos/english_09;environmental;0;2.99662;
./datasets/80Archivos/english_12;environmental;0;2.99662;
./datasets/80Archivos/english_14;environmental;0;2.99662;
./datasets/80Archivos/english_18;environmental;0;2.99662;
./datasets/80Archivos/english_19;environmental;0;2.99662;
./datasets/80Archivos/english_20;environmental;0;2.99662;
./datasets/80Archivos/english_22;environmental;0;2.99662;
./datasets/80Archivos/english_23;environmental;0;2.99662;
./datasets/80Archivos/english_26;environmental;0;2.99662;
./datasets/80Archivos/english_27;environmental;0;2.99662;
./datasets/80Archivos/english_29;environmental;0;2.99662;
./datasets/80Archivos/english_30;environmental;0;2.99662;
./datasets/80Archivos/english_31;environmental;0;2.99662;
./datasets/80Archivos/english_34;environmental;0;2.99662;
./datasets/80Archivos/english_36;environmental;0;2.99662;
./datasets/80Archivos/english_39;environmental;0;2.99662;
./datasets/80Archivos/dna_00;sleepify;0;2.94198;
./datasets/80Archivos/dna_02;sleepify;0;2.94198;
./datasets/80Archivos/dna_05;sleepify;0;2.94198;
./datasets/80Archivos/dna_08;sleepify;0;2.94198;
./datasets/80Archivos/dna_12;sleepify;0;2.94198;
./datasets/80Archivos/dna_16;sleepify;0;2.94198;
./datasets/80Archivos/dna_18;sleepify;0;2.94198;
./datasets/80Archivos/dna_20;sleepify;0;2.94198;
./datasets/80Archivos/dna_22;sleepify;0;2.94198;
./datasets/80Archivos/dna_23;sleepify;0;2.94198;
./datasets/80Archivos/dna_24;sleepify;0;2.94198;
./datasets/80Archivos/dna_26;sleepify;0;2.94198;
./datasets/80Archivos/dna_28;sleepify;0;2.94198;
./datasets/80Archivos/dna_29;sleepify;0;2.94198;
./datasets/80Archivos/dna_31;sleepify;0;2.94198;
./datasets/80Archivos/dna_34;sleepify;0;2.94198;
./datasets/80Archivos/dna_36;sleepify;0;2.94198;
./datasets/80Archivos/dna_37;sleepify;0;2.94198;
./datasets/80Archivos/dna_38;sleepify;0;2.94198;
./datasets/80Archivos/dna_39;sleepify;0;2.94198;
./datasets/80Archivos/english_01;sleepify;0;2.94198;
./datasets/80Archivos/english_03;sleepify;0;2.94198;
./datasets/80Archivos/english_06;sleepify;0;2.94198;
./datasets/80Archivos/english_08;sleepify;0;2.94198;
./datasets/80Archivos/english_09;sleepify;0;2.94198;
./datasets/80Archivos/english_12;sleepify;0;2.94198;
./datasets/80Archivos/english_14;sleepify;0;2.94198;
./datasets/80Archivos/english_18;sleepify;0;2.94198;
./datasets/80Archivos/english_19;sleepify;0;2.94198;
./datasets/80Archivos/english_20;sleepify;0;2.94198;
./datasets/80Archivos/english_22;sleepify;0;2.94198;
./datasets/80Archivos/english_23;sleepify;0;2.94198;
./datasets/80Archivos/english_26;sleepify;0;2.94198;
./datasets/80Archivos/english_27;sleepify;0;2.94198;
./datasets/80Archivos/english_29;sleepify;0;2.94198;
./datasets/80Archivos/english_30;sleepify;0;2.94198;
./datasets/80Archivos/english_31;sleepify;0;2.94198;
./datasets/80Archivos/english_34;sleepify;0;2.94198;
./datasets/80Archivos/english_36;sleepify;0;2.94198;
./datasets/80Archivos/english_39;sleepify;0;2.94198;
./datasets/80Archivos/dna_00;nope;0;3.46016;
./datasets/80Archivos/dna_02;nope;0;3.46016;
./datasets/80Archivos/dna_05;nope;0;3.46016;
./datasets/80Archivos/dna_08;nope;0;3.46016;
./datasets/80Archivos/dna_12;nope;0;3.46016;
./datasets/80Archivos/dna_16;nope;0;3.46016;
./datasets/80Archivos/dna_18;nope;0;3.46016;
./datasets/80Archivos/dna_20;nope;0;3.46016;
./datasets/80Archivos/dna_22;nope;0;3.46016;
./datasets/80Archivos/dna_23;nope;0;3.46016;
./datasets/80Archivos/dna_24;nope;0;3.46016;
./datasets/80Archivos/dna_26;nope;0;3.46016;
./datasets/80Archivos/dna_28;nope;0;3.46016;
./datasets/80Archivos/dna_29;nope;0;3.46016;
./datasets/80Archivos/dna_31;nope;0;3.46016;
./datasets/80Archivos/dna_34;nope;0;3.46016;
./datasets/80Archivos/dna_36;nope;0;3.46016;
./datasets/80Archivos/dna_37;nope;0;3.46016;
./datasets/80Archivos/dna_38;nope;0;3.46016;
./datasets/80Archivos/dna_39;nope;0;3.46016;
./datasets/80Archivos/english_01;nope;2;3.46016;
./datasets/80Archivos/english_03;nope;3;3.46016;
./datasets/80Archivos/english_06;nope;3;3.46016;
./datasets/80Archivos/english_08;nope;1;3.46016;
./datasets/80Archivos/english_09;nope;2;3.46016;
./datasets/80Archivos/english_12;nope;1;3.46016;
./datasets/80Archivos/english_14;nope;7;3.46016;
./datasets/80Archivos/english_18;nope;0;3.46016;
./datasets/80Archivos/english_19;nope;0;3.46016;
./datasets/80Archivos/english_20;nope;0;3.46016;
./datasets/80Archivos/english_22;nope;1;3.46016;
./datasets/80Archivos/english_23;nope;0;3.46016;
./datasets/80Archivos/english_26;nope;0;3.46016;
./datasets/80Archivos/english_27;nope;0;3.46016;
./datasets/80Archivos/english_29;nope;1;3.46016;
./datasets/80Archivos/english_30;nope;3;3.46016;
./datasets/80Archivos/english_31;nope;0;3.46016;
./datasets/80Archivos/english_34;nope;2;3.46016;
./datasets/80Archivos/english_36;nope;1;3.46016;
./datasets/80Archivos/english_39;nope;2;3.46016;
./datasets/80Archivos/dna_00;wauken;0;3.10193;
./datasets/80Archivos/dna_02;wauken;0;3.10193;
./datasets/80Archivos/dna_05;wauken;0;3.10193;
./datasets/80Archivos/dna_08;wauken;0;3.10193;
./datasets/80Archivos/dna_12;wauken;0;3.10193;
./datasets/80Archivos/dna_16;wauken;0;3.10193;
./datasets/80Archivos/dna_18;wauken;0;3.10193;
./datasets/80Archivos/dna_20;wauken;0;3.10193;
./datasets/80Archivos/dna_22;wauken;0;3.10193;
./datasets/80Archivos/dna_23;wauken;0;3.10193;
./datasets/80Archivos/dna_24;wauken;0;3.10193;
./datasets/80Archivos/dna_26;wauken;0;3.10193;
./datasets/80Archivos/dna_28;wauken;0;3.10193;
./datasets/80Archivos/dna_29;wauken;0;3.10193;
./datasets/80Archivos/dna_31;wauken;0;3.10193;
./datasets/80Archivos/dna_34;wauken;0;3.10193;
./datasets/80Archivos/dna_36;wauken;0;3.10193;
./datasets/80Archivos/dna_37;wauken;0;3.10193;
./datasets/80Archivos/dna_38;wauken;0;3.10193;
./datasets/80Archivos/dna_39;wauken;0;3.10193;
./datasets/80Archivos/english_01;wauken;0;3.10193;
./datasets/80Archivos/english_03;wauken;0;3.10193;
./datasets/80Archivos/english_06;wauken;0;3.10193;
./datasets/80Archivos/english_08;wauken;0;3.10193;
./datasets/80Archivos/english_09;wauken;0;3.10193;
./datasets/80Archivos/english_12;wauken;0;3.10193;
./datasets/80Archivos/english_14;wauken;0;3.10193;
./datasets/80Archivos/english_18;wauken;0;3.10193;
./datasets/80Archivos/english_19;wauken;0;3.10193;
./datasets/80Archivos/english_20;wauken;0;3.10193;
./datasets/80Archivos/english_22;wauken;0;3.10193;
./datasets/80Archivos/english_23;wauken;0;3.10193;
./datasets/80Archivos/english_26;wauken;0;3.10193;
./datasets/80Archivos/english_27;wauken;0;3.10193;
./datasets/80Archivos/english_29;wauken;0;3.10193;
./datasets/80Archivos/english_30;wauken;0;3.10193;
./datasets/80Archivos/english_31;wauken;0;3.10193;
./datasets/80Archivos/english_34;wauken;0;3.10193;
./datasets/80Archivos/english_36;wauken;0;3.10193;
./datasets/80Archivos/english_39;wauken;0;3.10193;
./datasets/80Archivos/dna_00;indignance;0;2.79404;
./datasets/80Archivos/dna_02;indignance;0;2.79404;
./datasets/80Archivos/dna_05;indignance;0;2.79404;
./datasets/80Archivos/dna_08;indignance;0;2.79404;
./datasets/80Archivos/dna_12;indignance;0;2.79404;
./datasets/80Archivos/dna_16;indignance;0;2.79404;
./datasets/80Archivos/dna_18;indignance;0;2.79404;
./datasets/80Archivos/dna_20;indignance;0;2.79404;
./datasets/80Archivos/dna_22;indignance;0;2.79404;
./datasets/80Archivos/dna_23;indignance;0;2.79404;
./datasets/80Archivos/dna_24;indignance;0;2.79404;
./datasets/80Archivos/dna_26;indignance;0;2.79404;
./datasets/80Archivos/dna_28;indignance;0;2.79404;
./datasets/80Archivos/dna_29;indignance;0;2.79404;
./datasets/80Archivos/dna_31;indignance;0;2.79404;
./datasets/80Archivos/dna_34;indignance;0;2.79404;
./datasets/80Archivos/dna_36;indignance;0;2.79404;
./datasets/80Archivos/dna_37;indignance;0;2.79404;
./datasets/80Archivos/dna_38;indignance;0;2.79404;
./datasets/80Archivos/dna_39;indignance;0;2.79404;
./datasets/80Archivos/english_01;indignance;0;2.79404;
./datasets/80Archivos/english_03;indignance;0;2.79404;
./datasets/80Archivos/english_06;indignance;0;2.79404;
./datasets/80Archivos/english_08;indignance;0;2.79404;
./datasets/80Archivos/english_09;indignance;0;2.79404;
./datasets/80Archivos/english_12;indignance;0;2.79404;
./datasets/80Archivos/english_14;indignance;0;2.79404;
./datasets/80Archivos/english_18;indignance;0;2.79404;
./datasets/80Archivos/english_19;indignance;0;2.79404;
./datasets/80Archivos/english_20;indignance;0;2.79404;
./datasets/80Archivos/english_22;indignance;0;2.79404;
./datasets/80Archivos/english_23;indignance;0;2.79404;
./datasets/80Archivos/english_26;indignance;0;2.79404;
./datasets/80Archivos/english_27;indignance;0;2.79404;
./datasets/80Archivos/english_29;indignance;0;2.79404;
./datasets/80Archivos/english_30;indignance;0;2.79404;
./datasets/80Archivos/english_31;indignance;0;2.79404;
./datasets/80Archivos/english_34;indignance;0;2.79404;
./datasets/80Archivos/english_36;indignance;0;2.79404;
./datasets/80Archivos/english_39;indignance;0;2.79404;
./datasets/80Archivos/dna_00;knotwort;0;2.8827;
./datasets/80Archivos/dna_02;knotwort;0;2.8827;
./datasets/80Archivos/dna_05;knotwort;0;2.8827;
./datasets/80Archivos/dna_08;knotwort;0;2.8827;
./datasets/80Archivos/dna_12;knotwort;0;2.8827;
./datasets/80Archivos/dna_16;knotwort;0;2.8827;
./datasets/80Archivos/dna_18;knotwort;0;2.8827;
./datasets/80Archivos/dna_20;knotwort;0;2.8827;
./datasets/80Archivos/dna_22;knotwort;0;2.8827;
./datasets/80Archivos/dna_23;knotwort;0;2.8827;
./datasets/80Archivos/dna_24;knotwort;0;2.8827;
./datasets/80Archivos/dna_26;knotwort;0;2.8827;
./datasets/80Archivos/dna_28;knotwort;0;2.8827;
./datasets/80Archivos/dna_29;knotwort;0;2.8827;
./datasets/80Archivos/dna_31;knotwort;0;2.8827;
./datasets/80Archivos/dna_34;knotwort;0;2.8827;
./datasets/80Archivos/dna_36;knotwort;0;2.8827;
./datasets/80Archivos/dna_37;knotwort;0;2.8827;
./datasets/80Archivos/dna_38;knotwort;0;2.8827;
./datasets/80Archivos/dna_39;knotwort;0;2.8827;
./datasets/80Archivos/english_01;knotwort;0;2.8827;
./datasets/80Archivos/english_03;knotwort;0;2.8827;
./datasets/80Archivos/english_06;knotwort;0;2.8827;
./datasets/80Archivos/english_08;knotwort;0;2.8827;
./datasets/80Archivos/english_09;knotwort;0;2.8827;
./datasets/80Archivos/english_12;knotwort;0;2.8827;
./datasets/80Archivos/english_14;knotwort;0;2.8827;
./datasets/80Archivos/english_18;knotwort;0;2.8827;
./datasets/80Archivos/english_19;knotwort;0;2.8827;
./datasets/80Archivos/english_20;knotwort;0;2.8827;
./datasets/80Archivos/english_22;knotwort;0;2.8827;
./datasets/80Archivos/english_23;knotwort;0;2.8827;
./datasets/80Archivos/english_26;knotwort;0;2.8827;
./datasets/80Archivos/english_27;knotwort;0;2.8827;
./datasets/80Archivos/english_29;knotwort;0;2.8827;
./datasets/80Archivos/english_30;knotwort;0;2.8827;
./datasets/80Archivos/english_31;knotwort;0;2.8827;
./datasets/80Archivos/english_34;knotwort;0;2.8827;
./datasets/80Archivos/english_36;knotwort;0;2.8827;
./datasets/80Archivos/english_39;knotwort;0;2.8827;
./datasets/80Archivos/dna_00;apocodeine;0;2.79336;
./datasets/80Archivos/dna_02;apocodeine;0;2.79336;
./datasets/80Archivos/dna_05;apocodeine;0;2.79336;
./datasets/80Archivos/dna_08;apocodeine;0;2.79336;
./datasets/80Archivos/dna_12;apocodeine;0;2.79336;
./datasets/80Archivos/dna_16;apocodeine;0;2.79336;
./datasets/80Archivos/dna_18;apocodeine;0;2.79336;
./datasets/80Archivos/dna_20;apocodeine;0;2.79336;
./datasets/80Archivos/dna_22;apocodeine;0;2.79336;
./datasets/80Archivos/dna_23;apocodeine;0;2.79336;
./datasets/80Archivos/dna_24;apocodeine;0;2.79336;
./datasets/80Archivos/dna_26;apocodeine;0;2.79336;
./datasets/80Archivos/dna_28;apocodeine;0;2.79336;
./datasets/80Archivos/dna_29;apocodeine;0;2.79336;
./datasets/80Archivos/dna_31;apocodeine;0;2.79336;
./datasets/80Archivos/dna_34;apocodeine;0;2.79336;
./datasets/80Archivos/dna_36;apocodeine;0;2.79336;
./datasets/80Archivos/dna_37;apocodeine;0;2.79336;
./datasets/80Archivos/dna_38;apocodeine;0;2.79336;
./datasets/80Archivos/dna_39;apocodeine;0;2.79336;
./datasets/80Archivos/english_01;apocodeine;0;2.79336;
./datasets/80Archivos/english_03;apocodeine;0;2.79336;
./datasets/80Archivos/english_06;apocodeine;0;2.79336;
./datasets/80Archivos/english_08;apocodeine;0;2.79336;
./datasets/80Archivos/english_09;apocodeine;0;2.79336;
./datasets/80Archivos/english_12;apocodeine;0;2.79336;
./datasets/80Archivos/english_14;apocodeine;0;2.79336;
./datasets/80Archivos/english_18;apocodeine;0;2.79336;
./datasets/80Archivos/english_19;apocodeine;0;2.79336;
./datasets/80Archivos/english_20;apocodeine;0;2.79336;
./datasets/80Archivos/english_22;apocodeine;0;2.79336;
./datasets/80Archivos/english_23;apocodeine;0;2.79336;
./datasets/80Archivos/english_26;apocodeine;0;2.79336;
./datasets/80Archivos/english_27;apocodeine;0;2.79336;
./datasets/80Archivos/english_29;apocodeine;0;2.79336;
./datasets/80Archivos/english_30;apocodeine;0;2.79336;
./datasets/80Archivos/english_31;apocodeine;0;2.79336;
./datasets/80Archivos/english_34;apocodeine;0;2.79336;
./datasets/80Archivos/english_36;apocodeine;0;2.79336;
./datasets/80Archivos/english_39;apocodeine;0;2.79336;
./datasets/80Archivos/dna_00;escortee;0;2.98862;
./datasets/80Archivos/dna_02;escortee;0;2.98862;
./datasets/80Archivos/dna_05;escortee;0;2.98862;
./datasets/80Archivos/dna_08;escortee;0;2.98862;
./datasets/80Archivos/dna_12;escortee;0;2.98862;
./datasets/80Archivos/dna_16;escortee;0;2.98862;
./datasets/80Archivos/dna_18;escortee;0;2.98862;
./datasets/80Archivos/dna_20;escortee;0;2.98862;
./datasets/80Archivos/dna_22;escortee;0;2.98862;
./datasets/80Archivos/dna_23;escortee;0;2.98862;
./datasets/80Archivos/dna_24;escortee;0;2.98862;
./datasets/80Archivos/dna_26;escortee;0;2.98862;
./datasets/80Archivos/dna_28;escortee;0;2.98862;
./datasets/80Archivos/dna_29;escortee;0;2.98862;
./datasets/80Archivos/dna_31;escortee;0;2.98862;
./datasets/80Archivos/dna_34;escortee;0;2.98862;
./datasets/80Archivos/dna_36;escortee;0;2.98862;
./datasets/80Archivos/dna_37;escortee;0;2.98862;
./datasets/80Archivos/dna_38;escortee;0;2.98862;
./datasets/80Archivos/dna_39;escortee;0;2.98862;
./datasets/80Archivos/english_01;escortee;0;2.98862;
./datasets/80Archivos/english_03;escortee;0;2.98862;
./datasets/80Archivos/english_06;escortee;0;2.98862;
./datasets/80Archivos/english_08;escortee;0;2.98862;
./datasets/80Archivos/english_09;escortee;0;2.98862;
./datasets/80Archivos/english_12;escortee;0;2.98862;
./datasets/80Archivos/english_14;escortee;0;2.98862;
./datasets/80Archivos/english_18;escortee;0;2.98862;
./datasets/80Archivos/english_19;escortee;0;2.98862;
./datasets/80Archivos/english_20;escortee;0;2.98862;
./datasets/80Archivos/english_22;escortee;0;2.98862;
./datasets/80Archivos/english_23;escortee;0;2.98862;
./datasets/80Archivos/english_26;escortee;0;2.98862;
./datasets/80Archivos/english_27;escortee;0;2.98862;
./datasets/80Archivos/english_29;escortee;0;2.98862;
./datasets/80Archivos/english_30;escortee;0;2.98862;
./datasets/80Archivos/english_31;escortee;0;2.98862;
./datasets/80Archivos/english_34;escortee;0;2.98862;
./datasets/80Archivos/english_36;escortee;0;2.98862;
./datasets/80Archivos/english_39;escortee;0;2.98862;
./datasets/80Archivos/dna_00;dogwatch;0;2.96241;
./datasets/80Archivos/dna_02;dogwatch;0;2.96241;
./datasets/80Archivos/dna_05;dogwatch;0;2.96241;
./datasets/80Archivos/dna_08;dogwatch;0;2.96241;
./datasets/80Archivos/dna_12;dogwatch;0;2.96241;
./datasets/80Archivos/dna_16;dogwatch;0;2.96241;
./datasets/80Archivos/dna_18;dogwatch;0;2.96241;
./datasets/80Archivos/dna_20;dogwatch;0;2.96241;
./datasets/80Archivos/dna_22;dogwatch;0;2.96241;
./datasets/80Archivos/dna_23;dogwatch;0;2.96241;
./datasets/80Archivos/dna_24;dogwatch;0;2.96241;
./datasets/80Archivos/dna_26;dogwatch;0;2.96241;
./datasets/80Archivos/dna_28;dogwatch;0;2.96241;
./datasets/80Archivos/dna_29;dogwatch;0;2.96241;
./datasets/80Archivos/dna_31;dogwatch;0;2.96241;
./datasets/80Archivos/dna_34;dogwatch;0;2.96241;
./datasets/80Archivos/dna_36;dogwatch;0;2.96241;
./datasets/80Archivos/dna_37;dogwatch;0;2.96241;
./datasets/80Archivos/dna_38;dogwatch;0;2.96241;
./datasets/80Archivos/dna_39;dogwatch;0;2.96241;
./datasets/80Archivos/english_01;dogwatch;0;2.96241;
./datasets/80Archivos/english_03;dogwatch;0;2.96241;
./datasets/80Archivos/english_06;dogwatch;0;2.96241;
./datasets/80Archivos/english_08;dogwatch;0;2.96241;
./datasets/80Archivos/english_09;dogwatch;0;2.96241;
./datasets/80Archivos/english_12;dogwatch;0;2.96241;
./datasets/80Archivos/english_14;dogwatch;0;2.96241;
./datasets/80Archivos/english_18;dogwatch;0;2.96241;
./datasets/80Archivos/english_19;dogwatch;0;2.96241;
./datasets/80Archivos/english_20;dogwatch;0;2.96241;
./datasets/80Archivos/english_22;dogwatch;0;2.96241;
./datasets/80Archivos/english_23;dogwatch;0;2.96241;
./datasets/80Archivos/english_26;dogwatch;0;2.96241;
./datasets/80Archivos/english_27;dogwatch;0;2.96241;
./datasets/80Archivos/english_29;dogwatch;0;2.96241;
./datasets/80Archivos/english_30;dogwatch;0;2.96241;
./datasets/80Archivos/english_31;dogwatch;0;2.96241;
./datasets/80Archivos/english_34;dogwatch;0;2.96241;
./datasets/80Archivos/english_36;dogwatch;0;2.96241;
./datasets/80Archivos/english_39;dogwatch;0;2.96241;
./datasets/80Archivos/dna_00;eaglewood;0;2.84504;
./datasets/80Archivos/dna_02;eaglewood;0;2.84504;
./datasets/80Archivos/dna_05;eaglewood;0;2.84504;
./datasets/80Archivos/dna_08;eaglewood;0;2.84504;
./datasets/80Archivos/dna_12;eaglewood;0;2.84504;
./datasets/80Archivos/dna_16;eaglewood;0;2.84504;
./datasets/80Archivos/dna_18;eaglewood;0;2.84504;
./datasets/80Archivos/dna_20;eaglewood;0;2.84504;
./datasets/80Archivos/dna_22;eaglewood;0;2.84504;
./datasets/80Archivos/dna_23;eaglewood;0;2.84504;
./datasets/80Archivos/dna_24;eaglewood;0;2.84504;
./datasets/80Archivos/dna_26;eaglewood;0;2.84504;
./datasets/80Archivos/dna_28;eaglewood;0;2.84504;
./datasets/80Archivos/dna_29;eaglewood;0;2.84504;
./datasets/80Archivos/dna_31;eaglewood;0;2.84504;
./datasets/80Archivos/dna_34;eaglewood;0;2.84504;
./datasets/80Archivos/dna_36;eaglewood;0;2.84504;
./datasets/80Archivos/dna_37;eaglewood;0;2.84504;
./datasets/80Archivos/dna_38;eaglewood;0;2.84504;
./datasets/80Archivos/dna_39;eaglewood;0;2.84504;
./datasets/80Archivos/english_01;eaglewood;0;2.84504;
./datasets/80Archivos/english_03;eaglewood;0;2.84504;
./datasets/80Archivos/english_06;eaglewood;0;2.84504;
./datasets/80Archivos/english_08;eaglewood;0;2.84504;
./datasets/80Archivos/english_09;eaglewood;0;2.84504;
./datasets/80Archivos/english_12;eaglewood;0;2.84504;
./datasets/80Archivos/english_14;eaglewood;0;2.84504;
./datasets/80Archivos/english_18;eaglewood;0;2.84504;
./datasets/80Archivos/english_19;eaglewood;0;2.84504;
./datasets/80Archivos/english_20;eaglewood;0;2.84504;
./datasets/80Archivos/english_22;eaglewood;0;2.84504;
./datasets/80Archivos/english_23;eaglewood;0;2.84504;
./datasets/80Archivos/english_26;eaglewood;0;2.84504;
./datasets/80Archivos/english_27;eaglewood;0;2.84504;
./datasets/80Archivos/english_29;eaglewood;0;2.84504;
./datasets/80Archivos/english_30;eaglewood;0;2.84504;
./datasets/80Archivos/english_31;eaglewood;0;2.84504;
./datasets/80Archivos/english_34;eaglewood;0;2.84504;
./datasets/80Archivos/english_36;eaglewood;0;2.84504;
./datasets/80Archivos/english_39;eaglewood;0;2.84504;
./datasets/80Archivos/dna_00;unbrotherliness;0;2.92421;
./datasets/80Archivos/dna_02;unbrotherliness;0;2.92421;
./datasets/80Archivos/dna_05;unbrotherliness;0;2.92421;
./datasets/80Archivos/dna_08;unbrotherliness;0;2.92421;
./datasets/80Archivos/dna_12;unbrotherliness;0;2.92421;
./datasets/80Archivos/dna_16;unbrotherliness;0;2.92421;
./datasets/80Archivos/dna_18;unbrotherliness;0;2.92421;
./datasets/80Archivos/dna_20;unbrotherliness;0;2.92421;
./datasets/80Archivos/dna_22;unbrotherliness;0;2.92421;
./datasets/80Archivos/dna_23;unbrotherliness;0;2.92421;
./datasets/80Archivos/dna_24;unbrotherliness;0;2.92421;
./datasets/80Archivos/dna_26;unbrotherliness;0;2.92421;
./datasets/80Archivos/dna_28;unbrotherliness;0;2.92421;
./datasets/80Archivos/dna_29;unbrotherliness;0;2.92421;
./datasets/80Archivos/dna_31;unbrotherliness;0;2.92421;
./datasets/80Archivos/dna_34;unbrotherliness;0;2.92421;
./datasets/80Archivos/dna_36;unbrotherliness;0;2.92421;
./datasets/80Archivos/dna_37;unbrotherliness;0;2.92421;
./datasets/80Archivos/dna_38;unbrotherliness;0;2.92421;
./datasets/80Archivos/dna_39;unbrotherliness;0;2.92421;
./datasets/80Archivos/english_01;unbrotherliness;0;2.92421;
./datasets/80Archivos/english_03;unbrotherliness;0;2.92421;
./datasets/80Archivos/english_06;unbrotherliness;0;2.92421;
./datasets/80Archivos/english_08;unbrotherliness;0;2.92421;
./datasets/80Archivos/english_09;unbrotherliness;0;2.92421;
./datasets/80Archivos/english_12;unbrotherliness;0;2.92421;
./datasets/80Archivos/english_14;unbrotherliness;0;2.92421;
./datasets/80Archivos/english_18;unbrotherliness;0;2.92421;
./datasets/80Archivos/english_19;unbrotherliness;0;2.92421;
./datasets/80Archivos/english_20;unbrotherliness;0;2.92421;
./datasets/80Archivos/english_22;unbrotherliness;0;2.92421;
./datasets/80Archivos/english_23;unbrotherliness;0;2.92421;
./datasets/80Archivos/english_26;unbrotherliness;0;2.92421;
./datasets/80Archivos/english_27;unbrotherliness;0;2.92421;
./datasets/80Archivos/english_29;unbrotherliness;0;2.92421;
./datasets/80Archivos/english_30;unbrotherliness;0;2.92421;
./datasets/80Archivos/english_31;unbrotherliness;0;2.92421;
./datasets/80Archivos/english_34;unbrotherliness;0;2.92421;
./datasets/80Archivos/english_36;unbrotherliness;0;2.92421;
./datasets/80Archivos/english_39;unbrotherliness;0;2.92421;
./datasets/80Archivos/dna_00;mulse;0;3.31402;
./datasets/80Archivos/dna_02;mulse;0;3.31402;
./datasets/80Archivos/dna_05;mulse;0;3.31402;
./datasets/80Archivos/dna_08;mulse;0;3.31402;
./datasets/80Archivos/dna_12;mulse;0;3.31402;
./datasets/80Archivos/dna_16;mulse;0;3.31402;
./datasets/80Archivos/dna_18;mulse;0;3.31402;
./datasets/80Archivos/dna_20;mulse;0;3.31402;
./datasets/80Archivos/dna_22;mulse;0;3.31402;
./datasets/80Archivos/dna_23;mulse;0;3.31402;
./datasets/80Archivos/dna_24;mulse;0;3.31402;
./datasets/80Archivos/dna_26;mulse;0;3.31402;
./datasets/80Archivos/dna_28;mulse;0;3.31402;
./datasets/80Archivos/dna_29;mulse;0;3.31402;
./datasets/80Archivos/dna_31;mulse;0;3.31402;
./datasets/80Archivos/dna_34;mulse;0;3.31402;
./datasets/80Archivos/dna_36;mulse;0;3.31402;
./datasets/80Archivos/dna_37;mulse;0;3.31402;
./datasets/80Archivos/dna_38;mulse;0;3.31402;
./datasets/80Archivos/dna_39;mulse;0;3.31402;
./datasets/80Archivos/english_01;mulse;0;3.31402;
./datasets/80Archivos/english_03;mulse;0;3.31402;
./datasets/80Archivos/english_06;mulse;0;3.31402;
./datasets/80Archivos/english_08;mulse;0;3.31402;
./datasets/80Archivos/english_09;mulse;0;3.31402;
./datasets/80Archivos/english_12;mulse;0;3.31402;
./datasets/80Archivos/english_14;mulse;0;3.31402;
./datasets/80Archivos/english_18;mulse;0;3.31402;
./datasets/80Archivos/english_19;mulse;0;3.31402;
./datasets/80Archivos/english_20;mulse;0;3.31402;
./datasets/80Archivos/english_22;mulse;0;3.31402;
./datasets/80Archivos/english_23;mulse;0;3.31402;
./datasets/80Archivos/english_26;mulse;0;3.31402;
./datasets/80Archivos/english_27;mulse;0;3.31402;
./datasets/80Archivos/english_29;mulse;0;3.31402;
./datasets/80Archivos/english_30;mulse;0;3.31402;
./datasets/80Archivos/english_31;mulse;0;3.31402;
./datasets/80Archivos/english_34;mulse;0;3.31402;
./datasets/80Archivos/english_36;mulse;0;3.31402;
./datasets/80Archivos/english_39;mulse;0;3.31402;
./datasets/80Archivos/dna_00;dermobranchiata;0;2.64168;
./datasets/80Archivos/dna_02;dermobranchiata;0;2.64168;
./datasets/80Archivos/dna_05;dermobranchiata;0;2.64168;
./datasets/80Archivos/dna_08;dermobranchiata;0;2.64168;
./datasets/80Archivos/dna_12;dermobranchiata;0;2.64168;
./datasets/80Archivos/dna_16;dermobranchiata;0;2.64168;
./datasets/80Archivos/dna_18;dermobranchiata;0;2.64168;
./datasets/80Archivos/dna_20;dermobranchiata;0;2.64168;
./datasets/80Archivos/dna_22;dermobranchiata;0;2.64168;
./datasets/80Archivos/dna_23;dermobranchiata;0;2.64168;
./datasets/80Archivos/dna_24;dermobranchiata;0;2.64168;
./datasets/80Archivos/dna_26;dermobranchiata;0;2.64168;
./datasets/80Archivos/dna_28;dermobranchiata;0;2.64168;
./datasets/80Archivos/dna_29;dermobranchiata;0;2.64168;
./datasets/80Archivos/dna_31;dermobranchiata;0;2.64168;
./datasets/80Archivos/dna_34;dermobranchiata;0;2.64168;
./datasets/80Archivos/dna_36;dermobranchiata;0;2.64168;
./datasets/80Archivos/dna_37;dermobranchiata;0;2.64168;
./datasets/80Archivos/dna_38;dermobranchiata;0;2.64168;
./datasets/80Archivos/dna_39;dermobranchiata;0;2.64168;
./datasets/80Archivos/english_01;dermobranchiata;0;2.64168;
./datasets/80Archivos/english_03;dermobranchiata;0;2.64168;
./datasets/80Archivos/english_06;dermobranchiata;0;2.64168;
./datasets/80Archivos/english_08;dermobranchiata;0;2.64168;
./datasets/80Archivos/english_09;dermobranchiata;0;2.64168;
./datasets/80Archivos/english_12;dermobranchiata;0;2.64168;
./datasets/80Archivos/english_14;dermobranchiata;0;2.64168;
./datasets/80Archivos/english_18;dermobranchiata;0;2.64168;
./datasets/80Archivos/english_19;dermobranchiata;0;2.64168;
./datasets/80Archivos/english_20;dermobranchiata;0;2.64168;
./datasets/80Archivos/english_22;dermobranchiata;0;2.64168;
./datasets/80Archivos/english_23;dermobranchiata;0;2.64168;
./datasets/80Archivos/english_26;dermobranchiata;0;2.64168;
./datasets/80Archivos/english_27;dermobranchiata;0;2.64168;
./datasets/80Archivos/english_29;dermobranchiata;0;2.64168;
./datasets/80Archivos/english_30;dermobranchiata;0;2.64168;
./datasets/80Archivos/english_31;dermobranchiata;0;2.64168;
./datasets/80Archivos/english_34;dermobranchiata;0;2.64168;
./datasets/80Archivos/english_36;dermobranchiata;0;2.64168;
./datasets/80Archivos/english_39;dermobranchiata;0;2.64168;
./datasets/80Archivos/dna_00;typhic;0;3.27345;
./datasets/80Archivos/dna_02;typhic;0;3.27345;
./datasets/80Archivos/dna_05;typhic;0;3.27345;
./datasets/80Archivos/dna_08;typhic;0;3.27345;
./datasets/80Archivos/dna_12;typhic;0;3.27345;
./datasets/80Archivos/dna_16;typhic;0;3.27345;
./datasets/80Archivos/dna_18;typhic;0;3.27345;
./datasets/80Archivos/dna_20;typhic;0;3.27345;
./datasets/80Archivos/dna_22;typhic;0;3.27345;
./datasets/80Archivos/dna_23;typhic;0;3.27345;
./datasets/80Archivos/dna_24;typhic;0;3.27345;
./datasets/80Archivos/dna_26;typhic;0;3.27345;
./datasets/80Archivos/dna_28;typhic;0;3.27345;
./datasets/80Archivos/dna_29;typhic;0;3.27345;
./datasets/80Archivos/dna_31;typhic;0;3.27345;
./datasets/80Archivos/dna_34;typhic;0;3.27345;
./datasets/80Archivos/dna_36;typhic;0;3.27345;
./datasets/80Archivos/dna_37;typhic;0;3.27345;
./datasets/80Archivos/dna_38;typhic;0;3.27345;
./datasets/80Archivos/dna_39;typhic;0;3.27345;
./datasets/80Archivos/english_01;typhic;0;3.27345;
./datasets/80Archivos/english_03;typhic;0;3.27345;
./datasets/80Archivos/english_06;typhic;0;3.27345;
./datasets/80Archivos/english_08;typhic;0;3.27345;
./datasets/80Archivos/english_09;typhic;0;3.27345;
./datasets/80Archivos/english_12;typhic;0;3.27345;
./datasets/80Archivos/english_14;typhic;0;3.27345;
./datasets/80Archivos/english_18;typhic;0;3.27345;
./datasets/80Archivos/english_19;typhic;0;3.27345;
./datasets/80Archivos/english_20;typhic;0;3.27345;
./datasets/80Archivos/english_22;typhic;0;3.27345;
./datasets/80Archivos/english_23;typhic;0;3.27345;
./datasets/80Archivos/english_26;typhic;0;3.27345;
./datasets/80Archivos/english_27;typhic;0;3.27345;
./datasets/80Archivos/english_29;typhic;0;3.27345;
./datasets/80Archivos/english_30;typhic;0;3.27345;
./datasets/80Archivos/english_31;typhic;0;3.27345;
./datasets/80Archivos/english_34;typhic;0;3.27345;
./datasets/80Archivos/english_36;typhic;0;3.27345;
./datasets/80Archivos/english_39;typhic;0;3.27345;
./datasets/80Archivos/dna_00;poststertorous;0;3.0707;
./datasets/80Archivos/dna_02;poststertorous;0;3.0707;
./datasets/80Archivos/dna_05;poststertorous;0;3.0707;
./datasets/80Archivos/dna_08;poststertorous;0;3.0707;
./datasets/80Archivos/dna_12;poststertorous;0;3.0707;
./datasets/80Archivos/dna_16;poststertorous;0;3.0707;
./datasets/80Archivos/dna_18;poststertorous;0;3.0707;
./datasets/80Archivos/dna_20;poststertorous;0;3.0707;
./datasets/80Archivos/dna_22;poststertorous;0;3.0707;
./datasets/80Archivos/dna_23;poststertorous;0;3.0707;
./datasets/80Archivos/dna_24;poststertorous;0;3.0707;
./datasets/80Archivos/dna_26;poststertorous;0;3.0707;
./datasets/80Archivos/dna_28;poststertorous;0;3.0707;
./datasets/80Archivos/dna_29;poststertorous;0;3.0707;
./datasets/80Archivos/dna_31;poststertorous;0;3.0707;
./datasets/80Archivos/dna_34;poststertorous;0;3.0707;
./datasets/80Archivos/dna_36;poststertorous;0;3.0707;
./datasets/80Archivos/dna_37;poststertorous;0;3.0707;
./datasets/80Archivos/dna_38;poststertorous;0;3.0707;
./datasets/80Archivos/dna_39;poststertorous;0;3.0707;
./datasets/80Archivos/english_01;poststertorous;0;3.0707;
./datasets/80Archivos/english_03;poststertorous;0;3.0707;
./datasets/80Archivos/english_06;poststertorous;0;3.0707;
./datasets/80Archivos/english_08;poststertorous;0;3.0707;
./datasets/80Archivos/english_09;poststertorous;0;3.0707;
./datasets/80Archivos/english_12;poststertorous;0;3.0707;
./datasets/80Archivos/english_14;poststertorous;0;3.0707;
./datasets/80Archivos/english_18;poststertorous;0;3.0707;
./datasets/80Archivos/english_19;poststertorous;0;3.0707;
./datasets/80Archivos/english_20;poststertorous;0;3.0707;
./datasets/80Archivos/english_22;poststertorous;0;3.0707;
./datasets/80Archivos/english_23;poststertorous;0;3.0707;
./datasets/80Archivos/english_26;poststertorous;0;3.0707;
./datasets/80Archivos/english_27;poststertorous;0;3.0707;
./datasets/80Archivos/english_29;poststertorous;0;3.0707;
./datasets/80Archivos/english_30;poststertorous;0;3.0707;
./datasets/80Archivos/english_31;poststertorous;0;3.0707;
./datasets/80Archivos/english_34;poststertorous;0;3.0707;
./datasets/80Archivos/english_36;poststertorous;0;3.0707;
./datasets/80Archivos/english_39;poststertorous;0;3.0707;
./datasets/80Archivos/dna_00;indevout;0;3.26968;
./datasets/80Archivos/dna_02;indevout;0;3.26968;
./datasets/80Archivos/dna_05;indevout;0;3.26968;
./datasets/80Archivos/dna_08;indevout;0;3.26968;
./datasets/80Archivos/dna_12;indevout;0;3.26968;
./datasets/80Archivos/dna_16;indevout;0;3.26968;
./datasets/80Archivos/dna_18;indevout;0;3.26968;
./datasets/80Archivos/dna_20;indevout;0;3.26968;
./datasets/80Archivos/dna_22;indevout;0;3.26968;
./datasets/80Archivos/dna_23;indevout;0;3.26968;
./datasets/80Archivos/dna_24;indevout;0;3.26968;
./datasets/80Archivos/dna_26;indevout;0;3.26968;
./datasets/80Archivos/dna_28;indevout;0;3.26968;
./datasets/80Archivos/dna_29;indevout;0;3.26968;
./datasets/80Archivos/dna_31;indevout;0;3.26968;
./datasets/80Archivos/dna_34;indevout;0;3.26968;
./datasets/80Archivos/dna_36;indevout;0;3.26968;
./datasets/80Archivos/dna_37;indevout;0;3.26968;
./datasets/80Archivos/dna_38;indevout;0;3.26968;
./datasets/80Archivos/dna_39;indevout;0;3.26968;
./datasets/80Archivos/english_01;indevout;0;3.26968;
./datasets/80Archivos/english_03;indevout;0;3.26968;
./datasets/80Archivos/english_06;indevout;0;3.26968;
./datasets/80Archivos/english_08;indevout;0;3.26968;
./datasets/80Archivos/english_09;indevout;0;3.26968;
./datasets/80Archivos/english_12;indevout;0;3.26968;
./datasets/80Archivos/english_14;indevout;0;3.26968;
./datasets/80Archivos/english_18;indevout;0;3.26968;
./datasets/80Archivos/english_19;indevout;0;3.26968;
./datasets/80Archivos/english_20;indevout;0;3.26968;
./datasets/80Archivos/english_22;indevout;0;3.26968;
./datasets/80Archivos/english_23;indevout;0;3.26968;
./datasets/80Archivos/english_26;indevout;0;3.26968;
./datasets/80Archivos/english_27;indevout;0;3.26968;
./datasets/80Archivos/english_29;indevout;0;3.26968;
./datasets/80Archivos/english_30;indevout;0;3.26968;
./datasets/80Archivos/english_31;indevout;0;3.26968;
./datasets/80Archivos/english_34;indevout;0;3.26968;
./datasets/80Archivos/english_36;indevout;0;3.26968;
./datasets/80Archivos/english_39;indevout;0;3.26968;
./datasets/80Archivos/dna_00;anatomicopathologic;0;3.27518;
./datasets/80Archivos/dna_02;anatomicopathologic;0;3.27518;
./datasets/80Archivos/dna_05;anatomicopathologic;0;3.27518;
./datasets/80Archivos/dna_08;anatomicopathologic;0;3.27518;
./datasets/80Archivos/dna_12;anatomicopathologic;0;3.27518;
./datasets/80Archivos/dna_16;anatomicopathologic;0;3.27518;
./datasets/80Archivos/dna_18;anatomicopathologic;0;3.27518;
./datasets/80Archivos/dna_20;anatomicopathologic;0;3.27518;
./datasets/80Archivos/dna_22;anatomicopathologic;0;3.27518;
./datasets/80Archivos/dna_23;anatomicopathologic;0;3.27518;
./datasets/80Archivos/dna_24;anatomicopathologic;0;3.27518;
./datasets/80Archivos/dna_26;anatomicopathologic;0;3.27518;
./datasets/80Archivos/dna_28;anatomicopathologic;0;3.27518;
./datasets/80Archivos/dna_29;anatomicopathologic;0;3.27518;
./datasets/80Archivos/dna_31;anatomicopathologic;0;3.27518;
./datasets/80Archivos/dna_34;anatomicopathologic;0;3.27518;
./datasets/80Archivos/dna_36;anatomicopathologic;0;3.27518;
./datasets/80Archivos/dna_37;anatomicopathologic;0;3.27518;
./datasets/80Archivos/dna_38;anatomicopathologic;0;3.27518;
./datasets/80Archivos/dna_39;anatomicopathologic;0;3.27518;
./datasets/80Archivos/english_01;anatomicopathologic;0;3.27518;
./datasets/80Archivos/english_03;anatomicopathologic;0;3.27518;
./datasets/80Archivos/english_06;anatomicopathologic;0;3.27518;
./datasets/80Archivos/english_08;anatomicopathologic;0;3.27518;
./datasets/80Archivos/english_09;anatomicopathologic;0;3.27518;
./datasets/80Archivos/english_12;anatomicopathologic;0;3.27518;
./datasets/80Archivos/english_14;anatomicopathologic;0;3.27518;
./datasets/80Archivos/english_18;anatomicopathologic;0;3.27518;
./datasets/80Archivos/english_19;anatomicopathologic;0;3.27518;
./datasets/80Archivos/english_20;anatomicopathologic;0;3.27518;
./datasets/80Archivos/english_22;anatomicopathologic;0;3.27518;
./datasets/80Archivos/english_23;anatomicopathologic;0;3.27518;
./datasets/80Archivos/english_26;anatomicopathologic;0;3.27518;
./datasets/80Archivos/english_27;anatomicopathologic;0;3.27518;
./datasets/80Archivos/english_29;anatomicopathologic;0;3.27518;
./datasets/80Archivos/english_30;anatomicopathologic;0;3.27518;
./datasets/80Archivos/english_31;anatomicopathologic;0;3.27518;
./datasets/80Archivos/english_34;anatomicopathologic;0;3.27518;
./datasets/80Archivos/english_36;anatomicopathologic;0;3.27518;
./datasets/80Archivos/english_39;anatomicopathologic;0;3.27518;
./datasets/80Archivos/dna_00;unimpenetrable;0;2.77543;
./datasets/80Archivos/dna_02;unimpenetrable;0;2.77543;
./datasets/80Archivos/dna_05;unimpenetrable;0;2.77543;
./datasets/80Archivos/dna_08;unimpenetrable;0;2.77543;
./datasets/80Archivos/dna_12;unimpenetrable;0;2.77543;
./datasets/80Archivos/dna_16;unimpenetrable;0;2.77543;
./datasets/80Archivos/dna_18;unimpenetrable;0;2.77543;
./datasets/80Archivos/dna_20;unimpenetrable;0;2.77543;
./datasets/80Archivos/dna_22;unimpenetrable;0;2.77543;
./datasets/80Archivos/dna_23;unimpenetrable;0;2.77543;
./datasets/80Archivos/dna_24;unimpenetrable;0;2.77543;
./datasets/80Archivos/dna_26;unimpenetrable;0;2.77543;
./datasets/80Archivos/dna_28;unimpenetrable;0;2.77543;
./datasets/80Archivos/dna_29;unimpenetrable;0;2.77543;
./datasets/80Archivos/dna_31;unimpenetrable;0;2.77543;
./datasets/80Archivos/dna_34;unimpenetrable;0;2.77543;
./datasets/80Archivos/dna_36;unimpenetrable;0;2.77543;
./datasets/80Archivos/dna_37;unimpenetrable;0;2.77543;
./datasets/80Archivos/dna_38;unimpenetrable;0;2.77543;
./datasets/80Archivos/dna_39;unimpenetrable;0;2.77543;
./datasets/80Archivos/english_01;unimpenetrable;0;2.77543;
./datasets/80Archivos/english_03;unimpenetrable;0;2.77543;
./datasets/80Archivos/english_06;unimpenetrable;0;2.77543;
./datasets/80Archivos/english_08;unimpenetrable;0;2.77543;
./datasets/80Archivos/english_09;unimpenetrable;0;2.77543;
./datasets/80Archivos/english_12;unimpenetrable;0;2.77543;
./datasets/80Archivos/english_14;unimpenetrable;0;2.77543;
./datasets/80Archivos/english_18;unimpenetrable;0;2.77543;
./datasets/80Archivos/english_19;unimpenetrable;0;2.77543;
./datasets/80Archivos/english_20;unimpenetrable;0;2.77543;
./datasets/80Archivos/english_22;unimpenetrable;0;2.77543;
./datasets/80Archivos/english_23;unimpenetrable;0;2.77543;
./datasets/80Archivos/english_26;unimpenetrable;0;2.77543;
./datasets/80Archivos/english_27;unimpenetrable;0;2.77543;
./datasets/80Archivos/english_29;unimpenetrable;0;2.77543;
./datasets/80Archivos/english_30;unimpenetrable;0;2.77543;
./datasets/80Archivos/english_31;unimpenetrable;0;2.77543;
./datasets/80Archivos/english_34;unimpenetrable;0;2.77543;
./datasets/80Archivos/english_36;unimpenetrable;0;2.77543;
./datasets/80Archivos/english_39;unimpenetrable;0;2.77543;
./datasets/80Archivos/dna_00;hoggy;0;3.29988;
./datasets/80Archivos/dna_02;hoggy;0;3.29988;
./datasets/80Archivos/dna_05;hoggy;0;3.29988;
./datasets/80Archivos/dna_08;hoggy;0;3.29988;
./datasets/80Archivos/dna_12;hoggy;0;3.29988;
./datasets/80Archivos/dna_16;hoggy;0;3.29988;
./datasets/80Archivos/dna_18;hoggy;0;3.29988;
./datasets/80Archivos/dna_20;hoggy;0;3.29988;
./datasets/80Archivos/dna_22;hoggy;0;3.29988;
./datasets/80Archivos/dna_23;hoggy;0;3.29988;
./datasets/80Archivos/dna_24;hoggy;0;3.29988;
./datasets/80Archivos/dna_26;hoggy;0;3.29988;
./datasets/80Archivos/dna_28;hoggy;0;3.29988;
./datasets/80Archivos/dna_29;hoggy;0;3.29988;
./datasets/80Archivos/dna_31;hoggy;0;3.29988;
./datasets/80Archivos/dna_34;hoggy;0;3.29988;
./datasets/80Archivos/dna_36;hoggy;0;3.29988;
./datasets/80Archivos/dna_37;hoggy;0;3.29988;
./datasets/80Archivos/dna_38;hoggy;0;3.29988;
./datasets/80Archivos/dna_39;hoggy;0;3.29988;
./datasets/80Archivos/english_01;hoggy;0;3.29988;
./datasets/80Archivos/english_03;hoggy;0;3.29988;
./datasets/80Archivos/english_06;hoggy;0;3.29988;
./datasets/80Archivos/english_08;hoggy;0;3.29988;
./datasets/80Archivos/english_09;hoggy;0;3.29988;
./datasets/80Archivos/english_12;hoggy;0;3.29988;
./datasets/80Archivos/english_14;hoggy;0;3.29988;
./datasets/80Archivos/english_18;hoggy;0;3.29988;
./datasets/80Archivos/english_19;hoggy;0;3.29988;
./datasets/80Archivos/english_20;hoggy;0;3.29988;
./datasets/80Archivos/english_22;hoggy;0;3.29988;
./datasets/80Archivos/english_23;hoggy;0;3.29988;
./datasets/80Archivos/english_26;hoggy;0;3.29988;
./datasets/80Archivos/english_27;hoggy;0;3.29988;
./datasets/80Archivos/english_29;hoggy;0;3.29988;
./datasets/80Archivos/english_30;hoggy;0;3.29988;
./datasets/80Archivos/english_31;hoggy;0;3.29988;
./datasets/80Archivos/english_34;hoggy;0;3.29988;
./datasets/80Archivos/english_36;hoggy;0;3.29988;
./datasets/80Archivos/english_39;hoggy;0;3.29988;
./datasets/80Archivos/dna_00;urrhodin;0;3.05961;
./datasets/80Archivos/dna_02;urrhodin;0;3.05961;
./datasets/80Archivos/dna_05;urrhodin;0;3.05961;
./datasets/80Archivos/dna_08;urrhodin;0;3.05961;
./datasets/80Archivos/dna_12;urrhodin;0;3.05961;
./datasets/80Archivos/dna_16;urrhodin;0;3.05961;
./datasets/80Archivos/dna_18;urrhodin;0;3.05961;
./datasets/80Archivos/dna_20;urrhodin;0;3.05961;
./datasets/80Archivos/dna_22;urrhodin;0;3.05961;
./datasets/80Archivos/dna_23;urrhodin;0;3.05961;
./datasets/80Archivos/dna_24;urrhodin;0;3.05961;
./datasets/80Archivos/dna_26;urrhodin;0;3.05961;
./datasets/80Archivos/dna_28;urrhodin;0;3.05961;
./datasets/80Archivos/dna_29;urrhodin;0;3.05961;
./datasets/80Archivos/dna_31;urrhodin;0;3.05961;
./datasets/80Archivos/dna_34;urrhodin;0;3.05961;
./datasets/80Archivos/dna_36;urrhodin;0;3.05961;
./datasets/80Archivos/dna_37;urrhodin;0;3.05961;
./datasets/80Archivos/dna_38;urrhodin;0;3.05961;
./datasets/80Archivos/dna_39;urrhodin;0;3.05961;
./datasets/80Archivos/english_01;urrhodin;0;3.05961;
./datasets/80Archivos/english_03;urrhodin;0;3.05961;
./datasets/80Archivos/english_06;urrhodin;0;3.05961;
./datasets/80Archivos/english_08;urrhodin;0;3.05961;
./datasets/80Archivos/english_09;urrhodin;0;3.05961;
./datasets/80Archivos/english_12;urrhodin;0;3.05961;
./datasets/80Archivos/english_14;urrhodin;0;3.05961;
./datasets/80Archivos/english_18;urrhodin;0;3.05961;
./datasets/80Archivos/english_19;urrhodin;0;3.05961;
./datasets/80Archivos/english_20;urrhodin;0;3.05961;
./datasets/80Archivos/english_22;urrhodin;0;3.05961;
./datasets/80Archivos/english_23;urrhodin;0;3.05961;
./datasets/80Archivos/english_26;urrhodin;0;3.05961;
./datasets/80Archivos/english_27;urrhodin;0;3.05961;
./datasets/80Archivos/english_29;urrhodin;0;3.05961;
./datasets/80Archivos/english_30;urrhodin;0;3.05961;
./datasets/80Archivos/english_31;urrhodin;0;3.05961;
./datasets/80Archivos/english_34;urrhodin;0;3.05961;
./datasets/80Archivos/english_36;urrhodin;0;3.05961;
./datasets/80Archivos/english_39;urrhodin;0;3.05961;
./datasets/80Archivos/dna_00;Dioecia;0;3.09993;
./datasets/80Archivos/dna_02;Dioecia;0;3.09993;
./datasets/80Archivos/dna_05;Dioecia;0;3.09993;
./datasets/80Archivos/dna_08;Dioecia;0;3.09993;
./datasets/80Archivos/dna_12;Dioecia;0;3.09993;
./datasets/80Archivos/dna_16;Dioecia;0;3.09993;
./datasets/80Archivos/dna_18;Dioecia;0;3.09993;
./datasets/80Archivos/dna_20;Dioecia;0;3.09993;
./datasets/80Archivos/dna_22;Dioecia;0;3.09993;
./datasets/80Archivos/dna_23;Dioecia;0;3.09993;
./datasets/80Archivos/dna_24;Dioecia;0;3.09993;
./datasets/80Archivos/dna_26;Dioecia;0;3.09993;
./datasets/80Archivos/dna_28;Dioecia;0;3.09993;
./datasets/80Archivos/dna_29;Dioecia;0;3.09993;
./datasets/80Archivos/dna_31;Dioecia;0;3.09993;
./datasets/80Archivos/dna_34;Dioecia;0;3.09993;
./datasets/80Archivos/dna_36;Dioecia;0;3.09993;
./datasets/80Archivos/dna_37;Dioecia;0;3.09993;
./datasets/80Archivos/dna_38;Dioecia;0;3.09993;
./datasets/80Archivos/dna_39;Dioecia;0;3.09993;
./datasets/80Archivos/english_01;Dioecia;0;3.09993;
./datasets/80Archivos/english_03;Dioecia;0;3.09993;
./datasets/80Archivos/english_06;Dioecia;0;3.09993;
./datasets/80Archivos/english_08;Dioecia;0;3.09993;
./datasets/80Archivos/english_09;Dioecia;0;3.09993;
./datasets/80Archivos/english_12;Dioecia;0;3.09993;
./datasets/80Archivos/english_14;Dioecia;0;3.09993;
./datasets/80Archivos/english_18;Dioecia;0;3.09993;
./datasets/80Archivos/english_19;Dioecia;0;3.09993;
./datasets/80Archivos/english_20;Dioecia;0;3.09993;
./datasets/80Archivos/english_22;Dioecia;0;3.09993;
./datasets/80Archivos/english_23;Dioecia;0;3.09993;
./datasets/80Archivos/english_26;Dioecia;0;3.09993;
./datasets/80Archivos/english_27;Dioecia;0;3.09993;
./datasets/80Archivos/english_29;Dioecia;0;3.09993;
./datasets/80Archivos/english_30;Dioecia;0;3.09993;
./datasets/80Archivos/english_31;Dioecia;0;3.09993;
./datasets/80Archivos/english_34;Dioecia;0;3.09993;
./datasets/80Archivos/english_36;Dioecia;0;3.09993;
./datasets/80Archivos/english_39;Dioecia;0;3.09993;
./datasets/80Archivos/dna_00;unchapter;0;2.91525;
./datasets/80Archivos/dna_02;unchapter;0;2.91525;
./datasets/80Archivos/dna_05;unchapter;0;2.91525;
./datasets/80Archivos/dna_08;unchapter;0;2.91525;
./datasets/80Archivos/dna_12;unchapter;0;2.91525;
./datasets/80Archivos/dna_16;unchapter;0;2.91525;
./datasets/80Archivos/dna_18;unchapter;0;2.91525;
./datasets/80Archivos/dna_20;unchapter;0;2.91525;
./datasets/80Archivos/dna_22;unchapter;0;2.91525;
./datasets/80Archivos/dna_23;unchapter;0;2.91525;
./datasets/80Archivos/dna_24;unchapter;0;2.91525;
./datasets/80Archivos/dna_26;unchapter;0;2.91525;
./datasets/80Archivos/dna_28;unchapter;0;2.91525;
./datasets/80Archivos/dna_29;unchapter;0;2.91525;
./datasets/80Archivos/dna_31;unchapter;0;2.91525;
./datasets/80Archivos/dna_34;unchapter;0;2.91525;
./datasets/80Archivos/dna_36;unchapter;0;2.91525;
./datasets/80Archivos/dna_37;unchapter;0;2.91525;
./datasets/80Archivos/dna_38;unchapter;0;2.91525;
./datasets/80Archivos/dna_39;unchapter;0;2.91525;
./datasets/80Archivos/english_01;unchapter;0;2.91525;
./datasets/80Archivos/english_03;unchapter;0;2.91525;
./datasets/80Archivos/english_06;unchapter;0;2.91525;
./datasets/80Archivos/english_08;unchapter;0;2.91525;
./datasets/80Archivos/english_09;unchapter;0;2.91525;
./datasets/80Archivos/english_12;unchapter;0;2.91525;
./datasets/80Archivos/english_14;unchapter;0;2.91525;
./datasets/80Archivos/english_18;unchapter;0;2.91525;
./datasets/80Archivos/english_19;unchapter;0;2.91525;
./datasets/80Archivos/english_20;unchapter;0;2.91525;
./datasets/80Archivos/english_22;unchapter;0;2.91525;
./datasets/80Archivos/english_23;unchapter;0;2.91525;
./datasets/80Archivos/english_26;unchapter;0;2.91525;
./datasets/80Archivos/english_27;unchapter;0;2.91525;
./datasets/80Archivos/english_29;unchapter;0;2.91525;
./datasets/80Archivos/english_30;unchapter;0;2.91525;
./datasets/80Archivos/english_31;unchapter;0;2.91525;
./datasets/80Archivos/english_34;unchapter;0;2.91525;
./datasets/80Archivos/english_36;unchapter;0;2.91525;
./datasets/80Archivos/english_39;unchapter;0;2.91525;
./datasets/80Archivos/dna_00;nonumbilicate;0;2.8766;
./datasets/80Archivos/dna_02;nonumbilicate;0;2.8766;
./datasets/80Archivos/dna_05;nonumbilicate;0;2.8766;
./datasets/80Archivos/dna_08;nonumbilicate;0;2.8766;
./datasets/80Archivos/dna_12;nonumbilicate;0;2.8766;
./datasets/80Archivos/dna_16;nonumbilicate;0;2.8766;
./datasets/80Archivos/dna_18;nonumbilicate;0;2.8766;
./datasets/80Archivos/dna_20;nonumbilicate;0;2.8766;
./datasets/80Archivos/dna_22;nonumbilicate;0;2.8766;
./datasets/80Archivos/dna_23;nonumbilicate;0;2.8766;
./datasets/80Archivos/dna_24;nonumbilicate;0;2.8766;
./datasets/80Archivos/dna_26;nonumbilicate;0;2.8766;
./datasets/80Archivos/dna_28;nonumbilicate;0;2.8766;
./datasets/80Archivos/dna_29;nonumbilicate;0;2.8766;
./datasets/80Archivos/dna_31;nonumbilicate;0;2.8766;
./datasets/80Archivos/dna_34;nonumbilicate;0;2.8766;
./datasets/80Archivos/dna_36;nonumbilicate;0;2.8766;
./datasets/80Archivos/dna_37;nonumbilicate;0;2.8766;
./datasets/80Archivos/dna_38;nonumbilicate;0;2.8766;
./datasets/80Archivos/dna_39;nonumbilicate;0;2.8766;
./datasets/80Archivos/english_01;nonumbilicate;0;2.8766;
./datasets/80Archivos/english_03;nonumbilicate;0;2.8766;
./datasets/80Archivos/english_06;nonumbilicate;0;2.8766;
./datasets/80Archivos/english_08;nonumbilicate;0;2.8766;
./datasets/80Archivos/english_09;nonumbilicate;0;2.8766;
./datasets/80Archivos/english_12;nonumbilicate;0;2.8766;
./datasets/80Archivos/english_14;nonumbilicate;0;2.8766;
./datasets/80Archivos/english_18;nonumbilicate;0;2.8766;
./datasets/80Archivos/english_19;nonumbilicate;0;2.8766;
./datasets/80Archivos/english_20;nonumbilicate;0;2.8766;
./datasets/80Archivos/english_22;nonumbilicate;0;2.8766;
./datasets/80Archivos/english_23;nonumbilicate;0;2.8766;
./datasets/80Archivos/english_26;nonumbilicate;0;2.8766;
./datasets/80Archivos/english_27;nonumbilicate;0;2.8766;
./datasets/80Archivos/english_29;nonumbilicate;0;2.8766;
./datasets/80Archivos/english_30;nonumbilicate;0;2.8766;
./datasets/80Archivos/english_31;nonumbilicate;0;2.8766;
./datasets/80Archivos/english_34;nonumbilicate;0;2.8766;
./datasets/80Archivos/english_36;nonumbilicate;0;2.8766;
./datasets/80Archivos/english_39;nonumbilicate;0;2.8766;
./datasets/80Archivos/dna_00;zwitterionic;0;3.08923;
./datasets/80Archivos/dna_02;zwitterionic;0;3.08923;
./datasets/80Archivos/dna_05;zwitterionic;0;3.08923;
./datasets/80Archivos/dna_08;zwitterionic;0;3.08923;
./datasets/80Archivos/dna_12;zwitterionic;0;3.08923;
./datasets/80Archivos/dna_16;zwitterionic;0;3.08923;
./datasets/80Archivos/dna_18;zwitterionic;0;3.08923;
./datasets/80Archivos/dna_20;zwitterionic;0;3.08923;
./datasets/80Archivos/dna_22;zwitterionic;0;3.08923;
./datasets/80Archivos/dna_23;zwitterionic;0;3.08923;
./datasets/80Archivos/dna_24;zwitterionic;0;3.08923;
./datasets/80Archivos/dna_26;zwitterionic;0;3.08923;
./datasets/80Archivos/dna_28;zwitterionic;0;3.08923;
./datasets/80Archivos/dna_29;zwitterionic;0;3.08923;
./datasets/80Archivos/dna_31;zwitterionic;0;3.08923;
./datasets/80Archivos/dna_34;zwitterionic;0;3.08923;
./datasets/80Archivos/dna_36;zwitterionic;0;3.08923;
./datasets/80Archivos/dna_37;zwitterionic;0;3.08923;
./datasets/80Archivos/dna_38;zwitterionic;0;3.08923;
./datasets/80Archivos/dna_39;zwitterionic;0;3.08923;
./datasets/80Archivos/english_01;zwitterionic;0;3.08923;
./datasets/80Archivos/english_03;zwitterionic;0;3.08923;
./datasets/80Archivos/english_06;zwitterionic;0;3.08923;
./datasets/80Archivos/english_08;zwitterionic;0;3.08923;
./datasets/80Archivos/english_09;zwitterionic;0;3.08923;
./datasets/80Archivos/english_12;zwitterionic;0;3.08923;
./datasets/80Archivos/english_14;zwitterionic;0;3.08923;
./datasets/80Archivos/english_18;zwitterionic;0;3.08923;
./datasets/80Archivos/english_19;zwitterionic;0;3.08923;
./datasets/80Archivos/english_20;zwitterionic;0;3.08923;
./datasets/80Archivos/english_22;zwitterionic;0;3.08923;
./datasets/80Archivos/english_23;zwitterionic;0;3.08923;
./datasets/80Archivos/english_26;zwitterionic;0;3.08923;
./datasets/80Archivos/english_27;zwitterionic;0;3.08923;
./datasets/80Archivos/english_29;zwitterionic;0;3.08923;
./datasets/80Archivos/english_30;zwitterionic;0;3.08923;
./datasets/80Archivos/english_31;zwitterionic;0;3.08923;
./datasets/80Archivos/english_34;zwitterionic;0;3.08923;
./datasets/80Archivos/english_36;zwitterionic;0;3.08923;
./datasets/80Archivos/english_39;zwitterionic;0;3.08923;
./datasets/80Archivos/dna_00;apportionable;0;2.98583;
./datasets/80Archivos/dna_02;apportionable;0;2.98583;
./datasets/80Archivos/dna_05;apportionable;0;2.98583;
./datasets/80Archivos/dna_08;apportionable;0;2.98583;
./datasets/80Archivos/dna_12;apportionable;0;2.98583;
./datasets/80Archivos/dna_16;apportionable;0;2.98583;
./datasets/80Archivos/dna_18;apportionable;0;2.98583;
./datasets/80Archivos/dna_20;apportionable;0;2.98583;
./datasets/80Archivos/dna_22;apportionable;0;2.98583;
./datasets/80Archivos/dna_23;apportionable;0;2.98583;
./datasets/80Archivos/dna_24;apportionable;0;2.98583;
./datasets/80Archivos/dna_26;apportionable;0;2.98583;
./datasets/80Archivos/dna_28;apportionable;0;2.98583;
./datasets/80Archivos/dna_29;apportionable;0;2.98583;
./datasets/80Archivos/dna_31;apportionable;0;2.98583;
./datasets/80Archivos/dna_34;apportionable;0;2.98583;
./datasets/80Archivos/dna_36;apportionable;0;2.98583;
./datasets/80Archivos/dna_37;apportionable;0;2.98583;
./datasets/80Archivos/dna_38;apportionable;0;2.98583;
./datasets/80Archivos/dna_39;apportionable;0;2.98583;
./datasets/80Archivos/english_01;apportionable;0;2.98583;
./datasets/80Archivos/english_03;apportionable;0;2.98583;
./datasets/80Archivos/english_06;apportionable;0;2.98583;
./datasets/80Archivos/english_08;apportionable;0;2.98583;
./datasets/80Archivos/english_09;apportionable;0;2.98583;
./datasets/80Archivos/english_12;apportionable;0;2.98583;
./datasets/80Archivos/english_14;apportionable;0;2.98583;
./datasets/80Archivos/english_18;apportionable;0;2.98583;
./datasets/80Archivos/english_19;apportionable;0;2.98583;
./datasets/80Archivos/english_20;apportionable;0;2.98583;
./datasets/80Archivos/english_22;apportionable;0;2.98583;
./datasets/80Archivos/english_23;apportionable;0;2.98583;
./datasets/80Archivos/english_26;apportionable;0;2.98583;
./datasets/80Archivos/english_27;apportionable;0;2.98583;
./datasets/80Archivos/english_29;apportionable;0;2.98583;
./datasets/80Archivos/english_30;apportionable;0;2.98583;
./datasets/80Archivos/english_31;apportionable;0;2.98583;
./datasets/80Archivos/english_34;apportionable;0;2.98583;
./datasets/80Archivos/english_36;apportionable;0;2.98583;
./datasets/80Archivos/english_39;apportionable;0;2.98583;
./datasets/80Archivos/dna_00;ferulic;0;3.45476;
./datasets/80Archivos/dna_02;ferulic;0;3.45476;
./datasets/80Archivos/dna_05;ferulic;0;3.45476;
./datasets/80Archivos/dna_08;ferulic;0;3.45476;
./datasets/80Archivos/dna_12;ferulic;0;3.45476;
./datasets/80Archivos/dna_16;ferulic;0;3.45476;
./datasets/80Archivos/dna_18;ferulic;0;3.45476;
./datasets/80Archivos/dna_20;ferulic;0;3.45476;
./datasets/80Archivos/dna_22;ferulic;0;3.45476;
./datasets/80Archivos/dna_23;ferulic;0;3.45476;
./datasets/80Archivos/dna_24;ferulic;0;3.45476;
./datasets/80Archivos/dna_26;ferulic;0;3.45476;
./datasets/80Archivos/dna_28;ferulic;0;3.45476;
./datasets/80Archivos/dna_29;ferulic;0;3.45476;
./datasets/80Archivos/dna_31;ferulic;0;3.45476;
./datasets/80Archivos/dna_34;ferulic;0;3.45476;
./datasets/80Archivos/dna_36;ferulic;0;3.45476;
./datasets/80Archivos/dna_37;ferulic;0;3.45476;
./datasets/80Archivos/dna_38;ferulic;0;3.45476;
./datasets/80Archivos/dna_39;ferulic;0;3.45476;
./datasets/80Archivos/english_01;ferulic;0;3.45476;
./datasets/80Archivos/english_03;ferulic;0;3.45476;
./datasets/80Archivos/english_06;ferulic;0;3.45476;
./datasets/80Archivos/english_08;ferulic;0;3.45476;
./datasets/80Archivos/english_09;ferulic;0;3.45476;
./datasets/80Archivos/english_12;ferulic;0;3.45476;
./datasets/80Archivos/english_14;ferulic;0;3.45476;
./datasets/80Archivos/english_18;ferulic;0;3.45476;
./datasets/80Archivos/english_19;ferulic;0;3.45476;
./datasets/80Archivos/english_20;ferulic;0;3.45476;
./datasets/80Archivos/english_22;ferulic;0;3.45476;
./datasets/80Archivos/english_23;ferulic;0;3.45476;
./datasets/80Archivos/english_26;ferulic;0;3.45476;
./datasets/80Archivos/english_27;ferulic;0;3.45476;
./datasets/80Archivos/english_29;ferulic;0;3.45476;
./datasets/80Archivos/english_30;ferulic;0;3.45476;
./datasets/80Archivos/english_31;ferulic;0;3.45476;
./datasets/80Archivos/english_34;ferulic;0;3.45476;
./datasets/80Archivos/english_36;ferulic;0;3.45476;
./datasets/80Archivos/english_39;ferulic;0;3.45476;
./datasets/80Archivos/dna_00;statefulness;0;2.93242;
./datasets/80Archivos/dna_02;statefulness;0;2.93242;
./datasets/80Archivos/dna_05;statefulness;0;2.93242;
./datasets/80Archivos/dna_08;statefulness;0;2.93242;
./datasets/80Archivos/dna_12;statefulness;0;2.93242;
./datasets/80Archivos/dna_16;statefulness;0;2.93242;
./datasets/80Archivos/dna_18;statefulness;0;2.93242;
./datasets/80Archivos/dna_20;statefulness;0;2.93242;
./datasets/80Archivos/dna_22;statefulness;0;2.93242;
./datasets/80Archivos/dna_23;statefulness;0;2.93242;
./datasets/80Archivos/dna_24;statefulness;0;2.93242;
./datasets/80Archivos/dna_26;statefulness;0;2.93242;
./datasets/80Archivos/dna_28;statefulness;0;2.93242;
./datasets/80Archivos/dna_29;statefulness;0;2.93242;
./datasets/80Archivos/dna_31;statefulness;0;2.93242;
./datasets/80Archivos/dna_34;statefulness;0;2.93242;
./datasets/80Archivos/dna_36;statefulness;0;2.93242;
./datasets/80Archivos/dna_37;statefulness;0;2.93242;
./datasets/80Archivos/dna_38;statefulness;0;2.93242;
./datasets/80Archivos/dna_39;statefulness;0;2.93242;
./datasets/80Archivos/english_01;statefulness;0;2.93242;
./datasets/80Archivos/english_03;statefulness;0;2.93242;
./datasets/80Archivos/english_06;statefulness;0;2.93242;
./datasets/80Archivos/english_08;statefulness;0;2.93242;
./datasets/80Archivos/english_09;statefulness;0;2.93242;
./datasets/80Archivos/english_12;statefulness;0;2.93242;
./datasets/80Archivos/english_14;statefulness;0;2.93242;
./datasets/80Archivos/english_18;statefulness;0;2.93242;
./datasets/80Archivos/english_19;statefulness;0;2.93242;
./datasets/80Archivos/english_20;statefulness;0;2.93242;
./datasets/80Archivos/english_22;statefulness;0;2.93242;
./datasets/80Archivos/english_23;statefulness;0;2.93242;
./datasets/80Archivos/english_26;statefulness;0;2.93242;
./datasets/80Archivos/english_27;statefulness;0;2.93242;
./datasets/80Archivos/english_29;statefulness;0;2.93242;
./datasets/80Archivos/english_30;statefulness;0;2.93242;
./datasets/80Archivos/english_31;statefulness;0;2.93242;
./datasets/80Archivos/english_34;statefulness;0;2.93242;
./datasets/80Archivos/english_36;statefulness;0;2.93242;
./datasets/80Archivos/english_39;statefulness;0;2.93242;
./datasets/80Archivos/dna_00;pharyngotonsillitis;0;2.75413;
./datasets/80Archivos/dna_02;pharyngotonsillitis;0;2.75413;
./datasets/80Archivos/dna_05;pharyngotonsillitis;0;2.75413;
./datasets/80Archivos/dna_08;pharyngotonsillitis;0;2.75413;
./datasets/80Archivos/dna_12;pharyngotonsillitis;0;2.75413;
./datasets/80Archivos/dna_16;pharyngotonsillitis;0;2.75413;
./datasets/80Archivos/dna_18;pharyngotonsillitis;0;2.75413;
./datasets/80Archivos/dna_20;pharyngotonsillitis;0;2.75413;
./datasets/80Archivos/dna_22;pharyngotonsillitis;0;2.75413;
./datasets/80Archivos/dna_23;pharyngotonsillitis;0;2.75413;
./datasets/80Archivos/dna_24;pharyngotonsillitis;0;2.75413;
./datasets/80Archivos/dna_26;pharyngotonsillitis;0;2.75413;
./datasets/80Archivos/dna_28;pharyngotonsillitis;0;2.75413;
./datasets/80Archivos/dna_29;pharyngotonsillitis;0;2.75413;
./datasets/80Archivos/dna_31;pharyngotonsillitis;0;2.75413;
./datasets/80Archivos/dna_34;pharyngotonsillitis;0;2.75413;
./datasets/80Archivos/dna_36;pharyngotonsillitis;0;2.75413;
./datasets/80Archivos/dna_37;pharyngotonsillitis;0;2.75413;
./datasets/80Archivos/dna_38;pharyngotonsillitis;0;2.75413;
./datasets/80Archivos/dna_39;pharyngotonsillitis;0;2.75413;
./datasets/80Archivos/english_01;pharyngotonsillitis;0;2.75413;
./datasets/80Archivos/english_03;pharyngotonsillitis;0;2.75413;
./datasets/80Archivos/english_06;pharyngotonsillitis;0;2.75413;
./datasets/80Archivos/english_08;pharyngotonsillitis;0;2.75413;
./datasets/80Archivos/english_09;pharyngotonsillitis;0;2.75413;
./datasets/80Archivos/english_12;pharyngotonsillitis;0;2.75413;
./datasets/80Archivos/english_14;pharyngotonsillitis;0;2.75413;
./datasets/80Archivos/english_18;pharyngotonsillitis;0;2.75413;
./datasets/80Archivos/english_19;pharyngotonsillitis;0;2.75413;
./datasets/80Archivos/english_20;pharyngotonsillitis;0;2.75413;
./datasets/80Archivos/english_22;pharyngotonsillitis;0;2.75413;
./datasets/80Archivos/english_23;pharyngotonsillitis;0;2.75413;
./datasets/80Archivos/english_26;pharyngotonsillitis;0;2.75413;
./datasets/80Archivos/english_27;pharyngotonsillitis;0;2.75413;
./datasets/80Archivos/english_29;pharyngotonsillitis;0;2.75413;
./datasets/80Archivos/english_30;pharyngotonsillitis;0;2.75413;
./datasets/80Archivos/english_31;pharyngotonsillitis;0;2.75413;
./datasets/80Archivos/english_34;pharyngotonsillitis;0;2.75413;
./datasets/80Archivos/english_36;pharyngotonsillitis;0;2.75413;
./datasets/80Archivos/english_39;pharyngotonsillitis;0;2.75413;
./datasets/80Archivos/dna_00;Mimulus;0;3.91405;
./datasets/80Archivos/dna_02;Mimulus;0;3.91405;
./datasets/80Archivos/dna_05;Mimulus;0;3.91405;
./datasets/80Archivos/dna_08;Mimulus;0;3.91405;
./datasets/80Archivos/dna_12;Mimulus;0;3.91405;
./datasets/80Archivos/dna_16;Mimulus;0;3.91405;
./datasets/80Archivos/dna_18;Mimulus;0;3.91405;
./datasets/80Archivos/dna_20;Mimulus;0;3.91405;
./datasets/80Archivos/dna_22;Mimulus;0;3.91405;
./datasets/80Archivos/dna_23;Mimulus;0;3.91405;
./datasets/80Archivos/dna_24;Mimulus;0;3.91405;
./datasets/80Archivos/dna_26;Mimulus;0;3.91405;
./datasets/80Archivos/dna_28;Mimulus;0;3.91405;
./datasets/80Archivos/dna_29;Mimulus;0;3.91405;
./datasets/80Archivos/dna_31;Mimulus;0;3.91405;
./datasets/80Archivos/dna_34;Mimulus;0;3.91405;
./datasets/80Archivos/dna_36;Mimulus;0;3.91405;
./datasets/80Archivos/dna_37;Mimulus;0;3.91405;
./datasets/80Archivos/dna_38;Mimulus;0;3.91405;
./datasets/80Archivos/dna_39;Mimulus;0;3.91405;
./datasets/80Archivos/english_01;Mimulus;0;3.91405;
./datasets/80Archivos/english_03;Mimulus;0;3.91405;
./datasets/80Archivos/english_06;Mimulus;0;3.91405;
./datasets/80Archivos/english_08;Mimulus;0;3.91405;
./datasets/80Archivos/english_09;Mimulus;0;3.91405;
./datasets/80Archivos/english_12;Mimulus;0;3.91405;
./datasets/80Archivos/english_14;Mimulus;0;3.91405;
./datasets/80Archivos/english_18;Mimulus;0;3.91405;
./datasets/80Archivos/english_19;Mimulus;0;3.91405;
./datasets/80Archivos/english_20;Mimulus;0;3.91405;
./datasets/80Archivos/english_22;Mimulus;0;3.91405;
./datasets/80Archivos/english_23;Mimulus;0;3.91405;
./datasets/80Archivos/english_26;Mimulus;0;3.91405;
./datasets/80Archivos/english_27;Mimulus;0;3.91405;
./datasets/80Archivos/english_29;Mimulus;0;3.91405;
./datasets/80Archivos/english_30;Mimulus;0;3.91405;
./datasets/80Archivos/english_31;Mimulus;0;3.91405;
./datasets/80Archivos/english_34;Mimulus;0;3.91405;
./datasets/80Archivos/english_36;Mimulus;0;3.91405;
./datasets/80Archivos/english_39;Mimulus;0;3.91405;
./datasets/80Archivos/dna_00;recce;0;3.34726;
./datasets/80Archivos/dna_02;recce;0;3.34726;
./datasets/80Archivos/dna_05;recce;0;3.34726;
./datasets/80Archivos/dna_08;recce;0;3.34726;
./datasets/80Archivos/dna_12;recce;0;3.34726;
./datasets/80Archivos/dna_16;recce;0;3.34726;
./datasets/80Archivos/dna_18;recce;0;3.34726;
./datasets/80Archivos/dna_20;recce;0;3.34726;
./datasets/80Archivos/dna_22;recce;0;3.34726;
./datasets/80Archivos/dna_23;recce;0;3.34726;
./datasets/80Archivos/dna_24;recce;0;3.34726;
./datasets/80Archivos/dna_26;recce;0;3.34726;
./datasets/80Archivos/dna_28;recce;0;3.34726;
./datasets/80Archivos/dna_29;recce;0;3.34726;
./datasets/80Archivos/dna_31;recce;0;3.34726;
./datasets/80Archivos/dna_34;recce;0;3.34726;
./datasets/80Archivos/dna_36;recce;0;3.34726;
./datasets/80Archivos/dna_37;recce;0;3.34726;
./datasets/80Archivos/dna_38;recce;0;3.34726;
./datasets/80Archivos/dna_39;recce;0;3.34726;
./datasets/80Archivos/english_01;recce;0;3.34726;
./datasets/80Archivos/english_03;recce;0;3.34726;
./datasets/80Archivos/english_06;recce;0;3.34726;
./datasets/80Archivos/english_08;recce;0;3.34726;
./datasets/80Archivos/english_09;recce;0;3.34726;
./datasets/80Archivos/english_12;recce;0;3.34726;
./datasets/80Archivos/english_14;recce;0;3.34726;
./datasets/80Archivos/english_18;recce;0;3.34726;
./datasets/80Archivos/english_19;recce;0;3.34726;
./datasets/80Archivos/english_20;recce;0;3.34726;
./datasets/80Archivos/english_22;recce;0;3.34726;
./datasets/80Archivos/english_23;recce;0;3.34726;
./datasets/80Archivos/english_26;recce;0;3.34726;
./datasets/80Archivos/english_27;recce;0;3.34726;
./datasets/80Archivos/english_29;recce;0;3.34726;
./datasets/80Archivos/english_30;recce;0;3.34726;
./datasets/80Archivos/english_31;recce;0;3.34726;
./datasets/80Archivos/english_34;recce;0;3.34726;
./datasets/80Archivos/english_36;recce;0;3.34726;
./datasets/80Archivos/english_39;recce;0;3.34726;
./datasets/80Archivos/dna_00;mutinously;0;3.02845;
./datasets/80Archivos/dna_02;mutinously;0;3.02845;
./datasets/80Archivos/dna_05;mutinously;0;3.02845;
./datasets/80Archivos/dna_08;mutinously;0;3.02845;
./datasets/80Archivos/dna_12;mutinously;0;3.02845;
./datasets/80Archivos/dna_16;mutinously;0;3.02845;
./datasets/80Archivos/dna_18;mutinously;0;3.02845;
./datasets/80Archivos/dna_20;mutinously;0;3.02845;
./datasets/80Archivos/dna_22;mutinously;0;3.02845;
./datasets/80Archivos/dna_23;mutinously;0;3.02845;
./datasets/80Archivos/dna_24;mutinously;0;3.02845;
./datasets/80Archivos/dna_26;mutinously;0;3.02845;
./datasets/80Archivos/dna_28;mutinously;0;3.02845;
./datasets/80Archivos/dna_29;mutinously;0;3.02845;
./datasets/80Archivos/dna_31;mutinously;0;3.02845;
./datasets/80Archivos/dna_34;mutinously;0;3.02845;
./datasets/80Archivos/dna_36;mutinously;0;3.02845;
./datasets/80Archivos/dna_37;mutinously;0;3.02845;
./datasets/80Archivos/dna_38;mutinously;0;3.02845;
./datasets/80Archivos/dna_39;mutinously;0;3.02845;
./datasets/80Archivos/english_01;mutinously;0;3.02845;
./datasets/80Archivos/english_03;mutinously;0;3.02845;
./datasets/80Archivos/english_06;mutinously;1;3.02845;
./datasets/80Archivos/english_08;mutinously;0;3.02845;
./datasets/80Archivos/english_09;mutinously;0;3.02845;
./datasets/80Archivos/english_12;mutinously;0;3.02845;
./datasets/80Archivos/english_14;mutinously;1;3.02845;
./datasets/80Archivos/english_18;mutinously;0;3.02845;
./datasets/80Archivos/english_19;mutinously;0;3.02845;
./datasets/80Archivos/english_20;mutinously;0;3.02845;
./datasets/80Archivos/english_22;mutinously;0;3.02845;
./datasets/80Archivos/english_23;mutinously;0;3.02845;
./datasets/80Archivos/english_26;mutinously;0;3.02845;
./datasets/80Archivos/english_27;mutinously;0;3.02845;
./datasets/80Archivos/english_29;mutinously;0;3.02845;
./datasets/80Archivos/english_30;mutinously;0;3.02845;
./datasets/80Archivos/english_31;mutinously;0;3.02845;
./datasets/80Archivos/english_34;mutinously;0;3.02845;
./datasets/80Archivos/english_36;mutinously;0;3.02845;
./datasets/80Archivos/english_39;mutinously;0;3.02845;
./datasets/80Archivos/dna_00;reboant;0;3.38006;
./datasets/80Archivos/dna_02;reboant;0;3.38006;
./datasets/80Archivos/dna_05;reboant;0;3.38006;
./datasets/80Archivos/dna_08;reboant;0;3.38006;
./datasets/80Archivos/dna_12;reboant;0;3.38006;
./datasets/80Archivos/dna_16;reboant;0;3.38006;
./datasets/80Archivos/dna_18;reboant;0;3.38006;
./datasets/80Archivos/dna_20;reboant;0;3.38006;
./datasets/80Archivos/dna_22;reboant;0;3.38006;
./datasets/80Archivos/dna_23;reboant;0;3.38006;
./datasets/80Archivos/dna_24;reboant;0;3.38006;
./datasets/80Archivos/dna_26;reboant;0;3.38006;
./datasets/80Archivos/dna_28;reboant;0;3.38006;
./datasets/80Archivos/dna_29;reboant;0;3.38006;
./datasets/80Archivos/dna_31;reboant;0;3.38006;
./datasets/80Archivos/dna_34;reboant;0;3.38006;
./datasets/80Archivos/dna_36;reboant;0;3.38006;
./datasets/80Archivos/dna_37;reboant;0;3.38006;
./datasets/80Archivos/dna_38;reboant;0;3.38006;
./datasets/80Archivos/dna_39;reboant;0;3.38006;
./datasets/80Archivos/english_01;reboant;0;3.38006;
./datasets/80Archivos/english_03;reboant;0;3.38006;
./datasets/80Archivos/english_06;reboant;0;3.38006;
./datasets/80Archivos/english_08;reboant;0;3.38006;
./datasets/80Archivos/english_09;reboant;0;3.38006;
./datasets/80Archivos/english_12;reboant;0;3.38006;
./datasets/80Archivos/english_14;reboant;0;3.38006;
./datasets/80Archivos/english_18;reboant;0;3.38006;
./datasets/80Archivos/english_19;reboant;0;3.38006;
./datasets/80Archivos/english_20;reboant;0;3.38006;
./datasets/80Archivos/english_22;reboant;0;3.38006;
./datasets/80Archivos/english_23;reboant;0;3.38006;
./datasets/80Archivos/english_26;reboant;0;3.38006;
./datasets/80Archivos/english_27;reboant;0;3.38006;
./datasets/80Archivos/english_29;reboant;0;3.38006;
./datasets/80Archivos/english_30;reboant;0;3.38006;
./datasets/80Archivos/english_31;reboant;0;3.38006;
./datasets/80Archivos/english_34;reboant;0;3.38006;
./datasets/80Archivos/english_36;reboant;0;3.38006;
./datasets/80Archivos/english_39;reboant;0;3.38006;
./datasets/80Archivos/dna_00;marshwort;0;3.16966;
./datasets/80Archivos/dna_02;marshwort;0;3.16966;
./datasets/80Archivos/dna_05;marshwort;0;3.16966;
./datasets/80Archivos/dna_08;marshwort;0;3.16966;
./datasets/80Archivos/dna_12;marshwort;0;3.16966;
./datasets/80Archivos/dna_16;marshwort;0;3.16966;
./datasets/80Archivos/dna_18;marshwort;0;3.16966;
./datasets/80Archivos/dna_20;marshwort;0;3.16966;
./datasets/80Archivos/dna_22;marshwort;0;3.16966;
./datasets/80Archivos/dna_23;marshwort;0;3.16966;
./datasets/80Archivos/dna_24;marshwort;0;3.16966;
./datasets/80Archivos/dna_26;marshwort;0;3.16966;
./datasets/80Archivos/dna_28;marshwort;0;3.16966;
./datasets/80Archivos/dna_29;marshwort;0;3.16966;
./datasets/80Archivos/dna_31;marshwort;0;3.16966;
./datasets/80Archivos/dna_34;marshwort;0;3.16966;
./datasets/80Archivos/dna_36;marshwort;0;3.16966;
./datasets/80Archivos/dna_37;marshwort;0;3.16966;
./datasets/80Archivos/dna_38;marshwort;0;3.16966;
./datasets/80Archivos/dna_39;marshwort;0;3.16966;
./datasets/80Archivos/english_01;marshwort;0;3.16966;
./datasets/80Archivos/english_03;marshwort;0;3.16966;
./datasets/80Archivos/english_06;marshwort;0;3.16966;
./datasets/80Archivos/english_08;marshwort;0;3.16966;
./datasets/80Archivos/english_09;marshwort;0;3.16966;
./datasets/80Archivos/english_12;marshwort;0;3.16966;
./datasets/80Archivos/english_14;marshwort;0;3.16966;
./datasets/80Archivos/english_18;marshwort;0;3.16966;
./datasets/80Archivos/english_19;marshwort;0;3.16966;
./datasets/80Archivos/english_20;marshwort;0;3.16966;
./datasets/80Archivos/english_22;marshwort;0;3.16966;
./datasets/80Archivos/english_23;marshwort;0;3.16966;
./datasets/80Archivos/english_26;marshwort;0;3.16966;
./datasets/80Archivos/english_27;marshwort;0;3.16966;
./datasets/80Archivos/english_29;marshwort;0;3.16966;
./datasets/80Archivos/english_30;marshwort;0;3.16966;
./datasets/80Archivos/english_31;marshwort;0;3.16966;
./datasets/80Archivos/english_34;marshwort;0;3.16966;
./datasets/80Archivos/english_36;marshwort;0;3.16966;
./datasets/80Archivos/english_39;marshwort;0;3.16966;
./datasets/80Archivos/dna_00;lupoid;0;3.60307;
./datasets/80Archivos/dna_02;lupoid;0;3.60307;
./datasets/80Archivos/dna_05;lupoid;0;3.60307;
./datasets/80Archivos/dna_08;lupoid;0;3.60307;
./datasets/80Archivos/dna_12;lupoid;0;3.60307;
./datasets/80Archivos/dna_16;lupoid;0;3.60307;
./datasets/80Archivos/dna_18;lupoid;0;3.60307;
./datasets/80Archivos/dna_20;lupoid;0;3.60307;
./datasets/80Archivos/dna_22;lupoid;0;3.60307;
./datasets/80Archivos/dna_23;lupoid;0;3.60307;
./datasets/80Archivos/dna_24;lupoid;0;3.60307;
./datasets/80Archivos/dna_26;lupoid;0;3.60307;
./datasets/80Archivos/dna_28;lupoid;0;3.60307;
./datasets/80Archivos/dna_29;lupoid;0;3.60307;
./datasets/80Archivos/dna_31;lupoid;0;3.60307;
./datasets/80Archivos/dna_34;lupoid;0;3.60307;
./datasets/80Archivos/dna_36;lupoid;0;3.60307;
./datasets/80Archivos/dna_37;lupoid;0;3.60307;
./datasets/80Archivos/dna_38;lupoid;0;3.60307;
./datasets/80Archivos/dna_39;lupoid;0;3.60307;
./datasets/80Archivos/english_01;lupoid;0;3.60307;
./datasets/80Archivos/english_03;lupoid;0;3.60307;
./datasets/80Archivos/english_06;lupoid;0;3.60307;
./datasets/80Archivos/english_08;lupoid;0;3.60307;
./datasets/80Archivos/english_09;lupoid;0;3.60307;
./datasets/80Archivos/english_12;lupoid;0;3.60307;
./datasets/80Archivos/english_14;lupoid;0;3.60307;
./datasets/80Archivos/english_18;lupoid;0;3.60307;
./datasets/80Archivos/english_19;lupoid;0;3.60307;
./datasets/80Archivos/english_20;lupoid;0;3.60307;
./datasets/80Archivos/english_22;lupoid;0;3.60307;
./datasets/80Archivos/english_23;lupoid;0;3.60307;
./datasets/80Archivos/english_26;lupoid;0;3.60307;
./datasets/80Archivos/english_27;lupoid;0;3.60307;
./datasets/80Archivos/english_29;lupoid;0;3.60307;
./datasets/80Archivos/english_30;lupoid;0;3.60307;
./datasets/80Archivos/english_31;lupoid;0;3.60307;
./datasets/80Archivos/english_34;lupoid;0;3.60307;
./datasets/80Archivos/english_36;lupoid;0;3.60307;
./datasets/80Archivos/english_39;lupoid;0;3.60307;
./datasets/80Archivos/dna_00;chromatophilic;0;3.21071;
./datasets/80Archivos/dna_02;chromatophilic;0;3.21071;
./datasets/80Archivos/dna_05;chromatophilic;0;3.21071;
./datasets/80Archivos/dna_08;chromatophilic;0;3.21071;
./datasets/80Archivos/dna_12;chromatophilic;0;3.21071;
./datasets/80Archivos/dna_16;chromatophilic;0;3.21071;
./datasets/80Archivos/dna_18;chromatophilic;0;3.21071;
./datasets/80Archivos/dna_20;chromatophilic;0;3.21071;
./datasets/80Archivos/dna_22;chromatophilic;0;3.21071;
./datasets/80Archivos/dna_23;chromatophilic;0;3.21071;
./datasets/80Archivos/dna_24;chromatophilic;0;3.21071;
./datasets/80Archivos/dna_26;chromatophilic;0;3.21071;
./datasets/80Archivos/dna_28;chromatophilic;0;3.21071;
./datasets/80Archivos/dna_29;chromatophilic;0;3.21071;
./datasets/80Archivos/dna_31;chromatophilic;0;3.21071;
./datasets/80Archivos/dna_34;chromatophilic;0;3.21071;
./datasets/80Archivos/dna_36;chromatophilic;0;3.21071;
./datasets/80Archivos/dna_37;chromatophilic;0;3.21071;
./datasets/80Archivos/dna_38;chromatophilic;0;3.21071;
./datasets/80Archivos/dna_39;chromatophilic;0;3.21071;
./datasets/80Archivos/english_01;chromatophilic;0;3.21071;
./datasets/80Archivos/english_03;chromatophilic;0;3.21071;
./datasets/80Archivos/english_06;chromatophilic;0;3.21071;
./datasets/80Archivos/english_08;chromatophilic;0;3.21071;
./datasets/80Archivos/english_09;chromatophilic;0;3.21071;
./datasets/80Archivos/english_12;chromatophilic;0;3.21071;
./datasets/80Archivos/english_14;chromatophilic;0;3.21071;
./datasets/80Archivos/english_18;chromatophilic;0;3.21071;
./datasets/80Archivos/english_19;chromatophilic;0;3.21071;
./datasets/80Archivos/english_20;chromatophilic;0;3.21071;
./datasets/80Archivos/english_22;chromatophilic;0;3.21071;
./datasets/80Archivos/english_23;chromatophilic;0;3.21071;
./datasets/80Archivos/english_26;chromatophilic;0;3.21071;
./datasets/80Archivos/english_27;chromatophilic;0;3.21071;
./datasets/80Archivos/english_29;chromatophilic;0;3.21071;
./datasets/80Archivos/english_30;chromatophilic;0;3.21071;
./datasets/80Archivos/english_31;chromatophilic;0;3.21071;
./datasets/80Archivos/english_34;chromatophilic;0;3.21071;
./datasets/80Archivos/english_36;chromatophilic;0;3.21071;
./datasets/80Archivos/english_39;chromatophilic;0;3.21071;
./datasets/80Archivos/dna_00;lauder;0;3.70293;
./datasets/80Archivos/dna_02;lauder;0;3.70293;
./datasets/80Archivos/dna_05;lauder;0;3.70293;
./datasets/80Archivos/dna_08;lauder;0;3.70293;
./datasets/80Archivos/dna_12;lauder;0;3.70293;
./datasets/80Archivos/dna_16;lauder;0;3.70293;
./datasets/80Archivos/dna_18;lauder;0;3.70293;
./datasets/80Archivos/dna_20;lauder;0;3.70293;
./datasets/80Archivos/dna_22;lauder;0;3.70293;
./datasets/80Archivos/dna_23;lauder;0;3.70293;
./datasets/80Archivos/dna_24;lauder;0;3.70293;
./datasets/80Archivos/dna_26;lauder;0;3.70293;
./datasets/80Archivos/dna_28;lauder;0;3.70293;
./datasets/80Archivos/dna_29;lauder;0;3.70293;
./datasets/80Archivos/dna_31;lauder;0;3.70293;
./datasets/80Archivos/dna_34;lauder;0;3.70293;
./datasets/80Archivos/dna_36;lauder;0;3.70293;
./datasets/80Archivos/dna_37;lauder;0;3.70293;
./datasets/80Archivos/dna_38;lauder;0;3.70293;
./datasets/80Archivos/dna_39;lauder;0;3.70293;
./datasets/80Archivos/english_01;lauder;0;3.70293;
./datasets/80Archivos/english_03;lauder;0;3.70293;
./datasets/80Archivos/english_06;lauder;0;3.70293;
./datasets/80Archivos/english_08;lauder;0;3.70293;
./datasets/80Archivos/english_09;lauder;0;3.70293;
./datasets/80Archivos/english_12;lauder;0;3.70293;
./datasets/80Archivos/english_14;lauder;0;3.70293;
./datasets/80Archivos/english_18;lauder;0;3.70293;
./datasets/80Archivos/english_19;lauder;0;3.70293;
./datasets/80Archivos/english_20;lauder;0;3.70293;
./datasets/80Archivos/english_22;lauder;0;3.70293;
./datasets/80Archivos/english_23;lauder;0;3.70293;
./datasets/80Archivos/english_26;lauder;0;3.70293;
./datasets/80Archivos/english_27;lauder;0;3.70293;
./datasets/80Archivos/english_29;lauder;0;3.70293;
./datasets/80Archivos/english_30;lauder;0;3.70293;
./datasets/80Archivos/english_31;lauder;0;3.70293;
./datasets/80Archivos/english_34;lauder;0;3.70293;
./datasets/80Archivos/english_36;lauder;0;3.70293;
./datasets/80Archivos/english_39;lauder;0;3.70293;
./datasets/80Archivos/dna_00;nirles;0;3.38192;
./datasets/80Archivos/dna_02;nirles;0;3.38192;
./datasets/80Archivos/dna_05;nirles;0;3.38192;
./datasets/80Archivos/dna_08;nirles;0;3.38192;
./datasets/80Archivos/dna_12;nirles;0;3.38192;
./datasets/80Archivos/dna_16;nirles;0;3.38192;
./datasets/80Archivos/dna_18;nirles;0;3.38192;
./datasets/80Archivos/dna_20;nirles;0;3.38192;
./datasets/80Archivos/dna_22;nirles;0;3.38192;
./datasets/80Archivos/dna_23;nirles;0;3.38192;
./datasets/80Archivos/dna_24;nirles;0;3.38192;
./datasets/80Archivos/dna_26;nirles;0;3.38192;
./datasets/80Archivos/dna_28;nirles;0;3.38192;
./datasets/80Archivos/dna_29;nirles;0;3.38192;
./datasets/80Archivos/dna_31;nirles;0;3.38192;
./datasets/80Archivos/dna_34;nirles;0;3.38192;
./datasets/80Archivos/dna_36;nirles;0;3.38192;
./datasets/80Archivos/dna_37;nirles;0;3.38192;
./datasets/80Archivos/dna_38;nirles;0;3.38192;
./datasets/80Archivos/dna_39;nirles;0;3.38192;
./datasets/80Archivos/english_01;nirles;0;3.38192;
./datasets/80Archivos/english_03;nirles;0;3.38192;
./datasets/80Archivos/english_06;nirles;0;3.38192;
./datasets/80Archivos/english_08;nirles;0;3.38192;
./datasets/80Archivos/english_09;nirles;0;3.38192;
./datasets/80Archivos/english_12;nirles;0;3.38192;
./datasets/80Archivos/english_14;nirles;0;3.38192;
./datasets/80Archivos/english_18;nirles;0;3.38192;
./datasets/80Archivos/english_19;nirles;0;3.38192;
./datasets/80Archivos/english_20;nirles;0;3.38192;
./datasets/80Archivos/english_22;nirles;0;3.38192;
./datasets/80Archivos/english_23;nirles;0;3.38192;
./datasets/80Archivos/english_26;nirles;0;3.38192;
./datasets/80Archivos/english_27;nirles;0;3.38192;
./datasets/80Archivos/english_29;nirles;0;3.38192;
./datasets/80Archivos/english_30;nirles;0;3.38192;
./datasets/80Archivos/english_31;nirles;0;3.38192;
./datasets/80Archivos/english_34;nirles;0;3.38192;
./datasets/80Archivos/english_36;nirles;0;3.38192;
./datasets/80Archivos/english_39;nirles;0;3.38192;
./datasets/80Archivos/dna_00;esthesiometer;0;3.137;
./datasets/80Archivos/dna_02;esthesiometer;0;3.137;
./datasets/80Archivos/dna_05;esthesiometer;0;3.137;
./datasets/80Archivos/dna_08;esthesiometer;0;3.137;
./datasets/80Archivos/dna_12;esthesiometer;0;3.137;
./datasets/80Archivos/dna_16;esthesiometer;0;3.137;
./datasets/80Archivos/dna_18;esthesiometer;0;3.137;
./datasets/80Archivos/dna_20;esthesiometer;0;3.137;
./datasets/80Archivos/dna_22;esthesiometer;0;3.137;
./datasets/80Archivos/dna_23;esthesiometer;0;3.137;
./datasets/80Archivos/dna_24;esthesiometer;0;3.137;
./datasets/80Archivos/dna_26;esthesiometer;0;3.137;
./datasets/80Archivos/dna_28;esthesiometer;0;3.137;
./datasets/80Archivos/dna_29;esthesiometer;0;3.137;
./datasets/80Archivos/dna_31;esthesiometer;0;3.137;
./datasets/80Archivos/dna_34;esthesiometer;0;3.137;
./datasets/80Archivos/dna_36;esthesiometer;0;3.137;
./datasets/80Archivos/dna_37;esthesiometer;0;3.137;
./datasets/80Archivos/dna_38;esthesiometer;0;3.137;
./datasets/80Archivos/dna_39;esthesiometer;0;3.137;
./datasets/80Archivos/english_01;esthesiometer;0;3.137;
./datasets/80Archivos/english_03;esthesiometer;0;3.137;
./datasets/80Archivos/english_06;esthesiometer;0;3.137;
./datasets/80Archivos/english_08;esthesiometer;0;3.137;
./datasets/80Archivos/english_09;esthesiometer;0;3.137;
./datasets/80Archivos/english_12;esthesiometer;0;3.137;
./datasets/80Archivos/english_14;esthesiometer;0;3.137;
./datasets/80Archivos/english_18;esthesiometer;0;3.137;
./datasets/80Archivos/english_19;esthesiometer;0;3.137;
./datasets/80Archivos/english_20;esthesiometer;0;3.137;
./datasets/80Archivos/english_22;esthesiometer;0;3.137;
./datasets/80Archivos/english_23;esthesiometer;0;3.137;
./datasets/80Archivos/english_26;esthesiometer;0;3.137;
./datasets/80Archivos/english_27;esthesiometer;0;3.137;
./datasets/80Archivos/english_29;esthesiometer;0;3.137;
./datasets/80Archivos/english_30;esthesiometer;0;3.137;
./datasets/80Archivos/english_31;esthesiometer;0;3.137;
./datasets/80Archivos/english_34;esthesiometer;0;3.137;
./datasets/80Archivos/english_36;esthesiometer;0;3.137;
./datasets/80Archivos/english_39;esthesiometer;0;3.137;
./datasets/80Archivos/dna_00;semisocial;0;3.54429;
./datasets/80Archivos/dna_02;semisocial;0;3.54429;
./datasets/80Archivos/dna_05;semisocial;0;3.54429;
./datasets/80Archivos/dna_08;semisocial;0;3.54429;
./datasets/80Archivos/dna_12;semisocial;0;3.54429;
./datasets/80Archivos/dna_16;semisocial;0;3.54429;
./datasets/80Archivos/dna_18;semisocial;0;3.54429;
./datasets/80Archivos/dna_20;semisocial;0;3.54429;
./datasets/80Archivos/dna_22;semisocial;0;3.54429;
./datasets/80Archivos/dna_23;semisocial;0;3.54429;
./datasets/80Archivos/dna_24;semisocial;0;3.54429;
./datasets/80Archivos/dna_26;semisocial;0;3.54429;
./datasets/80Archivos/dna_28;semisocial;0;3.54429;
./datasets/80Archivos/dna_29;semisocial;0;3.54429;
./datasets/80Archivos/dna_31;semisocial;0;3.54429;
./datasets/80Archivos/dna_34;semisocial;0;3.54429;
./datasets/80Archivos/dna_36;semisocial;0;3.54429;
./datasets/80Archivos/dna_37;semisocial;0;3.54429;
./datasets/80Archivos/dna_38;semisocial;0;3.54429;
./datasets/80Archivos/dna_39;semisocial;0;3.54429;
./datasets/80Archivos/english_01;semisocial;0;3.54429;
./datasets/80Archivos/english_03;semisocial;0;3.54429;
./datasets/80Archivos/english_06;semisocial;0;3.54429;
./datasets/80Archivos/english_08;semisocial;0;3.54429;
./datasets/80Archivos/english_09;semisocial;0;3.54429;
./datasets/80Archivos/english_12;semisocial;0;3.54429;
./datasets/80Archivos/english_14;semisocial;0;3.54429;
./datasets/80Archivos/english_18;semisocial;0;3.54429;
./datasets/80Archivos/english_19;semisocial;0;3.54429;
./datasets/80Archivos/english_20;semisocial;0;3.54429;
./datasets/80Archivos/english_22;semisocial;0;3.54429;
./datasets/80Archivos/english_23;semisocial;0;3.54429;
./datasets/80Archivos/english_26;semisocial;0;3.54429;
./datasets/80Archivos/english_27;semisocial;0;3.54429;
./datasets/80Archivos/english_29;semisocial;0;3.54429;
./datasets/80Archivos/english_30;semisocial;0;3.54429;
./datasets/80Archivos/english_31;semisocial;0;3.54429;
./datasets/80Archivos/english_34;semisocial;0;3.54429;
./datasets/80Archivos/english_36;semisocial;0;3.54429;
./datasets/80Archivos/english_39;semisocial;0;3.54429;
